time,x,y,z
91.36832,0.011016256,0.032380536,-0.019974342
91.384926,0.011343439,0.032525636,-0.020907085
91.40119,0.011912316,0.032653425,-0.018350752
91.41782,0.0123251565,0.03245831,-0.019557958
91.434654,0.012742734,0.032473933,-0.02071635
91.45132,0.012647921,0.032130633,-0.018055905
91.46836,0.013177359,0.03159061,-0.019256605
91.485176,0.0132759465,0.030714072,-0.020252177
91.50219,0.013427815,0.03042588,-0.017769817
91.518234,0.013457662,0.02895424,-0.018833835
91.53485,0.013770277,0.027455693,-0.020277662
91.55195,0.01374087,0.026450219,-0.017960649
91.56887,0.013720878,0.024885796,-0.019014027
91.586174,0.013962635,0.022945633,-0.020197565
91.60191,0.014093214,0.02201517,-0.017670942
91.618225,0.014151221,0.020239651,-0.019309862
91.63562,0.014522665,0.017797654,-0.020875817
91.65191,0.014494832,0.017086118,-0.018246502
91.66907,0.014599602,0.0145155145,-0.019843621
91.68598,0.014696271,0.011615225,-0.021130724
91.70202,0.014742303,0.010189874,-0.01860463
91.71876,0.01485332,0.0077757146,-0.020301122
91.73532,0.014817002,0.0060016513,-0.021667942
91.75249,0.0148738185,0.0036587408,-0.023138572
91.768776,0.015101402,0.001772911,-0.024321942
91.78539,0.015095984,0.0018170989,-0.018466223
91.80198,0.014743909,0.00034604326,-0.019920325
91.81861,0.014846801,-0.001707535,-0.0214852
91.83524,0.015057024,-0.0032829805,-0.022896098
91.85172,0.015369457,-0.0043063345,-0.024254318
91.868866,0.015960537,-0.005615195,-0.025798582
91.88537,0.015977416,-0.005566303,-0.019684643
91.90206,0.01608118,-0.0076652793,-0.02483754
91.91861,0.016380567,-0.008427595,-0.026278418
91.935104,0.016693396,-0.008610657,-0.023993514
91.951744,0.016999353,-0.009590891,-0.025453262
91.96862,0.017337205,-0.01001255,-0.026788108
91.98526,0.017769642,-0.010129063,-0.024425443
92.00191,0.018201077,-0.010295509,-0.025749149
92.01898,0.01852915,-0.010986909,-0.027081365
92.03507,0.018900879,-0.011087142,-0.024581961
92.05156,0.019228738,-0.011436961,-0.026124366
92.0688,0.019830663,-0.01138579,-0.027411373
92.084435,0.020159774,-0.011641523,-0.024955142
92.101166,0.020446,-0.011598838,-0.02649529
92.11834,0.020360963,-0.011701979,-0.027684037
92.13497,0.020345302,-0.0111639425,-0.02520385
92.15133,0.020027693,-0.011052212,-0.026336892
92.1682,0.020472767,-0.0108208,-0.024170619
92.185295,0.020118646,-0.010292439,-0.025157802
92.20175,0.020026904,-0.009336335,-0.026189348
92.218475,0.020218924,-0.008761401,-0.023890631
92.23476,0.020184191,-0.0075141876,-0.02498004
92.25145,0.01986781,-0.0057699387,-0.026274454
92.268105,0.019700548,-0.00478177,-0.023894086
92.284836,0.01990953,-0.0027204992,-0.024970839
92.3018,0.019346165,-0.0002664777,-0.025957394
92.31845,0.019167278,0.00093066937,-0.023496259
92.33483,0.01865235,0.003507984,-0.024473667
92.351715,0.018115377,0.00597209,-0.025557678
92.3682,0.018408798,0.0073957765,-0.023145929
92.3851,0.017722823,0.010522588,-0.024188839
92.40189,0.017096832,0.0133195305,-0.025117096
92.41832,0.01656254,0.014559152,-0.022768406
92.434906,0.016422441,0.017943751,-0.0238018
92.45171,0.015830934,0.0213099,-0.024773668
92.46844,0.01536815,0.022600038,-0.022430824
92.48485,0.014685696,0.025650404,-0.023342824
92.501915,0.013823831,0.028883968,-0.024396798
92.51878,0.013007916,0.030826285,-0.021883577
92.53508,0.012337435,0.033960648,-0.02284317
92.5517,0.011713543,0.03661445,-0.023959324
92.56822,0.011673833,0.038446687,-0.021645766
92.585106,0.01046053,0.04202273,-0.02266594
92.60201,0.009446366,0.045016073,-0.02353129
92.61827,0.009047531,0.046148278,-0.021170337
92.63489,0.007844802,0.0493573,-0.022237338
92.65143,0.007841972,0.05123858,-0.01993327
92.66805,0.006742059,0.054567512,-0.020976342
92.6847,0.005925611,0.05776761,-0.021907283
92.701324,0.005412869,0.059394836,-0.01973377
92.71848,0.0048335795,0.06284201,-0.02070202
92.734924,0.0040024784,0.06583536,-0.021595227
92.75178,0.003446868,0.066983014,-0.019493928
92.76914,0.0029417682,0.068948,-0.02052266
92.785,0.0021304435,0.0706615,-0.021381648
92.80194,0.0013987573,0.07134697,-0.019485487
92.818275,0.00073630305,0.07233153,-0.02046955
92.835144,0.00067661784,0.07282967,-0.021643545
92.85191,0.00058994204,0.07282063,-0.019414358
92.8683,-0.00006292604,0.0731627,-0.020385481
92.88511,-0.0004962566,0.07262137,-0.02151397
92.90159,-0.00026941177,0.072355144,-0.019331152
92.91818,-0.0003612255,0.07152204,-0.020395776
92.93533,-0.00045115323,0.07094213,-0.021441355
92.95199,-0.0007489399,0.06989079,-0.01907381
92.968315,-0.0004562284,0.06846789,-0.020077746
92.9856,-0.00024626165,0.06689862,-0.021178609
93.001396,-0.00029742604,0.066215135,-0.018749079
93.01804,0.00014866906,0.06402444,-0.020038402
93.03492,0.00019633709,0.063148536,-0.01781359
93.05195,0.000932396,0.061049264,-0.01868945
93.06847,0.0012751726,0.05885076,-0.019473897
93.08591,0.0015989254,0.05679958,-0.020371016
93.10202,0.0017502733,0.05543133,-0.017952906
93.11855,0.0022504746,0.05322144,-0.019017544
93.134895,0.0028293764,0.052234918,-0.016812792
93.15187,0.0031541332,0.04988088,-0.017851736
93.16825,0.003093052,0.04776378,-0.018554598
93.184875,0.0039278762,0.045259666,-0.0194625
93.20209,0.0048960377,0.042590845,-0.020393902
93.218994,0.0052692657,0.0400918,-0.021113008
93.23479,0.0051634815,0.040105216,-0.0158397
93.25216,0.0060839406,0.0374737,-0.016971057
93.26854,0.0062019336,0.034638345,-0.01755977
93.28579,0.0065155793,0.031865977,-0.018421507
93.30222,0.007206061,0.029250842,-0.019125445
93.31898,0.007689589,0.026856517,-0.020006703
93.335335,0.008181476,0.0252945,-0.017774818
93.35192,0.008931486,0.022564322,-0.018675843
93.36936,0.009733119,0.020147724,-0.019391764
93.38561,0.010475185,0.018659906,-0.01699319
93.40194,0.0116655575,0.015683023,-0.01781337
93.41881,0.0128721725,0.013273831,-0.018617019
93.43566,0.013111457,0.011881244,-0.016323024
93.451965,0.014369053,0.009132528,-0.01693853
93.4694,0.015658638,0.006024892,-0.017629845
93.485344,0.01642088,0.00460772,-0.015159503
93.502144,0.017554963,0.0022670005,-0.015918275
93.518684,0.018711371,0.0001945128,-0.016375171
93.53491,0.019039927,-0.0013721731,-0.014182686
93.552444,0.020415407,-0.0038886778,-0.014756243
93.568886,0.021417381,-0.0058154115,-0.014933803
93.58519,0.02196095,-0.0065054153,-0.01272013
93.601974,0.022569887,-0.008665678,-0.013201684
93.61912,0.022944141,-0.010830277,-0.013581203
93.635185,0.023543343,-0.011151437,-0.011046252
93.65205,0.023926541,-0.012502825,-0.011642702
93.66891,0.024084458,-0.013233656,-0.011924412
93.6856,0.024164857,-0.013772028,-0.009586102
93.70216,0.0242135,-0.014220788,-0.009965592
93.71871,0.024289245,-0.014328407,-0.010351171
93.73537,0.024642358,-0.014327983,-0.008172886
93.7524,0.024135666,-0.013873564,-0.008656744
93.76844,0.024213403,-0.01313941,-0.006401158
93.78528,0.023395704,-0.012122971,-0.007101938
93.801636,0.022533888,-0.010414771,-0.0077782786
93.8185,0.021754216,-0.009448804,-0.0056740036
93.835144,0.020460252,-0.006992848,-0.0064655216
93.85146,0.018762974,-0.003937701,-0.0073440727
93.86854,0.017759094,-0.002628822,-0.005541261
93.88556,0.016055226,0.00034343387,-0.006441174
93.90229,0.01413372,0.0032416664,-0.0074834237
93.91862,0.0131743215,0.0048379065,-0.005647337
93.935295,0.011382646,0.0075532123,-0.007000191
93.9526,0.010034046,0.0102436645,-0.0082819
93.96874,0.009320995,0.011747089,-0.006359918
93.98521,0.0072317333,0.014710619,-0.007861823
94.0017,0.005472093,0.017527247,-0.009312049
94.018585,0.0045995326,0.01870558,-0.0076924325
94.03497,0.0026512542,0.021655262,-0.009052814
94.052025,0.0005498148,0.024682486,-0.01053553
94.068436,-0.00041866308,0.026013026,-0.008785097
94.08503,-0.0018116563,0.028691595,-0.010278516
94.10152,-0.0025003692,0.03042325,-0.008676446
94.11874,-0.0043052873,0.033101227,-0.010143847
94.13489,-0.0058675176,0.035673417,-0.011393913
94.15163,-0.0067484644,0.03700156,-0.009930696
94.16831,-0.007983922,0.03924163,-0.011224003
94.1851,-0.00936359,0.041595526,-0.0125379395
94.20146,-0.010459053,0.042343315,-0.010869919
94.21815,-0.011879801,0.04437578,-0.012137853
94.234764,-0.01270312,0.046392262,-0.013292475
94.25165,-0.013540975,0.047279503,-0.011544106
94.268234,-0.014987512,0.049197193,-0.012501192
94.28491,-0.016176302,0.05080814,-0.013500405
94.30184,-0.016496893,0.052079592,-0.011642172
94.31849,-0.017597787,0.05410649,-0.012426521
94.33483,-0.0189604,0.055946264,-0.013202502
94.352036,-0.01961974,0.056760687,-0.011388852
94.368416,-0.02079635,0.058225505,-0.01190644
94.38516,-0.022039229,0.05960605,-0.012559731
94.40173,-0.022769442,0.06013682,-0.010616784
94.419044,-0.023772597,0.061496872,-0.011137798
94.43524,-0.024483765,0.0625923,-0.011431909
94.45193,-0.025693556,0.06285914,-0.009513066
94.46878,-0.026407935,0.06377727,-0.00992258
94.485054,-0.027256392,0.06457866,-0.010192877
94.501686,-0.027537953,0.06513463,-0.008214592
94.518486,-0.02835967,0.065594524,-0.008502071
94.53605,-0.029469896,0.06619441,-0.008699809
94.55201,-0.03008977,0.06636371,-0.0063915676
94.56881,-0.030784987,0.066939116,-0.0068297605
94.58565,-0.03189775,0.067735165,-0.0069146794
94.601715,-0.03273893,0.06803004,-0.007125237
94.61874,-0.033489794,0.06831119,-0.0075955
94.63488,-0.033640355,0.06823656,-0.0031801309
94.65184,-0.034394,0.068669386,-0.0035719732
94.669014,-0.03493496,0.068883575,-0.0038812896
94.68522,-0.035503455,0.06913728,-0.004197239
94.70212,-0.035840694,0.06911242,-0.004749426
94.71908,-0.03590584,0.06867934,-0.0051395153
94.735374,-0.03605445,0.06860101,-0.00080653135
94.75209,-0.03584333,0.06846675,-0.0014055879
94.76917,-0.035759564,0.06743954,-0.004272602
94.785324,-0.035497494,0.06750794,-0.002341544
94.8021,-0.03514245,0.067050956,-0.0030284615
94.81842,-0.034840725,0.06638476,-0.0035800461
94.83539,-0.034750283,0.065596595,-0.001818418
94.851944,-0.034229036,0.06484325,-0.0023559234
94.86867,-0.033475235,0.06391566,-0.0029898859
94.88577,-0.032994714,0.06333414,-0.0011490014
94.902016,-0.032055344,0.06233702,-0.001735629
94.91892,-0.031053007,0.061092284,-0.002520584
94.93549,-0.030648753,0.06077823,-0.0007081814
94.95172,-0.029440142,0.05938888,-0.0014294607
94.968796,-0.028256027,0.057973493,-0.0022552335
94.985435,-0.027670117,0.05736655,-0.00049772166
95.002335,-0.02622232,0.055677336,-0.0012678734
95.01896,-0.02476843,0.053952713,-0.0020281156
95.03551,-0.023615114,0.05302056,-0.0004977098
95.051956,-0.021659479,0.051280767,-0.0012866117
95.06898,-0.019476779,0.04908057,-0.0022139116
95.08537,-0.018922808,0.047660507,-0.0005805507
95.10211,-0.016695676,0.045237973,-0.0014736843
95.11893,-0.014277984,0.042755272,-0.002437502
95.135216,-0.01321603,0.041745,-0.00064097875
95.15193,-0.010368567,0.038997196,-0.0016948035
95.16872,-0.009361983,0.037748173,-0.000009358506
95.18573,-0.0066670505,0.03569218,-0.0009004319
95.2025,-0.004354756,0.03363558,-0.0017100314
95.21876,-0.003099428,0.031754587,-0.00010157037
95.23523,-0.00013796493,0.029609347,-0.001089548
95.25241,0.0020145893,0.027579863,-0.0019276744
95.26873,0.0031169464,0.026202034,-0.0003140636
95.28503,0.0055336533,0.023910176,-0.0012180625
95.30263,0.0077071064,0.021995762,-0.0021096237
95.31837,0.008734183,0.02154181,-0.0003782578
95.335106,0.010481013,0.019932024,-0.0014044297
95.35178,0.012426947,0.01770329,-0.0022309243
95.36845,0.013302316,0.016854329,-0.0006901737
95.38547,0.014617778,0.015576693,-0.0014754116
95.40245,0.015712962,0.01422113,-0.0021837957
95.418625,0.016537787,0.013800192,-0.0005679872
95.43483,0.018082272,0.01262446,-0.0014510003
95.45219,0.018226352,0.012069141,-0.000030399226
95.468544,0.019138008,0.0110329585,-0.0006310507
95.48532,0.020032164,0.009834067,-0.0014690959
95.501945,0.020460092,0.009578584,0.00012404013
95.51861,0.021524014,0.008809879,-0.00068452174
95.535194,0.021611895,0.008253164,-0.0013552621
95.55183,0.021673521,0.007964262,0.00012558882
95.56844,0.02164295,0.0073302058,-0.00054944714
95.584885,0.02172969,0.0069849994,-0.001226085
95.60171,0.021612268,0.0067764884,0.00015008819
95.61844,0.02136877,0.0063393656,-0.0006011868
95.63483,0.02124556,0.0064625656,-0.0013667758
95.65157,0.021025788,0.0065941997,-0.000018358594
95.668205,0.020232724,0.006393991,-0.0008237473
95.685326,0.01944899,0.006988892,-0.0016685333
95.70165,0.019115668,0.0074876025,-0.0001917519
95.718315,0.018189585,0.007395921,-0.0011613085
95.73528,0.01728935,0.007528939,-0.0020451073
95.751755,0.016485075,0.007785389,-0.00061554
95.76804,0.015168323,0.007894875,-0.0016266116
95.78524,0.014029876,0.007952697,-0.002612978
95.80167,0.013773064,0.008465625,-0.0011777505
95.81837,0.012671963,0.008805192,-0.002155627
95.83503,0.01131903,0.009269249,-0.0029426827
95.851616,0.0112026315,0.009185003,-0.0016992126
95.86818,0.01010579,0.0100710215,-0.0024573104
95.88505,0.008655539,0.010550355,-0.003216285
95.90142,0.0078437235,0.010655596,-0.001850536
95.918015,0.0065024383,0.011067966,-0.0026090797
95.93518,0.0048837955,0.011551925,-0.0033715437
95.95144,0.0039156796,0.012062393,-0.0018676433
95.96829,0.0013405054,0.013222101,-0.004700756
95.984985,0.0013177186,0.013224105,-0.0012585508
96.00138,-0.0004952355,0.014489794,-0.0018516082
96.01791,-0.0028165714,0.015182147,-0.0024572096
96.034676,-0.005319162,0.016443437,-0.0030422327
96.05142,-0.0079688,0.017479954,-0.003641127
96.06798,-0.0112299705,0.019061945,-0.004174406
96.08457,-0.011261384,0.019043086,-0.0008624922
96.10142,-0.014927729,0.020561153,-0.0014378892
96.1181,-0.019713772,0.023506375,-0.003964978
96.13486,-0.021338385,0.02396599,-0.0026131247
96.151505,-0.024897281,0.026261577,-0.0032048223
96.16839,-0.028674873,0.028110621,-0.0037889576
96.18585,-0.030486625,0.02955715,-0.0025047655
96.20131,-0.034442995,0.03150128,-0.0029042051
96.218506,-0.037984565,0.03361853,-0.0038300871
96.235176,-0.040179625,0.03483735,-0.002424111
96.25173,-0.04344007,0.03666597,-0.0030982413
96.268616,-0.047151368,0.038812168,-0.0037198958
96.28507,-0.048890967,0.039600592,-0.002422188
96.3019,-0.052545916,0.041705783,-0.0030654555
96.31849,-0.056257877,0.043784738,-0.0035870522
96.33501,-0.058334585,0.044826444,-0.0023920047
96.3518,-0.061887637,0.04627818,-0.002976684
96.36843,-0.06528292,0.04800183,-0.0035881018
96.3859,-0.06707652,0.04918226,-0.0022963416
96.40207,-0.070300646,0.050628502,-0.0027515593
96.41891,-0.071892284,0.051292863,-0.0015350167
96.435936,-0.07449404,0.05238512,-0.0020304827
96.45207,-0.07682098,0.053421296,-0.0025703744
96.46883,-0.078058176,0.054122165,-0.0012945009
96.48586,-0.07982294,0.05512142,-0.0019392245
96.50264,-0.08155541,0.055928778,-0.0023747215
96.51836,-0.08195711,0.056133244,-0.0010868019
96.53542,-0.08299435,0.056955837,-0.0018041034
96.55182,-0.08336075,0.057387684,-0.002276079
96.568665,-0.08342932,0.057423107,-0.0010358936
96.58528,-0.082889624,0.05757408,-0.0015818008
96.60231,-0.08193381,0.057528123,-0.0021092114
96.619156,-0.081395835,0.057220403,-0.0008001056
96.63627,-0.0802072,0.057049442,-0.001301395
96.65238,-0.07831448,0.0565016,-0.0016607578
96.66867,-0.07715888,0.05636744,-0.0005548926
96.68535,-0.074944705,0.055676993,-0.0010665329
96.70253,-0.07242423,0.05527374,-0.0015060167
96.71883,-0.07088392,0.05478375,-0.00027951947
96.73605,-0.06791166,0.054116804,-0.0008198799
96.75267,-0.064263694,0.053241473,-0.0012441911
96.7688,-0.06252786,0.05294291,-0.00015209426
96.785904,-0.058594055,0.0516623,-0.0008142254
96.80311,-0.054299943,0.050613206,-0.0013345534
96.81882,-0.0521484,0.0497014,-0.00013914719
96.83481,-0.047751825,0.04847756,-0.0008596062
96.852165,-0.04281243,0.04693153,-0.0015498035
96.86877,-0.040394407,0.046454806,-0.00036066462
96.88582,-0.03548636,0.044989947,-0.0009232257
96.902664,-0.030573351,0.04346225,-0.0014336038
96.91879,-0.028271908,0.042937618,-0.00026205208
96.935196,-0.02293218,0.041389417,-0.000862976
96.95208,-0.017875727,0.03963693,-0.0015241473
96.96878,-0.015447629,0.0389011,-0.00025286234
96.985596,-0.0105350595,0.03752289,-0.0008422697
97.00226,-0.0056646015,0.035901908,-0.0013275217
97.01839,-0.0032902681,0.034558143,-0.00013888653
97.03503,0.0014140729,0.033492867,-0.0007751397
97.05168,0.0033707104,0.032965835,0.00047644082
97.068634,0.007539341,0.031419955,-0.00006932305
97.08524,0.0109169455,0.030023068,-0.00048794388
97.101974,0.012970894,0.029649364,0.000582958
97.11832,0.015870083,0.028575366,0.000099425444
97.13562,0.018577736,0.02758037,-0.00039501596
97.151474,0.020155095,0.026914647,0.00063851953
97.16813,0.022706969,0.026053172,-0.000019730243
97.18508,0.025193032,0.025196727,-0.00059733057
97.20174,0.026120603,0.024428781,0.00036110406
97.21864,0.028183933,0.023735682,-0.0002515458
97.23509,0.030318733,0.023085982,-0.00090640463
97.25219,0.03116584,0.022873854,-0.00005352807
97.26861,0.032535657,0.022187969,-0.0006917582
97.28507,0.03368965,0.021643363,-0.0014639797
97.301704,0.034174636,0.021180961,-0.00060288527
97.31818,0.035255462,0.020912182,-0.0013915047
97.33498,0.035699535,0.020329423,-0.0022094504
97.35171,0.035865463,0.020639287,-0.0014002195
97.368454,0.035915304,0.020099655,-0.0022188763
97.38519,0.03593849,0.019824315,-0.0030754008
97.40168,0.035861276,0.019513104,-0.002351521
97.41831,0.0355318,0.01934027,-0.0032780555
97.435036,0.034899317,0.019546166,-0.0042016837
97.451805,0.033970494,0.019080138,-0.0051493803
97.46838,0.032954294,0.019004863,-0.006038382
97.485146,0.032932367,0.019042652,-0.0037417237
97.50171,0.03144444,0.019271584,-0.0046550594
97.51828,0.029830832,0.019216066,-0.005513765
97.534775,0.02826503,0.019253207,-0.0064300923
97.5514,0.025825005,0.019479325,-0.007327956
97.56809,0.023062438,0.01980872,-0.008241353
97.58487,0.021753188,0.019345863,-0.007583242
97.601616,0.018599998,0.019727575,-0.008451022
97.618164,0.015282505,0.020107005,-0.009340348
97.63496,0.013775286,0.020773457,-0.008724851
97.65158,0.01053645,0.021067103,-0.009622024
97.66823,0.0076377145,0.021577006,-0.0105522005
97.68488,0.005986698,0.021890556,-0.00993568
97.701454,0.0022581015,0.022597099,-0.010861004
97.718,0.00020136665,0.022882363,-0.010272147
97.734795,-0.0029022824,0.023312941,-0.011220338
97.75166,-0.006857608,0.02424614,-0.012142338
97.76818,-0.008777319,0.024710812,-0.011544808
97.78485,-0.012567723,0.025762724,-0.012507888
97.80167,-0.015824236,0.02638833,-0.013468433
97.81824,-0.017928833,0.026637858,-0.012900509
97.835205,-0.021283638,0.02721337,-0.013888984
97.85159,-0.023178384,0.027581772,-0.013310431
97.86823,-0.02668646,0.027760291,-0.014300039
97.88494,-0.029774962,0.027941668,-0.015239002
97.90192,-0.03287579,0.028407281,-0.016199784
97.91836,-0.034614854,0.028444238,-0.015597945
97.93496,-0.037972134,0.028182482,-0.016584752
97.95179,-0.04038373,0.028179824,-0.0175043
97.968445,-0.041296218,0.028721398,-0.017022936
97.98496,-0.043303873,0.028198887,-0.017858109
98.00162,-0.04497775,0.02817,-0.018823976
98.01831,-0.04566127,0.027856587,-0.018380085
98.035065,-0.04670813,0.027681913,-0.019225126
98.051704,-0.047910698,0.027506543,-0.020155938
98.068245,-0.04845072,0.027356246,-0.019588327
98.085205,-0.049281962,0.027045486,-0.020479845
98.10191,-0.050394345,0.02711104,-0.021288374
98.11876,-0.050834455,0.027245974,-0.020676047
98.13531,-0.051795635,0.026981367,-0.021324754
98.151726,-0.052557737,0.026528306,-0.021852354
98.16853,-0.05264871,0.026555574,-0.021248274
98.18533,-0.053323355,0.02644025,-0.021536848
98.20179,-0.05409754,0.02620526,-0.02175831
98.21836,-0.054298386,0.025745727,-0.02101086
98.23557,-0.054578383,0.025427775,-0.021152388
98.25217,-0.054770898,0.025040397,-0.021116868
98.26867,-0.055381477,0.024700617,-0.020216918
98.28562,-0.055604123,0.024729982,-0.02017683
98.30231,-0.055481747,0.024515785,-0.01996498
98.318504,-0.05560116,0.02435665,-0.019053169
98.33558,-0.055939987,0.024063963,-0.01889812
98.35191,-0.05607002,0.02352572,-0.018569104
98.36869,-0.055924855,0.023134679,-0.017668426
98.385345,-0.05547175,0.02276301,-0.017314214
98.402245,-0.05547355,0.022320414,-0.016923238
98.41803,-0.055544578,0.022068096,-0.015842639
98.43495,-0.05507001,0.021597976,-0.015498777
98.452515,-0.054505534,0.021095155,-0.01507432
98.469055,-0.054385386,0.021467946,-0.013971792
98.485565,-0.054476745,0.021018617,-0.0135320835
98.502106,-0.05415885,0.020478236,-0.012581374
98.51849,-0.053336725,0.020094888,-0.012126727
98.535416,-0.05283689,0.019706197,-0.011696689
98.552,-0.052866276,0.019344073,-0.010658732
98.56867,-0.051886298,0.019110529,-0.010260526
98.58521,-0.050701857,0.018973947,-0.009844552
98.60192,-0.05030908,0.0191852,-0.008907945
98.61876,-0.049698792,0.018981904,-0.008507871
98.63536,-0.04854094,0.018785039,-0.008126093
98.65187,-0.047659703,0.019120952,-0.0072515006
98.66845,-0.046685744,0.018898627,-0.0069196946
98.685135,-0.045742888,0.018746948,-0.0066629685
98.702095,-0.045070793,0.018417086,-0.0057797125
98.71865,-0.04352672,0.01847581,-0.005497066
98.735466,-0.042896852,0.018314427,-0.0052377037
98.75208,-0.042927284,0.018489948,-0.0043882523
98.76851,-0.042526793,0.018567162,-0.0041808807
98.78517,-0.042329513,0.018724263,-0.0038968166
98.80219,-0.04240763,0.01909971,-0.0032296672
98.81861,-0.043070596,0.019109653,-0.002939333
98.83506,-0.04329925,0.019271383,-0.002870483
98.85217,-0.04386765,0.019370757,-0.00285379
98.86864,-0.044627648,0.019461198,-0.00266835
98.885475,-0.044639643,0.01943395,-0.001445501
98.901794,-0.04483757,0.019239174,-0.0013650211
98.91837,-0.04486681,0.019445175,-0.0013600098
98.93517,-0.04610927,0.01957345,-0.0013289104
98.95184,-0.046687804,0.019859752,-0.0012732369
98.9685,-0.04724271,0.020169497,-0.0012576749
98.98501,-0.04792548,0.020587983,-0.0006510764
99.00179,-0.04890231,0.021108247,-0.0006162673
99.01847,-0.05014499,0.021442978,-0.0005546301
99.03508,-0.05035138,0.021737814,0.00008429122
99.05185,-0.051505536,0.022206461,0.00014497784
99.06833,-0.05318466,0.02288714,0.00029275904
99.08544,-0.053919937,0.023156524,0.000879115
99.101654,-0.05521249,0.024166951,0.001013256
99.11843,-0.056574125,0.024745207,0.0011550233
99.13507,-0.0575582,0.025197813,0.0017563602
99.15173,-0.059309177,0.025950458,0.0018200496
99.1686,-0.060279444,0.026565138,0.0019459116
99.18547,-0.060551252,0.026262287,0.002551606
99.20143,-0.061124828,0.026682345,0.0026687619
99.21819,-0.061524216,0.027264072,0.0032159246
99.23516,-0.06179072,0.027449965,0.0033126804
99.2515,-0.061194696,0.027709255,0.0034628513
99.26834,-0.060693968,0.027948014,0.003971368
99.285,-0.06028466,0.028179223,0.0041252295
99.301445,-0.05951054,0.02809088,0.00423932
99.31822,-0.058837295,0.028758654,0.0047007757
99.334854,-0.057405826,0.02914711,0.0048025204
99.35149,-0.055646162,0.029381687,0.0048413533
99.36842,-0.054779723,0.02919375,0.005290061
99.38519,-0.052704137,0.029478904,0.0054080235
99.40164,-0.050086737,0.029384222,0.0054673995
99.418434,-0.048804734,0.029645383,0.005973074
99.43504,-0.04601797,0.029569918,0.0060514486
99.45205,-0.043879062,0.029642146,0.00618252
99.468376,-0.042539205,0.030134067,0.006640049
99.48491,-0.03955269,0.03042056,0.006760178
99.50183,-0.0371338,0.03036009,0.006944496
99.51861,-0.035884384,0.030196685,0.007377265
99.53534,-0.033183336,0.03003078,0.007513962
99.55222,-0.030361826,0.030202746,0.00767222
99.56853,-0.029137399,0.030076347,0.008198545
99.58479,-0.026609229,0.02973469,0.008249287
99.602036,-0.024309188,0.029757395,0.0084445495
99.618935,-0.022858033,0.030190155,0.008829998
99.63547,-0.020465761,0.030309929,0.009073404
99.652435,-0.018314756,0.030211408,0.009301968
99.66859,-0.017405828,0.029791929,0.009669937
99.68511,-0.015951773,0.029795013,0.009788059
99.70183,-0.014403196,0.030154197,0.009845769
99.71899,-0.013776961,0.030142948,0.010189688
99.73553,-0.011937317,0.030644871,0.010206863
99.75165,-0.011013052,0.030423647,0.010491998
99.76838,-0.009322746,0.030350782,0.010465171
99.78574,-0.007936447,0.030419981,0.010379286
99.80189,-0.007046967,0.030213807,0.010727144
99.818436,-0.005919994,0.03023285,0.0105362
99.83518,-0.005262131,0.030406483,0.010533097
99.85214,-0.0045092753,0.031011686,0.010373149
99.86956,-0.0044110892,0.03096245,0.010532388
99.88629,-0.0035403206,0.030896911,0.010346143
99.90182,-0.0036066151,0.030974105,0.010464028
99.918846,-0.0034281479,0.03086758,0.010162136
99.93572,-0.0032947536,0.030747209,0.009927983
99.95188,-0.0030058092,0.030756794,0.0099540735
99.96883,-0.0034100667,0.030959088,0.009638992
99.985725,-0.0036681232,0.030880822,0.009368117
100.00257,-0.003913383,0.030331707,0.009320807
100.01884,-0.0042857598,0.030407479,0.008977436
100.03518,-0.0046717743,0.030551659,0.008538078
100.05235,-0.0054507297,0.030408971,0.008515872
100.06867,-0.006163484,0.030523406,0.008027017
100.08537,-0.007005348,0.030637436,0.0075525744
100.10229,-0.00740909,0.030490072,0.0074799256
100.11841,-0.008234438,0.030014228,0.006930598
100.135635,-0.009074939,0.0297986,0.006387049
100.152084,-0.009578396,0.02929422,0.0062675844
100.16877,-0.010145112,0.028822795,0.0056680664
100.18563,-0.011233708,0.02844368,0.0050821695
100.20204,-0.011846581,0.028831527,0.004884647
100.218346,-0.012468557,0.028513446,0.0041715046
100.23528,-0.012775446,0.027942104,0.003940566
100.252525,-0.0134666115,0.027720688,0.0032195023
100.26824,-0.013750528,0.027441544,0.0024046132
100.28547,-0.013537192,0.02733063,0.0015815439
100.3017,-0.013862016,0.027109368,0.0008549993
100.31803,-0.013394295,0.026869135,-0.000013053913
100.33481,-0.013395615,0.026868332,0.000089469584
100.352295,-0.012985034,0.0264763,-0.0007101007
100.36895,-0.013143952,0.026194133,-0.0015043468
100.38522,-0.013209048,0.026402919,-0.002310365
100.40208,-0.01342414,0.026412476,-0.0031323975
100.418465,-0.013857542,0.026081216,-0.003968208
100.43547,-0.014038687,0.02593086,-0.0044104164
100.45192,-0.014618003,0.025592092,-0.0052507315
100.46832,-0.015486124,0.02485771,-0.006005051
100.48516,-0.015979642,0.02425589,-0.006488107
100.501945,-0.01736527,0.02365821,-0.0071861674
100.51854,-0.018452901,0.023397831,-0.007951166
100.53522,-0.019201389,0.023153968,-0.008263111
100.55195,-0.021154473,0.022478167,-0.008816744
100.56891,-0.022292484,0.022494277,-0.009122577
100.58504,-0.024192099,0.022023877,-0.009517736
100.60168,-0.027137619,0.0218997,-0.009800706
100.618675,-0.02901612,0.021257084,-0.009915527
100.63496,-0.032915425,0.021013958,-0.010032246
100.651794,-0.036120474,0.02063062,-0.010124433
100.66837,-0.037889242,0.020792246,-0.010198908
100.6848,-0.041720726,0.020083833,-0.010164795
100.70147,-0.045805376,0.019560695,-0.010138001
100.71836,-0.047165383,0.019253206,-0.010207115
100.73499,-0.049632676,0.018790394,-0.010042269
100.75173,-0.052265633,0.018277248,-0.0098341
100.76853,-0.053736515,0.01799632,-0.0097568
100.785034,-0.055315297,0.01762211,-0.009442683
100.801575,-0.056463033,0.017031176,-0.00902552
100.8191,-0.057236984,0.01711847,-0.00892312
100.83518,-0.058813725,0.01684008,-0.008464571
100.851906,-0.05950183,0.016468385,-0.007884045
100.86843,-0.059647266,0.016186578,-0.0077593112
100.88496,-0.060275342,0.015976433,-0.0071649486
100.90157,-0.06117506,0.015381735,-0.0065225125
100.91852,-0.061144102,0.01541081,-0.006347896
100.93521,-0.0609867,0.014776372,-0.0056166328
100.9517,-0.060794406,0.014410875,-0.0053912736
100.968414,-0.06066466,0.013734209,-0.0045746337
100.98494,-0.060339555,0.013158868,-0.0037428709
101.00167,-0.05950603,0.012690299,-0.0028970023
101.01842,-0.0592586,0.012496834,-0.0026587145
101.03519,-0.058674544,0.0120295845,-0.0018053959
101.05154,-0.057947427,0.011621717,-0.00096442533
101.06826,-0.05749714,0.011525639,-0.0007482635
101.08503,-0.05644916,0.011231091,0.00010432217
101.102,-0.055510763,0.010766756,0.00092804723
101.11838,-0.05497042,0.010529456,0.0010800029
101.135,-0.054010995,0.010244103,0.001893759
101.15151,-0.05359614,0.009757137,0.0020309866
101.168396,-0.052087918,0.00966506,0.0028185493
101.184944,-0.05086733,0.009219098,0.003552074
101.201614,-0.050447386,0.009465882,0.003595873
101.21839,-0.04934359,0.008947827,0.004302479
101.23478,-0.04782662,0.008504171,0.0049146092
101.25142,-0.046969693,0.008249488,0.0048584235
101.268135,-0.045833234,0.00820924,0.0053902646
101.28497,-0.044308677,0.008449557,0.005817471
101.30169,-0.04341855,0.0078096925,0.005694061
101.31832,-0.04204434,0.007672009,0.006057215
101.335175,-0.041133653,0.0076926975,0.0063951495
101.35201,-0.040555734,0.008428017,0.006140599
101.36841,-0.039572995,0.008500822,0.006438493
101.38501,-0.03929042,0.008590563,0.00609961
101.40175,-0.039311327,0.008888166,0.0063211005
101.418434,-0.039715912,0.009558721,0.0063731815
101.43509,-0.040218204,0.010059036,0.006306605
101.45176,-0.04066579,0.010271017,0.0059698825
101.46837,-0.040817134,0.010498437,0.005768923
101.48545,-0.041440837,0.011257881,0.0055997223
101.50174,-0.041338086,0.011349449,0.0050340015
101.5184,-0.041701093,0.012250671,0.0048287846
101.53517,-0.042156458,0.013235813,0.004680373
101.551765,-0.042402066,0.014054057,0.0040339734
101.56872,-0.043038886,0.014939886,0.0038276175
101.584816,-0.043563835,0.015859462,0.003584703
101.60175,-0.044023536,0.0159534,0.003003619
101.61857,-0.044948045,0.017037911,0.0028356654
101.63543,-0.045718715,0.017805835,0.002577752
101.651794,-0.04663658,0.018120509,0.0020464314
101.66865,-0.047504943,0.01893448,0.001912806
101.685265,-0.048082106,0.01977509,0.0016725115
101.70191,-0.048827533,0.02035917,0.0016420075
101.71868,-0.04950804,0.020956783,0.0015893058
101.73525,-0.049497765,0.020981593,0.0005905748
101.75199,-0.050421927,0.022042032,0.0005715594
101.768776,-0.05081821,0.023078173,0.00059397536
101.78528,-0.051822305,0.024102038,0.0006426231
101.802025,-0.0531736,0.025187543,0.0007471332
101.81871,-0.05374405,0.026253073,0.0008659457
101.835365,-0.05369205,0.026737595,0.00044477664
101.85211,-0.05404209,0.02754061,0.00059816305
101.86869,-0.054828502,0.028253026,0.00077003444
101.88539,-0.055375393,0.02887256,0.00033771424
101.90155,-0.055301405,0.02956326,0.0006386481
101.91918,-0.05529639,0.030207163,0.0010705012
101.93551,-0.055628836,0.0308549,0.0005627042
101.951904,-0.05607758,0.031429008,0.0010492248
101.96931,-0.056322012,0.032194186,0.0015003979
101.98539,-0.0564791,0.03263008,0.0010951355
102.00208,-0.05695227,0.033369604,0.0016379907
102.01922,-0.05785036,0.034213256,0.002148443
102.03527,-0.058291256,0.034596145,0.0017655905
102.05211,-0.058554865,0.03493553,0.0023537157
102.06871,-0.058930792,0.035757657,0.0028525842
102.08521,-0.059466343,0.036092408,0.0025549948
102.10131,-0.060024533,0.036595955,0.0031127138
102.11869,-0.06040662,0.03752285,0.0037500476
102.135376,-0.060529135,0.03782873,0.0033515005
102.15234,-0.061373007,0.038266156,0.0039663683
102.16866,-0.06208185,0.038788334,0.0046016024
102.18552,-0.062099606,0.039007097,0.0042405166
102.202034,-0.06240741,0.03945145,0.0048299194
102.21818,-0.062641785,0.039860636,0.0044329218
102.23491,-0.06272401,0.03983007,0.005040498
102.252335,-0.062444147,0.040005226,0.0055340827
102.26859,-0.062677994,0.040106695,0.00511808
102.28529,-0.06182977,0.0400218,0.0056628487
102.302086,-0.060926907,0.04019877,0.0060496563
102.31868,-0.06050083,0.040668905,0.00561024
102.33514,-0.05902584,0.041005425,0.0059740315
102.35187,-0.057362705,0.04090886,0.006406345
102.36856,-0.056408502,0.040464252,0.005859244
102.38512,-0.05447539,0.040418405,0.006202422
102.40188,-0.052216414,0.040533397,0.006547998
102.41862,-0.050763566,0.0405,0.0059694666
102.43524,-0.048084218,0.04032713,0.006250762
102.45187,-0.045805916,0.039793685,0.0065565975
102.46845,-0.044206765,0.03994376,0.005856984
102.48523,-0.041361105,0.039730594,0.0061160363
102.50233,-0.038736027,0.039238647,0.0063493242
102.51857,-0.037400488,0.038530916,0.005592285
102.53487,-0.034374777,0.038157444,0.005831352
102.55216,-0.031236975,0.03778557,0.006054664
102.56855,-0.029730888,0.037643474,0.0052652527
102.58533,-0.026728636,0.036873244,0.005479858
102.6017,-0.025179084,0.036518555,0.0046853786
102.618614,-0.022096358,0.03583683,0.00486687
102.6351,-0.019168103,0.035684694,0.005011833
102.651955,-0.017526604,0.034646608,0.004274642
102.66859,-0.014322023,0.03378801,0.004421283
102.68507,-0.011604891,0.033027742,0.0046126116
102.70195,-0.0105789285,0.032825153,0.0039714086
102.718506,-0.008157809,0.032011926,0.004149986
102.73532,-0.0062388335,0.031107886,0.004393644
102.7516,-0.005413644,0.03095998,0.0036955748
102.768486,-0.004152556,0.03023449,0.0039854306
102.785194,-0.0027349798,0.029614562,0.0042964495
102.80261,-0.0018244588,0.0286474,0.003517735
102.81917,-0.0016786231,0.02840672,0.003804037
102.8353,-0.0013271671,0.02749703,0.004235827
102.85227,-0.0007729281,0.027331663,0.0034833075
102.869156,-0.0004232055,0.02685517,0.0038664124
102.885254,-0.0009808848,0.026664462,0.004208477
102.90162,-0.0012291272,0.026677018,0.0034776796
102.91876,-0.000853403,0.02584723,0.0039655063
102.93584,-0.000803511,0.025145449,0.004308912
102.95198,-0.0010372065,0.025163766,0.0035596574
102.96891,-0.0018339319,0.024857465,0.004094031
102.985306,-0.002591916,0.024294075,0.0045773974
103.00163,-0.002792823,0.023564026,0.0038886096
103.01842,-0.004222069,0.023776168,0.00447625
103.035286,-0.0062303506,0.023553073,0.005049154
103.05206,-0.0068049394,0.023874903,0.0042534196
103.06876,-0.009035645,0.023581227,0.006112846
103.08516,-0.009011617,0.023590386,0.004076437
103.101974,-0.011500988,0.024103463,0.0047252947
103.11885,-0.013416146,0.02410358,0.005366194
103.13505,-0.0152213825,0.024364104,0.0058774264
103.15175,-0.017828373,0.024215437,0.0066075115
103.16863,-0.020588718,0.02409088,0.0073263776
103.1852,-0.02056298,0.02411283,0.0051917643
103.2018,-0.0227688,0.024220875,0.0057557356
103.218414,-0.02711129,0.024568086,0.0077382247
103.235146,-0.028769756,0.02426458,0.007051969
103.25195,-0.03140879,0.024473088,0.0075538144
103.26861,-0.034271356,0.024851026,0.008148913
103.28521,-0.03545227,0.025019659,0.0073202453
103.30229,-0.038589187,0.025500705,0.007886228
103.3189,-0.041921373,0.02596337,0.00837229
103.33518,-0.04356675,0.026464012,0.0074859355
103.35193,-0.045924935,0.026564283,0.0080071045
103.36927,-0.048730027,0.026731523,0.008382794
103.384895,-0.050251767,0.02718623,0.007440024
103.40205,-0.05278617,0.02722238,0.008023559
103.418945,-0.054993484,0.027484978,0.008352763
103.43549,-0.056194834,0.027965585,0.0073856236
103.45217,-0.059061915,0.028755518,0.0077843117
103.46895,-0.061573397,0.029511966,0.008088524
103.48523,-0.06286431,0.029588139,0.007148786
103.5021,-0.06464224,0.030119378,0.0074830614
103.51892,-0.067352936,0.030895067,0.007790293
103.53539,-0.068825394,0.03126214,0.0067652585
103.55234,-0.0708812,0.031574447,0.007122307
103.56886,-0.072464556,0.032307398,0.007334103
103.58575,-0.073296234,0.032429233,0.006331593
103.60278,-0.07483607,0.032875117,0.006544583
103.619,-0.07593363,0.033275392,0.006703986
103.635925,-0.07592685,0.033239312,0.0056745163
103.65218,-0.075810224,0.033338543,0.0058532986
103.668915,-0.07593162,0.03320723,0.004836385
103.68517,-0.075867526,0.033283502,0.0050590313
103.70193,-0.07497509,0.033054106,0.0053620054
103.71876,-0.074686065,0.03344899,0.004257971
103.73546,-0.07374031,0.033611454,0.0044787233
103.75184,-0.07271802,0.03357583,0.0047741733
103.76861,-0.071958624,0.033701025,0.0036889403
103.78521,-0.07036766,0.033364877,0.0040172394
103.80189,-0.06837732,0.033133626,0.00434868
103.81874,-0.06761276,0.032500904,0.0033582083
103.83537,-0.06568426,0.032118242,0.0036967194
103.85194,-0.063724466,0.031857584,0.0042081573
103.868546,-0.062397145,0.032028448,0.0032378559
103.8854,-0.060484506,0.031884838,0.0038070455
103.902374,-0.059478592,0.031679604,0.0044490322
103.9186,-0.05886051,0.031304125,0.0034202072
103.93534,-0.05768977,0.03139884,0.0041138222
103.95193,-0.056561105,0.031697676,0.004785799
103.96862,-0.056293387,0.03160629,0.0037919949
103.985504,-0.056182273,0.032036595,0.0044642678
104.00186,-0.054910284,0.032080874,0.005272989
104.01862,-0.05415194,0.03223361,0.0041615693
104.03522,-0.05324504,0.032215994,0.005042006
104.05173,-0.052573577,0.03280558,0.005790261
104.06859,-0.052478865,0.032647282,0.0048666787
104.08553,-0.051419366,0.032707825,0.0056150537
104.10199,-0.05116991,0.033233717,0.0045360173
104.11868,-0.050438482,0.033380795,0.005401485
104.13525,-0.05015431,0.03381828,0.0061251963
104.151886,-0.050161,0.034007408,0.0052328515
104.1685,-0.049515747,0.03432137,0.005955284
104.18513,-0.049271587,0.034762897,0.0067195096
104.20179,-0.049380936,0.035246886,0.005664082
104.21876,-0.049245037,0.03585881,0.0063627223
104.23528,-0.047573034,0.035749197,0.0069479514
104.2518,-0.04680929,0.035772465,0.0058942647
104.26852,-0.04536251,0.036033843,0.0065427897
104.285126,-0.04385122,0.036194287,0.0071720043
104.30181,-0.04293678,0.036127534,0.0060886
104.31855,-0.040694233,0.035664655,0.006741267
104.33518,-0.0387764,0.035418455,0.007383156
104.351875,-0.037536208,0.03564507,0.006230399
104.36839,-0.035015356,0.035287462,0.0068232515
104.38497,-0.032016005,0.034671113,0.0075502293
104.40161,-0.030923402,0.034226466,0.006350605
104.41833,-0.028694397,0.033966634,0.0070291217
104.43526,-0.025598228,0.033647943,0.0076853847
104.45186,-0.024045981,0.033784643,0.006428872
104.46839,-0.021079825,0.033333156,0.007122108
104.48537,-0.018410452,0.03305257,0.007824889
104.501816,-0.017223751,0.032648493,0.006583268
104.51845,-0.014255079,0.03205691,0.007278174
104.53515,-0.011001822,0.031610094,0.007826339
104.55168,-0.0083489735,0.031066062,0.008618007
104.56831,-0.0056394124,0.030374492,0.009383254
104.58497,-0.005591768,0.030383218,0.006247837
104.601746,-0.0029950866,0.029646643,0.0068841125
104.61836,-0.0010195608,0.029476942,0.0075365934
104.63511,0.0011755626,0.028973991,0.008353695
104.6517,0.0026999814,0.028783292,0.009072045
104.66861,0.0040314803,0.029315123,0.009733661
104.68508,0.0046013347,0.02946958,0.008495796
104.70174,0.0060112397,0.029540258,0.009166257
104.718506,0.0071313046,0.029277531,0.009760509
104.73524,0.0077568954,0.029210076,0.008457369
104.751816,0.008763797,0.029296018,0.009024946
104.76872,0.009470146,0.02921837,0.009757867
104.78513,0.010170601,0.02909533,0.008299018
104.80169,0.010349719,0.029496867,0.00905887
104.8184,0.011334632,0.029880267,0.009687395
104.83534,0.0114380345,0.030285342,0.008310406
104.85253,0.011805568,0.030642778,0.008899443
104.86861,0.011716588,0.030887965,0.007362081
104.88556,0.012000984,0.031118648,0.00808468
104.90192,0.012051788,0.031825628,0.008555101
104.9185,0.012040594,0.032267224,0.009132223
104.93574,0.011623745,0.031912196,0.0077759996
104.952065,0.01158549,0.03196231,0.00819399
104.96943,0.011616698,0.032558553,0.006857904
104.98544,0.011334271,0.032723796,0.0072984644
105.00196,0.010421745,0.033045795,0.007960959
105.0186,0.010021249,0.032981526,0.0065828394
105.03539,0.009607297,0.033374604,0.0071563427
105.05204,0.008389795,0.034201372,0.0077803987
105.0693,0.0073765027,0.034676813,0.008397637
105.08512,0.0067201336,0.034500662,0.0068008145
105.10203,0.005407599,0.03533282,0.007589023
105.118904,0.003957704,0.036000106,0.008089156
105.13595,0.0031541341,0.03633085,0.0066444897
105.15226,0.0016634701,0.036848508,0.007141217
105.16878,0.00097143045,0.037365075,0.00575997
105.185524,-0.0009610322,0.03821137,0.006399184
105.20197,-0.0032466517,0.03915481,0.0069566187
105.21833,-0.0042706933,0.03917738,0.005497845
105.23545,-0.0060381293,0.040464964,0.006157345
105.252914,-0.008317619,0.04116184,0.0066628414
105.268715,-0.009425024,0.041946847,0.0050621997
105.28562,-0.0118856495,0.04303846,0.0057981377
105.30282,-0.013192187,0.0437122,0.00430705
105.31934,-0.015662156,0.044890422,0.004779448
105.335915,-0.018842513,0.04655044,0.0054720473
105.352425,-0.021611458,0.04781274,0.0061332
105.3688,-0.022492845,0.048521545,0.004595062
105.38541,-0.025120951,0.050054356,0.005327024
105.40211,-0.02804788,0.051714838,0.0058913273
105.41896,-0.029580465,0.052166607,0.004422603
105.43557,-0.031821776,0.052781783,0.0049468367
105.45226,-0.033799212,0.053480417,0.005488406
105.468956,-0.03457577,0.05424864,0.003858088
105.485634,-0.0362919,0.054615125,0.0043620095
105.50185,-0.036778454,0.05411244,0.0026995623
105.51887,-0.03700315,0.053518593,0.003357054
105.535446,-0.03738448,0.053249627,0.0037722702
105.55205,-0.03766165,0.0530197,0.0021959827
105.56848,-0.036704063,0.052004434,0.0027540908
105.58596,-0.035519473,0.050691567,0.0033598521
105.60208,-0.034928568,0.050359666,0.001581375
105.618576,-0.03380419,0.049048934,0.0022962592
105.63523,-0.032285545,0.047246765,0.0029842227
105.65215,-0.031252123,0.046167377,0.0013377669
105.66879,-0.02892224,0.043809175,0.0019471444
105.68536,-0.026607722,0.041685563,0.0026006852
105.701866,-0.025100123,0.04036684,0.0010122966
105.718544,-0.022019405,0.03727977,0.0017774946
105.73544,-0.01908357,0.03454167,0.0024900367
105.75166,-0.018032791,0.033121407,0.0009058648
105.76822,-0.01541773,0.030104894,0.0017375633
105.78516,-0.012493068,0.02719386,0.0025251752
105.802086,-0.009916101,0.024105405,0.0033180404
105.819115,-0.0074152565,0.021401895,0.0040089567
105.8354,-0.007371325,0.021417009,-0.00009310518
105.85208,-0.0044308645,0.0182344,0.00073166227
105.86858,-0.0013044409,0.015124442,0.0016210476
105.8856,0.0015740094,0.011527465,0.0024906641
105.90187,0.0040552495,0.008281653,0.0032005494
105.91888,0.004071788,0.008273738,-0.000775834
105.935585,0.0064519956,0.0051078326,-0.000049472375
105.95175,0.008736501,0.0023705515,0.0007539879
105.96866,0.010861195,-0.000015773674,0.0016084051
105.985085,0.012697293,-0.0022237366,0.0023016767
106.00163,0.0141916,-0.0038026855,0.0031498484
106.019104,0.015483939,-0.005602243,0.003944044
106.03506,0.015953528,-0.006218988,0.0020636232
106.05185,0.016800363,-0.007704955,0.0030449873
106.069115,0.017426228,-0.0089594405,0.003751407
106.08524,0.01777171,-0.0094601335,0.0018742216
106.10199,0.01847131,-0.010055666,0.002724893
106.11877,0.01896107,-0.010863966,0.0034118863
106.13517,0.018859504,-0.011492916,0.0016001725
106.15157,0.01889726,-0.0120442,0.002367952
106.168274,0.019301143,-0.01188531,0.00067015237
106.18514,0.019372335,-0.012289383,0.0013236159
106.20186,0.019100936,-0.012437246,0.0019752397
106.21836,0.019187741,-0.012418585,0.00012982161
106.23523,0.018910198,-0.012375255,0.0008583908
106.25167,0.01851677,-0.012188894,0.0014865266
106.26849,0.018160217,-0.012159509,-0.00026810443
106.28506,0.0174975,-0.011335304,0.00042182795
106.30183,0.016663054,-0.01036408,0.0011375026
106.31847,0.015749471,-0.0101417815,-0.00064636185
106.33518,0.014585421,-0.008544963,0.00007921616
106.35155,0.013103811,-0.00672018,0.0009124505
106.36802,0.0121918395,-0.006081615,-0.0008011596
106.384926,0.01032163,-0.0041497513,0.00010520302
106.40161,0.008336269,-0.001751183,0.0008796698
106.417946,0.007395934,-0.00003008711,-0.0009613345
106.434586,0.0051384727,0.0022735475,0.000028134096
106.451706,0.004288446,0.003607581,-0.0018901022
106.46879,0.001885544,0.0064551495,-0.0010122426
106.48538,-0.00025105683,0.00965339,-0.0003258549
106.502144,-0.0023692555,0.012780251,0.0005590942
106.51858,-0.0030554442,0.014027412,-0.0011450177
106.535225,-0.005213911,0.017785305,-0.00017786391
106.55272,-0.0077711768,0.021405008,0.0007879912
106.568924,-0.009044898,0.0229044,-0.0012293112
106.58569,-0.011363193,0.02674068,-0.00020373544
106.60165,-0.01214597,0.028504658,-0.0019209485
106.61794,-0.014285686,0.0324046,-0.0008584675
106.6351,-0.01675362,0.036317967,0.00029899675
106.65166,-0.017475795,0.037829474,-0.0016986219
106.66796,-0.019881822,0.04202901,-0.00060641125
106.68481,-0.022369172,0.045694005,0.0006320573
106.70161,-0.023244284,0.047780026,-0.0012696724
106.7187,-0.025338978,0.051391017,-0.00018968756
106.73539,-0.027134025,0.05559308,0.0006876508
106.751915,-0.028365783,0.057097983,-0.0010598319
106.76851,-0.030089345,0.060747944,-0.000033384975
106.78578,-0.031914506,0.0637688,0.001039067
106.801994,-0.032657266,0.06526555,-0.00090386387
106.81865,-0.033724755,0.06764944,0.00024926607
106.83535,-0.034529705,0.06958386,0.0013277871
106.851906,-0.034628615,0.07109319,-0.00045364967
106.86886,-0.035104644,0.07270174,0.0006098014
106.8856,-0.03570144,0.07430169,0.0016536043
106.9022,-0.035436343,0.075122565,-0.0001783888
106.918755,-0.03567043,0.07640718,0.0009827521
106.93543,-0.0355183,0.07692791,-0.0007440284
106.95199,-0.035227165,0.07766001,0.00038707044
106.96894,-0.034936626,0.07854306,0.0016254394
106.98534,-0.034678582,0.079229854,0.0027393934
107.00206,-0.03412563,0.079689465,0.003997146
107.01879,-0.03393434,0.07977132,-0.0008002061
107.03551,-0.033394594,0.080490045,0.00036125822
107.05208,-0.032805607,0.08051886,0.0015341707
107.06879,-0.031866144,0.080436006,0.0027273418
107.085686,-0.030709162,0.080235355,0.003860111
107.10235,-0.029478524,0.08012752,0.0049058856
107.11895,-0.02849224,0.07961506,0.0060089356
107.135635,-0.028299633,0.07968375,0.0011752198
107.152145,-0.02689185,0.07887706,0.0022613385
107.16892,-0.025715303,0.07831975,0.0034197068
107.18601,-0.024626648,0.07688223,0.004524803
107.20235,-0.023201289,0.075363964,0.0055302577
107.21904,-0.021828923,0.07389077,0.0066806646
107.23582,-0.020971848,0.07315099,0.0048001655
107.252075,-0.019753328,0.07137595,0.0058587543
107.26891,-0.01846685,0.06936143,0.007049887
107.28559,-0.017260902,0.06862211,0.0050549195
107.30219,-0.015751595,0.06655798,0.006083092
107.3187,-0.014390875,0.064595796,0.007136928
107.33542,-0.013838422,0.063534856,0.0052148844
107.35188,-0.01226035,0.06141545,0.0061858124
107.368576,-0.0107438555,0.059238292,0.007231736
107.38534,-0.00984565,0.058123328,0.0051568463
107.402115,-0.00843889,0.055684265,0.006106454
107.4187,-0.006695886,0.05330406,0.007030876
107.43524,-0.0060645123,0.05198075,0.0050215
107.45199,-0.0046043233,0.049479865,0.0060159685
107.468704,-0.0034556463,0.048642047,0.003909595
107.48544,-0.0019223597,0.046510976,0.0048532686
107.502075,-0.0005798442,0.044206757,0.005782671
107.5186,0.00066977675,0.042260095,0.006743226
107.53524,0.0011681034,0.04101792,0.004690196
107.55192,0.002853541,0.03920501,0.005617863
107.568634,0.0043949056,0.036874387,0.0065454515
107.585236,0.0051645753,0.035691485,0.004388708
107.601906,0.0056897854,0.03428527,0.002397321
107.61866,0.007000626,0.031956516,0.0032660912
107.63528,0.008547179,0.030015934,0.0043082642
107.65206,0.009900133,0.027220452,0.005283189
107.66853,0.010483181,0.026070753,0.0030587572
107.685394,0.011787656,0.023764469,0.0040390855
107.70206,0.013764371,0.020878315,0.0048067635
107.718414,0.014356011,0.01895354,0.0026624154
107.735435,0.016321462,0.01545632,0.0036693364
107.75196,0.01774894,0.0124277985,0.0044896365
107.76862,0.018940121,0.010815822,0.0023399317
107.785194,0.020951662,0.006711634,0.0032600376
107.80187,0.023008991,0.0027785592,0.0042224857
107.818504,0.02388824,0.0009968624,0.002039692
107.83524,0.025657212,-0.002877812,0.0029967655
107.85187,0.027470337,-0.007412074,0.0039674053
107.868546,0.028271317,-0.009479721,0.0018361293
107.885284,0.029529594,-0.012837505,0.0028772696
107.90206,0.03067426,-0.016536118,0.0038616473
107.91857,0.03110826,-0.018089687,0.0017064484
107.935265,0.03238422,-0.021792667,0.002754939
107.951965,0.033416886,-0.025016906,0.0038063424
107.968575,0.034008685,-0.026589034,0.0016225667
107.985344,0.0350343,-0.029988354,0.00268947
108.00224,0.035973545,-0.033840146,0.0037505766
108.018394,0.036457896,-0.035330992,0.0015465834
108.03504,0.03725376,-0.038193326,0.0028636593
108.05194,0.03739245,-0.04029955,0.0039625177
108.06843,0.037098892,-0.041762512,0.0017774304
108.0852,0.037615713,-0.04341436,0.0029835894
108.10157,0.037592936,-0.044101633,0.00082772673
108.118324,0.0376119,-0.044812668,0.0020622907
108.13515,0.037399776,-0.04511648,0.0031541362
108.15177,0.036964037,-0.04546273,0.0009001289
108.16847,0.036791626,-0.0457051,0.0019613758
108.18506,0.0365255,-0.044965535,0.0030629514
108.201836,0.036075275,-0.044660788,0.0007975008
108.21846,0.035235047,-0.04362856,0.0018768648
108.23483,0.03428684,-0.042432472,0.0029280297
108.251755,0.033820506,-0.041603807,0.0008008972
108.26858,0.03266374,-0.03868602,0.0016950284
108.28508,0.03164349,-0.03577851,0.0027037035
108.30187,0.030779928,-0.03443478,0.00045385718
108.31845,0.02967002,-0.030776173,0.0015603437
108.335236,0.028039541,-0.026553925,0.0026033057
108.351685,0.027405735,-0.024080751,0.00032902168
108.36853,0.026074078,-0.019766197,0.0014180989
108.3854,0.024610315,-0.014764819,0.002327251
108.40192,0.024401495,-0.011815012,0.000086503314
108.41871,0.023059942,-0.006546779,0.0011280425
108.4353,0.021553414,-0.0041003334,-0.0011258913
108.4519,0.020351794,0.0014622086,-0.000059546746
108.468834,0.018827904,0.008156226,0.0010686931
108.48555,0.01831233,0.011295504,-0.0012663759
108.501915,0.01692903,0.017219946,-0.00022992848
108.51873,0.015665412,0.023504937,0.0009280233
108.53527,0.0145553835,0.030453857,0.0019401623
108.552055,0.013397429,0.03743064,0.0030344853
108.56877,0.012457457,0.044148628,0.0040559727
108.58561,0.012583468,0.044112705,-0.0016560243
108.602264,0.011521843,0.050989155,-0.0007388434
108.61879,0.010303093,0.057633705,0.000108369095
108.63548,0.009116639,0.06387719,0.0010630236
108.65221,0.008280377,0.069198884,0.0019996613
108.66883,0.0073184096,0.0744253,0.0027892727
108.68569,0.0064725997,0.07703868,0.00037829246
108.70219,0.0056731314,0.08137628,0.0010938859
108.71951,0.0051283864,0.08503963,0.001846463
108.73571,0.005253493,0.08696223,-0.0008408384
108.7523,0.0046464955,0.09050081,0.000059162892
108.76913,0.004084962,0.09326144,0.0007908932
108.78566,0.0038078078,0.09435436,-0.0016839907
108.80269,0.0035372586,0.096497886,-0.0009266453
108.819214,0.0029975967,0.098570004,-0.000120751814
108.83531,0.0024565598,0.099086225,-0.0026497117
108.852196,0.002039601,0.10060724,-0.001608757
108.86907,0.0015161543,0.101427615,-0.0007039543
108.8858,0.001618166,0.10153964,-0.003464589
108.902466,0.0009924626,0.10185851,-0.0025719437
108.91936,0.00044107606,0.10046319,-0.0017609887
108.93552,0.00061598286,0.09987878,-0.0044631828
108.952095,-0.00008133403,0.09765247,-0.003382857
108.96829,-0.0000988447,0.09636869,-0.006021188
108.9852,-0.0007177993,0.09324802,-0.004937414
109.002,-0.0011389984,0.08915308,-0.004308397
109.01881,-0.0014026889,0.08586876,-0.0035652649
109.03538,-0.0014090246,0.08401709,-0.006119065
109.05192,-0.001824257,0.08019321,-0.0052807475
109.06914,-0.0025448652,0.075406544,-0.004310183
109.08539,-0.002309515,0.07292126,-0.007137064
109.1021,-0.0028914702,0.06893026,-0.0061064838
109.118706,-0.0030980804,0.06631354,-0.008671617
109.13535,-0.0037307434,0.06098837,-0.007823264
109.15201,-0.0042889006,0.05536171,-0.00689448
109.168846,-0.004165242,0.052981976,-0.00948984
109.18532,-0.004655388,0.04776163,-0.008598929
109.20201,-0.0056376844,0.042238947,-0.0076293256
109.21862,-0.00612877,0.03965328,-0.010229564
109.235214,-0.006931168,0.034545742,-0.009324052
109.25195,-0.007369065,0.02968805,-0.008397355
109.2686,-0.008167992,0.027704535,-0.010919123
109.285225,-0.00886412,0.023483777,-0.01003053
109.30201,-0.009184579,0.020020116,-0.009084192
109.31882,-0.008857217,0.018363956,-0.011641857
109.3354,-0.009320332,0.0147476215,-0.010694536
109.35218,-0.009361875,0.011681694,-0.009708641
109.36886,-0.008937241,0.010409607,-0.012316776
109.3853,-0.009092285,0.007667229,-0.011328235
109.40208,-0.009144237,0.0052708145,-0.010191332
109.41838,-0.0093498165,0.0039090384,-0.0128047485
109.43512,-0.008803427,0.0014998246,-0.011597662
109.45304,-0.008420715,-0.0006686693,-0.010548638
109.46838,-0.008330571,-0.001787588,-0.0135143325
109.48497,-0.008165861,-0.00383618,-0.011884026
109.502174,-0.0073574823,-0.005337658,-0.010709145
109.51871,-0.00673253,-0.006328935,-0.013362653
109.53514,-0.006085669,-0.0080717895,-0.012087041
109.552124,-0.0053324993,-0.009493065,-0.010749167
109.56826,-0.0046795537,-0.010143078,-0.013274013
109.58524,-0.0040806825,-0.011597919,-0.011787561
109.601685,-0.003369956,-0.011951027,-0.014319385
109.61824,-0.0026648364,-0.013042601,-0.012884969
109.63569,-0.0016857047,-0.01414969,-0.0115169445
109.65173,-0.0013748906,-0.01460072,-0.014164859
109.668396,-0.00028951498,-0.015612188,-0.012534359
109.68527,0.001036966,-0.015913662,-0.011055761
109.70195,0.0019371895,-0.015982063,-0.013483958
109.7184,0.0030135212,-0.016710753,-0.012014734
109.73518,0.0039450983,-0.016956326,-0.010345693
109.75205,0.0045934306,-0.016937077,-0.012730001
109.768616,0.0059850956,-0.01674266,-0.011212481
109.78509,0.0071397116,-0.017216897,-0.009558188
109.802345,0.0077955974,-0.017231291,-0.011768893
109.81901,0.00892546,-0.017035982,-0.010313707
109.83492,0.010416067,-0.016660383,-0.008583321
109.85195,0.011403219,-0.01655777,-0.010577839
109.868835,0.012657737,-0.016207658,-0.008938485
109.885895,0.014056806,-0.015260494,-0.0072101247
109.9029,0.014788621,-0.014843227,-0.0096832765
109.91872,0.016742298,-0.013627449,-0.0038764789
109.935875,0.018130448,-0.012603643,-0.001693889
109.95288,0.018088952,-0.012663148,-0.008264196
109.96866,0.01936482,-0.011827224,-0.006594046
109.986115,0.020512627,-0.01101351,-0.004451621
110.00226,0.021633135,-0.010387682,-0.0030005735
110.01854,0.023069939,-0.009791762,-0.0010292534
110.03556,0.023038961,-0.00986399,-0.007300718
110.052086,0.024293566,-0.008940021,-0.0056509427
110.068825,0.025617959,-0.008414079,-0.003836959
110.085205,0.026659507,-0.0075608855,-0.002114523
110.10207,0.027835667,-0.006338894,-0.00027892893
110.11894,0.029056825,-0.005922309,0.0013829281
110.135155,0.029806444,-0.0059063705,-0.0010892882
110.15173,0.030754218,-0.0047981557,0.0008527349
110.16936,0.032176226,-0.0033892572,0.0025731518
110.18536,0.032882873,-0.002403059,-0.0001502406
110.201805,0.0339859,-0.0015832987,0.0017292072
110.218895,0.03509218,-0.00029307805,0.00347922
110.235596,0.035610735,0.00048045712,0.0009410872
110.252304,0.03643743,0.002133646,0.0025751882
110.26977,0.03738774,0.0039382013,0.004251093
110.285965,0.038188454,0.0045328857,0.0014688071
110.30234,0.03945319,0.006583912,0.00328539
110.31899,0.040587507,0.008707622,0.005058539
110.33578,0.04070025,0.009649208,0.0025700286
110.352394,0.041799773,0.011564696,0.0041545806
110.3692,0.042809878,0.013228638,0.0057312273
110.385414,0.04350922,0.014384914,0.0031510436
110.40242,0.04441467,0.0163275,0.0048611816
110.41986,0.045278434,0.01808391,0.00624708
110.435585,0.045650482,0.018615132,0.0034127133
110.4526,0.04651323,0.020626448,0.0053108702
110.469025,0.047135368,0.022201901,0.006683067
110.48603,0.04747242,0.022932557,0.0042130924
110.50255,0.047958665,0.024454888,0.0055592977
110.51904,0.048615437,0.026242634,0.0071245558
110.53558,0.048947517,0.026822982,0.0045899767
110.55234,0.04924601,0.028023753,0.006122512
110.56969,0.049478833,0.028821118,0.0075566443
110.58556,0.049769726,0.029366085,0.00467469
110.60234,0.050336316,0.030625923,0.006429853
110.61866,0.05035943,0.030855484,0.0037791906
110.6356,0.050586596,0.031549133,0.0053434735
110.65211,0.050444886,0.032603044,0.0066788592
110.66886,0.05027566,0.033046134,0.004104327
110.68567,0.04980139,0.03396331,0.0054550045
110.70274,0.049655404,0.034635894,0.0068143983
110.71895,0.048944872,0.03473854,0.003915306
110.73572,0.048780665,0.035172753,0.005502365
110.752266,0.048232857,0.03490108,0.0068457406
110.76907,0.047993276,0.034612037,0.0040472117
110.78539,0.046467964,0.03406088,0.00538656
110.802185,0.044845678,0.033147193,0.0067148833
110.81878,0.044199448,0.032928478,0.004029007
110.83564,0.04251554,0.031660274,0.0052711493
110.85219,0.04092026,0.0310554,0.0064379117
110.86851,0.03997947,0.030946007,0.0038199434
110.8852,0.03818377,0.030188404,0.0051886
110.9017,0.037284028,0.029481439,0.0024927706
110.9186,0.035387382,0.028718047,0.0037343202
110.93532,0.033207845,0.028041035,0.004910126
110.952225,0.031271968,0.02701058,0.006032192
110.968925,0.03051208,0.026043596,0.0031296294
110.98563,0.028117962,0.024876574,0.004246202
111.00215,0.026969574,0.024448706,0.0014157542
111.01969,0.024864161,0.022935502,0.0026090816
111.03527,0.02282281,0.021267753,0.0033715926
111.05203,0.021604577,0.020545496,0.0009903704
111.06868,0.019475501,0.019115465,0.0020583146
111.08576,0.016929835,0.017814102,0.0032985697
111.101944,0.015930088,0.016718687,0.00012123952
111.11882,0.013596219,0.015294222,0.0015064696
111.1354,0.011167528,0.013526997,0.0024752945
111.15192,0.010204314,0.012780265,-0.00040555056
111.16861,0.0078083803,0.01071128,0.0007347641
111.18524,0.0049328418,0.008167236,0.0017089214
111.20207,0.003777365,0.007460008,-0.0011320336
111.219315,0.0015800525,0.005289944,-0.00022816504
111.23496,0.00013155468,0.004830323,-0.0033123659
111.25194,-0.0025132624,0.002971799,-0.0019928685
111.26863,-0.00460561,0.0011909239,-0.0011746691
111.28521,-0.0061624255,-0.000022657581,-0.0041303877
111.30191,-0.010265792,-0.002818076,0.0008999584
111.319374,-0.013081257,-0.0048391726,0.0019123727
111.33514,-0.013098843,-0.004791514,-0.005371996
111.351944,-0.015706401,-0.00645251,-0.0037873134
111.36851,-0.017762696,-0.008006941,-0.0028446172
111.38535,-0.01970911,-0.00925329,-0.0017620552
111.40184,-0.02118107,-0.010594958,-0.0007028171
111.418594,-0.022408662,-0.011881254,0.0004835891
111.43556,-0.022450324,-0.0118025,-0.0065413765
111.45192,-0.023196189,-0.012589906,-0.00563552
111.46852,-0.023988465,-0.012992565,-0.00044424643
111.485916,-0.023875212,-0.013404169,-0.0033324012
111.501915,-0.023927065,-0.01373387,-0.0026424583
111.518524,-0.023302518,-0.013832455,-0.001399389
111.53584,-0.023047788,-0.013584347,-0.004324977
111.55161,-0.022200758,-0.013731757,-0.0036179952
111.56823,-0.020477641,-0.013317651,-0.0022414434
111.58514,-0.019840382,-0.013219473,-0.005229585
111.60216,-0.017984936,-0.01287911,-0.004332372
111.61875,-0.016280025,-0.012734542,-0.0034187725
111.635345,-0.015570496,-0.012160844,-0.006389975
111.65196,-0.01356873,-0.011398299,-0.0053298157
111.66889,-0.011378597,-0.011138734,-0.0042461534
111.6855,-0.010598786,-0.01095826,-0.0072735366
111.702675,-0.008709204,-0.010758438,-0.0061716554
111.71903,-0.006329859,-0.010127597,-0.0051491535
111.73541,-0.0054870006,-0.0099465195,-0.008026785
111.75285,-0.0034934313,-0.009262319,-0.006641832
111.76864,-0.002464876,-0.009505696,-0.009958784
111.78567,0.00008952998,-0.008973575,-0.008309605
111.80203,0.002667321,-0.008518191,-0.0071321637
111.81893,0.0048122825,-0.008193472,-0.0056927376
111.83556,0.0060960758,-0.007918897,-0.008613223
111.85224,0.008669697,-0.0077473787,-0.0072207367
111.86894,0.010280049,-0.00734476,-0.010100984
111.88582,0.012969791,-0.007113466,-0.008719126
111.9023,0.015445187,-0.00728055,-0.007406794
111.91889,0.016809741,-0.007162376,-0.010124972
111.93564,0.019256221,-0.007297537,-0.008641225
111.95207,0.02170978,-0.0069492036,-0.0071375608
111.96882,0.022667607,-0.006966095,-0.009903252
111.98541,0.024572078,-0.0064993585,-0.008357311
112.00212,0.026766527,-0.0062452406,-0.0067280955
112.01901,0.028018255,-0.006725839,-0.0095873885
112.035706,0.029488325,-0.006230784,-0.008144422
112.052666,0.03106561,-0.0060383547,-0.006661514
112.069214,0.03195856,-0.005735287,-0.009609117
112.08579,0.033224683,-0.0062569906,-0.008068188
112.102295,0.034094922,-0.006484073,-0.006491503
112.11845,0.03430009,-0.006393272,-0.009223687
112.13481,0.035056394,-0.0063319104,-0.0075047654
112.151985,0.035944734,-0.0064642085,-0.0058039906
112.16851,0.036344785,-0.0068620145,-0.00888542
112.18546,0.036346395,-0.007125889,-0.0071598296
112.20277,0.036421224,-0.007272748,-0.005656756
112.218864,0.036547508,-0.00712424,-0.008690654
112.23574,0.03662463,-0.007171813,-0.006731173
112.253204,0.03660508,-0.007183646,-0.005178813
112.26889,0.03687355,-0.007572822,-0.008245364
112.28648,0.036513392,-0.007411459,-0.0061471765
112.30259,0.03604553,-0.0071402807,-0.009329937
112.31921,0.0357099,-0.007123775,-0.0073888944
112.33598,0.03541692,-0.007255246,-0.0057101976
112.352486,0.03498548,-0.0069053476,-0.0084184
112.369156,0.034125738,-0.006967088,-0.006594967
112.385796,0.033721607,-0.0067544957,-0.004823624
112.40248,0.033486575,-0.0068347557,-0.0075933533
112.41905,0.032581933,-0.0066687814,-0.005809649
112.43562,0.032079667,-0.006754257,-0.003969109
112.45234,0.031663667,-0.0065908968,-0.006626928
112.46884,0.031019343,-0.0064513767,-0.0047760336
112.48601,0.030056486,-0.006034105,-0.002793062
112.502235,0.029503334,-0.005904084,-0.0011527453
112.51948,0.029122893,-0.006055015,0.0009788574
112.53564,0.029099766,-0.006165564,-0.006614309
112.552414,0.028606707,-0.005720549,-0.0044907643
112.56896,0.027837202,-0.0056303893,-0.002676994
112.58564,0.027816694,-0.0055022603,-0.00071450643
112.60217,0.02801336,-0.005276474,0.0010773228
112.61934,0.02776711,-0.0051989523,0.0028476552
112.63597,0.027747111,-0.005304259,-0.0047406363
112.65234,0.027793469,-0.0048213424,-0.0029672377
112.66877,0.027965875,-0.0043651056,0.0034177739
112.68535,0.02814035,-0.004332392,0.00073888426
112.70191,0.028165922,-0.003917806,0.0024117508
112.718666,0.028862715,-0.0038271092,0.0040734857
112.735344,0.029291276,-0.0036025213,0.0012087631
112.75205,0.030215496,-0.003534914,0.002735194
112.76912,0.030626673,-0.0032874611,0.0043098605
112.78517,0.030661399,-0.003750947,0.0011516742
112.80181,0.031372536,-0.0036584951,0.0030053307
112.818855,0.031713266,-0.0036721115,0.0045888196
112.83553,0.03200558,-0.0034546102,0.0014299154
112.85207,0.03241529,-0.003448176,0.002925119
112.86884,0.032835487,-0.0032430561,0.004448067
112.88608,0.033366695,-0.0032324693,0.0014459589
112.90201,0.033811886,-0.0030928182,0.0026850724
112.91844,0.033823866,-0.0035889817,-0.000019431973
112.93551,0.034117896,-0.0036845298,0.0015199836
112.95197,0.034390416,-0.0035295074,0.0027752863
112.968704,0.034372877,-0.0032202485,-0.00019849275
112.985115,0.034719743,-0.0033590724,0.0011743868
113.0021,0.0343748,-0.0035154594,0.0026873061
113.01872,0.03450465,-0.003973415,-0.00052424835
113.03529,0.03464357,-0.0041622496,0.00088768237
113.05181,0.03430981,-0.0043739723,0.0022897054
113.06926,0.034442164,-0.0047114985,-0.00065305847
113.08558,0.034205478,-0.0048207236,0.0003153821
113.10188,0.034008723,-0.0050177155,0.0018421066
113.11842,0.033903312,-0.00556145,-0.0010295422
113.13518,0.033504773,-0.00613282,0.00036014768
113.15211,0.03336478,-0.006588731,0.0016968416
113.1684,0.033101078,-0.0065518115,-0.0015252256
113.18516,0.032915827,-0.0070724986,-0.000031472893
113.20199,0.032217167,-0.0076273954,0.001192437
113.218414,0.031640925,-0.007854744,-0.001973177
113.23528,0.03073155,-0.008142543,-0.00053419656
113.25255,0.030225383,-0.008340688,-0.0037460872
113.2686,0.028724406,-0.008937521,-0.0027018506
113.2859,0.027346,-0.008877621,-0.0010333345
113.30255,0.026810136,-0.00901462,-0.0044598975
113.31862,0.025167186,-0.008945376,-0.00308229
113.33531,0.023001846,-0.009180021,-0.0014075282
113.351746,0.021933729,-0.009349377,-0.0045137946
113.36859,0.020122353,-0.009254686,-0.00297852
113.385155,0.018255664,-0.009165205,-0.0016473045
113.40313,0.015802914,-0.009014423,-0.00023317443
113.41865,0.014994608,-0.009366414,-0.0038348865
113.43576,0.0129839,-0.009318176,-0.0019089647
113.45184,0.0121570565,-0.009148634,-0.005118436
113.46891,0.010463802,-0.009076172,-0.0034173548
113.48619,0.009101315,-0.009282566,-0.0021954
113.50198,0.008458825,-0.0097938925,-0.005468443
113.51854,0.007249986,-0.009703539,-0.0036239496
113.535576,0.0063291937,-0.009874225,-0.0021088528
113.55289,0.0058736545,-0.010101592,-0.0053272466
113.569214,0.004969173,-0.010625827,-0.0041550677
113.58596,0.0043816883,-0.010958689,-0.0025292577
113.60231,0.0044005155,-0.010858716,-0.005695952
113.6193,0.003945284,-0.0111797,-0.004113942
113.63571,0.003252126,-0.01153911,-0.002856889
113.65235,0.0029320905,-0.011594861,-0.0058050267
113.66926,0.0023137245,-0.011848227,-0.004370585
113.686485,0.0014896541,-0.012010922,-0.0029764546
113.702286,0.00086552463,-0.012396986,-0.0063038883
113.71866,-0.00056064717,-0.012558062,-0.004434997
113.73623,-0.0013079398,-0.013016681,-0.0028613661
113.75218,-0.0014391871,-0.013107879,-0.0063227424
113.76915,-0.0024372456,-0.013359238,-0.004527677
113.78602,-0.0042334246,-0.013576426,0.0014938045
113.80228,-0.0042858524,-0.013560018,-0.0062320153
113.81903,-0.0045200596,-0.013982047,-0.0044930815
113.835594,-0.005668397,-0.0143815745,-0.0028843468
113.85205,-0.0074042226,-0.01423564,-0.0013674794
113.86902,-0.008345156,-0.014382453,0.00035983673
113.88624,-0.008401207,-0.01435006,-0.007426261
113.90285,-0.009615366,-0.013611036,-0.006040986
113.91912,-0.011252793,-0.013400174,-0.004415772
113.93563,-0.012319698,-0.0134400455,-0.0025614384
113.95254,-0.013350294,-0.013346335,-0.0008931908
113.96861,-0.014396201,-0.013583687,0.00061208766
113.98624,-0.014882446,-0.013210582,-0.0021454985
114.00302,-0.015787045,-0.01303376,-0.000945351
114.01948,-0.01654761,-0.012941958,0.00048935827
114.03564,-0.016657181,-0.012857178,-0.002307663
114.052345,-0.017156856,-0.012966904,-0.00060976844
114.0689,-0.01743253,-0.013500368,0.001047517
114.0854,-0.017840795,-0.013227033,-0.0019432078
114.10243,-0.017578948,-0.013267257,-0.00025654177
114.119125,-0.016828801,-0.0132599175,0.0013134592
114.13592,-0.016698854,-0.013738592,-0.00182392
114.1525,-0.015964761,-0.01414403,-0.00019127337
114.16962,-0.014934423,-0.014695991,0.0015256227
114.186,-0.014822685,-0.015256809,-0.0018265563
114.20215,-0.014058659,-0.015991004,0.000007689219
114.219124,-0.013161345,-0.016816977,0.0018210193
114.23574,-0.012050374,-0.017012646,-0.0013491018
114.252144,-0.01100603,-0.018294627,0.00027186226
114.26869,-0.010423568,-0.018925454,-0.002654631
114.285385,-0.009155537,-0.019729178,-0.0009860677
114.30244,-0.008076413,-0.020942958,0.00059820514
114.31911,-0.00663116,-0.022228027,0.0020592841
114.33541,-0.0061369045,-0.023124125,-0.0009845188
114.352165,-0.004346095,-0.024696125,0.0008124381
114.36883,-0.003497654,-0.02539892,-0.002283979
114.38531,-0.002112457,-0.026904013,-0.00070925953
114.402374,-0.00064325676,-0.027706837,0.00097420614
114.41913,-0.00013170605,-0.028269593,-0.00229312
114.435486,0.0012619277,-0.029457884,-0.000705212
114.45223,0.002775406,-0.030577848,0.0010410328
114.46896,0.0037698294,-0.03072708,-0.0019935707
114.485435,0.0047821375,-0.031618856,-0.0004396022
114.501945,0.0060304124,-0.03217248,0.0012546693
114.5187,0.0061551114,-0.032671496,-0.001657504
114.53538,0.007060139,-0.032854833,-0.00013030136
114.55234,0.008002105,-0.033748817,0.0015357921
114.56874,0.008233151,-0.033900693,-0.0016571449
114.58542,0.008690473,-0.03403729,0.00015372763
114.60222,0.009325769,-0.03397287,0.0017977209
114.61887,0.009694607,-0.03372403,-0.0012717225
114.635574,0.009984775,-0.03357826,0.0003129984
114.652016,0.009708946,-0.03300907,0.0019740977
114.669044,0.00930686,-0.032253392,-0.0010130237
114.68522,0.009168771,-0.031218797,0.0004731007
114.70256,0.00891527,-0.029960077,0.0023963922
114.71875,0.008375878,-0.029213613,-0.00093606504
114.7353,0.008299074,-0.027977226,0.000980405
114.75211,0.008519774,-0.027099648,0.0028471572
114.76869,0.008443412,-0.026415603,-0.00037593732
114.785164,0.008314787,-0.025366373,0.0014085575
114.80255,0.008346038,-0.024399031,0.0031490861
114.81872,0.008674407,-0.024101047,-0.0002868861
114.83512,0.008822334,-0.023386404,0.0016302184
114.85183,0.008412682,-0.02342416,-0.0013602683
114.86891,0.008853097,-0.023104556,0.00026352055
114.88539,0.009722884,-0.022967115,0.0016491299
114.90232,0.010022176,-0.022747856,-0.0013380316
114.91879,0.010487272,-0.02294198,0.00012481437
114.93523,0.0112905195,-0.023041563,0.0018912305
114.952385,0.011662713,-0.022913525,-0.0011868101
114.968605,0.012649176,-0.02385075,0.00018549435
114.98575,0.013391235,-0.024178917,0.001940262
115.002365,0.013677587,-0.024288764,-0.0014652496
115.018654,0.014085243,-0.024437135,0.00005948755
115.0354,0.014453341,-0.025278455,0.0017135066
115.05205,0.014953671,-0.025715902,-0.0014951695
115.06885,0.015444585,-0.025937464,-0.000066759945
115.08658,0.015769357,-0.026179247,0.0012800293
115.10256,0.015874755,-0.026639748,-0.0024165418
115.119125,0.016162556,-0.026999736,-0.00068265083
115.13635,0.016383294,-0.027189039,0.00069263735
115.15242,0.01658297,-0.027110966,-0.0027190014
115.16915,0.017018948,-0.0275579,0.0034181746
115.18576,0.016910689,-0.027624397,-0.0044262432
115.20236,0.016389146,-0.027909236,-0.0030842812
115.21927,0.01615387,-0.0278852,-0.001723899
115.23609,0.01634731,-0.027958928,-0.0005256465
115.25229,0.016413333,-0.028247183,0.0006349068
115.26872,0.0160338,-0.028273571,0.0020483509
115.28628,0.015924688,-0.02833526,-0.0056635863
115.30232,0.016073156,-0.028488874,-0.0048908805
115.31927,0.01608324,-0.028654527,-0.003327624
115.33602,0.015864855,-0.02878787,-0.0023077095
115.35235,0.015646791,-0.028962974,-0.0012324686
115.36873,0.015030602,-0.029378463,0.00013429474
115.385796,0.014548204,-0.029867513,-0.003131745
115.40245,0.014361453,-0.030560553,-0.0021457423
115.41922,0.013568776,-0.03056688,-0.00093801384
115.435646,0.012984916,-0.031095153,-0.004379648
115.45233,0.01256723,-0.031662006,-0.0031496666
115.46895,0.012060381,-0.031867586,-0.0064574815
115.48538,0.011261856,-0.031976853,-0.0053452165
115.50228,0.010617137,-0.032088567,-0.004103579
115.5188,0.00925442,-0.032080416,-0.0028748172
115.53549,0.009074674,-0.03168738,-0.0062823943
115.552444,0.007900302,-0.031562656,-0.0049313465
115.56865,0.0068236343,-0.030949626,-0.0038480868
115.58568,0.006154043,-0.030869363,-0.0069353967
115.60239,0.005075705,-0.030693594,-0.005793562
115.61918,0.0040523945,-0.030544918,-0.0045062187
115.63591,0.0034189024,-0.030356603,-0.0077724787
115.65247,0.0021927464,-0.030013455,-0.0064069545
115.66877,0.0008625687,-0.030211737,-0.004938558
115.68562,0.00016624498,-0.03011349,-0.007930926
115.70222,-0.0011227753,-0.029794304,-0.0065398044
115.71902,-0.0016397262,-0.029780436,-0.009654431
115.73592,-0.0025733225,-0.029412465,-0.008173732
115.752396,-0.0034720202,-0.029228594,-0.0067134234
115.76897,-0.0043939184,-0.02890921,-0.009778077
115.78567,-0.00542551,-0.028272118,-0.00810338
115.8022,-0.0064895675,-0.027725512,-0.006482361
115.81874,-0.0067953686,-0.027691832,-0.009499151
115.83559,-0.0078000603,-0.027201083,-0.0077873687
115.85233,-0.008681259,-0.026376344,-0.006173356
115.86897,-0.0095734615,-0.025972072,-0.009303558
115.88528,-0.01036856,-0.025244767,-0.007568941
115.90212,-0.011170767,-0.02406182,-0.0056570293
115.918945,-0.0116471285,-0.023085572,-0.008786636
115.935486,-0.012715151,-0.021714104,-0.007069925
115.95225,-0.0135905845,-0.02048506,-0.0051332605
115.96886,-0.01409687,-0.019736124,-0.008215082
115.98534,-0.014974447,-0.01854361,-0.0062721292
116.00284,-0.015670257,-0.017743492,-0.0042886394
116.018974,-0.016270662,-0.017637756,-0.007669756
116.035835,-0.017327657,-0.016390126,-0.0055223713
116.05268,-0.018007794,-0.015270132,-0.0037117025
116.06891,-0.018306557,-0.015035762,-0.0067319134
116.08541,-0.019118493,-0.014380306,-0.004642175
116.102264,-0.020496268,-0.013486259,-0.0026218377
116.11889,-0.02096342,-0.012839325,-0.0056713256
116.135475,-0.021338921,-0.012083529,-0.0037512928
116.15221,-0.02158304,-0.011271978,-0.0017845462
116.16877,-0.021982139,-0.010759105,-0.0047891955
116.185425,-0.022307772,-0.0098625645,-0.0028250904
116.20211,-0.022573445,-0.009483992,-0.0058095343
116.21878,-0.02320645,-0.009166213,-0.003888714
116.23542,-0.023404349,-0.008765235,-0.0019621283
116.25198,-0.023426296,-0.008547164,-0.004950796
116.26869,-0.023711018,-0.007959691,-0.0030014678
116.28542,-0.024133936,-0.0071277367,-0.0012225558
116.30206,-0.023995835,-0.0069598854,-0.0042312667
116.31895,-0.024066603,-0.0062672175,-0.0023856359
116.33549,-0.024057101,-0.0056513823,-0.0005786221
116.352455,-0.024116741,-0.0051346202,-0.003542449
116.3685,-0.024401637,-0.0047928886,-0.0017789762
116.38548,-0.024228718,-0.0045056287,0.0003623148
116.40225,-0.023966026,-0.004386854,-0.002805168
116.41891,-0.023804454,-0.004175,-0.0010123732
116.43532,-0.023660336,-0.004266268,0.000794187
116.451965,-0.023801327,-0.0042568706,-0.0021386032
116.468765,-0.023729809,-0.0043709646,-0.0003652644
116.4854,-0.023929263,-0.004511709,0.0012981362
116.5022,-0.02386468,-0.0048607057,-0.0017359374
116.51868,-0.023573216,-0.005455598,-0.00012907604
116.5352,-0.023355404,-0.005929527,0.0016496748
116.55231,-0.023026261,-0.006243091,-0.0013240603
116.5685,-0.022692198,-0.0066653723,0.00011226712
116.58529,-0.023192232,-0.00684277,-0.0027526938
116.602005,-0.022925204,-0.007787174,-0.001181728
116.61843,-0.022552665,-0.008571714,0.00042013117
116.635284,-0.022252707,-0.009373165,0.002135935
116.65177,-0.021791823,-0.010483179,0.0036395877
116.66841,-0.021504737,-0.011416364,0.0052446094
116.685585,-0.02154947,-0.011332208,-0.0025836672
116.702034,-0.021319361,-0.011768132,-0.0013362769
116.71847,-0.021256084,-0.012517619,0.00023672738
116.73504,-0.02107275,-0.013722135,0.0018627946
116.75189,-0.020871593,-0.014384255,0.0033163028
116.76855,-0.020646267,-0.014934186,0.0045405887
116.78521,-0.021132851,-0.015462119,0.0013895248
116.80191,-0.021142406,-0.016470423,0.002735035
116.81873,-0.021010187,-0.016934033,0.0040933713
116.835396,-0.021073416,-0.017108576,0.00075611455
116.852036,-0.021396842,-0.01820455,0.0020600974
116.86868,-0.021302216,-0.01943555,0.0033887678
116.885506,-0.021055775,-0.019656915,0.000053258387
116.90203,-0.021230603,-0.02059304,0.0012692153
116.91891,-0.021218576,-0.021865793,0.002601768
116.93519,-0.021260178,-0.022554453,-0.0007969723
116.952034,-0.021695666,-0.023625096,0.00066589925
116.96876,-0.021924317,-0.02472319,0.0018500204
116.985504,-0.022134665,-0.025231475,-0.0014570457
117.002045,-0.022474155,-0.026988117,-0.00018976092
117.01918,-0.022595659,-0.028332084,0.0011632472
117.03546,-0.023189096,-0.028818045,-0.0023293279
117.05204,-0.023663655,-0.030266345,-0.00084521365
117.06902,-0.024144562,-0.03184295,0.0004919523
117.085655,-0.02449275,-0.032966647,-0.0029322712
117.10221,-0.02491104,-0.034500357,-0.0015476048
117.11884,-0.025087586,-0.03545616,-0.004740755
117.13545,-0.02574039,-0.036864508,-0.0033755691
117.15195,-0.02623464,-0.038743164,-0.001988649
117.1685,-0.026843281,-0.039441034,-0.0051346635
117.18554,-0.027682185,-0.040646378,-0.0037045286
117.20209,-0.027973196,-0.0415917,-0.0024966039
117.21891,-0.028174944,-0.04213616,-0.005585188
117.235695,-0.028645346,-0.04326271,-0.004258895
117.25233,-0.028845971,-0.04422904,-0.002903436
117.269394,-0.029302496,-0.044295665,-0.006098488
117.28589,-0.029412774,-0.044891212,-0.0048440467
117.302704,-0.029576076,-0.045522165,-0.0033003476
117.31902,-0.029645508,-0.04569968,-0.006480826
117.335594,-0.029832684,-0.046046656,-0.004843919
117.35243,-0.029816823,-0.045757737,-0.0033304077
117.36909,-0.030463973,-0.045477662,-0.0065969243
117.38603,-0.030372394,-0.04508387,-0.005164268
117.40263,-0.030314723,-0.044605136,-0.00386833
117.41895,-0.030131854,-0.044331767,-0.00701767
117.43577,-0.029888911,-0.043754414,-0.0053869393
117.45266,-0.029523399,-0.04313903,-0.003982984
117.46915,-0.029428309,-0.042837646,-0.0072549307
117.486206,-0.029212253,-0.04207291,-0.0056863744
117.502525,-0.028668806,-0.04062999,-0.004427613
117.51914,-0.02866106,-0.04016444,-0.00740308
117.53551,-0.028295241,-0.03908402,-0.0059241424
117.552925,-0.027689332,-0.03781769,-0.004351426
117.56898,-0.027728707,-0.037074797,-0.0078275865
117.58579,-0.027887974,-0.03585945,-0.006110688
117.602615,-0.027765537,-0.034453783,-0.004739502
117.61965,-0.027933499,-0.033696324,-0.007949916
117.63567,-0.028075922,-0.032294,-0.0066543478
117.652054,-0.028041173,-0.03144074,-0.009470176
117.66949,-0.028385246,-0.02984901,-0.007831738
117.685616,-0.028409755,-0.02861363,-0.0066634244
117.702446,-0.028148301,-0.027929675,-0.009494927
117.71909,-0.02769576,-0.026557108,-0.007992503
117.73576,-0.027373476,-0.02513688,-0.0064000394
117.75235,-0.027703073,-0.024190385,-0.009465611
117.76916,-0.02749427,-0.022984212,-0.0078115202
117.78553,-0.027529465,-0.021641243,-0.006200301
117.80245,-0.027106307,-0.021124842,-0.009134776
117.81877,-0.02696943,-0.019985428,-0.007489981
117.83567,-0.026815513,-0.01890671,-0.0055806
117.85216,-0.026790636,-0.018272717,-0.008666597
117.86927,-0.026551727,-0.017097432,-0.006809833
117.88577,-0.026521552,-0.016042829,-0.0052768053
117.902306,-0.026877904,-0.015331265,-0.008169967
117.91862,-0.026903046,-0.014587974,-0.00630169
117.93603,-0.02684924,-0.013499087,-0.0044197026
117.952225,-0.026795648,-0.012870923,-0.00775775
117.96896,-0.027052639,-0.0116030155,-0.0058083995
117.985794,-0.026868567,-0.010483843,-0.004126823
118.00247,-0.02657209,-0.009258663,-0.002428748
118.018616,-0.026236584,-0.007860454,-0.0006579312
118.03576,-0.02626591,-0.007762361,-0.008133696
118.052605,-0.025770068,-0.006384783,-0.0066425246
118.06861,-0.025213683,-0.0049876305,-0.005014958
118.08533,-0.024538094,-0.003620638,-0.0030025062
118.10205,-0.0238971,-0.0019461736,-0.0013634227
118.11865,-0.022970103,-0.00038667786,0.00017381014
118.135574,-0.022971636,-0.00029854904,-0.0074992403
118.15219,-0.022358626,0.0012206434,-0.0060241628
118.16893,-0.021828482,0.0040276493,0.00018531541
118.18558,-0.021345915,0.005066892,-0.0028681005
118.20182,-0.020831853,0.0067478875,-0.0013379231
118.21875,-0.020449236,0.008079465,0.00047864005
118.23539,-0.019690529,0.009069467,-0.0027265968
118.25201,-0.018906936,0.010530599,-0.0011401381
118.268555,-0.01844374,0.011806726,0.00048513323
118.285286,-0.018065406,0.012446215,-0.002596386
118.3019,-0.017796466,0.013924287,-0.0010361221
118.318665,-0.017706119,0.015171754,0.0005464713
118.335304,-0.017374981,0.015192223,-0.0025451353
118.351974,-0.017676814,0.015970146,-0.0009466128
118.368744,-0.017897617,0.016684735,-0.0040053097
118.38515,-0.017888684,0.017359538,-0.0024317044
118.40189,-0.018318873,0.018160021,-0.00071122573
118.41856,-0.01878382,0.018320432,-0.003787854
118.43511,-0.01923652,0.018425845,-0.0021646784
118.45172,-0.019900465,0.0190746,-0.00047274114
118.46839,-0.02021401,0.01898562,-0.0034831015
118.48551,-0.02114987,0.018867584,-0.0018774897
118.50213,-0.022226553,0.018895619,-0.00049420254
118.51857,-0.022871383,0.019072436,-0.0034697398
118.53571,-0.023754999,0.019266704,-0.0018594423
118.55255,-0.024870953,0.019035805,-0.0005396847
118.56872,-0.025146302,0.018964635,-0.0036216294
118.58522,-0.02525792,0.018988712,-0.0018694446
118.60217,-0.025981292,0.01881823,-0.00021333441
118.61908,-0.026181243,0.019361727,-0.0034122937
118.6354,-0.026528561,0.019194813,-0.0019663258
118.6521,-0.026449287,0.019410342,-0.0048666624
118.668655,-0.026496388,0.019385602,-0.0032996312
118.68536,-0.026155142,0.019360723,-0.0016263837
118.702354,-0.026134687,0.019365342,-0.00016576893
118.71895,-0.026016071,0.019087171,-0.003216118
118.73582,-0.025414094,0.019270547,-0.0016945673
118.75244,-0.025105149,0.019082751,-0.00021327494
118.768776,-0.025118208,0.018971622,-0.0031867966
118.78536,-0.024429312,0.01886572,-0.0014705162
118.80248,-0.023821194,0.018610349,0.00024737034
118.81932,-0.022957172,0.018390637,-0.0030285171
118.83636,-0.022519868,0.01829581,-0.0014481519
118.85296,-0.0215304,0.018027946,0.000030459216
118.8693,-0.02087191,0.01802261,-0.0029337876
118.8858,-0.019707061,0.01782708,-0.0011310353
118.902405,-0.01865442,0.017558537,0.0005379426
118.91875,-0.018332073,0.017586421,-0.0023816319
118.93565,-0.01735258,0.017511588,-0.0006138848
118.95227,-0.016708467,0.017118525,0.0009423666
118.96901,-0.016220149,0.01653298,-0.0020224364
118.98568,-0.015885243,0.016153691,-0.00042755326
119.00221,-0.015477209,0.016060792,-0.0033893003
119.01951,-0.015083951,0.015480283,-0.0016888847
119.03606,-0.014714655,0.01496042,-0.0004247533
119.05202,-0.014765649,0.015009102,-0.0032664998
119.069405,-0.014428958,0.014282779,-0.0014233995
119.08594,-0.01431867,0.013586204,-0.00007784549
119.10256,-0.013998054,0.012785847,0.0016218221
119.11913,-0.013629537,0.012403784,-0.0013796336
119.136,-0.013527914,0.011536094,0.00026512647
119.15259,-0.01367573,0.010909418,-0.0028072798
119.16927,-0.01341613,0.009961511,-0.0011685155
119.18596,-0.013162009,0.009076279,0.00034165836
119.20241,-0.013524937,0.009074161,-0.0025644724
119.21888,-0.01374586,0.008203351,-0.0009133908
119.23556,-0.014181112,0.007265989,0.0007558596
119.252106,-0.014379871,0.0067780833,-0.0022009846
119.26902,-0.014954629,0.006287984,-0.000587417
119.28588,-0.01551736,0.00565214,0.00084376155
119.30238,-0.015852634,0.005376367,-0.0021846334
119.31954,-0.017068982,0.00475353,-0.0006174484
119.33556,-0.018452592,0.0041263653,0.0006894585
119.35234,-0.01889192,0.0040269163,-0.002028314
119.36911,-0.01962676,0.003466682,-0.000577882
119.38598,-0.020331055,0.0030109677,0.00091447425
119.40229,-0.021270806,0.0030542747,0.002366132
119.41912,-0.02219754,0.0027308443,0.004032835
119.43597,-0.022186965,0.002814204,-0.0034810954
119.45322,-0.023135513,0.0024994032,-0.0020336206
119.469,-0.02361191,0.0019033353,-0.0007900173
119.48553,-0.024167689,0.0016128398,0.0009845737
119.502106,-0.024731444,0.0011566818,0.0025173926
119.51908,-0.024988035,0.00083887,0.0040210043
119.53556,-0.024896625,0.0010179068,0.00076111616
119.55225,-0.025327554,0.00088057626,0.002303963
119.56908,-0.024801044,0.0007960324,0.0036160776
119.58578,-0.024820276,0.00045833882,0.0005382459
119.60243,-0.02419234,0.00057674205,0.0018530523
119.618805,-0.023393748,0.0008777875,0.0031276783
119.63543,-0.023155915,0.0009271334,0.0003193671
119.65207,-0.022291724,0.001188017,0.0016161412
119.66887,-0.021670476,0.0012637669,0.0029037902
119.685425,-0.02175429,0.0014415366,-0.00013626002
119.703,-0.02077618,0.0016245799,0.0011899788
119.71928,-0.019781977,0.0015906382,0.0021177414
119.735435,-0.019606853,0.0017252007,-0.00074531505
119.752594,-0.019091984,0.0016784215,0.0008088998
119.76885,-0.018344007,0.0020447762,0.0018241064
119.78531,-0.017993206,0.0021047941,-0.0009681684
119.80227,-0.017321104,0.0022408299,0.00039351522
119.819305,-0.017076999,0.0027656206,0.0015553007
119.8356,-0.016861448,0.003070693,-0.00159023
119.85198,-0.016088104,0.003277301,-0.00017094867
119.868805,-0.015702609,0.0035199195,0.0011762001
119.88559,-0.01543714,0.0033830511,-0.0017889906
119.901886,-0.014508867,0.0038037412,-0.0005664367
119.918495,-0.0143261375,0.0034077414,-0.0033036924
119.935394,-0.013575999,0.0040780758,-0.0020165234
119.95206,-0.013700239,0.0042050583,-0.0006778904
119.96853,-0.013377938,0.004564922,-0.0037119058
119.98532,-0.013205801,0.004808788,-0.0022046142
120.00192,-0.012356942,0.004965216,-0.00088673085
120.01872,-0.011930544,0.0053578177,-0.003856613
120.03533,-0.011457159,0.00540428,-0.0025008165
120.05181,-0.010106545,0.005503429,-0.001141055
120.06878,-0.0097721405,0.005668987,-0.0039545363
120.08543,-0.008679716,0.0057038865,-0.0026439948
120.102356,-0.008103942,0.006205096,-0.0013373678
120.11938,-0.007909403,0.0061506834,-0.0042688954
120.136,-0.006730288,0.0066388045,-0.0031208352
120.15249,-0.0058934055,0.00672529,-0.0016192726
120.16899,-0.005182774,0.006902074,-0.0045076567
120.185616,-0.0040634056,0.006734708,-0.0030114525
120.20199,-0.0027689335,0.0068722693,-0.0014726329
120.21874,-0.0022515394,0.0072830073,-0.0042846752
120.23559,-0.0017990702,0.007549198,-0.0027331403
120.25337,-0.00043872852,0.007804974,-0.0013167566
120.26915,-0.00029345357,0.008045791,-0.004641169
120.28575,0.00018754746,0.0084484145,-0.0026755012
120.30248,0.00068280107,0.009038238,-0.0011947769
120.319,0.00059193186,0.009142405,-0.0038846775
120.335754,0.0015886655,0.009198818,-0.0023447168
120.35218,0.0014805825,0.009776671,-0.00079583225
120.36886,0.0013510135,0.010021804,-0.003401572
120.385765,0.00064612733,0.010507881,-0.0018010471
120.40239,0.0005768564,0.010767159,-0.004645342
120.41922,0.00008452452,0.01156057,-0.0029830073
120.436264,-0.00072873494,0.012417418,-0.0013753847
120.452194,-0.001326178,0.012839303,-0.0043333997
120.46929,-0.0028756151,0.013677572,-0.002397083
120.485695,-0.0043382286,0.014816141,-0.0009767398
120.50248,-0.0051947506,0.015193618,-0.0036579813
120.51924,-0.0068220026,0.01649719,-0.0021336991
120.53584,-0.008731863,0.018110072,-0.0005921271
120.552414,-0.00922596,0.018848868,-0.003391032
120.56915,-0.010991711,0.020356135,-0.0018334215
120.58586,-0.012412625,0.021829488,-0.0004050824
120.60271,-0.013658367,0.02228083,-0.0032104943
120.61922,-0.015412304,0.023376472,-0.0018410707
120.63594,-0.017093223,0.024814188,-0.00034518423
120.6519,-0.017780783,0.025479704,-0.0031574583
120.66979,-0.019488199,0.026599634,-0.0014525134
120.68586,-0.021147061,0.027820228,-0.00062486774
120.70216,-0.021544654,0.028927857,-0.0032060894
120.71912,-0.022957515,0.030142639,-0.0017179021
120.73638,-0.024517085,0.03132239,-0.0004920105
120.75311,-0.025482578,0.031715136,-0.003553572
120.769264,-0.027139677,0.033011284,-0.002244822
120.78665,-0.028017377,0.034172982,-0.00066863943
120.801834,-0.02865587,0.03503226,-0.0038061424
120.818954,-0.030954778,0.03705844,0.002323493
120.83601,-0.030821206,0.037169997,-0.004883312
120.85226,-0.031672273,0.037853315,-0.0037172167
120.868904,-0.032921832,0.038704857,-0.002184263
120.88589,-0.034538098,0.040186927,-0.00087980396
120.90239,-0.035414778,0.041081533,0.00022670405
120.91919,-0.036095306,0.041959696,0.0016761147
120.93578,-0.035947453,0.0420865,-0.0053603896
120.95213,-0.037101913,0.043057382,-0.0040170103
120.96916,-0.038354535,0.043846205,0.0015082686
120.98562,-0.03861166,0.04419972,-0.0014748868
121.00262,-0.039594185,0.044650964,-0.00008512836
121.01904,-0.03988506,0.045395587,0.001010039
121.03602,-0.03996309,0.0456488,0.0023887274
121.05293,-0.039661538,0.04617913,-0.00056960946
121.06864,-0.0401792,0.046831332,0.00057581085
121.08579,-0.040488347,0.047024846,-0.0018414239
121.102516,-0.040284805,0.04710288,-0.000809202
121.11925,-0.039579876,0.04750107,0.00039279892
121.13583,-0.03955145,0.047666516,-0.0024543707
121.15235,-0.03956738,0.048251756,-0.0012411686
121.168976,-0.03919665,0.0486329,0.00007749892
121.18539,-0.038449116,0.048349436,-0.0027781306
121.202286,-0.037950516,0.048536044,-0.0014158984
121.21946,-0.03756444,0.048406336,-0.0002711836
121.23571,-0.03722821,0.048301414,-0.0033049958
121.25231,-0.036563464,0.047694042,-0.0018725797
121.2687,-0.03556541,0.0473723,-0.004672255
121.285545,-0.034534257,0.046517324,-0.003294449
121.30242,-0.03331491,0.045822125,-0.0021214278
121.31912,-0.032033913,0.044600107,-0.0009691124
121.33567,-0.03136668,0.043964714,-0.0037378606
121.3523,-0.029775694,0.042709783,-0.0024591992
121.368965,-0.028038207,0.04121434,-0.0012028281
121.385414,-0.026889827,0.04089881,-0.00391852
121.402,-0.025116965,0.03970775,-0.0025746783
121.41893,-0.024634697,0.038663987,-0.005239608
121.43545,-0.023013439,0.037478507,-0.0040219086
121.45212,-0.021862702,0.036343206,-0.0026148013
121.46881,-0.020939926,0.035644982,-0.0053332644
121.48548,-0.019520776,0.03475601,-0.0039562355
121.50209,-0.018181821,0.033355467,-0.002620034
121.51906,-0.017604994,0.03303131,-0.0052714488
121.53554,-0.016555134,0.03201088,-0.0040207356
121.55221,-0.015244737,0.030821899,-0.0025723618
121.568756,-0.014096637,0.030581795,-0.0052334913
121.58546,-0.01300469,0.029648745,-0.0037575187
121.60271,-0.012263818,0.028842987,-0.0023603037
121.61868,-0.011757176,0.028328681,-0.0052656974
121.63551,-0.010795235,0.027666532,-0.0035751788
121.65227,-0.009666454,0.02718025,-0.0022844132
121.66888,-0.009176162,0.026998827,-0.0049420767
121.68546,-0.0082930215,0.026360096,-0.0034949163
121.70197,-0.0074502863,0.02576344,-0.00208288
121.718735,-0.006776166,0.025656123,-0.0045951507
121.73543,-0.0057156184,0.02562568,-0.0032121022
121.75222,-0.004947399,0.025794914,-0.0017500496
121.76873,-0.004326239,0.02565094,-0.004375515
121.78529,-0.0034370527,0.025655003,-0.002805295
121.80231,-0.0025479791,0.025910806,-0.0012411806
121.81878,-0.002003035,0.026083859,-0.0039476757
121.83534,-0.001491687,0.026109109,-0.0063344734
121.85179,-0.00060936733,0.026047127,-0.004767639
121.86853,-0.000053886786,0.026067507,-0.0031566245
121.885544,0.000106517335,0.026373396,-0.0015426034
121.90202,0.0005354635,0.02630145,-0.004289014
121.91884,0.00085899973,0.02675039,-0.0025961788
121.93559,0.001312084,0.026475148,-0.0052515417
121.95218,0.0015877151,0.02720374,-0.0036934516
121.96884,0.0020039175,0.027531384,-0.0020904557
121.98548,0.0023876643,0.027629394,-0.0006087075
122.002365,0.0025569373,0.02764523,-0.0030587616
122.019035,0.002946429,0.027903851,-0.0016287412
122.035225,0.0030184577,0.028164817,-0.00015229384
122.052444,0.0035982213,0.028661856,-0.0024410815
122.06902,0.0043060435,0.028951993,-0.0011744845
122.08572,0.0044798814,0.029370388,0.0004272622
122.10223,0.0043720407,0.029218076,-0.0020915112
122.11896,0.004800196,0.029397756,-0.0004759634
122.135544,0.005356348,0.03006289,0.0010473777
122.151794,0.00567021,0.030065244,-0.0013783496
122.16915,0.005773295,0.030636339,0.00034887856
122.18628,0.0057148,0.03099622,0.0016418734
122.20226,0.0061522615,0.031286977,-0.0010308102
122.2189,0.0065141316,0.031641856,0.0007968579
122.23552,0.0061530066,0.03171273,-0.0016219144
122.252205,0.0059739,0.032470245,-0.00004995089
122.268585,0.0059647486,0.033178404,0.0015257369
122.28565,0.0062989523,0.034140572,0.003210302
122.30226,0.0066025243,0.034827657,0.0046328357
122.31895,0.0066348882,0.035694327,0.0062059658
122.33555,0.0067494297,0.035672862,-0.00021298046
122.35243,0.0067145107,0.036762305,0.0014061035
122.36898,0.006358031,0.037900634,0.0029429062
122.38568,0.006143054,0.03919698,0.0045842757
122.402275,0.006238393,0.04051063,0.00613199
122.41919,0.0060679633,0.041841377,0.0077049453
122.43589,0.0055822944,0.04236649,0.0051842406
122.45272,0.005459618,0.043840714,0.006635422
122.46894,0.005680406,0.04531853,0.008028265
122.48591,0.0059174257,0.04582896,0.0057441066
122.50278,0.0057900837,0.04690566,0.007122142
122.51925,0.0056145703,0.048167255,0.008501583
122.5359,0.0056153513,0.0492731,0.006143335
122.55245,0.005397606,0.050831147,0.0075827194
122.56927,0.0057467935,0.052532416,0.008981676
122.58578,0.0052120285,0.053578194,0.0065553226
122.60244,0.0048321052,0.055974673,0.007875691
122.619835,0.0046887267,0.058180746,0.0091366
122.6361,0.0051090247,0.05890458,0.0063513587
122.65219,0.0050135693,0.060774565,0.007681335
122.66902,0.004566081,0.062698826,0.009138884
122.68573,0.0044427738,0.06324851,0.0065304465
122.702385,0.0044688913,0.06459181,0.00767775
122.71887,0.0050540105,0.06574466,0.008798636
122.735756,0.0052500814,0.06630828,0.006304918
122.75234,0.005431482,0.06744922,0.0073108748
122.76905,0.005692591,0.06786121,0.0047698016
122.785774,0.005753985,0.067977086,0.0058380617
122.802414,0.0060290894,0.0681489,0.0068872836
122.81903,0.006267369,0.068204306,0.007926086
122.83569,0.0068802875,0.068168215,0.005436196
122.852234,0.007522949,0.06781326,0.0064898874
122.86891,0.007299272,0.0680479,0.004069801
122.88567,0.0077047506,0.06804411,0.005122742
122.90225,0.007877538,0.06828023,0.006087021
122.91885,0.008496403,0.06815155,0.003660399
122.93559,0.008591314,0.067733206,0.00461738
122.95225,0.008836642,0.06766967,0.005666736
122.969215,0.009266546,0.06704342,0.0030926631
122.98567,0.009630388,0.0659904,0.0040065893
123.00241,0.009837657,0.065241806,0.0051342826
123.01891,0.0098106805,0.06470653,0.002557021
123.03597,0.010350775,0.06354376,0.0036657595
123.0523,0.010614844,0.062054846,0.0045564887
123.068886,0.011469787,0.061504163,0.002167393
123.08563,0.011859846,0.0599858,0.0032275429
123.10272,0.0121880965,0.05858218,0.0043390933
123.118866,0.012001354,0.057611026,0.0016282809
123.135635,0.012245173,0.05597253,0.0029475745
123.1524,0.012400539,0.05399126,0.003990501
123.168976,0.012765714,0.053263184,0.0014738684
123.18574,0.0133205205,0.051186908,0.0025810138
123.20228,0.0138563495,0.04892935,0.0035835288
123.218864,0.0143491635,0.048098497,0.0011801601
123.23542,0.014756724,0.045794025,0.00226632
123.25234,0.015036667,0.0435647,0.0033773852
123.26904,0.015184002,0.042709544,0.0008713098
123.28539,0.015572119,0.040270492,0.0019199998
123.30297,0.015823511,0.037907604,0.0031129373
123.319,0.015939796,0.03659259,0.00034550027
123.335526,0.015995173,0.033977102,0.0016710627
123.35217,0.016121596,0.032773156,-0.00067558966
123.36878,0.016302727,0.03028425,0.0004265182
123.38545,0.016587613,0.027800972,0.0015409956
123.402435,0.016685313,0.02632224,-0.00084745255
123.41888,0.01671423,0.023746444,0.00016324036
123.43584,0.016801476,0.021145592,0.0013370672
123.45239,0.016985646,0.019737974,-0.0011841352
123.468735,0.017085394,0.017161341,-0.000026117417
123.48563,0.017223088,0.0149998795,0.0012319882
123.5022,0.01657688,0.013903939,-0.0012462853
123.51873,0.016685799,0.011517702,-0.00008370123
123.53531,0.016883994,0.009182928,0.0010872876
123.55209,0.016960664,0.008490199,-0.0012281027
123.56907,0.017123556,0.0067412765,-0.00016995768
123.58572,0.017379366,0.004647267,0.0007781047
123.602005,0.017602216,0.003950611,-0.0014627365
123.618645,0.017835982,0.0022875904,-0.00025668694
123.63545,0.018518796,0.0011610278,0.0009597457
123.65209,0.018433116,0.00014695096,-0.001370674
123.66866,0.018432358,-0.0010750953,-0.00018047956
123.68542,0.018724732,-0.0016459709,0.0011442138
123.7019,0.019082539,-0.002935559,0.0023595584
123.71847,0.019074334,-0.0029895678,-0.003299143
123.73569,0.01955849,-0.0039582313,-0.0020503777
123.75224,0.019817721,-0.0041657058,-0.0009827816
123.76887,0.020037333,-0.0047833,0.0003412637
123.78586,0.020108698,-0.0054575005,0.0015989738
123.8024,0.020515654,-0.0052952333,0.0027270645
123.81904,0.020704988,-0.0052714255,0.0040202104
123.835815,0.021003487,-0.0055200234,0.0017913448
123.85291,0.021580348,-0.005119005,0.0030259974
123.86922,0.022159483,-0.0040771794,0.004145554
123.88588,0.022251742,-0.0037618943,0.0020848606
123.90255,0.022495082,-0.003079901,0.0033296323
123.91939,0.022760553,-0.0022060925,0.0045325505
123.935905,0.023122972,-0.0014443152,0.0022867853
123.95291,0.023836328,0.0005066,0.0035079182
123.96926,0.024041051,0.0019444382,0.004548638
123.98578,0.024079395,0.0026441747,0.0024411385
124.00315,0.024585877,0.0043049115,0.0036253047
124.01978,0.025283769,0.0061314963,0.004514142
124.03517,0.02553722,0.006735204,0.0023252047
124.0527,0.025850734,0.008787541,0.0038293048
124.06966,0.026270123,0.010492604,0.004598238
124.08583,0.026470944,0.011523681,0.0022959455
124.10264,0.026759354,0.013618162,0.0034754628
124.118935,0.027065678,0.015456314,0.004419448
124.13533,0.027583031,0.016117979,0.0022382122
124.15242,0.027888272,0.018186789,0.0033073095
124.16904,0.028434921,0.019864606,0.004119934
124.186485,0.028340315,0.020957503,0.0018928703
124.20279,0.02858198,0.02237201,0.0025300945
124.21934,0.028631747,0.023023145,0.00042765978
124.23622,0.028819516,0.024584893,0.001337075
124.25265,0.028723055,0.025917396,0.0021255563
124.26939,0.02878246,0.026955867,0.003103301
124.286,0.029488435,0.027367199,0.0007964924
124.30255,0.029226808,0.028508985,0.0017248917
124.31924,0.029095095,0.028965494,-0.0005285485
124.33593,0.028970568,0.029888518,0.00038009675
124.35225,0.028961642,0.030597648,0.0012614118
124.36918,0.02883291,0.031119673,-0.00080540834
124.38597,0.028717633,0.032003667,-0.000004560085
124.40318,0.028238637,0.032348968,0.0008465074
124.41893,0.028502744,0.03254904,-0.0015074573
124.43568,0.02836053,0.032844897,-0.0003248096
124.452385,0.028111506,0.033472937,0.0005904601
124.46943,0.027896482,0.033640962,-0.001655617
124.485954,0.027484681,0.03401953,-0.00085194095
124.50298,0.027149113,0.03427984,0.0001692604
124.51919,0.026573587,0.034615815,-0.0020933712
124.5357,0.026100615,0.03510507,-0.0009902285
124.55229,0.025866976,0.03561612,-6.855117e-7
124.569145,0.02625166,0.035635117,-0.0021113118
124.585976,0.025693601,0.035758413,-0.0011951086
124.60325,0.025266122,0.035903506,-0.00025608108
124.619225,0.025338972,0.03590469,-0.0026029977
124.635956,0.024951536,0.035847194,-0.0013633562
124.652466,0.024400696,0.03584465,-0.00035384216
124.66876,0.023922615,0.03629439,-0.0023437503
124.685814,0.023933591,0.03628195,-0.0012304516
124.70229,0.023889134,0.03629814,-0.0033503664
124.71891,0.023270223,0.035965532,-0.0022143987
124.73553,0.0228036,0.03600481,-0.0010317713
124.752174,0.023109697,0.03581713,-0.003026546
124.76888,0.023258738,0.035755932,-0.001824809
124.785576,0.022668388,0.035585392,-0.0005912021
124.80239,0.022947364,0.035337802,-0.0025754767
124.81906,0.022766886,0.03504712,-0.0013440024
124.83593,0.02250196,0.03468882,-0.000055615354
124.85231,0.022095522,0.034713876,-0.002007748
124.86892,0.022180589,0.034322686,-0.0006518814
124.886024,0.021897707,0.033822488,0.0006169193
124.90227,0.022039048,0.033808507,-0.0013736006
124.91904,0.021596426,0.033141915,-0.000017405659
124.93568,0.020965518,0.03245613,0.0012390241
124.952385,0.020880891,0.03163491,-0.00067819556
124.96898,0.020297568,0.030777084,0.00059393316
124.98543,0.0196351,0.029073939,0.0018587133
125.002396,0.019207368,0.028477324,0.000057282796
125.01893,0.018456608,0.027474713,0.0012509754
125.03573,0.017756304,0.026362507,0.0025586493
125.05213,0.017619563,0.025254592,0.00062315725
125.06895,0.016785989,0.023582727,0.0019476973
125.085556,0.016390149,0.0218327,0.003122276
125.10228,0.01563972,0.020523665,0.0043743965
125.11879,0.015130067,0.01903441,0.005596764
125.13548,0.015176285,0.018997584,0.0007363724
125.15199,0.014909721,0.017587896,0.0019834025
125.168755,0.014528581,0.016278608,0.003218211
125.185455,0.014380976,0.015191016,0.0043416703
125.20222,0.014154265,0.014073193,0.0054747276
125.21918,0.013919729,0.013019706,0.0065536643
125.23584,0.013951548,0.012985128,0.0016228015
125.252235,0.01408029,0.012155025,0.0056318073
125.2688,0.01444642,0.011080219,0.0067168726
125.28543,0.014437917,0.010687895,0.0048665274
125.30198,0.015123796,0.0099215,0.005834038
125.31882,0.015924681,0.010016303,0.0067866337
125.33553,0.01625108,0.009572113,0.0047972524
125.35218,0.017262064,0.009205486,0.005636547
125.36876,0.017640466,0.009090506,0.006480826
125.38553,0.0179604,0.008695712,0.004456435
125.40222,0.018936304,0.0086354995,0.00520698
125.4188,0.019799555,0.008398594,0.005917655
125.43548,0.019908337,0.008471567,0.0039244117
125.45245,0.02071729,0.008709633,0.0046242876
125.468864,0.021575388,0.008893485,0.0051837144
125.48552,0.02221394,0.008698159,0.0032032134
125.502205,0.023175582,0.008856016,0.0039022097
125.5189,0.024113804,0.009165866,0.0045185457
125.53553,0.024464797,0.009613243,0.0024900099
125.55218,0.025664316,0.009741295,0.003135678
125.56908,0.027050989,0.009672024,0.0037414345
125.58566,0.027790567,0.0100075975,0.0016894361
125.60244,0.028908761,0.010295348,0.0023414348
125.61882,0.02988715,0.010497111,0.0029710585
125.63562,0.030873287,0.010464719,0.001097497
125.652405,0.031976003,0.010746222,0.0017191914
125.66896,0.03265202,0.011058137,-0.00027985638
125.68551,0.03378852,0.011140461,0.00041677893
125.702194,0.03524758,0.011285431,0.0011123411
125.71903,0.03567376,0.0114365015,-0.00076155324
125.73573,0.03709756,0.01149461,-0.0001683348
125.75239,0.038616624,0.0120375985,0.000609381
125.76914,0.038833912,0.012010315,-0.0013268307
125.78613,0.040146478,0.012705832,-0.00059376867
125.80235,0.041340478,0.013214511,0.00009650755
125.819115,0.04160679,0.013177551,-0.0017013068
125.835915,0.042168595,0.013273487,-0.00088150124
125.8525,0.04276495,0.013610845,-0.00015820428
125.86901,0.043614045,0.013169573,-0.0019762479
125.885925,0.043997854,0.013130604,-0.0011353873
125.902435,0.044233397,0.01297466,-0.00044689575
125.91931,0.044276077,0.01276956,-0.0022362561
125.9352,0.044656247,0.012517336,-0.0015097476
125.953255,0.04479342,0.0120006455,-0.0004941087
125.9691,0.044591755,0.012038842,-0.0026402564
125.98595,0.044356335,0.011870258,-0.0016304414
126.00325,0.044490576,0.01165036,-0.00085229916
126.019226,0.04469715,0.01093042,-0.0027974262
126.03574,0.04443439,0.010427421,-0.00179319
126.052895,0.044016257,0.009769011,-0.0009963714
126.06914,0.043902066,0.009205978,-0.0029358207
126.08596,0.043590266,0.0083737755,-0.0020280385
126.10269,0.04300423,0.0075656646,-0.0013314423
126.11947,0.04257224,0.007520429,-0.0029943506
126.13595,0.042268462,0.0068272864,-0.0023376453
126.15254,0.041781735,0.006381619,-0.0015051919
126.16928,0.041725416,0.0055663344,-0.0032159213
126.18623,0.041202556,0.0050991187,-0.0024035599
126.20255,0.040675614,0.0047248155,-0.0015873198
126.21935,0.040387984,0.0044024917,-0.0032759623
126.23578,0.039883822,0.0038995878,-0.0024090228
126.25242,0.039379533,0.0034439384,-0.00406379
126.26899,0.038697027,0.0030846717,-0.0031818966
126.28568,0.038164012,0.0027810037,-0.0022373274
126.30233,0.03766477,0.002651596,-0.0039021878
126.31914,0.03694539,0.0022374946,-0.0030081926
126.335915,0.036126997,0.0016922224,-0.002222907
126.35252,0.03594029,0.0015150027,-0.0037911958
126.36915,0.03523976,0.0014680513,-0.0029183526
126.38577,0.034250535,0.0012047829,-0.0020859158
126.40283,0.034284018,0.0007142002,-0.0036471942
126.41907,0.03351155,0.00064861716,-0.0028967622
126.4357,0.032576427,0.0003408056,-0.0019360991
126.45246,0.032029554,0.00027614637,-0.003516767
126.46875,0.031636994,-0.00011096368,-0.0025430652
126.48578,0.03125059,-0.0001372667,-0.0015361933
126.5025,0.030969348,0.00033788438,-0.0031340874
126.51903,0.030943993,0.0006970821,-0.0022565534
126.535706,0.03146048,0.00072025426,-0.0037475044
126.55239,0.031527955,0.0011884077,-0.0028644248
126.568985,0.03151399,0.0014709313,-0.0019589295
126.58568,0.031460036,0.0018761585,-0.0009854793
126.60228,0.03161442,0.0023855688,-0.00009096106
126.618965,0.03160827,0.002351412,0.0007869892
126.63603,0.031613186,0.002289185,-0.0031514484
126.652336,0.03179637,0.00230059,-0.0023204647
126.668755,0.03213923,0.00284877,0.00097517075
126.68546,0.031975813,0.002990207,-0.00050379895
126.70239,0.03180328,0.0031261423,0.0003147879
126.719,0.03175435,0.0033612642,0.0010065205
126.73566,0.031865694,0.0034374997,-0.0004975386
126.7524,0.031878937,0.0037869422,0.0002450453
126.769325,0.031489246,0.0036248723,0.0008721722
126.78557,0.031750694,0.0036156937,-0.0007115314
126.80226,0.03205995,0.0037501114,0.000015617028
126.818924,0.031966377,0.003881997,0.00068160717
126.83558,0.031940814,0.003427207,-0.00092229614
126.85229,0.031856835,0.0036993192,-0.00027317888
126.868866,0.032224156,0.00340007,0.00034763015
126.88529,0.032378566,0.0034120725,-0.0012112783
126.90233,0.033042375,0.0034183974,-0.0005420063
126.918755,0.033443253,0.0029379858,-0.0022238311
126.93543,0.03339278,0.0029918214,-0.0015567025
126.952225,0.034023803,0.002788196,-0.000983948
126.9686,0.034124896,0.0028048581,-0.0025801074
126.98551,0.03442829,0.0022429372,-0.001916815
127.00205,0.034470413,0.002271265,-0.0013771757
127.019005,0.034375295,0.0022981293,-0.0007871154
127.03553,0.034367494,0.0023570103,-0.0023284059
127.052124,0.034310326,0.0021712277,-0.0017382747
127.06884,0.034276333,0.0022226844,-0.0031969917
127.085625,0.0342271,0.002010398,-0.002627675
127.102264,0.03434654,0.0019846216,-0.002049673
127.11901,0.03433305,0.0017550419,-0.0035126265
127.13546,0.03388449,0.0017142678,-0.0029041476
127.15221,0.03384424,0.0018146554,-0.0021922335
127.169426,0.03377335,0.0014581413,-0.0036859312
127.18563,0.033590913,0.0012921314,-0.0030923204
127.20218,0.033426676,0.001448527,-0.0044045327
127.21878,0.033366464,0.0016176938,-0.0036558092
127.23559,0.033236984,0.0015513586,-0.0029086196
127.25229,0.03340577,0.0012853176,-0.0022039313
127.268715,0.0335674,0.0008887467,-0.0036082424
127.28542,0.03339624,0.0007267496,-0.0027985794
127.30235,0.0337057,0.0007929831,-0.002017345
127.31907,0.033550616,0.0011012169,-0.003419781
127.33601,0.033641495,0.00085524534,-0.0026219005
127.35251,0.03366336,0.00080151786,-0.0039810385
127.369225,0.033796478,0.0006723774,-0.0030902962
127.385956,0.034018192,0.0007345127,-0.0022587702
127.40243,0.03438648,0.000072177754,-0.0036093798
127.4188,0.034638662,-0.00017571627,-0.002707266
127.43568,0.034727816,-0.00015318977,-0.0018276297
127.452194,0.034854934,-0.00021540372,-0.003142625
127.46899,0.03470466,-0.00060524925,-0.0022953001
127.485855,0.034935746,-0.0008426419,-0.0015290509
127.502266,0.035182685,-0.00083739916,-0.0027048078
127.51951,0.03561943,-0.001064483,-0.0017620103
127.535774,0.03635176,-0.0010853773,-0.00096540566
127.55255,0.037230037,-0.0013861535,-0.0020120128
127.56845,0.038863726,-0.0012512701,-0.001133219
127.58578,0.040742,-0.0008987467,-0.00004726981
127.60265,0.04140477,-0.0003522642,-0.0013444254
127.6195,0.043838575,-0.00015059997,-0.00047061793
127.636314,0.04663917,0.000261726,0.00036725577
127.6525,0.04848888,0.0005052361,-0.00085839094
127.66927,0.051698737,0.0012300642,0.00010157796
127.6862,0.055611853,0.00225941,0.0008072722
127.7026,0.05814124,0.0025208977,-0.00043696395
127.719315,0.06258704,0.0035770289,0.0002771467
127.7368,0.067207284,0.004470349,0.0008278874
127.75285,0.06913188,0.0050252187,-0.0005980737
127.76912,0.073403746,0.0057337335,-0.00013575032
127.78523,0.07709797,0.0063525564,0.0002594044
127.80197,0.078562856,0.0068291267,-0.0010426928
127.81922,0.08247413,0.0068680826,0.0008209888
127.8365,0.084574774,0.0068911607,0.0008071693
127.8524,0.084585585,0.006756109,-0.0023842417
127.86883,0.085980825,0.0066050193,-0.0020856718
127.88609,0.086716674,0.006430904,-0.0019437821
127.90251,0.08712296,0.006085026,-0.0020365675
127.91921,0.08733183,0.0054591144,-0.0020099129
127.935936,0.08733998,0.005326977,-0.0050339643
127.952614,0.08722931,0.004835731,-0.0050595547
127.969505,0.08626189,0.003413533,-0.0035628963
127.985886,0.08559195,0.0029627546,-0.005091914
128.00244,0.0845164,0.0019226108,-0.004931729
128.01906,0.08304073,0.00096312555,-0.0047965264
128.036,0.08241157,0.0005255376,-0.006158545
128.0523,0.0805073,-0.00040414106,-0.006042172
128.06898,0.07853356,-0.0015425232,-0.0057214377
128.08565,0.07707691,-0.0022289634,-0.0071122693
128.10277,0.07457558,-0.0035986484,-0.0067769634
128.119,0.07134792,-0.0045857667,-0.0064440994
128.13554,0.06989905,-0.005456786,-0.007664877
128.15225,0.06628899,-0.006684875,-0.007183578
128.16908,0.06281387,-0.008297965,-0.0067875446
128.18578,0.061436538,-0.008951247,-0.007971691
128.20236,0.05812458,-0.01019836,-0.0074824058
128.21909,0.05612032,-0.011070862,-0.00862809
128.23567,0.052587826,-0.012123285,-0.008025719
128.25269,0.049392305,-0.0130524635,-0.0074429004
128.26956,0.046136655,-0.01375139,-0.006901137
128.28578,0.044533495,-0.014449021,-0.007970643
128.30255,0.04125424,-0.0151484525,-0.0072604637
128.319,0.03789557,-0.015829692,-0.0066006435
128.3355,0.03616106,-0.016447833,-0.007609372
128.35223,0.032760277,-0.01748185,-0.0068808747
128.36884,0.031094048,-0.017588554,-0.007896781
128.3855,0.028266434,-0.018802054,-0.007206926
128.40227,0.025077697,-0.019586591,-0.006414059
128.41882,0.023421356,-0.0200973,-0.0074736937
128.43553,0.020545013,-0.020404344,-0.0066575827
128.45232,0.017753422,-0.021197123,-0.005884201
128.46906,0.016206,-0.020823127,-0.0068512154
128.48557,0.013258566,-0.02133486,-0.0060969978
128.50237,0.0106094135,-0.021841308,-0.005379053
128.5192,0.009545054,-0.022037169,-0.0062389993
128.53575,0.0071002413,-0.022387983,-0.0055372617
128.55229,0.0046648853,-0.022472572,-0.0047873645
128.56882,0.0034519804,-0.022865303,-0.0056881555
128.58604,0.0016160855,-0.022954097,-0.004969667
128.60251,-0.0003817273,-0.022834735,-0.004361033
128.61902,-0.0016231313,-0.023016741,-0.005281656
128.6356,-0.0035827518,-0.023159124,-0.0046054586
128.65224,-0.0042559085,-0.023012836,-0.005541705
128.66914,-0.0061910823,-0.02329189,-0.0049196035
128.6855,-0.008209613,-0.023454364,-0.0044296584
128.7022,-0.009980802,-0.023602022,-0.0038309034
128.71886,-0.010670939,-0.023982154,-0.0047679124
128.73537,-0.011530101,-0.02389515,-0.004228922
128.75195,-0.012858338,-0.02411505,-0.0037181503
128.7687,-0.013737972,-0.024006138,-0.004686174
128.78542,-0.014360723,-0.024031231,-0.004212197
128.80203,-0.014722085,-0.023641491,-0.0051676207
128.81874,-0.015644923,-0.023658758,-0.0047286833
128.83588,-0.015787283,-0.02337534,-0.0042422423
128.85226,-0.015580905,-0.023206783,-0.0052557136
128.8689,-0.015539206,-0.022901637,-0.0048169876
128.88583,-0.015592376,-0.022655463,-0.004443365
128.90236,-0.015424633,-0.022794683,-0.0054261545
128.91891,-0.014941994,-0.022664046,-0.0050195563
128.93607,-0.014324246,-0.022510815,-0.0046686362
128.95244,-0.014132464,-0.021744005,-0.0056733717
128.96931,-0.013179521,-0.021706926,-0.005316225
128.98563,-0.012000545,-0.02131545,-0.0049424665
129.00232,-0.010944598,-0.021277703,-0.004570939
129.01884,-0.010968163,-0.021265356,-0.0067943344
129.03555,-0.009303315,-0.021010866,-0.006420444
129.05244,-0.0072582164,-0.020377312,-0.006072649
129.06908,-0.005525098,-0.01996109,-0.0058222213
129.08566,-0.0038448968,-0.01969374,-0.0055167736
129.10255,-0.00202662,-0.019151008,-0.0052813003
129.11925,0.00025296537,-0.019024104,-0.0050896835
129.13574,0.00023266839,-0.019024422,-0.007223416
129.15227,0.0022280985,-0.018697178,-0.0069344696
129.16924,0.004110311,-0.018393265,-0.006694137
129.18593,0.006450861,-0.017660031,-0.0064264988
129.2025,0.008870139,-0.017409667,-0.0061463937
129.21915,0.011557889,-0.016898673,-0.005881679
129.23581,0.011540638,-0.01691069,-0.007935338
129.25287,0.014912563,-0.016682724,-0.0063788905
129.2691,0.017595103,-0.016255192,-0.0060153976
129.28564,0.018629504,-0.016082233,-0.0068558496
129.30212,0.021278946,-0.01576484,-0.0064270226
129.31934,0.02350471,-0.015296572,-0.005990463
129.33601,0.024493627,-0.014886759,-0.0068931854
129.3527,0.027057264,-0.014402048,-0.006476233
129.3695,0.029162345,-0.013773838,-0.0060729696
129.38591,0.030300906,-0.014206411,-0.0068755946
129.4027,0.032474555,-0.013822286,-0.0064119073
129.41951,0.035028215,-0.013423304,-0.006034277
129.43614,0.036178302,-0.012737945,-0.0067832377
129.45303,0.03794721,-0.012448167,-0.0063693183
129.46915,0.040049598,-0.012314801,-0.0059071933
129.48631,0.041010845,-0.012194237,-0.006550609
129.50267,0.043460477,-0.011891795,-0.006115655
129.51912,0.04498702,-0.011453388,-0.005580038
129.53566,0.045969523,-0.011705836,-0.0062450636
129.55284,0.047945336,-0.011129388,-0.0057004583
129.56934,0.049839266,-0.010920745,-0.0052721184
129.58585,0.05084226,-0.010909983,-0.0058581727
129.6026,0.052235864,-0.010875326,-0.0053325305
129.61906,0.05366097,-0.010965936,-0.0048204623
129.63574,0.05449223,-0.010702393,-0.00539502
129.65263,0.055404264,-0.010444655,-0.0048863073
129.66927,0.056313783,-0.010291136,-0.0043532173
129.68578,0.05681916,-0.010186024,-0.004959432
129.70285,0.057841036,-0.010045826,-0.004427588
129.71928,0.058519877,-0.009816519,-0.0039486103
129.73578,0.058436055,-0.01007698,-0.004546177
129.75294,0.058907136,-0.010109235,-0.0040102135
129.76918,0.059090313,-0.00985142,-0.004652126
129.78615,0.059478533,-0.009766385,-0.0040790564
129.80257,0.059057955,-0.009970603,-0.0036326246
129.81932,0.058918405,-0.010446092,-0.004195915
129.8361,0.05837354,-0.010547981,-0.0037420485
129.85268,0.05806591,-0.010548064,-0.0033316673
129.8697,0.057453904,-0.010691811,-0.0028026483
129.88586,0.056744795,-0.0107541075,-0.0034210605
129.90259,0.055909637,-0.010954586,-0.0028513456
129.9192,0.055357724,-0.010605622,-0.0033699
129.93596,0.055259187,-0.010870031,-0.0028886574
129.95253,0.054029036,-0.011257927,-0.0024097657
129.96928,0.053370766,-0.011938609,-0.002945844
129.98558,0.05294888,-0.012157807,-0.0024578716
130.00237,0.052486904,-0.012745279,-0.001928927
130.0192,0.051855206,-0.012824739,-0.0024235817
130.0355,0.05061585,-0.012935369,-0.0019119217
130.0526,0.0499211,-0.013102914,-0.0023558983
130.06895,0.048903618,-0.013337613,-0.0018760787
130.08556,0.04793121,-0.013167687,-0.0012846683
130.10216,0.047179736,-0.013195709,-0.001753621
130.11899,0.04579607,-0.01324505,-0.0012165923
130.1354,0.045209706,-0.013831803,-0.0006455157
130.15224,0.044619907,-0.013667948,-0.0011074897
130.1688,0.043507278,-0.01407556,-0.00053148315
130.18571,0.042464312,-0.014433815,0.000035408288
130.2024,0.042029142,-0.0148020685,-0.00035330752
130.21916,0.041220933,-0.01516264,0.00025810782
130.23563,0.040305894,-0.015509599,0.0008466277
130.25243,0.039870113,-0.01568641,0.00055865553
130.26854,0.039314747,-0.016112057,0.0012040458
130.28558,0.03912453,-0.016423026,0.0019129829
130.30264,0.038709812,-0.016203126,0.0016227321
130.31873,0.038186327,-0.016874703,0.0022995307
130.33554,0.037780605,-0.01705015,0.0030795045
130.35226,0.03748379,-0.017247926,0.0028210352
130.3688,0.037327237,-0.017442763,0.003554537
130.38583,0.03665772,-0.01759783,0.0042874003
130.40215,0.0365046,-0.018342,0.004049344
130.41882,0.0359349,-0.018646821,0.004834349
130.43565,0.035726026,-0.018981244,0.005596437
130.45193,0.034979,-0.019381903,0.0063847983
130.46887,0.034389026,-0.019809676,0.007220049
130.48537,0.034377757,-0.019828673,0.0061071706
130.50197,0.033838175,-0.02049089,0.0069570793
130.51872,0.033159304,-0.021155352,0.007813059
130.53592,0.032385163,-0.022134455,0.008675043
130.55232,0.031916544,-0.022950083,0.009547077
130.56926,0.031528454,-0.023558369,0.010462563
130.58592,0.031516116,-0.023574518,0.009429905
130.60258,0.030227914,-0.02358801,0.011310667
130.61961,0.02925569,-0.023897436,0.012243564
130.6357,0.028684871,-0.024273703,0.0122137675
130.65247,0.027746946,-0.02488178,0.0131746465
130.66895,0.026650237,-0.0254332,0.014089653
130.68578,0.026023565,-0.025176628,0.014110635
130.70258,0.025381884,-0.025530005,0.015046436
130.719,0.024356505,-0.025920046,0.015995007
130.73563,0.023865707,-0.026031228,0.016041722
130.75266,0.0229916,-0.026123025,0.017026
130.7694,0.02279514,-0.026158022,0.01707377
130.78572,0.022202272,-0.026462922,0.018026382
130.80217,0.02137972,-0.026562294,0.019015575
130.81888,0.020548262,-0.026769912,0.019995606
130.83568,0.020119095,-0.02704118,0.020062223
130.85236,0.019494243,-0.027215602,0.021024782
130.8696,0.018930972,-0.027254948,0.022023655
130.88593,0.018652175,-0.027225796,0.022126816
130.90266,0.018107103,-0.02707822,0.02315501
130.91922,0.017803501,-0.027166998,0.024132084
130.93571,0.017780885,-0.027716715,0.0242701
130.95267,0.01777083,-0.027617475,0.025197534
130.96893,0.017586475,-0.027408864,0.025236564
130.9862,0.017375927,-0.02763151,0.02589892
131.00276,0.017217478,-0.027791705,0.026368245
131.01941,0.01708803,-0.027799176,0.026183156
131.03651,0.017507643,-0.027899897,0.026368955
131.05272,0.017690958,-0.02807664,0.026264362
131.06935,0.01782188,-0.02853854,0.026011072
131.08606,0.017956935,-0.028397618,0.025517179
131.10289,0.018113984,-0.028666055,0.02501199
131.11923,0.01816749,-0.029190172,0.024383208
131.13571,0.018725945,-0.02965073,0.023670428
131.1525,0.019262379,-0.029856255,0.022788104
131.16948,0.019724056,-0.029401915,0.022022981
131.18661,0.020499894,-0.029754037,0.020960493
131.2028,0.02150414,-0.030143214,0.019770205
131.21954,0.022138583,-0.030630639,0.01889031
131.23662,0.022955,-0.031052357,0.017569076
131.2534,0.02363028,-0.031354535,0.016172636
131.26988,0.024375139,-0.031442247,0.01519319
131.28596,0.02535822,-0.03127546,0.013731164
131.30243,0.026260428,-0.031496033,0.012168117
131.31998,0.026830904,-0.031501014,0.01119568
131.33574,0.02769492,-0.031744264,0.009595312
131.35252,0.028721655,-0.031630088,0.0080380365
131.36938,0.029251967,-0.0314606,0.0070999605
131.38605,0.029885288,-0.031971768,0.005513075
131.4027,0.03146224,-0.032270305,0.0040706717
131.41945,0.03180864,-0.0316945,0.0031903025
131.43567,0.032759063,-0.031428605,0.0018021775
131.45273,0.03371268,-0.03143017,0.00045488222
131.46948,0.034198042,-0.031383973,-0.00038007315
131.48593,0.03491891,-0.031056883,-0.001639988
131.50264,0.0348943,-0.031039232,-0.0024574753
131.51935,0.035563722,-0.03073369,-0.0036101106
131.53568,0.036166444,-0.030579424,-0.0047710864
131.55278,0.03686874,-0.030629886,-0.0059050033
131.56906,0.037103023,-0.030056175,-0.006551513
131.58603,0.037213814,-0.029911175,-0.007599166
131.60239,0.037482347,-0.030278351,-0.008202407
131.61914,0.037656914,-0.029947896,-0.009170454
131.63571,0.03765737,-0.02982454,-0.010127507
131.65273,0.037822865,-0.029666929,-0.010621343
131.66916,0.037669983,-0.02953246,-0.011484436
131.68593,0.03798091,-0.029043587,-0.012248581
131.70244,0.037933264,-0.028500866,-0.012711586
131.71924,0.03820596,-0.028284896,-0.013439305
131.73631,0.038204554,-0.028071085,-0.014138261
131.75262,0.03818058,-0.028156219,-0.014549155
131.76958,0.03839627,-0.027591642,-0.015160922
131.78613,0.03857065,-0.027030585,-0.015775872
131.80272,0.038429428,-0.0267209,-0.016103633
131.81927,0.038445484,-0.025701428,-0.016931469
131.83537,0.038445283,-0.025702344,-0.016969323
131.85258,0.038522236,-0.025109706,-0.017459247
131.86925,0.03860285,-0.02476497,-0.017950822
131.88557,0.038516223,-0.024073105,-0.018423192
131.90245,0.03835726,-0.023464715,-0.018846601
131.9189,0.038371783,-0.023198232,-0.019247562
131.93573,0.038372304,-0.0231975,-0.019207472
131.95222,0.038423773,-0.02251646,-0.019563453
131.96877,0.038491465,-0.021474894,-0.020105267
131.98547,0.038622178,-0.021289403,-0.020186214
132.0023,0.03857783,-0.02057244,-0.020456014
132.01895,0.03881821,-0.01982394,-0.020683933
132.0355,0.038894612,-0.020228636,-0.0207217
132.0523,0.039409727,-0.019714473,-0.020924563
132.06894,0.03976613,-0.01910764,-0.021023285
132.0857,0.03979407,-0.01870498,-0.02105351
132.10226,0.04013673,-0.017988892,-0.021146186
132.11934,0.040197887,-0.017497152,-0.02116234
132.13547,0.040473673,-0.017028298,-0.021060588
132.15233,0.040538747,-0.016249787,-0.021026855
132.1686,0.040741097,-0.015580248,-0.020908298
132.1855,0.04077733,-0.015982322,-0.020757807
132.20206,0.040840767,-0.015357587,-0.020552805
132.21898,0.040419165,-0.014810479,-0.020320134
132.2357,0.040261753,-0.014265946,-0.020064099
132.25214,0.040218223,-0.014134167,-0.01969531
132.2691,0.03967492,-0.01347729,-0.01929168
132.28561,0.03946265,-0.013415251,-0.018873228
132.30226,0.039412506,-0.013217457,-0.018352343
132.31883,0.03921167,-0.01273094,-0.017868558
132.33556,0.03873188,-0.012607172,-0.017218456
132.35234,0.03849455,-0.012751583,-0.01650482
132.36887,0.03865275,-0.012980239,-0.015927777
132.3858,0.0384168,-0.012853863,-0.015147816
132.40231,0.03791106,-0.012599931,-0.014318522
132.4192,0.037660286,-0.0123490235,-0.013652352
132.43562,0.0374342,-0.012401386,-0.012780712
132.45235,0.037155762,-0.012344801,-0.011865141
132.46913,0.03673648,-0.012057307,-0.011162509
132.48578,0.03616111,-0.012847116,-0.010189928
132.50243,0.035600703,-0.012794912,-0.009153651
132.51913,0.035271354,-0.012681255,-0.008361246
132.53564,0.034338616,-0.012362237,-0.0072513605
132.55232,0.03345461,-0.012244472,-0.006116156
132.56946,0.03302739,-0.012384936,-0.0053046914
132.58586,0.032081474,-0.012410411,-0.004084019
132.6022,0.030969039,-0.012502719,-0.0028590262
132.619,0.030636491,-0.011915164,-0.0019201334
132.636,0.029578865,-0.011964665,-0.00067528797
132.65318,0.028741917,-0.011877672,0.00063732313
132.6694,0.028007913,-0.012207678,0.0016576189
132.68587,0.02666427,-0.012144108,0.0029725765
132.70259,0.02517571,-0.012270178,0.004370197
132.71939,0.02440739,-0.012551927,0.005386421
132.73605,0.02316038,-0.013149165,0.006865735
132.75291,0.02143218,-0.013355463,0.008383222
132.76927,0.020777864,-0.013430091,0.009419933
132.78607,0.019355847,-0.013917734,0.010985415
132.80258,0.017527513,-0.01434203,0.012552919
132.81927,0.016774265,-0.014355923,0.013761389
132.83603,0.015220699,-0.014714797,0.015423547
132.853,0.013966798,-0.01506422,0.017142668
132.86945,0.01327399,-0.015848376,0.018460477
132.88586,0.011981879,-0.016470503,0.020238739
132.90291,0.010852078,-0.017044047,0.022110134
132.91896,0.010410839,-0.017208582,0.023455108
132.93597,0.009684668,-0.018063612,0.025100231
132.95264,0.00928978,-0.018408423,0.026270496
132.96936,0.00882001,-0.019055432,0.027472265
132.98633,0.008474412,-0.019897303,0.028353771
133.00275,0.008446174,-0.020461803,0.029126596
133.01938,0.008683964,-0.021448739,0.029610774
133.0364,0.008857671,-0.022338128,0.0298523
133.05272,0.00917889,-0.023013765,0.030387733
133.06937,0.009379871,-0.023877623,0.030313626
133.08607,0.010071381,-0.02440783,0.03001589
133.10284,0.010488309,-0.024848308,0.030311279
133.11943,0.0112029165,-0.025637954,0.029717369
133.1359,0.012485388,-0.026609322,0.028940655
133.15285,0.013304372,-0.026639447,0.029007817
133.16931,0.015362185,-0.02847638,0.026913583
133.18597,0.016617501,-0.029073963,0.025591135
133.20255,0.016632399,-0.029065171,0.026623737
133.21928,0.018267984,-0.029551964,0.02516378
133.23563,0.019651063,-0.030268861,0.023524085
133.25279,0.020883879,-0.03120003,0.021688879
133.26956,0.02208062,-0.031962134,0.019768557
133.28642,0.023728332,-0.032578,0.01775212
133.3028,0.023746647,-0.032564677,0.018875953
133.31917,0.025262708,-0.033368558,0.016740886
133.33609,0.026662286,-0.033892047,0.014516436
133.35275,0.027963081,-0.03414708,0.012247759
133.36922,0.029577948,-0.034583624,0.009897257
133.38582,0.030209994,-0.035438642,0.00926388
133.40251,0.03167064,-0.035788137,0.0068371734
133.4187,0.03303627,-0.03610223,0.004389534
133.43564,0.033770405,-0.036107115,0.003731929
133.45264,0.0350126,-0.036289718,0.0013175787
133.4692,0.036084667,-0.036454163,-0.0010378273
133.48582,0.036863875,-0.036527894,-0.0015957318
133.50253,0.037733488,-0.036633056,-0.003868659
133.51915,0.038590305,-0.0363835,-0.006104907
133.53603,0.038996357,-0.036710612,-0.0064643733
133.55246,0.03963267,-0.036089182,-0.008523714
133.56926,0.040454842,-0.035943814,-0.010365992
133.58589,0.040521737,-0.03586255,-0.010626335
133.60258,0.041222755,-0.035744138,-0.012255929
133.61925,0.041430723,-0.035042062,-0.013740418
133.63588,0.041780088,-0.034809567,-0.013856513
133.65259,0.04209687,-0.034232523,-0.015213277
133.66914,0.04223946,-0.033621535,-0.016606621
133.68582,0.042472016,-0.033191815,-0.016485404
133.70291,0.04231707,-0.032765288,-0.017746
133.71927,0.04171361,-0.03197658,-0.018858263
133.73581,0.041645996,-0.032006536,-0.018685207
133.75247,0.041136246,-0.031635504,-0.019719156
133.769,0.0406188,-0.031391006,-0.019489653
133.78545,0.039989594,-0.03096859,-0.020414978
133.80261,0.038834803,-0.030082364,-0.021256335
133.81929,0.038066965,-0.029795561,-0.020865083
133.8358,0.036378507,-0.029280033,-0.021618158
133.85255,0.035314247,-0.028601926,-0.022268249
133.86908,0.034537103,-0.028365098,-0.021845607
133.88574,0.032935712,-0.027739562,-0.02241445
133.90263,0.031134436,-0.027075142,-0.022936273
133.91884,0.030617535,-0.026735455,-0.022389269
133.93549,0.028657299,-0.025940957,-0.02286235
133.95245,0.026782608,-0.025305143,-0.02334375
133.96902,0.025737168,-0.024615768,-0.022603102
133.9857,0.023406714,-0.02437868,-0.023039736
134.00226,0.021455782,-0.02372481,-0.023236088
134.01883,0.020070488,-0.02324518,-0.02256932
134.0355,0.018180232,-0.022559226,-0.02272772
134.05266,0.016174348,-0.021912538,-0.022825232
134.06909,0.015390794,-0.021729358,-0.021994358
134.08524,0.01338015,-0.02118382,-0.022040313
134.10202,0.012500801,-0.020372974,-0.021230977
134.1187,0.011676522,-0.020036945,-0.020364001
134.13544,0.009078305,-0.01840759,-0.021084495
134.1522,0.008197976,-0.018127317,-0.020111663
134.16893,0.0071262643,-0.017397437,-0.019934518
134.18544,0.006401083,-0.0166394,-0.019702516
134.20233,0.005903461,-0.015705653,-0.018670805
134.21909,0.0049452223,-0.014934589,-0.018461345
134.23573,0.0044413796,-0.0140293585,-0.018125368
134.25249,0.0045333677,-0.013907425,-0.01704419
134.26912,0.0042385133,-0.012928016,-0.016715692
134.28618,0.003985461,-0.012774945,-0.015638523
134.30255,0.0038730663,-0.012133862,-0.0151951695
134.31938,0.004063002,-0.011465047,-0.014820736
134.33662,0.0039733634,-0.01078452,-0.0143984845
134.35246,0.003681129,-0.010169104,-0.013142551
134.3691,0.0040485626,-0.00951856,-0.012773079
134.3855,0.004944149,-0.0092355395,-0.012310981
134.40283,0.0048421468,-0.009253985,-0.011098688
134.41904,0.0053716204,-0.008560611,-0.01058722
134.43675,0.0058978335,-0.008014338,-0.010070499
134.45338,0.005807552,-0.00784668,-0.008801542
134.46925,0.0062546167,-0.007242303,-0.008172587
134.48601,0.006058562,-0.006722462,-0.0076757935
134.5027,0.006226606,-0.0065715695,-0.0063306834
134.51947,0.0064100865,-0.0064982213,-0.005661979
134.53625,0.0075892294,-0.0064182077,-0.005651324
134.55273,0.0075959074,-0.0064102896,-0.0035671743
134.56921,0.008225328,-0.0059606745,-0.0028998733
134.58606,0.009187191,-0.0058660577,-0.002172363
134.60313,0.010486358,-0.005587776,-0.0013494997
134.61913,0.011667343,-0.005547354,-0.0005316845
134.63646,0.012472222,-0.0060241916,0.00018442122
134.65332,0.01247886,-0.0060102316,0.002416475
134.67,0.014443745,-0.0061342223,0.0033205901
134.68608,0.017234545,-0.0064842366,0.0035850464
134.7034,0.017638562,-0.0066511733,0.005060631
134.71901,0.019426085,-0.0064766672,0.006096782
134.73665,0.021239823,-0.006607866,0.006795035
134.75266,0.022110576,-0.0067285565,0.008398886
134.76924,0.024006473,-0.006831317,0.008931103
134.78603,0.025207028,-0.0071260454,0.010271364
134.80264,0.027303351,-0.0075170323,0.010609848
134.81973,0.029759107,-0.008051849,0.01077999
134.83615,0.030895619,-0.008136077,0.012021607
134.85277,0.033180736,-0.008615155,0.011968639
134.87,0.035610985,-0.009023713,0.011809644
134.8862,0.036703512,-0.009033696,0.012902586
134.90274,0.039002754,-0.009298012,0.012549044
134.91942,0.04090125,-0.009438384,0.012067743
134.93684,0.042116392,-0.00947302,0.012978316
134.95277,0.044159815,-0.009681199,0.012452331
134.9702,0.046490014,-0.009979489,0.011585762
134.98615,0.047604397,-0.009608878,0.012517835
135.00302,0.049631838,-0.00967409,0.011462994
135.0196,0.051828083,-0.009893275,0.010461826
135.03526,0.052987546,-0.0103691295,0.01113141
135.05188,0.055019736,-0.010419286,0.009840528
135.06866,0.05583549,-0.010258736,0.010434852
135.08571,0.05772301,-0.010536164,0.009171177
135.10303,0.059500024,-0.010828205,0.007872073
135.11877,0.06037148,-0.010871877,0.008552329
135.13531,0.06181445,-0.011165211,0.006967851
135.15213,0.06329898,-0.011281706,0.005398784
135.16869,0.064106636,-0.012119082,0.0058896285
135.18521,0.06559493,-0.012165956,0.004293467
135.20192,0.06679706,-0.012395049,0.0026092182
135.21901,0.06715569,-0.012529363,0.0030219997
135.2357,0.06798521,-0.012926198,0.0014184574
135.25235,0.068895906,-0.013260298,-0.00025509993
135.26976,0.0693053,-0.013042719,0.00024264102
135.28601,0.069798924,-0.013040224,-0.0013102693
135.30258,0.070246704,-0.013384623,-0.003042572
135.3188,0.07078724,-0.01376114,-0.0025057246
135.33621,0.07107569,-0.013792546,-0.004163822
135.35243,0.071049966,-0.01378144,-0.005572828
135.36914,0.07107963,-0.014013811,-0.0050572976
135.38638,0.07087605,-0.0141318,-0.0064390297
135.40305,0.070574485,-0.014299286,-0.007642613
135.41931,0.07009487,-0.01408854,-0.0068946574
135.43655,0.06921976,-0.014285437,-0.008096865
135.45245,0.068614006,-0.0144498255,-0.009057413
135.46912,0.06840342,-0.015075264,-0.008317997
135.48561,0.06753407,-0.015500676,-0.0092137735
135.50224,0.067084126,-0.015682602,-0.008297957
135.51888,0.06599513,-0.016036246,-0.009038719
135.53549,0.06459349,-0.016083494,-0.0096375365
135.55235,0.063673794,-0.015989939,-0.0085336035
135.56903,0.062066857,-0.015915614,-0.00892076
135.58566,0.060237695,-0.01607733,-0.009256936
135.60237,0.059652302,-0.016722383,-0.008013877
135.61911,0.05796274,-0.016836876,-0.008200231
135.63567,0.05647426,-0.01682877,-0.008329018
135.65233,0.055735476,-0.016596172,-0.0069603086
135.66882,0.053978115,-0.016646022,-0.006996311
135.68591,0.051977135,-0.016797408,-0.0070056124
135.70247,0.051074192,-0.016558861,-0.005404128
135.71892,0.048429847,-0.016522907,-0.0053270957
135.73595,0.0459713,-0.01677861,-0.0052618855
135.75226,0.04529085,-0.017223485,-0.0035997052
135.76918,0.04320385,-0.01751597,-0.0034973323
135.78554,0.041246004,-0.017571209,-0.0032768166
135.80235,0.04000241,-0.017590946,-0.0017179955
135.81895,0.03784086,-0.01765994,-0.0015367183
135.83551,0.0360861,-0.017968813,-0.0013851891
135.85231,0.034960914,-0.018074924,0.00013978148
135.86885,0.03337388,-0.0185057,0.00020696077
135.88655,0.03161058,-0.018649517,0.00012189808
135.9024,0.03073753,-0.018732812,0.001785963
135.919,0.028867347,-0.019057415,0.0014677871
135.93561,0.026503421,-0.019276885,0.0011769993
135.9523,0.024527755,-0.019301808,0.0008150682
135.96895,0.022191722,-0.019539881,0.00044275928
135.98563,0.022222102,-0.019505022,0.003570125
136.00249,0.019784225,-0.019756507,0.0030622138
136.019,0.017285222,-0.020166667,0.0025597273
136.03574,0.014815591,-0.02057899,0.0019420312
136.05234,0.012390289,-0.021052439,0.0012945819
136.06865,0.009718624,-0.021932265,0.0005908161
136.08548,0.008414146,-0.022568984,0.0017362231
136.10204,0.005502985,-0.022975093,0.0010172967
136.1187,0.0024298176,-0.023894664,0.00013846475
136.1359,0.0012751945,-0.024108037,0.0013500307
136.15256,-0.0011969383,-0.024842698,0.000547661
136.16924,-0.0036362044,-0.025322637,-0.00037844278
136.1858,-0.004488154,-0.025677973,0.0007724427
136.20222,-0.006862803,-0.026348772,-0.00023121183
136.21902,-0.009149646,-0.027044345,-0.0013094287
136.23586,-0.010613128,-0.027370146,-0.00010705398
136.25243,-0.012870907,-0.027924072,-0.0011696727
136.26949,-0.015092251,-0.02794776,-0.0021911592
136.28615,-0.016446162,-0.027917761,-0.001032103
136.30237,-0.018157877,-0.028071119,-0.002106881
136.31905,-0.018758554,-0.028102726,-0.0010450374
136.33588,-0.02022515,-0.028338626,-0.0021581461
136.35268,-0.021314552,-0.028340507,-0.0033011232
136.36916,-0.022298604,-0.02839903,-0.004290167
136.38586,-0.022287225,-0.028551878,-0.0032806841
136.40262,-0.02293083,-0.028429313,-0.004243756
136.41975,-0.023713965,-0.028462527,-0.005307165
136.43626,-0.023858465,-0.028428204,-0.004001057
136.4529,-0.023826597,-0.02810474,-0.005078776
136.46935,-0.023305096,-0.02810971,-0.003867202
136.48593,-0.02269745,-0.02729849,-0.0049361186
136.50269,-0.021520415,-0.026577963,-0.0059632985
136.51918,-0.020921014,-0.025743477,-0.0046672886
136.53587,-0.019032108,-0.024440583,-0.005687505
136.55273,-0.017115572,-0.023793714,-0.006624066
136.56924,-0.016040431,-0.023186442,-0.0052613677
136.58603,-0.013772269,-0.022056472,-0.00616866
136.603,-0.011012243,-0.020609878,-0.0070486832
136.61945,-0.009497804,-0.02015854,-0.00561969
136.63626,-0.0067662564,-0.018698215,-0.006492517
136.65286,-0.0041546295,-0.017145935,-0.0072707045
136.66959,-0.0028795835,-0.015979944,-0.005810852
136.68622,0.0005356326,-0.01428664,-0.006586355
136.7032,0.0035968984,-0.012936642,-0.0072872583
136.71983,0.00464014,-0.012168424,-0.0057934555
136.73613,0.0080169225,-0.010640477,-0.0063922023
136.75319,0.01117627,-0.008868855,-0.0071005384
136.7699,0.012727376,-0.008001683,-0.0054879608
136.78616,0.015823007,-0.0060718614,-0.0060496135
136.80289,0.018985279,-0.004172527,-0.0067309085
136.81969,0.020964699,-0.0029742366,-0.0051014824
136.83655,0.024368273,-0.0012084437,-0.005637702
136.8536,0.027307328,0.00021761312,-0.006122218
136.87059,0.029132463,0.0013104035,-0.004380181
136.88623,0.032534126,0.0034431894,-0.004827607
136.90259,0.033943012,0.0041258265,-0.003437316
136.9199,0.036846563,0.006067743,-0.00392506
136.93549,0.040173717,0.007974308,-0.00424863
136.95288,0.04350315,0.01014541,-0.005026346
136.96979,0.045095365,0.01112746,-0.0031769231
136.98608,0.047834758,0.012590683,-0.0036265322
137.00288,0.050931014,0.014964389,-0.00417617
137.01938,0.05234473,0.0159764,-0.002543411
137.03587,0.055004094,0.01774252,-0.0031802836
137.0525,0.057568185,0.0188651,-0.0038374604
137.06932,0.058963977,0.02014044,-0.002233988
137.08614,0.061330628,0.021542795,-0.002908931
137.10266,0.062281013,0.02227348,-0.0011758534
137.1195,0.064092755,0.023750633,-0.0019072986
137.136,0.06594204,0.025135372,-0.002552263
137.15286,0.066959,0.025529088,-0.0010066394
137.1693,0.06878343,0.026477827,-0.0016585743
137.18625,0.07025758,0.027330846,-0.00244824
137.2025,0.07041981,0.028198702,-0.000744404
137.21921,0.071778975,0.029075125,-0.0016534268
137.23618,0.073127285,0.029831102,-0.002447468
137.25246,0.07356208,0.029728964,-0.00083712814
137.26915,0.074075125,0.030116173,-0.0017481967
137.28592,0.07473026,0.030589638,-0.002556899
137.30257,0.07522345,0.030539986,-0.0009814791
137.31926,0.07576195,0.030680226,-0.00427557
137.33572,0.0756992,0.030834513,-0.00020235489
137.35257,0.07595075,0.030704923,-0.0011147991
137.36925,0.07634572,0.030654807,-0.0019180275
137.38583,0.07662838,0.030032089,-0.0027943351
137.4026,0.076313704,0.029846836,-0.0036627783
137.41916,0.075998954,0.029362025,-0.004506774
137.43611,0.07593805,0.029518083,-0.0003968374
137.45258,0.0754678,0.028956976,-0.0012079794
137.46896,0.07430106,0.028187266,-0.0046613542
137.48582,0.07381794,0.028039956,-0.003096732
137.50285,0.072451346,0.027227549,-0.003952013
137.51945,0.071528055,0.026616255,-0.004737864
137.53613,0.07070061,0.026249386,-0.0030902757
137.5525,0.06939764,0.025135877,-0.0039830995
137.56918,0.06790279,0.024076538,-0.004968598
137.5861,0.0678512,0.024220306,-0.0007301336
137.60251,0.066014625,0.02236293,-0.0041139675
137.61917,0.06460574,0.021344768,-0.005026668
137.63605,0.063739836,0.020694518,-0.0033650184
137.65242,0.061947204,0.019450702,-0.004164825
137.66888,0.060648385,0.018216668,-0.005132954
137.68587,0.059858434,0.017872728,-0.0034488067
137.70242,0.05786881,0.016487021,-0.004213628
137.7188,0.056791484,0.0151877785,-0.0050731087
137.73552,0.05624173,0.0143184485,-0.0034203446
137.75215,0.055144634,0.013782783,-0.0042442945
137.76877,0.053656355,0.012663716,-0.005106614
137.7855,0.052863084,0.011942252,-0.0034070641
137.80197,0.05129274,0.011085735,-0.0042639514
137.8187,0.050591964,0.010774192,-0.002587961
137.83607,0.048984036,0.009946532,-0.0034583705
137.85231,0.04761308,0.008693462,-0.0042105853
137.86908,0.047023345,0.00799737,-0.0052490127
137.8857,0.04619843,0.007632524,-0.0034393216
137.90233,0.04514701,0.006972258,-0.004400447
137.91908,0.044534497,0.0069572064,-0.002603923
137.9358,0.044345442,0.0065669417,-0.0035219174
137.9529,0.043093257,0.006310967,-0.004371342
137.9691,0.042460456,0.006040738,-0.0025620027
137.98601,0.041922044,0.0060352287,-0.0036080708
138.00267,0.041182276,0.006093539,-0.0045337193
138.01941,0.041179195,0.005997334,-0.0028181442
138.03577,0.04064534,0.006097999,-0.003758042
138.05273,0.04024068,0.006569504,-0.0048587015
138.0695,0.0402526,0.0066077113,-0.00300203
138.08598,0.03996359,0.006996302,-0.0039811125
138.10272,0.040049203,0.0072673284,-0.0051103365
138.11961,0.040206145,0.007797963,-0.0032881475
138.13608,0.040154643,0.007897825,-0.004294333
138.15257,0.039750658,0.007936561,-0.0054841614
138.16957,0.03965676,0.008247829,-0.0036917059
138.18608,0.038938057,0.0084762415,-0.004758026
138.20311,0.038801376,0.0090668965,-0.005832739
138.22017,0.038789067,0.008875818,-0.0040256144
138.23627,0.03829049,0.009360588,-0.004912045
138.25294,0.03783624,0.010056033,-0.00618104
138.2696,0.03777158,0.0103398925,-0.004378994
138.28638,0.03731398,0.010743037,-0.0055080913
138.30273,0.03682485,0.011047867,-0.00661594
138.3196,0.03603131,0.011762301,-0.0048851026
138.3355,0.035191018,0.011841982,-0.005974661
138.3529,0.034307066,0.011730985,-0.0073412065
138.36952,0.034336228,0.011643891,-0.005322527
138.38632,0.03298333,0.011453981,-0.0064786063
138.40282,0.032138728,0.011385079,-0.0075147
138.41904,0.031413145,0.011086386,-0.005854097
138.4364,0.03061866,0.010805678,-0.007059008
138.45352,0.029372161,0.010108241,-0.0079592755
138.47003,0.028589686,0.009675173,-0.006039719
138.48625,0.027660105,0.0090438,-0.0071111037
138.50299,0.027581148,0.0085301185,-0.0054310677
138.51923,0.026278423,0.0077348426,-0.0063903127
138.53659,0.025344066,0.0069696913,-0.007607753
138.55292,0.024760254,0.006897961,-0.0054984703
138.5703,0.023749063,0.006148473,-0.006616848
138.58644,0.023060616,0.004777627,-0.0074863774
138.60289,0.02257736,0.004529838,-0.005643713
138.61952,0.021802435,0.0034913484,-0.0067614485
138.636,0.02068399,0.0028508757,-0.007762854
138.6527,0.020333378,0.0023066432,-0.005853756
138.66998,0.01900679,0.0012356936,-0.006834565
138.68668,0.018090358,0.0006161553,-0.0076190694
138.70288,0.017517883,0.000047937287,-0.0056928396
138.71977,0.016573025,-0.0010610722,-0.00677118
138.73598,0.015378435,-0.0028633722,-0.010667361
138.75282,0.015385166,-0.0028261174,-0.005826997
138.76947,0.014631172,-0.0038399452,-0.006787319
138.78606,0.014080857,-0.0051590432,-0.0077688666
138.80264,0.0134146195,-0.0055557257,-0.0086259665
138.81955,0.012815917,-0.006107644,-0.009535161
138.83588,0.01283147,-0.0060749147,-0.004430276
138.85269,0.012214266,-0.0067349863,-0.0054344363
138.86902,0.011556668,-0.007038114,-0.0061599654
138.88562,0.011389661,-0.006999948,-0.007017352
138.90239,0.011477588,-0.0072111553,-0.007795995
138.91925,0.011412017,-0.006893529,-0.008489167
138.936,0.011460063,-0.006649697,-0.0091447
138.9528,0.011561067,-0.006557421,-0.0069401967
138.96893,0.012137721,-0.005765969,-0.007557531
138.9859,0.012024302,-0.00532259,-0.0055383565
139.00253,0.012317986,-0.0045894976,-0.006102182
139.0192,0.012873499,-0.0039418107,-0.0067502568
139.03633,0.013198573,-0.0034475564,-0.004535681
139.05264,0.013923642,-0.0025540087,-0.0050561475
139.06912,0.015068377,-0.0014886541,-0.0059039625
139.0857,0.01576957,-0.00071278424,-0.0036954784
139.10233,0.016398935,0.00006267425,-0.004475389
139.11917,0.017529983,0.0014358539,-0.0052211164
139.13591,0.018025164,0.002255417,-0.002913058
139.15256,0.018819157,0.003736305,-0.003681581
139.16959,0.019499226,0.005172752,-0.0044492823
139.18604,0.01982933,0.0062124664,-0.0020558352
139.20247,0.020625377,0.008110897,-0.0028922185
139.21921,0.02153396,0.009851496,-0.0037793892
139.23589,0.022624468,0.010555807,-0.0014959364
139.25255,0.02362475,0.0125054,-0.0023559174
139.26921,0.02388942,0.013344722,-0.00012761791
139.28561,0.024674293,0.015108748,-0.0010501781
139.30211,0.025970712,0.0171253,-0.0020114903
139.31894,0.026071135,0.017893365,0.00009942505
139.33566,0.027238432,0.019744642,-0.00075254834
139.35262,0.028553251,0.021966167,-0.0016489557
139.369,0.029300079,0.022882627,0.00058782287
139.38577,0.030141784,0.024692371,-0.00039976535
139.40254,0.031113783,0.026179831,-0.0013392576
139.41933,0.03118711,0.027491553,0.0008995875
139.43605,0.032231387,0.02921478,-0.00006276885
139.45262,0.033034846,0.030805372,-0.001117239
139.46913,0.03359731,0.031768233,0.00106699
139.48563,0.034622595,0.03339119,-0.00007594382
139.50235,0.035220165,0.03504193,-0.0012174275
139.51929,0.0357412,0.03597325,0.0009674884
139.53568,0.036421064,0.03709011,-0.00001368075
139.5523,0.037173953,0.038456164,-0.0011991031
139.56905,0.037105657,0.039348572,0.0009757724
139.58556,0.037944857,0.040836737,-0.00012157897
139.60262,0.038813584,0.04228814,-0.0012835668
139.61925,0.039244745,0.04295092,0.0010091761
139.63565,0.03979331,0.044504732,-0.00016530884
139.65242,0.040057175,0.045781117,-0.00142122
139.66907,0.040225044,0.046569876,0.0007839232
139.68591,0.040539894,0.0475747,-0.000436123
139.7026,0.04110151,0.04876421,-0.0015909491
139.71883,0.04118517,0.049347024,0.00057450775
139.73555,0.04149004,0.050478064,-0.00078170624
139.75235,0.041621685,0.05150394,-0.0019896002
139.76941,0.041965507,0.05219443,0.00021892418
139.7858,0.041977827,0.052948695,-0.000897176
139.80246,0.041548442,0.053391647,0.0011963006
139.81917,0.041586034,0.054072205,-0.000073044845
139.83562,0.041371156,0.05481038,-0.0013003179
139.85237,0.041308843,0.055145357,0.0007632077
139.86925,0.041079875,0.055759713,-0.00051209156
139.88591,0.041044038,0.05634178,-0.0017618214
139.90286,0.04041208,0.056663807,0.00043047612
139.91937,0.039987173,0.056830212,-0.0007333588
139.93605,0.039191294,0.057266187,-0.0020670875
139.95255,0.03942583,0.057504952,0.00017862718
139.96922,0.038719203,0.05794507,-0.0012036742
139.98587,0.038344245,0.05852397,-0.002547388
140.00262,0.03729648,0.058863964,-0.00026449634
140.01921,0.03692999,0.059019744,-0.0016723075
140.03607,0.03620867,0.059453655,-0.003043284
140.0523,0.036246583,0.059426144,-0.00078726746
140.0691,0.03560615,0.059611667,-0.0023063135
140.0858,0.03510524,0.05936573,-0.0035765667
140.10217,0.03490047,0.059112772,-0.0014817526
140.11894,0.034159806,0.058707323,-0.0029639825
140.13606,0.033339933,0.05824917,-0.004341437
140.15266,0.03266123,0.057481818,-0.005693645
140.16919,0.031915326,0.05663354,-0.007135716
140.18613,0.031752393,0.05672485,-0.0013913717
140.2028,0.03094209,0.055975217,-0.0026736648
140.21942,0.030304423,0.05491266,-0.004104024
140.23691,0.029663706,0.053766876,-0.005552169
140.25262,0.028760513,0.052709166,-0.0066510052
140.26935,0.02809203,0.051979996,-0.008372951
140.28613,0.027276032,0.050658453,-0.009768202
140.30283,0.026603315,0.049981453,-0.0074818283
140.31917,0.026031224,0.048597686,-0.008888974
140.3367,0.025396498,0.047257997,-0.010371787
140.35298,0.024683531,0.046553615,-0.007778298
140.36961,0.023846064,0.044970028,-0.009263391
140.38647,0.02324811,0.04433945,-0.0069331434
140.40254,0.022409244,0.04283641,-0.008192625
140.41931,0.02152952,0.041299917,-0.009676413
140.43643,0.021528576,0.040420257,-0.0073400065
140.45284,0.020989776,0.038784243,-0.008456726
140.47084,0.020328555,0.037178848,-0.009826642
140.48607,0.019230695,0.03644916,-0.0070114103
140.50269,0.018724533,0.03502081,-0.008755948
140.51955,0.018519022,0.033451565,-0.010000154
140.53642,0.01827337,0.032773558,-0.0075067654
140.55266,0.017673118,0.031015992,-0.008613238
140.56944,0.016867172,0.029593999,-0.010036244
140.58612,0.01684713,0.029011484,-0.007502869
140.60258,0.016219743,0.027272683,-0.008701119
140.61954,0.01584847,0.025756199,-0.009959404
140.63608,0.015506217,0.025133573,-0.007305599
140.65288,0.014964268,0.02407346,-0.008482074
140.6693,0.014440947,0.022614775,-0.009487053
140.68597,0.014415934,0.02171971,-0.0070964512
140.70253,0.013853653,0.021022784,-0.008143101
140.71931,0.013252823,0.019767743,-0.009213365
140.73573,0.012733724,0.019070778,-0.006612815
140.7525,0.0121172285,0.017925873,-0.0077284374
140.7693,0.012305848,0.017730108,-0.0051543512
140.78595,0.01151718,0.017002892,-0.0061205374
140.80249,0.011017265,0.01589509,-0.0071198936
140.81943,0.010635139,0.015134495,-0.004788671
140.836,0.010138177,0.014069216,-0.005663527
140.85278,0.010173857,0.01339241,-0.0067937584
140.86923,0.009390179,0.012763018,-0.004195698
140.88588,0.009095121,0.011249149,-0.005340913
140.90283,0.008849623,0.010101194,-0.0065010367
140.91925,0.009226791,0.010084228,-0.0036699753
140.93594,0.008996763,0.0089567015,-0.0048870323
140.95236,0.008587431,0.008579571,-0.005836681
140.96944,0.008780263,0.0080899075,-0.0033975788
140.98593,0.008471583,0.008010318,-0.004282494
141.00253,0.00813439,0.0076494096,-0.005314462
141.01924,0.008096221,0.00730198,-0.0028748014
141.03592,0.0083619,0.0070533273,-0.0038009784
141.05289,0.0083697,0.0069707297,-0.004901348
141.06929,0.008326362,0.0072358693,-0.0021716254
141.086,0.00845413,0.0070959916,-0.0033271164
141.10301,0.008851755,0.007291973,-0.0044430248
141.11926,0.00883768,0.007645136,-0.001671952
141.13585,0.009122954,0.0076296744,-0.0029440976
141.15256,0.009093823,0.008089016,-0.0041186484
141.16902,0.009438718,0.008253201,-0.0014762619
141.18576,0.009550536,0.008732543,-0.0027170174
141.20242,0.0093946485,0.008975899,-0.000024229188
141.21912,0.009454616,0.00921987,-0.0011900458
141.23592,0.009637901,0.009752553,-0.002301286
141.2526,0.010017577,0.010144659,0.00034227886
141.26907,0.010248866,0.0104845455,-0.0007954651
141.28574,0.010570089,0.0110291075,-0.0020317123
141.30232,0.010676499,0.011371666,0.0005496484
141.31898,0.011208454,0.011513048,-0.0006316004
141.3356,0.011738316,0.011682197,-0.0018471939
141.35237,0.011960786,0.01205467,0.0007526329
141.36874,0.012305057,0.012288943,-0.00048694835
141.38565,0.013098981,0.01235826,-0.0018286988
141.40231,0.013292613,0.012116164,0.0008459123
141.41907,0.013983767,0.012146748,-0.0003554882
141.43593,0.014199504,0.011863891,-0.0016417386
141.45233,0.014241856,0.01182803,0.0010578858
141.46916,0.015395571,0.010981062,-0.0003499737
141.48581,0.015530001,0.010853844,0.0023457487
141.50241,0.016137173,0.010962086,0.0010659227
141.51921,0.017059864,0.010727558,-0.0002533211
141.53604,0.018247906,0.01030426,-0.0014044385
141.55254,0.018872594,0.010295154,-0.0025714517
141.56909,0.019389542,0.010611056,-0.0038705766
141.58566,0.019355329,0.010673422,0.0025658056
141.60265,0.020033035,0.010606753,0.0013183831
141.6195,0.020645076,0.01090559,-0.0036777195
141.63702,0.021167355,0.011445183,-0.004889695
141.65286,0.021234037,0.011677972,-0.0018369794
141.66948,0.022063417,0.011778795,-0.003422427
141.68597,0.022424834,0.012256264,-0.00073232024
141.70242,0.022754947,0.012842729,-0.0020449883
141.7192,0.023234842,0.013777444,-0.0033254174
141.73547,0.023366896,0.013578351,-0.0005832532
141.75258,0.02415607,0.013560363,-0.0019568321
141.76932,0.024442345,0.014140297,-0.0029068247
141.78627,0.02438783,0.014281367,-0.00022704338
141.80272,0.024682624,0.015087409,-0.0012253968
141.8194,0.024824327,0.01527281,-0.002376278
141.83646,0.02535738,0.015652178,0.00027806734
141.85281,0.024977434,0.016466744,-0.00066592754
141.86937,0.024655696,0.017460177,-0.0018755979
141.88564,0.024485791,0.017807914,0.0007835303
141.90225,0.024076968,0.018590542,-0.00044973262
141.92052,0.023556368,0.019943058,-0.0016559402
141.93587,0.022877999,0.020405483,0.001743078
141.95291,0.022491291,0.021243174,-0.00009388175
141.96945,0.022054104,0.022568855,-0.001160556
141.98598,0.021694185,0.023100926,0.0015071678
142.00224,0.021257913,0.024576742,0.00020564563
142.01921,0.020726936,0.025583476,-0.0010956455
142.03632,0.020570623,0.026401812,0.001689882
142.05302,0.01982006,0.027489051,0.0006972905
142.07,0.018987497,0.028271845,-0.00057151867
142.08665,0.018189134,0.029161898,0.002389479
142.10272,0.017326744,0.030275721,0.0010898665
142.119,0.016739815,0.030961366,0.0036349008
142.13602,0.015572035,0.03248127,0.002234651
142.15257,0.014201923,0.034130424,0.001061799
142.16942,0.013657561,0.03502206,0.0038068965
142.18561,0.012118667,0.036663998,0.0025951671
142.20233,0.010250851,0.038563352,0.0011430574
142.21947,0.009380342,0.039332017,0.0038645917
142.23645,0.0078745205,0.041259896,0.0027306897
142.2527,0.0062732403,0.04308029,0.0015009011
142.26938,0.0049715177,0.043245703,0.0039489497
142.28624,0.0030865236,0.044887383,0.00254688
142.30293,0.0016783326,0.046352137,0.0010688659
142.31909,0.0009955472,0.047030143,0.0037951851
142.3362,-0.00045341367,0.048157584,0.0020194738
142.35297,-0.0022822313,0.04956846,0.0007925214
142.36996,-0.0028598492,0.04998288,0.0034002096
142.38615,-0.004167277,0.051088966,0.0021306241
142.4028,-0.005809512,0.05144873,0.0004718849
142.41977,-0.0066504995,0.052235506,0.0030975982
142.43674,-0.008451927,0.05347201,0.0017290406
142.4532,-0.00955815,0.054310195,0.00031087716
142.46942,-0.010431481,0.054260068,0.0029192737
142.48595,-0.011803153,0.055042103,0.0011853378
142.50262,-0.013433422,0.05584323,-0.00036614254
142.51938,-0.013766334,0.0559714,0.0022766714
142.53644,-0.01430436,0.055986,0.00078379246
142.55281,-0.014845743,0.05558703,0.003605338
142.56956,-0.01582442,0.056017604,0.0019451692
142.58629,-0.016521769,0.056153145,0.00046194316
142.60289,-0.016655914,0.05600994,0.0031419024
142.6194,-0.017300813,0.055697426,0.0016122425
142.63591,-0.018152969,0.055692267,0.000039165876
142.6531,-0.018744137,0.055407126,0.0026176053
142.66953,-0.019318862,0.05507437,0.0013337216
142.68677,-0.019662566,0.054267347,-0.0003369323
142.70265,-0.020108312,0.054349367,0.0026197578
142.71931,-0.021045271,0.053870603,0.00071094447
142.73634,-0.02113481,0.053660057,-0.00086641754
142.75267,-0.021121886,0.053271666,0.0019854712
142.76933,-0.021553647,0.05274691,0.00032017924
142.78612,-0.022232102,0.052506194,-0.0011769369
142.80225,-0.022714142,0.051944472,0.0016106108
142.81923,-0.023285735,0.051228486,-0.00010998465
142.83597,-0.024231274,0.050999656,-0.0057036043
142.85255,-0.024410263,0.050914455,0.0013162487
142.86948,-0.025503293,0.05085262,-0.00010885283
142.8861,-0.026505694,0.050985612,-0.0013997132
142.903,-0.027925124,0.05079846,-0.0028337012
142.91928,-0.030113824,0.05178452,-0.0040894276
142.93593,-0.030291328,0.051681217,0.0027654243
142.95242,-0.032433704,0.05226692,0.0014560703
142.96956,-0.03458498,0.052495126,0.000044055112
142.98619,-0.038135942,0.053724267,-0.0052747256
143.00287,-0.039702073,0.05444494,-0.0024452626
143.01953,-0.042181477,0.054883808,-0.0037123314
143.03627,-0.044151258,0.055558134,-0.0051242723
143.05266,-0.04571114,0.055858556,-0.0021386647
143.06937,-0.048466668,0.056581147,-0.003689249
143.08607,-0.050068013,0.056485366,-0.0007381392
143.10255,-0.051777333,0.056538004,-0.002146359
143.11916,-0.053396277,0.056698218,-0.003578488
143.13571,-0.054274276,0.056795694,-0.00076194206
143.1526,-0.0551814,0.05667202,-0.0022594247
143.16933,-0.05581432,0.056286898,-0.003516163
143.18597,-0.056307737,0.055525213,-0.00065522647
143.20251,-0.057169087,0.055260397,-0.0020260217
143.21938,-0.05723056,0.054704823,-0.0034394867
143.23575,-0.057222717,0.054579895,-0.0005089187
143.2524,-0.056644313,0.053493164,-0.0019496285
143.26936,-0.055971306,0.052379195,-0.0033957441
143.2858,-0.055905756,0.052031327,-0.00025457444
143.30238,-0.054697458,0.05066485,-0.0018036354
143.31909,-0.053059276,0.04926106,-0.0031277214
143.33594,-0.05225946,0.047999874,-0.00013229053
143.3525,-0.05104244,0.046919413,-0.0013545492
143.3695,-0.04935491,0.045676965,-0.002604613
143.38612,-0.048286293,0.044791397,0.00049254386
143.40251,-0.04663273,0.04341698,-0.0007079835
143.41924,-0.04520109,0.041959293,-0.0020523893
143.436,-0.04425331,0.041716713,0.00092275906
143.4526,-0.042251468,0.04039137,-0.00024012174
143.4692,-0.041382913,0.039157774,0.0027270997
143.48587,-0.039680466,0.037739154,0.0015084222
143.50255,-0.037988547,0.03669313,0.00023618211
143.51923,-0.037331842,0.035922565,0.0032924018
143.53581,-0.035103258,0.034620687,0.0020015433
143.55254,-0.033339337,0.033289168,0.000730463
143.56956,-0.032407805,0.03280352,0.003693186
143.58594,-0.030542696,0.031682614,0.0025839636
143.6026,-0.028135011,0.030587822,0.0011502153
143.61934,-0.026827063,0.029394003,0.004093401
143.63612,-0.024387008,0.028189344,0.0028070784
143.6529,-0.021520607,0.026997348,0.0014887529
143.66931,-0.020164752,0.026416957,0.004546146
143.68622,-0.01711215,0.025265623,0.003079229
143.70262,-0.0143334605,0.024343235,0.0018742572
143.7196,-0.012979678,0.02412067,0.0047054957
143.73607,-0.009066178,0.022999048,0.0035212857
143.75276,-0.0054974114,0.021870261,0.0020810608
143.76947,-0.003884743,0.021320915,0.0050606243
143.78629,-0.0005466519,0.02019455,0.0037440427
143.80304,0.0033812053,0.01908648,0.002446567
143.81944,0.0052056606,0.018541545,0.0055023385
143.83606,0.008844133,0.017618407,0.0040549603
143.8535,0.012147886,0.017060062,0.0026566794
143.8696,0.014156792,0.017014472,0.0059629325
143.88623,0.017432986,0.016335832,0.004330541
143.90277,0.018958468,0.01606981,0.007294925
143.91951,0.022231355,0.01560749,0.0058409404
143.93613,0.025954014,0.015144293,0.004478515
143.95349,0.029132204,0.015045567,0.0031246326
143.9696,0.03081762,0.015026921,0.0064076697
143.98615,0.033869218,0.01494103,0.004855257
144.00304,0.035054296,0.014427864,0.0077550425
144.01964,0.037735455,0.014082652,0.0065295068
144.03607,0.0398291,0.01418433,0.005142814
144.05267,0.040804524,0.014078119,0.008016205
144.06944,0.042421784,0.014181246,0.0066197915
144.08624,0.04373034,0.014231799,0.0052708047
144.10281,0.04411648,0.014362741,0.008355777
144.11932,0.044650566,0.014389845,0.006896095
144.13628,0.04505224,0.014787231,0.005436526
144.15308,0.044869196,0.015135609,0.008609491
144.1696,0.044345673,0.0153139625,0.0072355806
144.18631,0.04346402,0.01564509,0.0057130093
144.2027,0.04213249,0.016168222,0.0043378654
144.21933,0.040680278,0.016446602,0.0027523527
144.23627,0.03872314,0.016724344,0.0013200974
144.25287,0.038660225,0.016870363,0.008857728
144.26958,0.036645915,0.016977133,0.007411587
144.28607,0.034115694,0.017249376,0.0060352157
144.3028,0.032062557,0.017677886,0.0045159985
144.31946,0.029761393,0.017993944,0.0031089725
144.33621,0.02647461,0.018047368,0.0017096594
144.3525,0.025010178,0.018925099,0.0047752215
144.3695,0.022124488,0.018527355,0.003249249
144.38638,0.01915099,0.018866599,0.002018818
144.4026,0.017589366,0.019241443,0.005164021
144.41959,0.014190937,0.019509794,0.003580727
144.43639,0.012277506,0.019273186,0.006736288
144.45282,0.008876237,0.019301288,0.005452769
144.4696,0.0071991254,0.019923508,0.008335402
144.48622,0.0032625753,0.019763606,0.007117074
144.50282,-0.00031209982,0.019598734,0.005716148
144.5193,-0.002106134,0.019501906,0.00875174
144.53584,-0.005554376,0.019334756,0.007324101
144.55298,-0.008928038,0.019104598,0.0059587946
144.56941,-0.012309548,0.018994067,0.004889629
144.58595,-0.014019162,0.01814676,0.007914451
144.60272,-0.01712171,0.018081024,0.006528865
144.61952,-0.019049337,0.017931545,0.009776262
144.63599,-0.022228865,0.017422104,0.008555067
144.65268,-0.025158606,0.017004844,0.0072173
144.66951,-0.02819291,0.016408293,0.0060080383
144.68599,-0.029828727,0.016814899,0.009207723
144.70259,-0.032824844,0.015961088,0.0079207225
144.71933,-0.035888616,0.015381796,0.0067246994
144.736,-0.037329737,0.01518071,0.009812062
144.75272,-0.04090431,0.014817209,0.008664254
144.76978,-0.044048626,0.014217868,0.0074682836
144.78659,-0.045697402,0.013644294,0.010772974
144.80289,-0.04851144,0.013161996,0.009624784
144.81926,-0.05026038,0.0132226115,0.0125478795
144.83627,-0.053740863,0.012790028,0.01119836
144.85289,-0.056974564,0.012166299,0.010050844
144.8691,-0.05847824,0.011713775,0.013189529
144.88611,-0.061687354,0.01154662,0.011629134
144.90237,-0.06472747,0.011506127,0.010412649
144.91911,-0.066258624,0.010772478,0.013406525
144.9357,-0.069602124,0.010071503,0.01205348
144.95244,-0.07265182,0.0095450925,0.010650537
144.96904,-0.073843226,0.00921644,0.013735146
144.98572,-0.076924294,0.0084446445,0.012308295
145.0023,-0.07813643,0.0076207304,0.015372232
145.0194,-0.08082655,0.006663575,0.01382179
145.03642,-0.0832293,0.0056557143,0.01249311
145.05243,-0.085143104,0.0046492266,0.011097015
145.07002,-0.08639123,0.0044431817,0.0137851
145.086,-0.08829548,0.003599127,0.012599439
145.10236,-0.08958764,0.0030167294,0.010619434
145.12012,-0.09037009,0.0022541534,0.013451134
145.13599,-0.09155857,0.0017863753,0.012226875
145.15266,-0.09159298,0.0009798429,0.014791921
145.16966,-0.09204734,0.00049020076,0.013069139
145.18593,-0.09195419,0.00004985093,0.011410596
145.20282,-0.09197943,-0.0000906834,0.009443775
145.21945,-0.09198274,-0.0000266677,0.012489905
145.23639,-0.09139309,-0.00013303212,0.010702077
145.25282,-0.09139267,-0.0004878273,0.018460719
145.26942,-0.09012192,-0.0008013978,0.011924471
145.28586,-0.08944506,-0.0007128653,0.010134407
145.30344,-0.08840651,-0.00070167694,0.008299937
145.31973,-0.08818061,-0.00075043127,0.011651122
145.33694,-0.08705266,-0.00057779596,0.009762271
145.35287,-0.086568266,-0.0005378711,0.012952016
145.37013,-0.08518955,-0.00034881753,0.010890993
145.38658,-0.0836886,-0.00028158157,0.009453961
145.40375,-0.082129665,0.00018177842,0.007627435
145.42003,-0.08116088,-0.00005543278,0.010842945
145.43633,-0.07942856,-0.00015478952,0.008953318
145.45276,-0.07868011,-0.0003732093,0.011808552
145.46986,-0.076950245,-0.0003715752,0.009999333
145.48686,-0.07544417,-0.00047938208,0.008605563
145.5027,-0.07471069,-0.0006744599,0.0117227575
145.51935,-0.07313766,-0.00080568384,0.0050480273
145.5359,-0.073134735,-0.0010865859,0.012725982
145.55293,-0.071805306,-0.0015734461,0.01099655
145.56944,-0.07047376,-0.0016088577,0.009495957
145.58592,-0.06932792,-0.001637561,0.0077581177
145.6025,-0.067966856,-0.001992071,0.0059993663
145.61937,-0.06643405,-0.002082757,0.0043064123
145.63644,-0.06642563,-0.002341713,0.0120997345
145.6529,-0.06458123,-0.0019721887,0.010552251
145.66962,-0.06161433,-0.0013617164,0.004050409
145.68633,-0.059520524,-0.0008794751,0.0023565288
145.70265,-0.05836034,-0.00059917144,0.005458015
145.71982,-0.055480327,0.00049131626,0.003585866
145.7362,-0.05323997,0.0011420863,0.0021852963
145.75305,-0.05179121,0.0016045617,0.005089144
145.76958,-0.048911445,0.0030950962,0.003561972
145.78612,-0.04685395,0.0038767157,0.0065779346
145.80292,-0.043625165,0.005858765,0.004946477
145.81944,-0.040344454,0.007331361,0.0034732092
145.83664,-0.038884226,0.008164437,0.006529616
145.85301,-0.035213143,0.010496778,0.0052631674
145.86949,-0.031417344,0.012833679,0.0036253477
145.88622,-0.029934967,0.013819674,0.0066967667
145.90291,-0.026654942,0.01576646,0.005233042
145.91954,-0.02329923,0.017862964,0.0037907753
145.93611,-0.021465885,0.018966414,0.0069543817
145.95285,-0.018103383,0.02135303,0.005512918
145.96971,-0.01486948,0.023559436,0.004162444
145.98653,-0.013595895,0.02487848,0.007490865
146.0031,-0.01019722,0.02684577,0.0062090876
146.01976,-0.0071002487,0.028929569,0.0048711337
146.03665,-0.0060725072,0.029829748,0.008129755
146.05287,-0.003584001,0.031692956,0.0069876392
146.06955,-0.002375203,0.032412276,0.010031973
146.08615,-0.00030035447,0.03376701,0.0087971
146.10278,0.0015073869,0.034866076,0.0075050057
146.11969,0.0026793187,0.035600748,0.0062362617
146.13646,0.003272694,0.035872266,0.009576323
146.15274,0.0045530736,0.036559176,0.008319695
146.16956,0.005521803,0.0367014,0.006801922
146.18602,0.0054173074,0.036797445,0.010097536
146.20285,0.005840369,0.03655587,0.008652839
146.21953,0.0063808737,0.036545705,0.007346138
146.23608,0.006585801,0.03625518,0.010536526
146.25284,0.006304795,0.035418767,0.009048513
146.2697,0.0057638665,0.035203274,0.012254676
146.28621,0.0053603197,0.034344766,0.010832682
146.30281,0.004995362,0.03386698,0.009234854
146.31921,0.004806913,0.032992948,0.012324713
146.33618,0.0040261964,0.031734176,0.010627108
146.35274,0.0032411283,0.030520312,0.00915651
146.36943,0.00261724,0.030205732,0.012182188
146.3862,0.0015358202,0.028578773,0.010571288
146.4029,-0.00001603408,0.027086016,0.00889945
146.41953,-0.0004196314,0.025911584,0.011997213
146.43616,-0.001527569,0.024329565,0.010225841
146.45284,-0.0028644423,0.022305917,0.00846711
146.4693,-0.0038250054,0.021581687,0.011513117
146.4858,-0.00546807,0.019400382,0.009664937
146.50258,-0.0069711157,0.017346328,0.007849084
146.51929,-0.007296532,0.015926816,0.01091882
146.53596,-0.008860307,0.0134513,0.009165301
146.55312,-0.010451109,0.01084669,0.0073027476
146.56964,-0.011919503,0.009662324,0.0105778845
146.5861,-0.0133884605,0.007141453,0.008614695
146.60277,-0.01526067,0.0043943217,0.0066309706
146.61952,-0.016066434,0.002982564,0.009608801
146.6362,-0.018033631,0.00040724038,0.007756506
146.65251,-0.018865405,-0.0011967453,0.010755657
146.66919,-0.020625612,-0.0037651344,0.00867635
146.68602,-0.022704598,-0.0064927014,0.0067983763
146.7029,-0.02463446,-0.009132796,0.005009852
146.71924,-0.025830613,-0.010360453,0.008060028
146.73589,-0.027672632,-0.013081676,0.006039161
146.75253,-0.027971815,-0.014612482,0.009008746
146.76926,-0.029672485,-0.017183427,0.0071623744
146.78598,-0.031570762,-0.019934505,0.0052673607
146.80258,-0.032501243,-0.021421995,0.008352822
146.81932,-0.033851348,-0.023724006,0.0065244325
146.83604,-0.0352967,-0.026583333,0.0047335755
146.85307,-0.035987128,-0.028097102,0.007864976
146.86925,-0.037251014,-0.030387418,0.0061782394
146.88593,-0.039113026,-0.032843262,0.004149862
146.90277,-0.039581668,-0.03408434,0.007187425
146.91954,-0.04087019,-0.03641499,0.0054604434
146.93604,-0.04231347,-0.03862073,0.003712293
146.95262,-0.04287138,-0.039837647,0.0066611622
146.96925,-0.044282548,-0.042968217,0.0001234605
146.98607,-0.045048352,-0.044690736,-0.0016488488
147.00294,-0.044871524,-0.044868898,0.006260077
147.01935,-0.045759458,-0.04634594,0.00454505
147.03633,-0.04648487,-0.04840997,0.0027893053
147.05283,-0.04706477,-0.04959373,0.0012782919
147.06938,-0.047558915,-0.05042796,-0.00051306066
147.08609,-0.04736223,-0.050613005,0.007275544
147.10289,-0.048268583,-0.052299198,0.0056900783
147.11925,-0.048834343,-0.053471815,0.0041346857
147.13608,-0.049402922,-0.054038394,0.0023015025
147.153,-0.04988161,-0.05510719,0.00066770957
147.16945,-0.050068207,-0.055797998,-0.0008082952
147.18597,-0.05014698,-0.055998795,0.0021307482
147.20271,-0.05034777,-0.056340314,0.0005195323
147.21918,-0.05022965,-0.056526247,-0.0009473717
147.23616,-0.050017193,-0.056720037,0.0020535884
147.25308,-0.04978722,-0.056950167,0.00071037136
147.26994,-0.049503077,-0.056583215,-0.0007366774
147.28601,-0.049841866,-0.05674661,0.0025256881
147.30272,-0.049592823,-0.056272615,0.0006994619
147.31944,-0.049468197,-0.055955645,-0.0008078376
147.33623,-0.04872343,-0.05583575,0.002448449
147.3532,-0.04854644,-0.05514599,0.0010002968
147.36943,-0.04847398,-0.05459218,-0.0002717078
147.3858,-0.048314277,-0.054562394,0.0026629593
147.40286,-0.04792245,-0.054058008,0.0011032778
147.42007,-0.047628574,-0.05342225,-0.00020078386
147.43643,-0.04732226,-0.053214956,0.0032395455
147.45287,-0.04656453,-0.052440394,0.0015780702
147.4695,-0.0465646,-0.052268937,0.0046376702
147.48631,-0.04558853,-0.05110702,0.003044556
147.50298,-0.045022685,-0.049493942,0.0014852742
147.51979,-0.044539563,-0.047704943,-0.00009748928
147.53639,-0.044199143,-0.046521712,0.0030709787
147.55275,-0.04366544,-0.043908145,0.0013903994
147.57007,-0.04304198,-0.041231267,-0.00037666966
147.5863,-0.042586498,-0.03944396,0.0030137643
147.60269,-0.042022508,-0.035793897,0.0011280864
147.6197,-0.041609246,-0.03203482,-0.00064744113
147.6362,-0.041141804,-0.030215923,0.0026364098
147.65283,-0.040556043,-0.026092576,0.00087434694
147.67017,-0.040060792,-0.022288295,-0.0007541499
147.68654,-0.03956619,-0.020799363,0.002613975
147.70267,-0.039207205,-0.017025828,0.00082011404
147.71982,-0.03877299,-0.012387207,-0.001101415
147.73639,-0.038793206,-0.0103091,0.0021977678
147.75273,-0.038532484,-0.00609827,0.00057122734
147.76944,-0.038356107,-0.0042821085,0.003449765
147.78665,-0.037883483,-0.00066768116,0.0019507048
147.80283,-0.03732985,0.0033071323,0.0005676959
147.81955,-0.037366368,0.00482336,0.003513805
147.83607,-0.03687868,0.0079808375,0.001976752
147.85347,-0.03660139,0.010935758,0.00022956762
147.86949,-0.03631649,0.012411625,0.0037862242
147.88596,-0.035859738,0.014820923,0.0018526752
147.90294,-0.035189196,0.01620612,0.00017310205
147.9196,-0.03505352,0.017009482,0.0034453745
147.93617,-0.03460109,0.018144274,0.0018283444
147.9534,-0.033956304,0.018977255,0.00026898168
147.96942,-0.033078752,0.019160459,0.0035478356
147.98604,-0.032042965,0.01871325,0.0016159165
148.00287,-0.031299166,0.018910956,-0.000057864123
148.01964,-0.031083206,0.018670801,0.0030636333
148.03584,-0.029973334,0.018074932,0.0014684175
148.05315,-0.028982092,0.017268233,-0.00048709745
148.06937,-0.028832091,0.016800761,0.0028630474
148.08685,-0.028117051,0.016300684,0.0009244253
148.10269,-0.026983107,0.015398739,-0.0004240914
148.11957,-0.025911305,0.014818372,0.0022240032
148.13599,-0.024637656,0.013445516,0.0005111549
148.15276,-0.024535954,0.012804039,0.003496622
148.16922,-0.023313053,0.011884402,0.0017154884
148.1858,-0.022040697,0.010428174,-0.00013473998
148.20256,-0.022081047,0.010341997,0.007669925
148.21921,-0.020538677,0.008620856,0.0011184078
148.23582,-0.019364495,0.007144764,-0.00065333536
148.25273,-0.01823299,0.0063297604,0.0023738267
148.26923,-0.016721806,0.0045271106,0.0006970027
148.28627,-0.015340171,0.0029722974,-0.0011394541
148.30276,-0.015300195,0.0020437066,0.0020750521
148.3194,-0.013752875,0.00010213197,0.00026452387
148.33578,-0.012152366,-0.0021938442,-0.0013820336
148.35281,-0.010944724,-0.0028808098,0.0014850551
148.3692,-0.009744187,-0.005023179,0.0000710492
148.38626,-0.008130103,-0.0075987275,-0.0017696674
148.40271,-0.006678632,-0.01035731,-0.0032562546
148.41939,-0.0050397683,-0.013531391,-0.0049313605
148.43623,-0.0036090743,-0.015905486,-0.006615812
148.45276,-0.0035460766,-0.015919501,0.0012980327
148.46956,-0.0019425128,-0.018649993,-0.00045446784
148.4858,-0.00022368878,-0.021263577,-0.002009008
148.50272,0.0013640464,-0.023538709,-0.0038115755
148.5194,0.0025428876,-0.025764748,-0.005351764
148.5358,0.0026436695,-0.025754267,0.0024752293
148.55232,0.004898231,-0.02888661,-0.0039917277
148.56895,0.00587875,-0.03072887,-0.0056550032
148.58572,0.0065617925,-0.031646736,-0.0025482476
148.6024,0.007831218,-0.033145033,-0.0040611867
148.61914,0.009085683,-0.034735207,-0.005599579
148.63603,0.010049181,-0.03593308,-0.0070778946
148.65263,0.0104549,-0.036426984,-0.0038821474
148.66922,0.011416969,-0.037893932,-0.0053897295
148.68611,0.012454033,-0.038380064,-0.002285774
148.70259,0.013304012,-0.03956509,-0.0036864185
148.71913,0.014284906,-0.04080272,-0.0052851243
148.73608,0.014734162,-0.041681044,-0.0021999453
148.75285,0.015297916,-0.04283068,-0.003562033
148.76913,0.015909107,-0.043984823,-0.005017511
148.78595,0.016432751,-0.044186514,-0.0021155009
148.80261,0.016681446,-0.044851087,-0.0035216496
148.81912,0.017337628,-0.045953922,-0.004954961
148.83606,0.017427558,-0.046443544,-0.0019257875
148.85254,0.017835533,-0.046676647,-0.0031740465
148.86919,0.01840981,-0.047718044,-0.0047038486
148.88611,0.018634137,-0.048075825,-0.0015708756
148.90259,0.01891966,-0.048603907,-0.0028488277
148.91945,0.018919745,-0.04896159,-0.004385981
148.9359,0.019507641,-0.048999522,-0.001150797
148.95259,0.019551182,-0.04924561,-0.0026320973
148.96971,0.019718327,-0.049355205,-0.0041470747
148.98602,0.019558387,-0.049202837,-0.00070365303
149.00278,0.018929439,-0.0488543,-0.0023780754
149.01965,0.018710783,-0.04904636,-0.0038891851
149.0363,0.01897531,-0.048660733,-0.0005294665
149.05273,0.018246373,-0.048154667,-0.0021351483
149.06943,0.01790582,-0.048063107,0.0010071907
149.08606,0.017438328,-0.047254078,-0.0005550952
149.10281,0.016729387,-0.046653125,-0.0021201668
149.11938,0.016037777,-0.046261907,0.001040031
149.13643,0.014828601,-0.045146056,-0.0005413826
149.15312,0.013755647,-0.044372987,-0.0018860043
149.1694,0.013193953,-0.043844916,0.0012972931
149.18591,0.011635751,-0.042878997,-0.00036570439
149.20268,0.010641849,-0.042039186,-0.0020090195
149.21936,0.010216473,-0.041875366,0.0012522144
149.23625,0.008853854,-0.041438688,-0.00030424583
149.25293,0.0075984295,-0.04116593,-0.0017010637
149.26959,0.0073541175,-0.040774774,0.0014394312
149.28621,0.0059173596,-0.040771488,-0.000077491204
149.3037,0.0052962676,-0.04089501,-0.0015454168
149.31976,0.0045936992,-0.041020595,0.0019122509
149.33626,0.0032588926,-0.041171394,0.00010181231
149.35304,0.0026020173,-0.040901326,0.0031175402
149.36961,0.0020211164,-0.041213088,0.0016364465
149.38637,0.0013779652,-0.04131496,0.000053290078
149.4031,0.00028201134,-0.041291,-0.0014649472
149.41953,-0.00009728469,-0.0412677,0.0016616606
149.43633,-0.0006194454,-0.04129612,0.000024439536
149.45317,-0.0012217866,-0.04155498,-0.0014527857
149.47011,-0.0012978938,-0.041513562,0.0017263998
149.48625,-0.0016349865,-0.041378293,0.00032743166
149.50237,-0.0018422543,-0.041057978,0.0032164208
149.52025,-0.0020365338,-0.041169938,0.001399623
149.53673,-0.0019780775,-0.04196195,0.00043353694
149.55298,-0.0018400929,-0.041911494,-0.0012421288
149.5698,-0.0015265539,-0.041761052,0.001673347
149.58673,-0.0015074837,-0.041568395,0.00013382187
149.60341,-0.001076629,-0.04138685,-0.0013348784
149.61981,-0.0011561395,-0.04195581,0.0017317644
149.63649,-0.00055222725,-0.041604187,0.000020147918
149.65292,-0.00027895416,-0.04149341,0.0030584068
149.66977,0.0001127358,-0.04139493,0.0013509222
149.68687,0.0011456443,-0.040967256,-0.0047603603
149.70293,0.0013070735,-0.040962517,0.003119754
149.71938,0.0016545067,-0.041028988,0.0012524413
149.73613,0.002181447,-0.04076556,-0.0004457529
149.75267,0.0028707436,-0.040852096,-0.0019636247
149.76968,0.0031770093,-0.041144438,-0.0035631633
149.78606,0.0033379085,-0.04113211,0.0042565134
149.80312,0.0037376217,-0.041453317,0.002586917
149.81966,0.0044236393,-0.041158207,0.001270381
149.83635,0.0052412585,-0.040407684,-0.0002821274
149.8529,0.005812536,-0.03956736,-0.0017760382
149.86942,0.006144633,-0.03927548,-0.0031445862
149.88622,0.0062933057,-0.03925187,0.004427831
149.90276,0.006884556,-0.03870595,0.0030926527
149.91966,0.0076473565,-0.037762918,-0.0028570816
149.93634,0.00770709,-0.037416812,0.00037857192
149.9526,0.0077469316,-0.036934704,-0.0009642247
149.96954,0.008590922,-0.03641602,-0.00249098
149.98636,0.008771513,-0.035933882,0.0007864126
150.00279,0.009458128,-0.03535649,-0.00045302275
150.01996,0.010015444,-0.035356633,-0.0018659062
150.03625,0.010399349,-0.03487191,0.001532689
150.05278,0.011266264,-0.03423959,0.0000618733
150.06973,0.011732274,-0.033346284,-0.0012950327
150.08621,0.011893375,-0.033201873,0.0019597143
150.10315,0.012612791,-0.032440588,0.0005770645
150.11978,0.013185292,-0.03177766,-0.000613723
150.13612,0.013751791,-0.031587336,0.0025523447
150.15306,0.014368487,-0.030816125,0.0010828879
150.16954,0.015006468,-0.030450458,-0.000078563164
150.18611,0.015212798,-0.030012153,0.0029514222
150.20277,0.01601192,-0.029542098,0.0016292555
150.21956,0.01646294,-0.02898328,0.0003814279
150.2361,0.016640848,-0.02870433,0.00350997
150.2528,0.01735846,-0.027924955,0.0021976042
150.26968,0.017917918,-0.027660865,0.0053561004
150.28604,0.018548774,-0.027009076,0.004152947
150.3028,0.019208115,-0.026168073,0.002729581
150.31943,0.01954818,-0.02607018,0.005870646
150.33617,0.02039757,-0.025562407,0.004528734
150.35266,0.02073669,-0.024941437,0.0031452468
150.36916,0.021236949,-0.025075324,0.006168208
150.3861,0.021511469,-0.02437449,0.004713614
150.40262,0.022044323,-0.024332937,0.0033758106
150.41933,0.022414418,-0.023899432,0.0063971686
150.43585,0.022544064,-0.02337088,0.0049737757
150.45264,0.02340283,-0.023587933,0.003444299
150.46933,0.023954108,-0.023224063,0.0065401304
150.48618,0.024370845,-0.023172604,0.005047389
150.50238,0.024651501,-0.023189753,0.008137145
150.51904,0.02494751,-0.023259895,0.006383544
150.53574,0.025586445,-0.02337311,0.004818694
150.55241,0.025995476,-0.02301988,0.007822057
150.56915,0.026324479,-0.023255834,0.0062476434
150.58577,0.026978638,-0.023736851,0.0046746572
150.60316,0.027897896,-0.023937691,0.0030590266
150.6194,0.027946886,-0.023601754,0.006298546
150.63644,0.02818894,-0.02349443,0.004445617
150.65283,0.028467625,-0.023139574,0.0029382438
150.67007,0.028674014,-0.023210118,0.0056936927
150.68642,0.02901782,-0.022736913,0.0042632674
150.70317,0.029057883,-0.022617076,0.0069661234
150.71918,0.029031638,-0.022643752,0.0052928627
150.7359,0.029512173,-0.022634052,0.0032490506
150.7532,0.029715871,-0.022162618,0.006109499
150.76918,0.029843545,-0.022306383,0.004625425
150.78613,0.02943321,-0.022426981,0.0070994664
150.80302,0.029324008,-0.02227773,0.0054139746
150.81909,0.028830223,-0.022153828,0.0036570595
150.836,0.02845056,-0.022015274,0.0015796148
150.85268,0.027994303,-0.02225301,0.004478906
150.86963,0.02613119,-0.021673148,-0.0019952913
150.88593,0.026213065,-0.021574356,0.0055628736
150.90254,0.025966924,-0.021539511,0.003519465
150.91919,0.024970893,-0.021726314,0.0016507737
150.9358,0.02357464,-0.021704806,-0.00020773064
150.95259,0.023039278,-0.02189246,-0.0020943726
150.96974,0.022545442,-0.021923622,-0.0039026928
150.9862,0.022148121,-0.022046398,-0.0008856396
151.00319,0.021632574,-0.02217081,0.0017669392
151.01973,0.020834317,-0.022186697,0.00007152873
151.03676,0.019960597,-0.02217258,-0.001903547
151.05325,0.018819675,-0.022306014,-0.0036948288
151.06953,0.017704967,-0.022461697,-0.0055558686
151.0864,0.01778569,-0.022397693,0.0016475964
151.10332,0.016139755,-0.02226128,-0.0046584094
151.11983,0.014672103,-0.022522204,-0.0062126983
151.13672,0.013560502,-0.022673836,-0.008006363
151.15314,0.013127956,-0.022418005,-0.0050255
151.16965,0.011856951,-0.022796173,-0.0068424577
151.18665,0.010840493,-0.022985172,-0.008646806
151.2031,0.010844763,-0.022817772,-0.005564593
151.21968,0.010342891,-0.022491323,-0.007363424
151.23642,0.0099088885,-0.022499569,-0.009064426
151.25363,0.009921581,-0.02306071,-0.0061084824
151.27003,0.009397227,-0.02292323,-0.0074641365
151.28636,0.009700905,-0.022747621,-0.004675844
151.30266,0.009999498,-0.022839464,-0.0063238926
151.31981,0.010196124,-0.023090938,-0.008054941
151.33679,0.010336019,-0.022690153,-0.004918806
151.35312,0.010733819,-0.022554155,-0.0063246475
151.3704,0.011067838,-0.022504276,-0.008093817
151.38654,0.011506661,-0.022674918,-0.0048612473
151.40279,0.011736684,-0.022640549,-0.0066298028
151.41975,0.012183974,-0.022632854,-0.008355945
151.4365,0.012142678,-0.022852832,-0.005255534
151.45322,0.0128074605,-0.02279854,-0.0067378655
151.4699,0.013964615,-0.022912411,-0.0080750305
151.48643,0.013890117,-0.022653047,-0.0051663676
151.50316,0.01517196,-0.022586325,-0.006526477
151.5195,0.01610485,-0.022359379,-0.007851116
151.53639,0.016950212,-0.022352405,-0.005012452
151.55305,0.018399166,-0.02184657,-0.006237346
151.56944,0.019806737,-0.02140134,-0.0075782347
151.58641,0.020794583,-0.021432241,-0.0047163577
151.6031,0.022420153,-0.021041704,-0.0058801463
151.61952,0.024026806,-0.020823102,-0.0071171755
151.63649,0.0248532,-0.020124165,-0.0042364937
151.65283,0.026994422,-0.019718021,-0.005389498
151.6695,0.028089639,-0.019489951,-0.0025459544
151.68626,0.029946396,-0.0193088,-0.0038009908
151.70277,0.032052603,-0.01868004,-0.004992724
151.7198,0.032856263,-0.018161787,-0.002083909
151.7363,0.03501466,-0.017970806,-0.003146238
151.75284,0.03686395,-0.017317029,-0.004398458
151.7695,0.03776759,-0.016700622,-0.0014514836
151.78613,0.039854035,-0.015677802,-0.0026099386
151.8028,0.04208668,-0.014614206,-0.0037765757
151.81953,0.04290752,-0.014249285,-0.0008095627
151.83582,0.044680513,-0.013161929,-0.0019569942
151.85275,0.046578016,-0.0121033965,-0.0033334286
151.86961,0.047761146,-0.011453883,-0.0002761162
151.88614,0.049960557,-0.0103238495,-0.0014220801
151.90343,0.051531337,-0.009129336,-0.0027383128
151.9193,0.052436937,-0.008575222,0.00045107972
151.93617,0.05390529,-0.007834337,-0.0011337581
151.95305,0.055411007,-0.0065723713,-0.002320284
151.96945,0.056158133,-0.0058685965,0.0006371393
151.98611,0.057616573,-0.004701174,-0.00080435653
152.00294,0.0590411,-0.0037230947,-0.002149893
152.01953,0.059513126,-0.0024505486,0.00079619896
152.03613,0.060891896,-0.0017091823,-0.0006443069
152.05327,0.061494432,-0.0007022826,-0.0020470847
152.06935,0.061888665,0.000030462725,0.0010323346
152.08617,0.062686436,0.0011725136,-0.00064771087
152.10321,0.0633568,0.0022342557,-0.0020212883
152.11958,0.06367337,0.0025342274,0.0009404201
152.13615,0.06425442,0.0034561353,-0.00065195
152.15271,0.06430773,0.004780943,0.0021295615
152.1693,0.06508151,0.0054841745,0.00058333395
152.18597,0.065287426,0.0063010594,-0.0009733413
152.2027,0.06554966,0.007180974,0.0018425969
152.21918,0.06544425,0.008343247,0.0003201935
152.23616,0.065533474,0.008923683,-0.0013294846
152.25279,0.06544429,0.0093012815,0.001571052
152.26942,0.06549288,0.009771942,-0.00003648482
152.28627,0.06552283,0.010304592,-0.0016058038
152.3028,0.06525839,0.010921208,-0.0030874258
152.31921,0.06465031,0.011703149,-0.0047587575
152.3358,0.06460926,0.011925474,0.0021209323
152.35278,0.0642402,0.012372118,0.00054536015
152.36935,0.06385298,0.012993369,-0.0008371169
152.38591,0.06303688,0.013439182,-0.0024309822
152.40282,0.06206092,0.014328823,-0.0040583443
152.41931,0.061653998,0.015109507,-0.0054406216
152.43584,0.061601568,0.015321555,0.0014392773
152.45258,0.060803723,0.015794905,-0.000121255405
152.46927,0.059718978,0.015924048,-0.005829505
152.48602,0.059180256,0.016623553,-0.003107513
152.50262,0.05872523,0.016984077,-0.0045400932
152.51953,0.058026873,0.016909018,-0.00607398
152.53618,0.057313547,0.016957728,-0.0032751043
152.55287,0.056467786,0.016814424,-0.0047619278
152.56958,0.05531818,0.01644669,-0.00623205
152.58597,0.054551587,0.01642105,-0.0035768347
152.60262,0.053029086,0.015725968,-0.0051711784
152.61945,0.051101178,0.014682767,-0.006727644
152.63605,0.050349083,0.0144069,-0.0039674477
152.65295,0.04772247,0.013243666,-0.0055766553
152.66957,0.04541703,0.012298059,-0.007075779
152.68657,0.044239417,0.011885819,-0.004339374
152.7032,0.041768786,0.010711287,-0.005852499
152.71953,0.039647777,0.009361147,-0.0073500946
152.7367,0.03796086,0.008536499,-0.004898894
152.75304,0.0357106,0.0072147315,-0.0061738985
152.76944,0.032805808,0.0058126817,-0.007752513
152.78642,0.03169038,0.005016607,-0.005294311
152.80295,0.029257182,0.0037851674,-0.0065901624
152.81956,0.026759207,0.0022838602,-0.008211497
152.83627,0.025978819,0.0018194085,-0.005537539
152.85327,0.023508824,-0.000013640489,-0.007033761
152.8695,0.021717591,-0.0016538763,-0.008432785
152.88649,0.020693924,-0.0019026818,-0.005889937
152.90314,0.01861961,-0.0035026516,-0.0072702803
152.91968,0.016913615,-0.004671556,-0.008791561
152.93642,0.016107973,-0.005350392,-0.006181865
152.953,0.014497547,-0.006785888,-0.007708471
152.97011,0.012836522,-0.007987162,-0.009211998
152.98685,0.011993556,-0.008833848,-0.006460289
153.00256,0.010649367,-0.0103783,-0.007875105
153.01987,0.009842489,-0.010973526,-0.005658247
153.03612,0.00885295,-0.011982326,-0.0068228454
153.05301,0.007367169,-0.013558288,-0.008490954
153.07004,0.0065221116,-0.013989624,-0.005767437
153.08632,0.0054741125,-0.015031153,-0.007109581
153.10286,0.0041767755,-0.016658852,-0.008786093
153.11977,0.0034209492,-0.017727843,-0.006186553
153.13647,0.0019850181,-0.019636566,-0.007611399
153.1534,0.00076610374,-0.021658486,-0.009028768
153.16978,0.00009568882,-0.022561,-0.006285229
153.18658,-0.00084717124,-0.024438683,-0.0077920025
153.20375,-0.0020340607,-0.026530065,-0.009095495
153.21974,-0.0023111731,-0.027412798,-0.0062587294
153.2364,-0.0037276533,-0.029265665,-0.007860807
153.25359,-0.004889898,-0.031109838,-0.0092852935
153.26999,-0.005053264,-0.031835973,-0.0063724252
153.28694,-0.0060239905,-0.033904172,-0.00779732
153.30347,-0.0067283255,-0.03565996,-0.008929486
153.3199,-0.0071200593,-0.036258116,-0.0063021183
153.33669,-0.007115854,-0.037497032,-0.007526653
153.353,-0.007997556,-0.038459856,-0.008733537
153.3696,-0.007953953,-0.038695138,-0.006090289
153.38678,-0.007999896,-0.03909,-0.007252879
153.40344,-0.007825866,-0.039366268,-0.00816594
153.41953,-0.007504239,-0.03925568,-0.005391309
153.43617,-0.0068455413,-0.038560603,-0.0067336005
153.45345,-0.0057148198,-0.037680224,-0.0077676163
153.4697,-0.004977827,-0.037062205,-0.00479097
153.48645,-0.0039322777,-0.035699792,-0.0060072336
153.50288,-0.003329918,-0.035129197,-0.0032096652
153.52016,-0.0019523399,-0.033686943,-0.0043208804
153.53651,-0.00043047534,-0.031531457,-0.0050256387
153.55287,0.0006775994,-0.030524567,-0.002418513
153.56953,0.002093412,-0.028013308,-0.0034515886
153.58615,0.0038736449,-0.025742026,-0.0044622933
153.60272,0.0046067466,-0.024185078,-0.0016675895
153.61958,0.006660425,-0.020492703,-0.0026629423
153.6362,0.008940006,-0.016797885,-0.0034985128
153.65286,0.010329782,-0.015064384,-0.0006834291
153.66965,0.013159085,-0.010640095,-0.001546092
153.68622,0.016113406,-0.0054671285,-0.0023323095
153.70279,0.01889522,-0.000540149,-0.003198998
153.71933,0.022224773,0.004886009,-0.004088674
153.73611,0.02220936,0.004956801,0.0022787175
153.75311,0.025432067,0.010876285,0.0015539823
153.76968,0.028762063,0.017174525,0.00084475137
153.78642,0.031903103,0.02378626,-0.00006264854
153.80284,0.034756996,0.030311486,-0.0007940952
153.81932,0.037581503,0.0368972,-0.0017663484
153.83607,0.037464995,0.037015334,0.004532879
153.85254,0.041516248,0.04589645,0.00010104614
153.86916,0.043544956,0.051302135,-0.0007867218
153.88597,0.044069562,0.054596163,0.0019737692
153.9025,0.045963015,0.06025497,0.0012552799
153.9192,0.047851373,0.06517722,0.0002744943
153.93628,0.04884968,0.06753357,0.0031048467
153.95287,0.050428532,0.07212976,0.0023342215
153.96921,0.052076947,0.077506095,0.001490093
153.98625,0.05239606,0.07959204,0.0040427786
154.0027,0.053551417,0.08339149,0.0032795977
154.01926,0.054327384,0.08689849,0.0022564859
154.0365,0.054349322,0.08880576,0.004885024
154.05264,0.05482062,0.091915056,0.004140418
154.06961,0.05505607,0.09414913,0.002931169
154.08603,0.055228475,0.09509117,0.0056633567
154.10265,0.05518239,0.09718638,0.004552762
154.11961,0.055011056,0.0989125,0.0035022115
154.1361,0.054956533,0.099424355,0.0061446205
154.15282,0.054834984,0.1003545,0.0050151264
154.16948,0.054208227,0.10134795,0.00402663
154.186,0.053138517,0.10169605,0.0065019038
154.20265,0.05250876,0.10218127,0.00541156
154.21939,0.051856354,0.102454565,0.004241325
154.23604,0.051458098,0.10260046,0.006789602
154.2527,0.050742183,0.10255953,0.0057048723
154.26924,0.050343815,0.10261077,0.008104956
154.286,0.04949423,0.10277928,0.0069608847
154.30258,0.048782006,0.1024291,0.0057602488
154.31934,0.047917794,0.10310398,0.008246562
154.33609,0.04718451,0.1031529,0.007043024
154.35272,0.04653757,0.10292522,0.0057282327
154.36963,0.04639494,0.10283107,0.008156054
154.38617,0.045589007,0.10218471,0.006863793
154.40309,0.044802308,0.10219196,0.0054162336
154.41948,0.04424269,0.101701245,0.007866414
154.43613,0.043353543,0.100408204,0.006346956
154.45316,0.04219517,0.09897233,0.0049953996
154.46964,0.041534267,0.098682836,0.0074553755
154.48622,0.04054043,0.09733535,0.005987747
154.50328,0.039095968,0.09500227,0.004446954
154.51955,0.038344976,0.0940657,0.0069376077
154.53648,0.03697605,0.09142801,0.0052565215
154.55322,0.03577436,0.08971733,0.0039212387
154.56985,0.03443288,0.088249154,0.006202622
154.5861,0.033046484,0.08527193,0.004711446
154.60307,0.03208474,0.08255231,0.0030921414
154.62001,0.03174508,0.08120217,0.0053269956
154.63634,0.03036274,0.077690355,0.0039171954
154.65361,0.029107984,0.07370428,0.0022078806
154.66965,0.028194765,0.07194196,0.0046480284
154.68628,0.026998088,0.06844103,0.002878044
154.70317,0.025785377,0.064165525,0.0012635073
154.71953,0.024782669,0.06209035,0.0036168105
154.73636,0.023294276,0.058031883,0.0019026742
154.75299,0.022183046,0.05381911,0.00037586252
154.77014,0.022030441,0.051696893,0.002546844
154.78651,0.020714356,0.047429122,0.0011833842
154.80333,0.019553643,0.04335459,-0.0004359432
154.81982,0.018928818,0.04104914,0.001797809
154.83656,0.018240426,0.036999486,0.0002521632
154.85371,0.017157558,0.032356497,-0.0012213646
154.86972,0.016386133,0.030293286,0.0011996345
154.88625,0.015335211,0.026077736,-0.0004742828
154.90292,0.015079252,0.023876054,0.0016678774
154.91951,0.01436319,0.019463861,0.00023803493
154.93709,0.0135236075,0.015568215,-0.0012070665
154.9532,0.012731901,0.013698463,0.0013558633
154.96983,0.012505718,0.0095204385,-0.00019560625
154.987,0.011617014,0.0057264697,-0.0014778121
155.00296,0.011796148,0.0037608845,0.0009404991
155.0199,0.011440514,0.0003197494,-0.00053423573
155.03674,0.011028655,-0.003654272,-0.0016607235
155.05319,0.01042852,-0.005520736,0.0007061131
155.06961,0.009848651,-0.008319732,-0.0005510653
155.08638,0.009890176,-0.009734439,0.0016562229
155.10286,0.0095736785,-0.012993156,0.0005322903
155.11969,0.008535992,-0.01713442,-0.0041247783
155.13632,0.008225228,-0.01941965,-0.0051820935
155.15295,0.008280596,-0.019396238,0.0005182907
155.1696,0.008296769,-0.021951841,-0.00054486736
155.18617,0.007769968,-0.024019042,-0.0015628971
155.20317,0.0076776785,-0.025184026,-0.0025701206
155.21985,0.0077054854,-0.027086725,-0.0034173022
155.23682,0.007782199,-0.027064605,0.0022523757
155.25308,0.008285267,-0.02918737,-0.0018586849
155.26958,0.008678886,-0.029667605,-0.002926832
155.28632,0.0088631995,-0.030672286,-0.0039084274
155.30296,0.008751056,-0.030777667,-0.0015549613
155.31952,0.008743684,-0.030988352,-0.0024568154
155.33618,0.008996437,-0.030965336,-0.00015444205
155.3531,0.008947786,-0.031005202,-0.0009900396
155.3698,0.0090352595,-0.030841509,-0.0017272439
155.38654,0.008897937,-0.030247249,-0.002527871
155.40347,0.0086659165,-0.029929945,-0.0001956588
155.41956,0.0088901445,-0.029081045,-0.000893367
155.43626,0.008624166,-0.02873038,0.0012664887
155.45294,0.008224958,-0.027336717,0.0004382298
155.46967,0.008410139,-0.025860468,-0.00041994388
155.48656,0.008740818,-0.024996357,0.0019231245
155.50299,0.008710709,-0.023620598,0.0011069597
155.5196,0.008663786,-0.021601066,0.00009662222
155.53645,0.0083128335,-0.020709679,0.0023438153
155.55307,0.008438102,-0.018744886,0.0014339497
155.56984,0.008718769,-0.01656522,0.00040419848
155.5862,0.008509677,-0.01560414,0.002668902
155.60284,0.008373844,-0.013265827,0.0015124284
155.6197,0.008411382,-0.011110376,0.0004974944
155.63611,0.008769816,-0.010027245,0.002755359
155.65285,0.008595791,-0.0068230187,0.0016338452
155.66956,0.008400069,-0.0041053966,0.00065746653
155.68626,0.008348829,-0.0027445164,0.002767864
155.70287,0.008183858,0.00027772578,0.0017783924
155.71944,0.007651932,0.0035000558,0.0007431188
155.73589,0.0073975013,0.0050236126,0.002768515
155.75273,0.0069458326,0.008186002,0.0016350218
155.76952,0.006703615,0.011344485,0.0005677005
155.78609,0.0060988218,0.012903817,0.0027446167
155.80264,0.0055684415,0.016143594,0.0015749496
155.81918,0.0059413407,0.01778506,0.0035840047
155.83585,0.0054565864,0.021057807,0.0024183625
155.85252,0.0050563016,0.024190133,0.0012592217
155.86955,0.0042993566,0.025554866,0.0033617793
155.8861,0.0040630265,0.028581753,0.0022956461
155.90265,0.0032480543,0.031699505,0.0010783816
155.9194,0.0036329308,0.033543613,0.0031080137
155.93613,0.0031257865,0.036987714,0.0019618545
155.95265,0.0026242188,0.040091127,0.00080459635
155.96921,0.0019762402,0.041348115,0.0028166475
155.98608,0.001329691,0.04439383,0.0016291238
156.00319,0.00059314916,0.047490012,0.00054107996
156.01976,0.0005808117,0.04907058,0.0026884489
156.03621,0.0003045845,0.051646557,0.0015124606
156.05316,-0.00025801003,0.054343503,0.0003319196
156.06944,-0.0011405733,0.05546115,0.0024879095
156.08612,-0.0015552501,0.05839651,0.0012758985
156.10306,-0.0016851961,0.059651475,0.003340133
156.11952,-0.0021997637,0.061989967,0.0023684807
156.13615,-0.0027797972,0.06450071,0.0012319102
156.15274,-0.002656416,0.06578161,0.0032730696
156.1693,-0.0034026732,0.067944124,0.002224845
156.18628,-0.0037009658,0.06993341,0.0011782392
156.20354,-0.004459982,0.07207589,0.00035293683
156.21971,-0.0048742,0.07287918,0.0025434792
156.23625,-0.005241633,0.07460837,0.0014193722
156.25308,-0.0052580526,0.07518979,0.003449931
156.26955,-0.0057910224,0.07655735,0.0025232378
156.2864,-0.0064773457,0.077562965,0.0015519328
156.30318,-0.006628692,0.0780996,0.0036320128
156.31982,-0.0069861864,0.07855774,0.0027194535
156.33691,-0.0073012384,0.07942303,0.0018401298
156.35318,-0.00765113,0.079892986,0.0011635299
156.36984,-0.0077693383,0.07989048,0.00009229277
156.38628,-0.007969334,0.07987082,0.005096882
156.40295,-0.008372766,0.07993505,0.0041167014
156.42027,-0.009211492,0.08048512,0.0034344378
156.43646,-0.009385633,0.08044202,0.002854717
156.45396,-0.009559343,0.08054764,0.001945765
156.46979,-0.010062204,0.08094528,0.0015501248
156.4864,-0.01025215,0.08092134,0.006241749
156.5033,-0.010973622,0.081391,0.005595546
156.51973,-0.011564435,0.081736036,0.0050051627
156.5363,-0.011882416,0.08207556,0.004271909
156.55333,-0.012568152,0.08280555,0.003623661
156.56996,-0.013624808,0.083017185,0.0031700558
156.58672,-0.014104598,0.082733124,0.0025888493
156.6037,-0.014822734,0.08254579,0.0047936332
156.61984,-0.015353308,0.08203043,0.004339644
156.63661,-0.016026916,0.08156303,0.0036280483
156.65334,-0.016523173,0.081002496,0.005868728
156.67055,-0.016610077,0.07986397,0.0053395038
156.68732,-0.016644405,0.07890254,0.0049923575
156.703,-0.016735006,0.0783363,0.0072090267
156.71983,-0.016836705,0.07728293,0.0064131017
156.73639,-0.017107954,0.07596113,0.008620561
156.75319,-0.01674772,0.074341014,0.007963759
156.77016,-0.016670572,0.07257482,0.0074275318
156.7865,-0.016810931,0.07142445,0.0095507605
156.80293,-0.01628782,0.06931906,0.008758036
156.81996,-0.015822945,0.067280576,0.007925871
156.8365,-0.015907448,0.06638637,0.009985897
156.85373,-0.01595806,0.06444407,0.009072637
156.87033,-0.015434719,0.06208739,0.0082248775
156.88667,-0.01503874,0.061241668,0.01003574
156.90321,-0.014704911,0.059105534,0.008842651
156.92084,-0.014272568,0.0569044,0.0076566106
156.93611,-0.013754182,0.055699334,0.009659302
156.95303,-0.013227179,0.053293906,0.008042621
156.97005,-0.012567698,0.05096974,0.006824178
156.98643,-0.012755739,0.04965935,0.008640034
157.00314,-0.012147291,0.047265444,0.0071873534
157.01984,-0.011450397,0.04493848,0.0058279983
157.03633,-0.01106967,0.044078186,0.0074816793
157.05307,-0.010819865,0.04207112,0.0060086283
157.06976,-0.010331068,0.04088424,0.0076261284
157.08632,-0.009499583,0.03901337,0.006154725
157.10313,-0.008913482,0.036616005,0.004660996
157.11984,-0.008709001,0.035155445,0.006211957
157.13597,-0.008294139,0.03303309,0.0047532986
157.15265,-0.0074035204,0.030504283,0.0031021694
157.16948,-0.0064198985,0.02973146,0.0045816097
157.18626,-0.005844064,0.027508449,0.0031081303
157.20322,-0.004788445,0.025414137,0.001662123
157.2195,-0.004647054,0.023808332,0.003241171
157.23604,-0.003213244,0.021651063,0.00172971
157.25316,-0.0024349124,0.020731961,0.0032490236
157.26935,-0.0018196071,0.018983902,0.0020365806
157.28607,-0.0006456191,0.01733051,0.00061786105
157.30281,0.00068509404,0.015412553,-0.0006259157
157.31958,0.0013113499,0.01479424,0.0010557116
157.33633,0.00243172,0.013452671,-0.000080585865
157.35274,0.0036844562,0.011832921,-0.0011013211
157.36945,0.004659145,0.010934304,0.000512541
157.38622,0.005856537,0.009161865,-0.00044464946
157.40298,0.006672127,0.00803516,-0.0013035795
157.41986,0.007119998,0.007205016,0.00044960907
157.43599,0.009312879,0.005649383,-0.00032066795
157.45296,0.010667265,0.0050321664,0.0013090187
157.4692,0.011760083,0.003391002,0.0006439225
157.48593,0.013036482,0.001956976,-0.00012230779
157.50269,0.014009332,0.0010202554,0.0017644196
157.51955,0.015193178,-0.0005986578,0.0012517257
157.5362,0.016300565,-0.0018667962,0.0008918121
157.55272,0.017263995,-0.002164884,0.0027751743
157.56949,0.01799011,-0.002916656,0.0024014744
157.58609,0.01885374,-0.0035425068,0.0020629077
157.60251,0.019338932,-0.0036718838,0.003942272
157.61926,0.020066256,-0.0040064487,0.0035427483
157.63596,0.020518927,-0.0039928164,0.0031901097
157.65256,0.020969948,-0.0039341496,0.0028143707
157.6694,0.021307532,-0.003943729,0.0024388991
157.68584,0.021315606,-0.0038987035,0.00666067
157.70253,0.021190315,-0.003357821,0.0061208163
157.7192,0.02085647,-0.0027460689,0.0056090993
157.73582,0.020872887,-0.0020463143,0.0050995853
157.75269,0.020101236,-0.0014271976,0.0045471704
157.76929,0.019137517,-0.00016379012,0.0040208856
157.7861,0.019137988,-0.00012459255,0.008117307
157.8028,0.01809986,0.002233545,0.005213186
157.81944,0.017147101,0.004165284,0.0045647747
157.83609,0.016176233,0.0049610855,0.0062582153
157.85281,0.014720115,0.0066640023,0.005541784
157.86969,0.013684244,0.008816976,0.0048266146
157.88617,0.012926293,0.009423075,0.0065749236
157.903,0.011096725,0.011326338,0.0057681026
157.91966,0.009319948,0.0136916535,0.0050382833
157.93657,0.008714449,0.014562183,0.0066386717
157.9531,0.007151178,0.01632043,0.005930053
157.96983,0.0051861084,0.018183434,0.005094222
157.98624,0.0044321744,0.019207602,0.006708308
158.00308,0.002806874,0.021262808,0.005845743
158.01988,0.001265647,0.023035334,0.005175541
158.0363,0.0003496251,0.02353386,0.0067477725
158.05298,-0.001546292,0.02551834,0.0059858393
158.06946,-0.0030911278,0.027701905,0.005248723
158.08626,-0.003934758,0.028729089,0.006778156
158.10301,-0.0058222217,0.030754587,0.0061210305
158.11974,-0.00807911,0.03313581,0.005462219
158.1363,-0.009101393,0.0341511,0.0070231073
158.1532,-0.010831758,0.035961725,0.006336193
158.17062,-0.0132907005,0.037990604,0.0058207344
158.18657,-0.014528439,0.038701892,0.0075069657
158.20322,-0.016812721,0.04099045,0.0068307784
158.21974,-0.018715661,0.043250237,0.0061963364
158.2364,-0.019961774,0.043988496,0.007743027
158.25336,-0.022429071,0.045876797,0.007170758
158.26999,-0.024516275,0.047695056,0.0064869565
158.28633,-0.025379851,0.048718225,0.008113405
158.30325,-0.0271734,0.05028631,0.007363905
158.31975,-0.029471345,0.05209074,0.0068009524
158.3366,-0.030861907,0.0524379,0.008365817
158.3531,-0.032370497,0.05384318,0.0077479337
158.36993,-0.033385765,0.054453008,0.009387379
158.38585,-0.035291538,0.055687852,0.008820533
158.40314,-0.03709163,0.05669225,0.00808039
158.4198,-0.03758089,0.05782103,0.009778401
158.43663,-0.03903103,0.058712993,0.009194494
158.45296,-0.040192526,0.059147414,0.0086933235
158.46965,-0.040906377,0.05917536,0.010099052
158.48677,-0.041668102,0.060301606,0.009612163
158.5031,-0.0424338,0.060486846,0.009138873
158.51962,-0.043119494,0.060443517,0.01060216
158.53622,-0.043631066,0.060984325,0.010013452
158.5529,-0.044237595,0.061232578,0.009388048
158.56996,-0.044541154,0.06173185,0.0109130815
158.5865,-0.0446392,0.06198164,0.010332596
158.6028,-0.04502654,0.062465914,0.009584506
158.61923,-0.04532171,0.06255179,0.010916074
158.63567,-0.04509893,0.062673464,0.0100549515
158.65242,-0.04543564,0.062796816,0.009172523
158.66895,-0.045820553,0.06278808,0.010492864
158.68562,-0.045727555,0.06291268,0.009519229
158.70242,-0.045527045,0.06315273,0.010756198
158.71942,-0.04541818,0.06287121,0.009784708
158.7367,-0.045318287,0.062705964,0.008802833
158.75352,-0.044788707,0.06272257,0.0078326585
158.76979,-0.04481731,0.06253707,0.009036245
158.78679,-0.04378065,0.061790217,0.007828032
158.80307,-0.04304372,0.06130735,0.00678194
158.81985,-0.042851504,0.060767867,0.007850811
158.8364,-0.042229995,0.05962675,0.006785354
158.85297,-0.04137993,0.058813095,0.00567841
158.86969,-0.041093174,0.058051042,0.0068037272
158.88632,-0.04005288,0.056901745,0.0057890234
158.90309,-0.03908037,0.055726092,0.004769298
158.91956,-0.038702015,0.05527958,0.0059562405
158.93675,-0.037394907,0.054022577,0.0049333554
158.95305,-0.03714116,0.053058557,0.006246167
158.96967,-0.036122974,0.05170489,0.0052493494
158.98619,-0.035039544,0.05022234,0.004361314
159.00276,-0.034146063,0.04994593,0.005531144
159.0193,-0.033284232,0.048067927,0.004716117
159.03618,-0.03202893,0.046366625,0.003896447
159.05309,-0.030826902,0.0448459,0.0031711098
159.06987,-0.029138649,0.043372463,0.002470539
159.08638,-0.029208645,0.0433252,0.00570272
159.10281,-0.027713453,0.04185445,0.004939119
159.1196,-0.026170734,0.040378027,0.00419801
159.13618,-0.02470118,0.03867,0.0035789195
159.1529,-0.023075638,0.03712253,0.0029063076
159.16959,-0.021458486,0.03526592,0.0022778406
159.18631,-0.019852573,0.0340926,0.0017020615
159.20279,-0.018927041,0.03361466,0.0030127678
159.21962,-0.017397543,0.0321095,0.0024236052
159.23618,-0.016777124,0.031030478,0.0037501508
159.2527,-0.015526807,0.030028073,0.0032312213
159.26933,-0.01414624,0.028885733,0.0026922992
159.28627,-0.013568566,0.027987987,0.004032968
159.30257,-0.012152205,0.026503945,0.0036111397
159.3196,-0.010874098,0.02523648,0.0030513627
159.3365,-0.01013073,0.025070524,0.004400332
159.3526,-0.009136188,0.02383329,0.003972545
159.3693,-0.0075303284,0.022429362,0.0033773705
159.3861,-0.0069201896,0.0217935,0.0046485397
159.40254,-0.0058288663,0.020698315,0.004157464
159.4193,-0.0044898475,0.019490417,0.0036163419
159.43631,-0.003980709,0.018686162,0.00499355
159.45279,-0.0028819432,0.01760745,0.0045240805
159.46948,-0.002027806,0.016532013,0.0039648456
159.48581,-0.0013157206,0.016728373,0.005141262
159.5024,-0.00061259,0.01550817,0.004457221
159.51917,0.00013115068,0.014520757,0.00380581
159.53601,0.0002329399,0.014317316,0.0048420797
159.5525,0.0009150993,0.0136594605,0.004142879
159.56935,0.0018325069,0.01301211,0.0032658514
159.58559,0.0014101517,0.012218739,0.004421994
159.60239,0.0016170919,0.011869243,0.0033862223
159.61943,0.0016859586,0.011334126,0.002417742
159.63586,0.0018107368,0.011758923,0.0034811043
159.65274,0.00126749,0.011409763,0.0023749643
159.66914,0.0010724586,0.011287695,0.0033098117
159.6859,0.0011085878,0.011137449,0.0021001918
159.70255,0.0009451205,0.011031129,0.0010146152
159.71924,0.0006153471,0.010753688,0.001870273
159.7358,0.000121180725,0.0106440075,0.00067962165
159.75255,0.00017480337,0.011251793,0.0014697368
159.76921,-0.00043230416,0.010782799,0.0002809134
159.78625,-0.0011487395,0.010907018,-0.00092017057
159.80272,-0.0017652467,0.011106755,-0.0021499149
159.81956,-0.0017172688,0.011438736,-0.0015194817
159.83615,-0.0024977596,0.011938673,-0.002747001
159.85315,-0.0036279997,0.012338198,-0.0040543335
159.86984,-0.0038883614,0.01221693,-0.003395258
159.88666,-0.0050210822,0.013236119,-0.0046943137
159.90314,-0.0062154266,0.014098243,-0.006003277
159.92001,-0.0068407576,0.014577492,-0.0054593747
159.93657,-0.008096227,0.015095804,-0.006716944
159.95357,-0.008928308,0.016180582,-0.008041004
159.97005,-0.0098178545,0.016938714,-0.00734091
159.98645,-0.0109989345,0.017948696,-0.008605636
160.0037,-0.011812831,0.018714352,-0.009918998
160.02005,-0.0126822395,0.01895748,-0.009148403
160.03662,-0.013442895,0.019825285,-0.010388124
160.05338,-0.013708549,0.02042418,-0.011607279
160.06989,-0.01404533,0.02038931,-0.010846701
160.08658,-0.014352038,0.021030642,-0.012017766
160.10323,-0.014701995,0.021610629,-0.013128114
160.11989,-0.014979445,0.022122564,-0.012293157
160.1366,-0.015218411,0.022828085,-0.013359815
160.15305,-0.016044898,0.023862816,-0.01419938
160.16997,-0.016044622,0.023762643,-0.013559643
160.18704,-0.016641602,0.024472568,-0.014321602
160.20332,-0.01748958,0.0251671,-0.015059875
160.21983,-0.017702447,0.025875576,-0.014401458
160.23651,-0.018278979,0.026409434,-0.015158886
160.25421,-0.018998126,0.027127288,-0.015912462
160.26985,-0.019615967,0.027780708,-0.014982767
160.28653,-0.020154351,0.028552622,-0.015838353
160.30327,-0.020720085,0.029051617,-0.015049392
160.31999,-0.021973543,0.03014546,-0.015698358
160.33665,-0.023195252,0.03166498,-0.017852683
160.3533,-0.023231102,0.03163821,-0.015573121
160.36996,-0.023964478,0.032780793,-0.016258387
160.38608,-0.02530338,0.033423897,-0.016880877
160.40363,-0.026388794,0.03418813,-0.0174851
160.41983,-0.027203463,0.034690786,-0.017887067
160.43655,-0.028426925,0.034969743,-0.018414069
160.45374,-0.028465383,0.034937955,-0.016199995
160.46992,-0.02955553,0.035421863,-0.016534679
160.48642,-0.02983026,0.035872374,-0.016985802
160.5033,-0.03080627,0.03628344,-0.017320996
160.51984,-0.032148026,0.036485754,-0.017486602
160.53635,-0.032186456,0.036451187,-0.015361178
160.55312,-0.03323684,0.036872488,-0.016693005
160.5696,-0.03433555,0.037243884,-0.016706707
160.58583,-0.03469598,0.037468344,-0.01570437
160.6027,-0.03573305,0.03768376,-0.015722802
160.62016,-0.03625034,0.037898,-0.015628105
160.63637,-0.037018795,0.03775631,-0.015409387
160.65355,-0.03743838,0.037803873,-0.014377502
160.66975,-0.038527485,0.038290538,-0.0141736735
160.68655,-0.03859053,0.038177144,-0.013123885
160.70319,-0.039164484,0.038118776,-0.0129204495
160.71976,-0.039705925,0.038128044,-0.012706382
160.73639,-0.039910693,0.038590588,-0.011636793
160.75323,-0.0400974,0.03858991,-0.0113995215
160.76994,-0.04034498,0.038545944,-0.0111232065
160.78633,-0.040587347,0.03839269,-0.010025466
160.80264,-0.040846076,0.038300924,-0.0098151965
160.81969,-0.04146052,0.037812438,-0.00959196
160.83632,-0.041321266,0.037783142,-0.008476494
160.85283,-0.04121876,0.037539296,-0.008192048
160.8695,-0.041279893,0.037413836,-0.007912611
160.88626,-0.041348238,0.036864925,-0.0068214494
160.9033,-0.04122064,0.036800086,-0.006539479
160.9197,-0.040824626,0.036426738,-0.0061970544
160.93636,-0.040825658,0.036558963,-0.0051033353
160.95294,-0.04047606,0.03626014,-0.004804192
160.96965,-0.04027322,0.03560709,-0.0044101994
160.9863,-0.039834477,0.03582529,-0.003338616
161.00296,-0.039616216,0.03555139,-0.0029500746
161.01942,-0.03948981,0.03534694,-0.0025232516
161.03625,-0.039166223,0.034670755,-0.0014409812
161.0529,-0.038841993,0.03453633,-0.0009797694
161.0696,-0.03857746,0.03471446,-0.0005350732
161.08623,-0.038316853,0.03491963,0.00054771104
161.10278,-0.038167767,0.03499988,0.0010009939
161.11966,-0.03772809,0.034912106,0.0014552828
161.13608,-0.037347343,0.034922086,0.0025434215
161.15306,-0.036911473,0.034629226,0.0029780003
161.16948,-0.036451735,0.033818994,0.0040227245
161.1862,-0.03601224,0.033396345,0.004446304
161.20293,-0.035408296,0.03294248,0.0049411627
161.21953,-0.035070274,0.032954447,0.005907845
161.23615,-0.03477175,0.031890534,0.0063621057
161.25294,-0.034231298,0.031382617,0.0067479783
161.26974,-0.03409957,0.031450883,0.0077120513
161.28612,-0.0338607,0.030863684,0.008079879
161.30287,-0.033124313,0.030545646,0.008328777
161.3194,-0.033292897,0.02984528,0.009277477
161.33597,-0.032789435,0.029537072,0.00950801
161.35262,-0.032484055,0.028946647,0.00974118
161.36926,-0.032337453,0.028995974,0.010575382
161.38606,-0.031954333,0.02853433,0.010761937
161.4031,-0.03166869,0.028063895,0.01095884
161.41957,-0.03141625,0.027428417,0.011798261
161.43622,-0.031142233,0.026767377,0.011914496
161.4529,-0.03071474,0.02658597,0.012017856
161.46953,-0.030556154,0.026826883,0.012776619
161.4863,-0.030146549,0.026226206,0.012849671
161.50287,-0.030092767,0.026000256,0.012920126
161.51988,-0.029752469,0.025536524,0.013620858
161.53636,-0.029448602,0.02513266,0.013670911
161.55292,-0.029209133,0.024589691,0.013637898
161.56963,-0.029107645,0.024566054,0.014294878
161.58633,-0.028594611,0.024270684,0.0142391585
161.603,-0.028422564,0.024036933,0.014869483
161.6195,-0.027903209,0.023639724,0.014793661
161.6366,-0.027618803,0.02359596,0.014702446
161.65268,-0.027543528,0.02321674,0.015337134
161.6696,-0.026928745,0.023078812,0.015136545
161.68623,-0.02663192,0.022870865,0.0150085995
161.7031,-0.026623903,0.023266584,0.015576507
161.71967,-0.025895094,0.02355775,0.015384989
161.73682,-0.02557756,0.023398345,0.015212704
161.75299,-0.025212772,0.023426164,0.015748069
161.76968,-0.025131622,0.023490628,0.0155157065
161.78644,-0.024679257,0.023868194,0.015313545
161.80249,-0.024378533,0.023602063,0.015797123
161.81943,-0.024743967,0.023775453,0.01552765
161.83656,-0.024990823,0.023917422,0.015306817
161.85326,-0.024296638,0.02436078,0.015059864
161.8699,-0.024569763,0.024594473,0.01475737
161.8866,-0.024323419,0.024723487,0.01450701
161.90361,-0.024336943,0.024710163,0.015601705
161.92014,-0.023773108,0.024590153,0.015283413
161.9367,-0.02369518,0.024810456,0.014969218
161.95361,-0.02380866,0.02480204,0.014716348
161.96957,-0.024366863,0.024885856,0.0144160325
161.98712,-0.024450013,0.024943173,0.014072409
162.0033,-0.024357215,0.024562279,0.014462466
162.01987,-0.025438031,0.024733178,0.01412825
162.0369,-0.025885295,0.024922324,0.014482406
162.05373,-0.027477182,0.024976037,0.014152275
162.06978,-0.029014682,0.02532757,0.013851769
162.08723,-0.030903876,0.02529195,0.013494185
162.10342,-0.03175083,0.025489597,0.013782376
162.1203,-0.033597432,0.025395289,0.013397953
162.13713,-0.035330515,0.025982868,0.012987452
162.1534,-0.03659322,0.026385957,0.013202042
162.1699,-0.03938718,0.026644103,0.012774569
162.1868,-0.040859316,0.026749281,0.012949528
162.20328,-0.04271315,0.027032873,0.012549927
162.2197,-0.04454411,0.027175464,0.012032968
162.23622,-0.045910683,0.02737062,0.012224878
162.25319,-0.048654914,0.027635789,0.011659524
162.27013,-0.05120163,0.02789825,0.011152257
162.28613,-0.051975388,0.027987659,0.011288993
162.30324,-0.054185234,0.028524468,0.010743698
162.31998,-0.05686122,0.028647589,0.010234688
162.33658,-0.05811199,0.029186575,0.0102566555
162.3534,-0.059937127,0.029291268,0.009648354
162.36995,-0.061330967,0.02921266,0.008995425
162.38638,-0.06250741,0.02950871,0.009013683
162.40315,-0.064514056,0.029849103,0.008352677
162.41962,-0.065590926,0.030124018,0.008332407
162.43645,-0.06648134,0.030029936,0.0077355704
162.45331,-0.066968374,0.030408684,0.0069627706
162.47034,-0.06735856,0.030483965,0.006188272
162.48668,-0.068036504,0.03022328,0.0062688403
162.50302,-0.0678847,0.030364186,0.0053826557
162.51956,-0.06729868,0.030415699,0.0045571583
162.53638,-0.066587254,0.030779528,0.0044699907
162.55351,-0.066059455,0.030605314,0.0036456794
162.56993,-0.0656411,0.03061168,0.0035492831
162.58664,-0.06386415,0.030600142,0.0026977356
162.60266,-0.06211346,0.030703707,0.0017983959
162.61972,-0.06125518,0.030288264,0.0016853546
162.63654,-0.05918925,0.030519456,0.00073803996
162.65317,-0.056816187,0.030786205,-0.00002474024
162.66983,-0.055288196,0.030769164,-0.0002491301
162.6863,-0.053278413,0.030651797,-0.0010704923
162.7027,-0.050730653,0.030484954,-0.0019137006
162.71931,-0.04950566,0.030415634,-0.0021559088
162.7367,-0.047014147,0.030122688,-0.0030144933
162.75276,-0.044389557,0.030264935,-0.0039365883
162.76982,-0.043269247,0.030522157,-0.0041849357
162.78645,-0.04046678,0.030444963,-0.005100204
162.80327,-0.03749711,0.029969774,-0.00605945
162.81976,-0.035997115,0.030052708,-0.006359233
162.8364,-0.033132758,0.029978102,-0.0073178452
162.85358,-0.030332727,0.029870594,-0.008263147
162.86952,-0.029042259,0.02944793,-0.008524665
162.88649,-0.026252577,0.029037666,-0.00952559
162.90318,-0.023677194,0.029271675,-0.010525505
162.91933,-0.022315057,0.029246977,-0.01079715
162.9362,-0.019509422,0.028758522,-0.011727058
162.95274,-0.016895771,0.028583063,-0.012550859
162.9694,-0.0154936,0.029030973,-0.0127772745
162.9862,-0.013322597,0.028549548,-0.013411148
163.00288,-0.011960618,0.027964273,-0.013547773
163.0193,-0.009419776,0.027800953,-0.01396031
163.03621,-0.0077722725,0.027575003,-0.014172745
163.05289,-0.006892998,0.027613671,-0.014239947
163.06958,-0.0050391867,0.027137564,-0.01437368
163.0862,-0.0028657778,0.026834633,-0.014366337
163.10283,-0.0020146098,0.026289413,-0.014337526
163.11946,-0.00056553056,0.025718076,-0.014274561
163.13608,0.0013051315,0.025397187,-0.014133404
163.15297,0.002248636,0.025096823,-0.013936703
163.16951,0.0034863304,0.024619391,-0.013652581
163.18636,0.0047377357,0.024206847,-0.01331988
163.20293,0.0054521374,0.023941716,-0.013000454
163.21951,0.0069425968,0.023395952,-0.012590192
163.23622,0.007273918,0.023492908,-0.012264146
163.25293,0.008637332,0.023060055,-0.011776227
163.26994,0.0092985565,0.022507321,-0.011191821
163.28625,0.010190172,0.02191861,-0.010432055
163.30292,0.011207907,0.021441704,-0.009620184
163.31969,0.011359338,0.021003347,-0.008890706
163.33626,0.011359443,0.021002823,-0.008919105
163.35307,0.011344992,0.020653993,-0.008039925
163.36964,0.011144695,0.020036256,-0.0070910966
163.38618,0.011158597,0.020004783,-0.006233018
163.40274,0.010293701,0.019921215,-0.0053735757
163.41982,0.0096222665,0.019616103,-0.004362163
163.43625,0.0095339315,0.01938707,-0.0039949296
163.453,0.008358379,0.019070974,-0.0030258193
163.46944,0.007237992,0.018557562,-0.002100249
163.48611,0.006605912,0.018748216,-0.0017534908
163.50293,0.0053371335,0.018754156,-0.00087387365
163.51942,0.004056944,0.018537808,-0.000075044176
163.53658,0.0033505626,0.018050222,0.00024044885
163.55275,0.0017655494,0.01741403,0.0009920782
163.56987,0.0005528299,0.017013034,0.0016397587
163.58679,-0.00019146746,0.017513542,0.001890037
163.60292,-0.0018284158,0.017165303,0.0024510608
163.61981,-0.0035488186,0.016379125,0.0029777328
163.63654,-0.004184223,0.01614264,0.0030620426
163.65343,-0.0059003965,0.01594464,0.003483109
163.66962,-0.007624641,0.015901057,0.0038421266
163.68658,-0.008840106,0.015709775,0.0038515541
163.70326,-0.010464342,0.0153333675,0.004079357
163.72026,-0.012164054,0.0152739985,0.0042735636
163.73729,-0.013359186,0.015707215,0.004189969
163.75316,-0.015687201,0.015864108,0.0042529074
163.76996,-0.01784542,0.015437394,0.0043307357
163.7864,-0.019255696,0.01542645,0.0040924693
163.80328,-0.02176296,0.0154858995,0.0039897906
163.81937,-0.023974469,0.015859284,0.0038838098
163.83582,-0.024963848,0.01607068,0.0035270203
163.85277,-0.02725692,0.016037373,0.0034333088
163.86925,-0.02801412,0.016383978,0.003000217
163.88628,-0.030203408,0.016491184,0.0028275938
163.90254,-0.031814747,0.016740004,0.002635252
163.91936,-0.032633003,0.017048186,0.002148821
163.9363,-0.0343888,0.01706123,0.0020031861
163.9528,-0.0357442,0.01723041,0.001708979
163.96922,-0.03645738,0.016918274,0.0013280768
163.98578,-0.03800022,0.017293226,0.0010866734
164.0026,-0.039110534,0.017421385,0.0007849922
164.01964,-0.039971434,0.01786231,0.0004356272
164.03673,-0.04145823,0.018258465,0.00014133411
164.05315,-0.042849973,0.018142832,-0.000057344845
164.06967,-0.043415688,0.017998444,-0.0005538397
164.08687,-0.04487691,0.018215356,-0.0007143717
164.1033,-0.045301653,0.018257385,-0.0009217548
164.11972,-0.046194844,0.018406298,-0.0013127448
164.13657,-0.047118016,0.018432887,-0.0013907282
164.15366,-0.04762092,0.018806765,-0.0016041382
164.16994,-0.048103653,0.019058494,-0.001963658
164.18703,-0.049123216,0.019348137,-0.0021089958
164.20335,-0.04965466,0.01994335,-0.0021947846
164.21985,-0.049835153,0.019654332,-0.0025358854
164.23663,-0.050528634,0.020043971,-0.0025243806
164.25331,-0.050782137,0.020043116,-0.0024388474
164.26987,-0.05084754,0.02014853,-0.0027916853
164.2864,-0.051064074,0.020566814,-0.0026846435
164.30296,-0.05120911,0.020762047,-0.0024707578
164.31964,-0.051245667,0.020786427,-0.0027616078
164.33743,-0.051547695,0.020887418,-0.0024483448
164.35355,-0.051191676,0.020830706,-0.002135376
164.3699,-0.05120506,0.021374179,-0.002393424
164.38643,-0.051484227,0.021564916,-0.0019409746
164.40286,-0.05098122,0.02186094,-0.0015390136
164.41998,-0.050893273,0.021624604,-0.0016714141
164.43651,-0.050295845,0.021791032,-0.0012467275
164.45308,-0.050204795,0.022334017,-0.001369706
164.46977,-0.049994275,0.022674482,-0.00085483585
164.48671,-0.04961338,0.022900596,-0.00023314371
164.50313,-0.049111452,0.022346577,-0.00039355812
164.51987,-0.048999865,0.022989877,0.00028196472
164.53676,-0.04902117,0.023185924,0.00096243905
164.55327,-0.048766475,0.023353873,0.00078192673
164.56973,-0.048402477,0.02346718,0.0014917883
164.58618,-0.048384197,0.02350925,0.00223526
164.6027,-0.04837404,0.024185633,0.002035622
164.61958,-0.048007827,0.024258818,0.0027616303
164.63618,-0.047781795,0.024539324,0.0033658105
164.65294,-0.04748687,0.024133105,0.0031751725
164.66966,-0.047042564,0.024592798,0.0046418468
164.68619,-0.04637798,0.02482142,0.0052382546
164.70296,-0.046364434,0.024846664,0.0041493275
164.71976,-0.045285385,0.024995768,0.004691179
164.73633,-0.04472646,0.02532677,0.0052017006
164.75284,-0.043677878,0.025713135,0.0057203234
164.76987,-0.042877845,0.026180077,0.006188148
164.7864,-0.04171966,0.0265537,0.0065361545
164.80295,-0.0417039,0.026577866,0.0053695953
164.81966,-0.040762365,0.026716717,0.00572953
164.8363,-0.03869946,0.027088469,0.006686871
164.85301,-0.038068198,0.027054839,0.0061884904
164.86972,-0.0367217,0.027220666,0.0062579005
164.88632,-0.03509123,0.027225051,0.00623806
164.90291,-0.034360293,0.027688729,0.0056465003
164.91956,-0.032778814,0.027897837,0.00555753
164.93607,-0.03183378,0.02757386,0.0049115727
164.95287,-0.029939756,0.027488165,0.0047412333
164.96939,-0.028399423,0.027699307,0.00452361
164.98619,-0.027517907,0.028140962,0.0037395013
165.003,-0.02536884,0.02807644,0.0034323668
165.01956,-0.023773702,0.028063014,0.0030287297
165.0362,-0.022811964,0.027557788,0.002173706
165.05289,-0.020757278,0.027817141,0.0017707043
165.06955,-0.01923847,0.027740784,0.0014045935
165.08655,-0.018294519,0.027296335,0.0005764059
165.10309,-0.016753318,0.026986824,0.0002865896
165.11972,-0.01501886,0.026935086,0.000078741345
165.13638,-0.014330204,0.027458848,-0.00067349884
165.15303,-0.012640514,0.027283793,-0.00074264006
165.16992,-0.011488658,0.027000746,-0.0007220816
165.1863,-0.010755821,0.026860561,-0.0014290798
165.20303,-0.009540649,0.026715215,-0.0012808255
165.21979,-0.008103139,0.026577262,-0.001097349
165.23611,-0.0077443095,0.026298242,-0.0017645813
165.25343,-0.006859768,0.02647531,-0.0014433598
165.27017,-0.0060523176,0.02623093,-0.0012040521
165.28662,-0.0056790784,0.026269216,-0.0017821168
165.30295,-0.005100365,0.026211476,-0.0013597318
165.32028,-0.0045982907,0.026399842,-0.0008752024
165.3362,-0.0044484753,0.026047342,-0.0015054175
165.35358,-0.0036854695,0.025857782,-0.0008684664
165.3702,-0.0038997354,0.026220012,-0.00034798376
165.38713,-0.0038700127,0.025884751,-0.0008268
165.40346,-0.0039133616,0.025787724,-0.00016177256
165.42023,-0.0040580104,0.025654543,0.0006015468
165.43675,-0.004081022,0.026126625,0.00016606342
165.4535,-0.004625866,0.02599674,0.0009588819
165.47054,-0.005493525,0.026077071,0.0018122705
165.48695,-0.0054255864,0.025726166,0.0013304248
165.50322,-0.0059739402,0.025786422,0.0022416604
165.51999,-0.006947167,0.025797745,0.0032134685
165.53674,-0.007233485,0.025841748,0.0027645237
165.55313,-0.008015667,0.025903398,0.0037218966
165.56978,-0.008053332,0.026033817,0.0033435577
165.58673,-0.00910003,0.025906587,0.004330168
165.60323,-0.010510494,0.025923152,0.0053204657
165.62033,-0.011092578,0.02551579,0.004931958
165.63683,-0.012219561,0.025455983,0.0058649024
165.6539,-0.01352151,0.025604142,0.0068963515
165.66998,-0.014235605,0.026081119,0.0063948324
165.68657,-0.01579342,0.026050657,0.0074605155
165.70403,-0.017140158,0.02627875,0.00843599
165.71992,-0.017935712,0.02645409,0.0078674145
165.73685,-0.01945712,0.026608428,0.008858374
165.75401,-0.021244206,0.026445042,0.009674733
165.77003,-0.022466816,0.026095748,0.009120831
165.78648,-0.024199096,0.026176533,0.0099738
165.80347,-0.02594487,0.026287735,0.010729398
165.82004,-0.026865143,0.026484711,0.010034549
165.83679,-0.028833315,0.026614334,0.010675749
165.85368,-0.030669196,0.027003957,0.011210403
165.8695,-0.031533495,0.027196221,0.010440321
165.8862,-0.033207107,0.027242115,0.010988059
165.90308,-0.034977034,0.027558763,0.011350123
165.91998,-0.03563487,0.027653763,0.010479292
165.9363,-0.03690199,0.02760809,0.010693513
165.95338,-0.038025398,0.027485592,0.010913612
165.96999,-0.038709942,0.027347235,0.009884278
165.98604,-0.03961184,0.027465591,0.009939066
166.00264,-0.03964352,0.027944103,0.0088731395
166.01929,-0.03986718,0.027963411,0.008922591
166.03596,-0.040390264,0.027890023,0.008887112
166.0525,-0.04126376,0.027802875,0.008689467
166.06927,-0.04152528,0.02779001,0.008547116
166.08595,-0.041495293,0.027835255,0.0063751116
166.10265,-0.041469745,0.02788524,0.006180569
166.1192,-0.04158647,0.028311016,0.0058519077
166.13593,-0.041833274,0.028394684,0.0056055095
166.15343,-0.041870065,0.028772779,0.0053619477
166.16982,-0.041797988,0.029176416,0.005039039
166.18643,-0.041765884,0.029222276,0.0028431455
166.20404,-0.042375717,0.028966084,0.0025511852
166.21992,-0.04269165,0.029275851,0.0035233246
166.23647,-0.04366194,0.029431425,0.0036978205
166.253,-0.043888222,0.02969539,0.002669055
166.26982,-0.04446798,0.029988164,0.0028319813
166.28635,-0.04533721,0.030380655,0.0030926077
166.30307,-0.045823455,0.030810362,0.002087195
166.31969,-0.04769408,0.031546418,0.0024434708
166.33638,-0.04826402,0.03177262,0.0015130333
166.35304,-0.050216433,0.031988546,0.0019438209
166.36989,-0.051619425,0.032506738,0.0022806432
166.38667,-0.05267378,0.032928128,0.0013488266
166.40323,-0.054482818,0.0333546,0.0017241831
166.4198,-0.05598019,0.03334831,0.0023055614
166.43669,-0.056209836,0.033835467,0.0012866802
166.4532,-0.05686744,0.033734865,0.0018597662
166.4697,-0.05715096,0.033930033,0.0025009986
166.4864,-0.05750678,0.03331496,0.001622142
166.50284,-0.057650916,0.03337752,0.0022994932
166.5196,-0.056932542,0.03337503,0.0030171485
166.53638,-0.05683075,0.033237994,0.0021412703
166.55351,-0.056500476,0.03298334,0.0028316663
166.5699,-0.055761945,0.032713175,0.003498445
166.5863,-0.054976244,0.033010006,0.0026594126
166.60306,-0.05396629,0.03267672,0.0035075475
166.61981,-0.052753065,0.03244092,0.0043555335
166.636,-0.05196442,0.03218722,0.0034723333
166.65274,-0.05034294,0.031878892,0.004455646
166.6698,-0.048530314,0.031401437,0.0053356127
166.68665,-0.047755703,0.030853242,0.004437992
166.70299,-0.045942523,0.030403998,0.0053023905
166.72006,-0.0437807,0.029787706,0.0062130503
166.73636,-0.042415995,0.030042274,0.0052583623
166.75284,-0.040741354,0.029867979,0.006158862
166.76958,-0.039751355,0.029397007,0.0052545522
166.78618,-0.037477423,0.02903485,0.006059683
166.80309,-0.03498471,0.028498411,0.006868801
166.81946,-0.033853542,0.02790901,0.0057888315
166.83632,-0.031650413,0.027290184,0.0066071004
166.85297,-0.02895178,0.026705194,0.007220492
166.86992,-0.02720252,0.026658455,0.006213515
166.88628,-0.02422593,0.025709594,0.0068860953
166.9034,-0.021816513,0.02491866,0.0075811553
166.91966,-0.020453174,0.024824003,0.006423255
166.9363,-0.017304886,0.024095342,0.007101702
166.95302,-0.015168989,0.023651268,0.007713103
166.9697,-0.013991427,0.023266451,0.0065623955
166.98653,-0.011584498,0.022706393,0.007098246
167.00334,-0.009304544,0.021931723,0.0076206094
167.01958,-0.008416139,0.021829283,0.0064367796
167.03638,-0.0061708232,0.02108216,0.006992157
167.05345,-0.0042893123,0.020717267,0.007479855
167.06984,-0.0025424575,0.020748364,0.006135046
167.08658,-0.00044646178,0.020270968,0.0067030634
167.10326,0.001428356,0.019793572,0.0071754246
167.12007,0.0024710244,0.019695828,0.0058851666
167.13618,0.0045941584,0.019474851,0.006359232
167.1538,0.006210914,0.019562818,0.0069337203
167.1698,0.007146251,0.01905921,0.005494136
167.18661,0.008718126,0.018799331,0.006127116
167.20346,0.0101786805,0.018640526,0.0066361153
167.22008,0.010766114,0.018341497,0.00536099
167.23651,0.012090513,0.017970407,0.0059927753
167.25354,0.013231815,0.01766058,0.0064985696
167.27005,0.013871887,0.017889628,0.005244107
167.28668,0.014824405,0.017612312,0.0058062775
167.30324,0.014809162,0.017457144,0.004610793
167.32,0.015558471,0.017261563,0.0051806117
167.3369,0.016186489,0.017884554,0.005796314
167.35347,0.016357005,0.01754283,0.004552
167.36989,0.016444117,0.017841376,0.0052046464
167.38654,0.016440926,0.018450754,0.006002796
167.40326,0.016756454,0.019236557,0.0047279485
167.41988,0.016705789,0.019472903,0.0054385792
167.4366,0.01643892,0.02003636,0.0061679264
167.45358,0.015929867,0.020801306,0.0068766135
167.47057,0.015800012,0.0214749,0.0075343256
167.48682,0.01583511,0.021449408,0.0042806584
167.50389,0.0153853595,0.02200876,0.0050848783
167.52036,0.01481936,0.022673197,0.005697746
167.53683,0.014191637,0.023658164,0.006418648
167.55292,0.013741332,0.02444699,0.007193461
167.57004,0.01333145,0.024860466,0.0060188556
167.58669,0.012461507,0.026215114,0.008596623
167.6032,0.011802053,0.025954917,0.007412333
167.62001,0.010880396,0.026395585,0.008092975
167.6366,0.010255338,0.027040739,0.0068438537
167.6531,0.009434878,0.027622288,0.007563878
167.67004,0.008403835,0.028441528,0.008297702
167.68684,0.007230939,0.029080097,0.008987257
167.70354,0.006417796,0.029572878,0.007607304
167.7201,0.005290304,0.030325927,0.008338482
167.73683,0.0044794925,0.03078531,0.009015977
167.75357,0.0038304809,0.030999845,0.0076604267
167.77014,0.002674961,0.031935573,0.008334645
167.78676,0.0020276322,0.032577887,0.006955766
167.80336,0.00079144054,0.03297082,0.007614001
167.81993,-0.00019406865,0.033473425,0.008194665
167.83632,-0.00034182222,0.033723954,0.0068066814
167.85365,-0.000885666,0.033908326,0.007457287
167.87056,-0.0015388237,0.034521338,0.008012485
167.88702,-0.0016958986,0.034375947,0.0065020984
167.90323,-0.002489387,0.034772288,0.007239014
167.91974,-0.0034708453,0.034942023,0.008018551
167.93639,-0.0038000909,0.035366334,0.0066084634
167.95305,-0.0044691325,0.034935165,0.007296954
167.97076,-0.005481743,0.034800727,0.007938989
167.98656,-0.005873109,0.0347764,0.006286724
168.00288,-0.0067976434,0.03458714,0.0071342587
168.01978,-0.007478506,0.034379598,0.007881562
168.03645,-0.008108433,0.033684228,0.006405116
168.05312,-0.009126605,0.03355482,0.007077085
168.06987,-0.009312761,0.033957332,0.0056354734
168.08643,-0.010364465,0.033893127,0.0062801177
168.10312,-0.011184426,0.0336113,0.0070033427
168.11992,-0.011625873,0.033253144,0.005521224
168.13643,-0.012525618,0.032780398,0.0062110513
168.1529,-0.0135097625,0.032195766,0.0069541396
168.16956,-0.013692616,0.032457676,0.0054945596
168.18622,-0.0142119145,0.03178059,0.006245793
168.20302,-0.015048577,0.031275064,0.006995427
168.22015,-0.015582527,0.03112171,0.0054854695
168.23634,-0.016189445,0.030619534,0.0061249738
168.25348,-0.01672873,0.029974721,0.006953986
168.26982,-0.0170698,0.029671896,0.0054228655
168.28647,-0.017663123,0.02921985,0.0061965957
168.30302,-0.018442377,0.028806007,0.006907711
168.32008,-0.018142166,0.028879274,0.0054505547
168.33644,-0.018764518,0.028107671,0.0060813134
168.35304,-0.019593444,0.02794902,0.0069725276
168.36963,-0.019660035,0.027264228,0.0054714046
168.3863,-0.020141518,0.026621716,0.006317638
168.40298,-0.020090621,0.02666064,0.0024794461
168.41957,-0.020779835,0.026324186,0.005579682
168.43605,-0.021481851,0.026044425,0.006417446
168.45282,-0.021734344,0.025463331,0.007287068
168.46991,-0.022308007,0.024905197,0.005676015
168.48636,-0.022902722,0.02455938,0.0063527795
168.50337,-0.022902207,0.024210818,0.007125573
168.5199,-0.023091434,0.024235334,0.0055114543
168.53647,-0.023295023,0.023887184,0.0062719192
168.55322,-0.02344718,0.0238226,0.0069820546
168.57019,-0.023629861,0.023721183,0.0053855004
168.58624,-0.023668004,0.023652734,0.006025242
168.6035,-0.023841353,0.023577562,0.0069224024
168.61957,-0.024124846,0.023546496,0.0051191403
168.63669,-0.024178317,0.023047157,0.006004422
168.6535,-0.023761978,0.022548936,0.006578317
168.67,-0.023526171,0.022688605,0.004894745
168.68698,-0.023087934,0.022034943,0.0056195124
168.7031,-0.02280095,0.022191491,0.003875335
168.71967,-0.02248711,0.021242255,0.0047362912
168.73721,-0.02167571,0.020245316,0.007812661
168.75331,-0.021632323,0.020291831,0.0035238473
168.77022,-0.021256156,0.019880667,0.0043844045
168.78668,-0.020767981,0.019385463,0.0051305695
168.80348,-0.020534432,0.01903428,0.0058757127
168.8201,-0.020307358,0.018633535,0.006533434
168.83656,-0.019995015,0.018487785,0.0072693233
168.85356,-0.019957034,0.0185285,0.0031801693
168.87021,-0.02007738,0.018437658,0.003772672
168.88708,-0.019829046,0.018529058,0.0044401605
168.90329,-0.019736396,0.018805234,0.0050575165
168.91989,-0.019736804,0.019115843,0.0058364756
168.93645,-0.019466171,0.019528138,0.0065246117
168.95341,-0.019453205,0.019756388,0.004791693
168.96986,-0.019891778,0.020185316,0.0053907125
168.98695,-0.019778213,0.02087131,0.0061128424
169.0033,-0.019357614,0.02167178,0.004210426
169.02013,-0.01920776,0.022319574,0.004963194
169.03699,-0.01936528,0.023178363,0.005582094
169.05325,-0.019559134,0.023362825,0.0037656259
169.07011,-0.019467492,0.024023216,0.004550032
169.08662,-0.018973712,0.02466194,0.0027359815
169.10391,-0.018932095,0.02532315,0.0034503064
169.12,-0.019099982,0.02597331,0.003977744
169.137,-0.01927651,0.026530663,0.00489386
169.15337,-0.019583054,0.026381653,0.0029645024
169.17044,-0.019562734,0.027262902,0.0037846481
169.18681,-0.019069374,0.028183505,0.0018350681
169.20338,-0.01928481,0.028889852,0.0026469824
169.22006,-0.019169359,0.029465988,0.0034174328
169.2369,-0.01888271,0.029811654,0.0015380601
169.25345,-0.018818384,0.030607212,0.0022626638
169.2707,-0.01861787,0.031413417,0.0030469073
169.28673,-0.018897427,0.03142516,0.0010816499
169.30331,-0.018331492,0.032162312,0.0020163069
169.32033,-0.017892316,0.032826778,0.0028302078
169.33643,-0.017454734,0.033489164,0.0009326905
169.35301,-0.01732271,0.033870555,0.0019002461
169.36983,-0.016928418,0.034395266,0.0027908531
169.38652,-0.016463315,0.034773502,0.0008879278
169.4035,-0.015931375,0.035431076,0.0017726434
169.4201,-0.015434077,0.035950936,0.0025581634
169.43657,-0.015320959,0.03611797,0.00072722154
169.4536,-0.014873013,0.03646034,0.0017123807
169.47038,-0.014235914,0.037339415,0.0025195377
169.48647,-0.013468086,0.037536535,0.0006601652
169.50307,-0.012976625,0.03789074,0.0016757279
169.51988,-0.012675517,0.038401075,-0.00010884591
169.53648,-0.011665627,0.038894314,0.0007055301
169.55296,-0.0107534565,0.039163664,0.0016113982
169.5698,-0.010042341,0.03900434,-0.00022359309
169.58673,-0.009079568,0.039247077,0.00062261545
169.60332,-0.00818764,0.039190635,0.0014728626
169.62027,-0.0077201854,0.03935077,-0.00035318083
169.63654,-0.0070287115,0.039306313,0.0005565645
169.65329,-0.0062838336,0.03930454,0.0016376191
169.66986,-0.0061496524,0.039214525,-0.00020183345
169.68665,-0.005108095,0.0387154,0.00082509674
169.70314,-0.0043568774,0.03873294,0.0017555265
169.71997,-0.003548431,0.03900345,-0.00002783704
169.7366,-0.0027330026,0.03870987,0.00093138136
169.75337,-0.0015873234,0.038687788,0.002030385
169.76982,-0.0014018934,0.038540125,0.00019617032
169.78613,-0.0007754719,0.03924905,0.0014049787
169.80278,-0.00000783482,0.039154094,0.0026785173
169.81964,0.0007211041,0.03948302,0.00085252576
169.83641,0.0016322909,0.039716877,0.00197047
169.85364,0.0020604015,0.040008742,0.0031382926
169.86978,0.0024843477,0.04025924,0.0011547413
169.88625,0.0032168813,0.040390156,0.0024835328
169.9032,0.0040325653,0.040859222,0.0037357875
169.91978,0.0042947466,0.041127056,0.0018561018
169.93642,0.0053617205,0.04113348,0.003071007
169.95338,0.005761423,0.04155813,0.0043085488
169.96986,0.006181472,0.041754637,0.0024069522
169.98639,0.006272862,0.04130701,0.0037045027
170.00285,0.0066979537,0.041340105,0.0018640828
170.01964,0.0068807495,0.041182995,0.0031877602
170.03621,0.0071890666,0.041031823,0.004383092
170.0531,0.0068197884,0.040697634,0.0025559834
170.06955,0.0069414177,0.04042914,0.0037479599
170.08629,0.0070661353,0.040012766,0.0050154896
170.10336,0.007470325,0.04011239,0.003163726
170.11955,0.0075937286,0.039961983,0.0042574443
170.13635,0.0077404324,0.039343864,0.005634968
170.15297,0.0074258023,0.038818415,0.0037423347
170.17012,0.007465476,0.0384122,0.00496708
170.18654,0.0073417225,0.03812954,0.0060166544
170.20311,0.0071873055,0.03773612,0.007252028
170.21967,0.0072411434,0.03733891,0.0084058065
170.2364,0.007321992,0.03717897,0.009552932
170.25305,0.0074158916,0.0371603,0.004500488
170.26974,0.00755155,0.037120048,0.0055956817
170.28651,0.0076190163,0.03690811,0.0066419584
170.3032,0.007585173,0.036955576,0.007632396
170.31993,0.007543964,0.03686731,0.008614855
170.33647,0.0075545986,0.036901254,0.009579032
170.3533,0.007106589,0.036785025,0.007562685
170.37018,0.007035364,0.03653817,0.0084618805
170.3866,0.0071108425,0.036786918,0.009337232
170.40347,0.007057056,0.036666155,0.0073092477
170.41988,0.006771077,0.036733255,0.008147724
170.43687,0.0068264413,0.037061386,0.009076912
170.45374,0.006882367,0.037323896,0.006813717
170.46986,0.006946258,0.03736345,0.0075328248
170.48682,0.0064187353,0.03700591,0.0054971995
170.50328,0.006229215,0.037412,0.006153939
170.51985,0.0060626483,0.037156876,0.0069628377
170.53651,0.005716028,0.03679083,0.0047217156
170.55331,0.0054698996,0.036758687,0.005453373
170.57066,0.0051352964,0.036392774,0.006147406
170.58676,0.0057109105,0.036520902,0.0036127006
170.60365,0.0055832267,0.036418926,0.0045176563
170.61972,0.005487761,0.036166336,0.005112193
170.63689,0.0054260693,0.03602086,0.003022499
170.65334,0.0053201276,0.036064763,0.00354298
170.66954,0.0048239916,0.036285475,0.0043425434
170.68683,0.00435812,0.036302604,0.0021888702
170.70334,0.004052305,0.036412682,0.002708312
170.71996,0.003897347,0.03650269,0.0034854328
170.73698,0.0038924862,0.036633223,0.0011868613
170.75348,0.0035494626,0.037175577,0.001836164
170.77036,0.0031239314,0.037037622,0.0026554833
170.78743,0.0032435004,0.037076887,0.00027768375
170.80371,0.0029111921,0.037287224,0.00092624524
170.82031,0.002647711,0.03747264,0.0018381698
170.83725,0.0023764258,0.037633356,-0.00042130906
170.85329,0.0025415248,0.037926447,0.00027538885
170.87044,0.0024824801,0.038295295,0.0012889107
170.88676,0.0027628448,0.038754027,-0.0011653968
170.9032,0.0024380009,0.03934473,-0.00026424543
170.92003,0.002242805,0.039584436,0.00068153767
170.93692,0.002279446,0.039507706,-0.0016888531
170.95334,0.0020555472,0.039624613,-0.0008573502
170.96986,0.0020808286,0.03972054,-0.0031232985
170.98657,0.0016969562,0.03991585,-0.0021986705
171.0033,0.00134327,0.039688814,-0.0013466509
171.01985,0.001759054,0.039553996,-0.003748343
171.0364,0.0016772175,0.039280027,-0.0027589183
171.05305,0.0018915683,0.0384148,-0.0018447337
171.07,0.001321494,0.037930775,-0.0041135834
171.08679,0.0015818848,0.037300594,-0.0032421283
171.10327,0.0017459504,0.03642674,-0.002337162
171.12007,0.0015792958,0.036184512,-0.0044389684
171.13669,0.0019862144,0.035502438,-0.003486294
171.15318,0.0022017567,0.034989256,-0.0023789837
171.16994,0.002066274,0.034705427,-0.0044976175
171.18677,0.0020429795,0.034232304,-0.0034304142
171.20375,0.001876688,0.033636335,-0.0023438549
171.2198,0.0026981353,0.033345815,-0.00469393
171.23653,0.0025840101,0.033236675,-0.0033222197
171.25275,0.0026929432,0.032601632,-0.0021468247
171.26985,0.0028910758,0.032390956,-0.0042288196
171.2865,0.0032646437,0.031691793,-0.0031499956
171.30344,0.00377051,0.031556066,-0.001911113
171.31969,0.0038904273,0.031218885,-0.0041909874
171.33665,0.004453492,0.030816127,-0.002794743
171.35316,0.004975773,0.030752568,-0.0015938545
171.36957,0.00559276,0.03085564,-0.0037423808
171.38652,0.005891442,0.030612791,-0.0023293186
171.40337,0.0058976104,0.030484993,-0.0010603147
171.42007,0.0058522313,0.03034235,-0.0033100403
171.43686,0.0060560945,0.030470923,-0.0019706932
171.45364,0.0062098666,0.03078041,-0.00067510613
171.46962,0.007002584,0.031034725,-0.0029190027
171.48631,0.0072732386,0.031191489,-0.0013528225
171.50299,0.0072091483,0.031545646,-0.0035642814
171.51938,0.0074829976,0.03217258,-0.002212625
171.53624,0.00776944,0.03255315,-0.00079144596
171.55273,0.008300084,0.03292569,0.00046393098
171.56935,0.008607459,0.03368813,0.0018776753
171.586,0.008704653,0.033662867,-0.0038981405
171.60352,0.008726792,0.03397212,-0.0025040354
171.61963,0.009381729,0.034390856,-0.0014599623
171.63644,0.0098671075,0.034835763,0.00004513443
171.65321,0.010376968,0.035183914,0.0013053727
171.66953,0.011002045,0.035399534,0.0025584851
171.68655,0.011666198,0.03565021,0.003994507
171.70322,0.012153313,0.03548982,0.0015645253
171.71957,0.0128077455,0.035411242,0.0028828313
171.7365,0.0133606065,0.034951754,0.0043234825
171.75305,0.013703442,0.035134334,0.0019430267
171.76953,0.0146137625,0.035078544,0.0032749271
171.787,0.015218706,0.03477526,0.0046381047
171.80319,0.015239954,0.034507167,0.0020061869
171.81993,0.015728097,0.033464782,0.0034539732
171.83665,0.015990756,0.032368142,0.0045551406
171.85323,0.016511608,0.032167308,0.0022379414
171.87035,0.01650888,0.030629072,0.0034211157
171.8866,0.016472166,0.030010251,0.0009158838
171.90343,0.016963309,0.028086007,0.0021737465
171.91975,0.017582325,0.02668047,0.003170126
171.93669,0.017873129,0.026015576,0.00089149544
171.95322,0.018248733,0.024043318,0.0018496873
171.96974,0.018599607,0.021772625,0.0029460473
171.98645,0.018962722,0.020943876,0.00059650355
172.00285,0.019382948,0.018566784,0.0016318492
172.01965,0.019570522,0.016976235,0.002811831
172.03618,0.019614607,0.015622151,0.00029770558
172.0529,0.019798985,0.01393922,0.0013619212
172.07,0.020039234,0.012153448,0.0025041106
172.08623,0.020176161,0.010696943,-0.00023585923
172.10304,0.020408962,0.008697575,0.0011148981
172.12018,0.02057863,0.0062722987,0.0021767397
172.13673,0.020725127,0.0056796344,-0.0005104602
172.1532,0.020445723,0.0039448976,0.00066676765
172.1704,0.020328565,0.002072526,0.0017998961
172.18701,0.02046011,0.0013560064,-0.00080235617
172.20338,0.020525178,-0.00062146055,0.00033866224
172.2196,0.02062282,-0.0010085772,-0.0019873965
172.23657,0.020785734,-0.0021244937,-0.00066302205
172.25266,0.020704329,-0.0031512545,0.00034128685
172.2694,0.020910406,-0.003422623,-0.0018723683
172.28654,0.020937704,-0.0044044657,-0.0007482832
172.30328,0.021027688,-0.004639773,0.0002866273
172.32008,0.020596247,-0.00473642,-0.0022394445
172.33673,0.020545857,-0.00497169,-0.001087902
172.35329,0.020335367,-0.0049114926,0.00016734182
172.37022,0.020836875,-0.004818367,0.0014274187
172.38707,0.020778857,-0.00460016,-0.0011531393
172.40349,0.020879576,-0.0041470714,0.000017196455
172.42026,0.020901427,-0.0039585982,-0.0023496458
172.43669,0.020799344,-0.003365159,-0.0011727948
172.45338,0.020682892,-0.0026515177,0.00013011807
172.4701,0.02047046,-0.0022240567,-0.0023725207
172.48665,0.020641595,-0.0014073026,-0.0012001804
172.50334,0.0205067,-0.0006693375,0.000091495516
172.51997,0.020122908,-0.00030715117,-0.0024009587
172.5373,0.02022437,0.000730688,-0.0011772837
172.55356,0.020189796,0.0017160238,-0.00020924477
172.57013,0.020765902,0.001996385,-0.0026057314
172.58702,0.020901933,0.0033044682,-0.0013563136
172.60378,0.020815087,0.0042965454,-0.00026026578
172.6199,0.02115805,0.0046259942,-0.002822848
172.63681,0.0215651,0.005547249,-0.0014391002
172.65326,0.021564798,0.006477716,-0.000295914
172.6702,0.021186836,0.006967399,-0.0027882047
172.6868,0.02116658,0.007813356,-0.0016718337
172.70406,0.021722082,0.0082127545,-0.004237836
172.72017,0.021653095,0.0092020305,-0.0032154622
172.73679,0.02180833,0.010117477,-0.0017896662
172.75345,0.021568874,0.010528436,-0.00434072
172.77002,0.021526394,0.011680816,-0.0030812123
172.78668,0.021600131,0.012876218,-0.0017619454
172.80367,0.02168208,0.013725914,-0.0005398585
172.8197,0.021731729,0.014761305,0.00056560006
172.83664,0.021777522,0.014694461,-0.00560242
172.85321,0.021781519,0.01581449,-0.0044833124
172.8701,0.021879451,0.017033597,-0.0032771097
172.88654,0.022032287,0.018038183,-0.0022468872
172.9036,0.02219402,0.019079676,-0.00094246794
172.92007,0.022672862,0.020638682,0.000042887437
172.93703,0.022529496,0.021848524,0.0013584147
172.9536,0.02249218,0.022216767,-0.0014256334
172.96999,0.022905134,0.023548711,-0.00012553262
172.98653,0.023010148,0.025355216,0.0012553053
173.00322,0.023858074,0.02577825,-0.0013787228
173.01984,0.024145504,0.026779035,-0.00013912543
173.03656,0.02437841,0.02802003,0.0010544031
173.05325,0.02423616,0.029095804,-0.0015882949
173.06967,0.024820156,0.030275047,-0.000444022
173.08643,0.025369454,0.03048302,-0.0029985216
173.1033,0.02559241,0.03162888,-0.0018805031
173.11978,0.026139233,0.03280203,-0.00081759866
173.13672,0.026199402,0.03319523,0.00041261298
173.15363,0.02671053,0.03321143,-0.0024177583
173.16995,0.027035777,0.03393002,-0.0013177772
173.18646,0.026881013,0.034310076,-0.003913939
173.20334,0.027220765,0.034875493,-0.0026777762
173.2199,0.027236626,0.035131518,-0.0016160688
173.23659,0.027429696,0.035483032,-0.004221835
173.2531,0.02745457,0.03604671,-0.0030654178
173.27005,0.027545506,0.03656851,-0.0017577806
173.28644,0.028125495,0.03632251,-0.0045985267
173.303,0.028147833,0.03675068,-0.0032533505
173.31987,0.028396957,0.03690874,-0.0019929504
173.33647,0.028230596,0.037092432,-0.004783967
173.35304,0.028283939,0.037264835,-0.0035491714
173.36981,0.028507117,0.03710934,-0.0023250945
173.38641,0.028990908,0.03675717,-0.0050770147
173.40315,0.028980028,0.036766604,-0.0038605784
173.41972,0.028958583,0.036615536,-0.002676492
173.43633,0.029168945,0.036218133,-0.0054275207
173.45303,0.029217912,0.035992578,-0.004195059
173.46968,0.029207788,0.035710134,-0.0030183012
173.48654,0.028751645,0.035962094,-0.0057362216
173.50296,0.028867647,0.03558254,-0.0045989845
173.51974,0.028984347,0.035136428,-0.003203681
173.53633,0.029506363,0.034665044,-0.005995983
173.55275,0.029771376,0.034647107,-0.0045686886
173.56969,0.030432787,0.03467225,-0.007210526
173.58633,0.031346112,0.035109967,-0.005954067
173.60292,0.03248991,0.035521585,-0.004625102
173.6196,0.03303657,0.036008906,-0.0072180536
173.6364,0.034539856,0.03690769,-0.005878845
173.65306,0.03619757,0.03743028,-0.0046534045
173.66974,0.037395682,0.037512857,-0.007328662
173.68648,0.038824182,0.038755383,-0.0060668467
173.70345,0.0402076,0.03951602,-0.0047763814
173.71985,0.04109094,0.03908734,-0.0076944917
173.7366,0.04204349,0.03910262,-0.006317105
173.75316,0.04296419,0.03947312,-0.0050765784
173.76993,0.043531567,0.039583858,-0.007842664
173.78642,0.043974105,0.038890444,-0.006619795
173.8026,0.04420124,0.037857667,-0.0052782195
173.81964,0.044113718,0.03726404,-0.007897663
173.83649,0.044169076,0.036420964,-0.0067356406
173.85304,0.043949578,0.034739148,-0.0055350023
173.86983,0.043972414,0.0337072,-0.008274525
173.88655,0.042565625,0.03163821,-0.0069561647
173.90338,0.041812517,0.030202545,-0.0056988485
173.92,0.041212156,0.029588362,-0.0085163945
173.93661,0.039615706,0.027110673,-0.007164754
173.95331,0.037906367,0.02487695,-0.0058089397
173.97015,0.037642803,0.02389913,-0.008481841
173.98685,0.036451392,0.021855755,-0.007236896
174.0034,0.03484384,0.019537566,-0.005847705
174.01991,0.03402003,0.018335933,-0.008537191
174.03658,0.032879245,0.016822645,-0.007096635
174.0535,0.031723097,0.015220618,-0.005638859
174.06998,0.031129256,0.013787073,-0.008571114
174.08685,0.029281698,0.011774223,-0.0070260963
174.10332,0.028246,0.011268194,-0.00993361
174.12012,0.027230844,0.009645843,-0.008457367
174.13704,0.02459965,0.0065355795,-0.0029863128
174.15329,0.024622789,0.0064488733,-0.01003743
174.1698,0.022823442,0.0044981064,-0.008401318
174.18651,0.02116246,0.002612619,-0.0069696894
174.2033,0.019676518,0.0011184457,-0.005627194
174.22023,0.0179963,-0.00036723496,-0.0042546066
174.2369,0.016490303,-0.0020576797,-0.0029261257
174.25325,0.016482793,-0.0021152254,-0.009910223
174.2701,0.015356687,-0.003697185,-0.008386447
174.28703,0.014399134,-0.0049346727,-0.0070216227
174.30367,0.013421281,-0.0064768298,-0.005683173
174.32019,0.012505365,-0.00796215,-0.0042783287
174.33743,0.011507989,-0.009314963,-0.0028414575
174.35364,0.011127756,-0.009709079,-0.00590018
174.37057,0.010032452,-0.010836431,-0.004346118
174.38727,0.008893669,-0.0120044025,-0.0030887453
174.40353,0.008475674,-0.0130561255,-0.005943636
174.41989,0.0074180528,-0.0140597625,-0.0043727327
174.43704,0.006859021,-0.015059657,-0.002847774
174.45311,0.0061999653,-0.015073624,-0.00586939
174.46954,0.005505487,-0.016206307,-0.004244645
174.48643,0.0054423776,-0.016918417,-0.006958353
174.5031,0.004897091,-0.017402276,-0.0057038884
174.51994,0.003995393,-0.018473258,-0.004278803
174.53685,0.0033311723,-0.018554198,-0.007201894
174.55327,0.002983787,-0.018988369,-0.0058274865
174.57039,0.0027662085,-0.019235946,-0.0042099026
174.58664,0.0025719292,-0.01982731,-0.007209575
174.60385,0.0023284992,-0.020069279,-0.0054460736
174.62007,0.002944384,-0.019707946,-0.0041267113
174.63672,0.003165469,-0.019300517,-0.0067134965
174.65396,0.0036276812,-0.019569699,-0.0051680724
174.67018,0.0045333286,-0.0194893,-0.0038805301
174.68654,0.0053874394,-0.019182771,-0.006374541
174.70331,0.0064256014,-0.01836025,-0.0047282465
174.72005,0.0074083474,-0.01782515,-0.0032129441
174.7367,0.008092951,-0.01768549,-0.0059239073
174.7535,0.009725906,-0.016854908,-0.0043973695
174.76997,0.011831439,-0.01614175,-0.0028677993
174.7866,0.012395628,-0.01582952,-0.0055840025
174.80331,0.014334035,-0.0151659185,-0.0039080516
174.82025,0.01622739,-0.014077401,-0.0022469112
174.83649,0.01723003,-0.013884572,-0.0052658445
174.85323,0.019569384,-0.012480144,-0.0034037516
174.87003,0.021313667,-0.0116214715,-0.0019155751
174.88667,0.022260858,-0.010665092,-0.0047665634
174.9032,0.024540598,-0.00990031,-0.0031964038
174.91998,0.026000313,-0.009528934,-0.0059166844
174.93661,0.027549384,-0.008552176,-0.0044071255
174.95325,0.0295283,-0.0076416186,-0.0028806438
174.96999,0.030593662,-0.0073218755,-0.005714282
174.98637,0.032389656,-0.0063695596,-0.0042558676
175.00359,0.033764575,-0.005508912,-0.002557956
175.02003,0.034175854,-0.0046394374,-0.005648632
175.03656,0.03552416,-0.0039244685,-0.003996757
175.05298,0.037056495,-0.0032399467,-0.0024673587
175.06973,0.037445426,-0.003187022,-0.0052431202
175.08636,0.038133163,-0.002327985,-0.0037938412
175.10297,0.038976096,-0.0016328701,-0.0022626813
175.11958,0.039089434,-0.0014283467,-0.0051713753
175.13647,0.039638788,-0.0006497189,-0.0035745392
175.1535,0.039778575,-0.000118489006,-0.002177624
175.17067,0.03994504,0.00066948123,-0.00519884
175.1862,0.040239632,0.0008441398,-0.0038973894
175.20297,0.040416878,0.0011999034,-0.001845969
175.21973,0.04055809,0.0012080151,-0.004810013
175.2364,0.040370885,0.0014565872,-0.003362821
175.25336,0.04036081,0.0016007154,-0.0018594405
175.26982,0.040259056,0.0017475584,-0.0049222764
175.28633,0.039814476,0.0018068099,-0.0033518034
175.30302,0.03852714,0.001835348,-0.0019003137
175.3196,0.03773956,0.0018066076,-0.0047769025
175.33627,0.036148373,0.0018451792,-0.0033719097
175.35298,0.03369965,0.0017400113,-0.002034993
175.36964,0.03246138,0.0012877596,-0.004993135
175.38643,0.029829588,0.0011187044,-0.0036758012
175.40312,0.028890533,0.0011295594,-0.006674869
175.41974,0.025723271,0.0010990716,-0.005356554
175.43651,0.022294462,0.0010830358,-0.0040330873
175.45305,0.020953529,0.0010350674,-0.0070333467
175.46974,0.017925527,0.0009887199,-0.005697167
175.4868,0.014465373,0.0010888488,-0.0043925294
175.5031,0.012329285,0.00094173645,-0.0075961724
175.51991,0.008533689,0.0010804922,-0.0061477735
175.53674,0.005186181,0.0013107844,-0.004826751
175.55348,0.0038180638,0.0012495238,-0.007873991
175.57019,-0.0010423645,0.002265305,-0.0021777223
175.58711,-0.003967465,0.002866942,-0.00084723294
175.60359,-0.003956643,0.002881813,-0.008362013
175.61992,-0.0062439167,0.0032027597,-0.00687071
175.63684,-0.008476702,0.003349427,-0.0053528324
175.65346,-0.010656861,0.0035728847,-0.0041526784
175.66997,-0.011754457,0.003733908,-0.0028195176
175.68619,-0.011740612,0.0037770644,-0.010169191
175.70285,-0.012600807,0.0040158834,-0.008661334
175.71951,-0.013698154,0.0042092577,-0.007405
175.73622,-0.014508524,0.0036122124,-0.0017926537
175.75302,-0.014516437,0.0041332208,-0.004939398
175.76964,-0.014754698,0.0039564716,-0.003815147
175.78612,-0.014817239,0.0033404194,-0.0069212276
175.80293,-0.0145532675,0.003411793,-0.0057404153
175.81985,-0.013915899,0.0029289967,-0.0047048624
175.83665,-0.013764158,0.0027444635,-0.0037235809
175.85333,-0.013530178,0.002495167,-0.0070093577
175.87007,-0.0124587305,0.0018944812,-0.005951265
175.88661,-0.011383331,0.00081269385,-0.004949171
175.90327,-0.010971314,0.0004698763,-0.0081042135
175.91982,-0.010147178,-0.00015885294,-0.0070956214
175.93718,-0.00920766,-0.00084215007,-0.006044248
175.95354,-0.008833205,-0.001437525,-0.009605845
175.97006,-0.0077956356,-0.0022994692,-0.008423588
175.98682,-0.006897042,-0.0020550536,-0.011590782
176.00346,-0.0061125597,-0.0032303566,-0.01057423
176.02036,-0.005348161,-0.0043448755,-0.009555955
176.03687,-0.0045888224,-0.0047402107,-0.012873188
176.05324,-0.0037445244,-0.0054415585,-0.011777138
176.07,-0.0030764788,-0.0064082327,-0.010549657
176.08716,-0.00284134,-0.007373892,-0.013683481
176.10306,-0.0019727494,-0.008325271,-0.012687373
176.12097,-0.00080161204,-0.00934049,-0.010958615
176.13672,-0.0004471116,-0.009402162,-0.014678705
176.15338,0.00034507265,-0.010673674,-0.01283267
176.17018,0.0013043903,-0.011768759,-0.011319924
176.18698,0.0020482696,-0.012003327,-0.014345811
176.20345,0.0032379203,-0.012750322,-0.012797546
176.22101,0.0040078927,-0.013704716,-0.011123714
176.23703,0.0045621977,-0.014687304,-0.014398405
176.25342,0.0055234153,-0.01580107,-0.0124948155
176.27051,0.00699726,-0.016942602,-0.010624903
176.28665,0.007236368,-0.016887343,-0.013720213
176.30339,0.0080226,-0.01783347,-0.011648348
176.32014,0.009190047,-0.018603608,-0.009811658
176.33719,0.0097577255,-0.018691085,-0.012717773
176.35353,0.0105661815,-0.019330945,-0.010974605
176.37029,0.011652266,-0.019839203,-0.008923125
176.38658,0.011921167,-0.020697137,-0.011772469
176.40335,0.012777906,-0.02135511,-0.009648403
176.41972,0.013500008,-0.021370525,-0.0124868965
176.43669,0.014354313,-0.022062982,-0.010389895
176.45334,0.015231731,-0.02274586,-0.008541804
176.47003,0.015901519,-0.023140913,-0.011284572
176.48676,0.017193371,-0.023521075,-0.009326643
176.50345,0.018138478,-0.024005879,-0.0072824033
176.52011,0.01832962,-0.024693107,-0.010150105
176.53719,0.019099634,-0.025137292,-0.008061502
176.55365,0.019895794,-0.025425559,-0.006174384
176.56992,0.020269232,-0.025375206,-0.008925309
176.5867,0.021006852,-0.026044238,-0.006689729
176.60352,0.021800786,-0.026576892,-0.0047585918
176.61996,0.022289209,-0.027345896,-0.0076368437
176.63678,0.02266598,-0.028059429,-0.005592383
176.65337,0.023247715,-0.028430518,-0.0037165664
176.66995,0.023238523,-0.028857343,-0.0065763015
176.68665,0.023424014,-0.029023822,-0.0047186883
176.70316,0.023710977,-0.029601177,-0.0028150533
176.72005,0.023711542,-0.029853953,-0.0057192277
176.73659,0.02381944,-0.030101474,-0.0039834315
176.75328,0.023905795,-0.030381782,-0.0020474184
176.77005,0.023785608,-0.030868435,-0.0050457786
176.78658,0.023637297,-0.03084951,-0.0032079467
176.80327,0.023557179,-0.030543456,-0.0013489331
176.82007,0.023805263,-0.030356878,-0.0041949875
176.83644,0.023981063,-0.030243237,-0.002471527
176.85315,0.02389437,-0.03066614,-0.0052456926
176.86989,0.023914173,-0.03063953,-0.0034437715
176.88672,0.024159586,-0.030670892,-0.0017477288
176.90309,0.024476785,-0.030085834,-0.004751558
176.91985,0.024715146,-0.030065032,-0.0028946023
176.93669,0.02481231,-0.0301583,-0.0011242143
176.95302,0.024777561,-0.03028475,-0.00415859
176.96968,0.025121048,-0.030220049,-0.002237757
176.98654,0.025161607,-0.030326813,0.004230678
177.0032,0.025043163,-0.030424304,-0.0035546278
177.0198,0.025412697,-0.030438438,-0.0018051772
177.03638,0.025218919,-0.030231882,-0.000058118494
177.05316,0.02513128,-0.030183963,0.0016760759
177.06978,0.025310477,-0.030131904,0.0033167978
177.08664,0.025251009,-0.030207437,0.0050495267
177.1032,0.025132926,-0.030305509,-0.0027468228
177.11981,0.02501305,-0.030403199,-0.001022699
177.13644,0.024785172,-0.030555576,0.0006906809
177.15323,0.02458271,-0.030742634,0.002378077
177.1699,0.023920255,-0.03103521,0.0039085965
177.18657,0.023440018,-0.030534988,0.0054815104
177.20323,0.023433499,-0.030224945,0.0024284304
177.21976,0.022861846,-0.03019536,0.0039458997
177.23663,0.02278694,-0.030241929,0.005563841
177.25336,0.022874644,-0.029931657,0.00233658
177.26985,0.022763044,-0.029861629,0.003820457
177.28647,0.022075607,-0.030080575,0.0007640004
177.30315,0.021801107,-0.029848881,0.0022736997
177.31995,0.02128277,-0.029735746,0.0037337067
177.33664,0.020889789,-0.029650617,0.0005074423
177.35338,0.02023275,-0.029439766,0.0019405907
177.36977,0.01987434,-0.029186636,0.0033724976
177.38664,0.019777462,-0.028727418,0.00038316037
177.40324,0.019383503,-0.02832967,0.0017794735
177.42,0.018678304,-0.028083252,0.0032577496
177.4366,0.01831317,-0.02831305,0.00007915836
177.45338,0.017786158,-0.027828084,0.0015415733
177.4701,0.017141433,-0.027691513,0.0029296507
177.48651,0.016666183,-0.02771323,-0.00025148195
177.50334,0.01572099,-0.027264433,0.0013086214
177.52005,0.015111214,-0.026949942,0.0027194358
177.5366,0.014473754,-0.026959147,-0.0004742335
177.55363,0.013817436,-0.026478862,0.0010523649
177.57022,0.013069788,-0.026167078,0.0023477327
177.58672,0.012774373,-0.025743902,-0.0007912819
177.6034,0.011573168,-0.02488602,0.00071886077
177.62062,0.01094921,-0.024104485,0.002234833
177.63684,0.009779231,-0.024116166,-0.0011336596
177.65346,0.008566594,-0.022884963,0.0005594061
177.67056,0.00791253,-0.022574008,-0.0025077465
177.68652,0.006610354,-0.021577258,-0.0012306836
177.70375,0.0054925014,-0.020675365,0.00058396184
177.72057,0.0038661747,-0.019614743,0.0019077272
177.73671,0.0032359313,-0.018919243,-0.0013490468
177.7534,0.002421835,-0.01815765,0.00040585824
177.77052,0.00096665235,-0.01737366,0.002013257
177.78711,0.00023736834,-0.016593548,-0.0014259916
177.80305,-0.0013567652,-0.015638152,0.00021952837
177.82036,-0.00264712,-0.014678028,0.0020334532
177.83685,-0.0032928225,-0.014540041,-0.001361795
177.85353,-0.0048112883,-0.012907253,0.0002323441
177.87029,-0.005694442,-0.012279784,-0.0029317876
177.88689,-0.006694469,-0.011425241,-0.0013937436
177.90306,-0.007472061,-0.010935364,0.00013765831
177.92091,-0.007931786,-0.01045921,-0.0027774328
177.93674,-0.009108381,-0.009215026,-0.0017951875
177.95361,-0.010283412,-0.008969185,0.00009414754
177.97029,-0.010695861,-0.00877873,-0.0031368788
177.98698,-0.011605967,-0.008507415,-0.0016752142
178.00348,-0.012408256,-0.007360354,-0.00024307307
178.02019,-0.012436422,-0.007312172,-0.007979788
178.0368,-0.013364501,-0.0070590656,-0.002024696
178.05336,-0.013174487,-0.006987905,-0.005196251
178.07008,-0.013985905,-0.006378169,-0.0038864308
178.08693,-0.014586668,-0.006170981,-0.0026556267
178.1036,-0.014875721,-0.0065477737,-0.0015262887
178.11981,-0.015309998,-0.006852428,-0.004854057
178.13672,-0.015713906,-0.0068850243,-0.003459343
178.15358,-0.015957251,-0.0068579833,-0.002432706
178.17029,-0.016129008,-0.007056774,-0.0058805863
178.18666,-0.015956132,-0.007598163,-0.0047701024
178.20367,-0.015783308,-0.0076208496,-0.007982355
178.21994,-0.016529914,-0.008093463,-0.0025336854
178.23671,-0.016242182,-0.00872369,-0.0012337496
178.25352,-0.016276564,-0.008659721,-0.009111685
178.27,-0.01620136,-0.009180813,-0.008079372
178.28735,-0.016341543,-0.008909649,-0.0069215368
178.30357,-0.016387444,-0.008983827,-0.0061757313
178.32005,-0.016413312,-0.009350995,-0.0048969593
178.33685,-0.016449831,-0.0092875725,-0.01264514
178.3533,-0.01672328,-0.009230411,-0.01170535
178.36978,-0.016888564,-0.009011144,-0.010546666
178.38676,-0.0171582,-0.009608206,-0.009363141
178.40314,-0.017533626,-0.009747093,-0.008387959
178.41982,-0.017721485,-0.01020664,-0.0070982925
178.43642,-0.01790317,-0.010518135,-0.010453687
178.45306,-0.017849918,-0.011180726,-0.009260443
178.46983,-0.018060217,-0.011853915,-0.007967908
178.48695,-0.017552827,-0.011918097,-0.011295277
178.50327,-0.01746881,-0.012299798,-0.010167716
178.51973,-0.017191743,-0.012906899,-0.008626544
178.53656,-0.017782604,-0.01322536,-0.01175773
178.55331,-0.017361134,-0.0136587415,-0.010378045
178.56989,-0.017237365,-0.014355468,-0.008974467
178.58688,-0.016731445,-0.014484521,-0.012100492
178.60312,-0.016571358,-0.015018496,-0.010725285
178.61993,-0.016767582,-0.01655761,-0.008941173
178.6365,-0.016362872,-0.01666642,-0.012092342
178.6533,-0.016004663,-0.017466981,-0.01041623
178.67,-0.0154909585,-0.018392125,-0.008716122
178.68631,-0.01583218,-0.018816965,-0.011859662
178.70316,-0.015262594,-0.019701283,-0.0099294055
178.71974,-0.014599519,-0.019785434,-0.013112013
178.7365,-0.014027387,-0.020610765,-0.011301641
178.75314,-0.013779284,-0.02117893,-0.009557945
178.76987,-0.013783165,-0.021933421,-0.012529561
178.7864,-0.013140982,-0.022514848,-0.010767567
178.80318,-0.012817047,-0.022758247,-0.008888686
178.82,-0.013145702,-0.022960253,-0.01189903
178.83664,-0.012747412,-0.023938749,-0.010145998
178.85315,-0.01250813,-0.024402872,-0.008188755
178.87004,-0.011634787,-0.024548812,-0.006174391
178.88661,-0.011559895,-0.024677064,-0.009301737
178.90349,-0.011023248,-0.025326904,-0.0073131165
178.92014,-0.010722798,-0.025685849,-0.01034258
178.9369,-0.010088495,-0.025929376,-0.008409944
178.95367,-0.009736426,-0.026180327,-0.0065037417
178.96985,-0.010198856,-0.026482204,-0.009548468
178.98686,-0.009682935,-0.026907913,-0.0073103
179.00339,-0.009293006,-0.0270178,-0.0055663805
179.02023,-0.00911955,-0.027178017,-0.008475444
179.03677,-0.0086745545,-0.027420284,-0.006595176
179.05331,-0.008129999,-0.027579125,-0.0046655578
179.0699,-0.008043556,-0.027972573,-0.007444844
179.0868,-0.007876208,-0.027758688,-0.0054906937
179.10329,-0.008127418,-0.028165143,-0.008441859
179.1199,-0.0077704815,-0.028451078,-0.0064267707
179.13666,-0.0078192325,-0.028652184,-0.004366843
179.15361,-0.007847786,-0.02893785,-0.007298022
179.16997,-0.007813834,-0.029090337,-0.0054419744
179.18675,-0.007871505,-0.029145258,-0.003268607
179.20338,-0.008176623,-0.02916195,-0.0013216886
179.22029,-0.0082196165,-0.029550575,-0.00426969
179.23672,-0.00856974,-0.029541729,-0.0024082486
179.2535,-0.008953623,-0.029824099,-0.00036782149
179.27007,-0.009242218,-0.029989542,-0.0033659108
179.28687,-0.00928569,-0.03005167,-0.0014190113
179.30347,-0.009460123,-0.030318227,0.00037920757
179.3202,-0.009860961,-0.03038933,-0.0026188681
179.3369,-0.009791208,-0.030537011,-0.0008178507
179.3535,-0.009662354,-0.030775337,0.0009477614
179.37027,-0.009532183,-0.030575205,-0.0020709173
179.38676,-0.009398472,-0.029954797,-0.00028649994
179.40347,-0.00971562,-0.0296715,-0.0032577142
179.42047,-0.009412055,-0.02892247,-0.0015075348
179.43701,-0.009410835,-0.028472774,0.00007847297
179.45348,-0.009546509,-0.027970055,-0.002926072
179.47052,-0.009988365,-0.027438082,-0.0011446171
179.48668,-0.010022459,-0.02704719,0.0003269115
179.5037,-0.009576463,-0.027030742,-0.0025429942
179.52032,-0.009872739,-0.026391897,-0.0010915541
179.53699,-0.009988774,-0.025864761,0.00049354596
179.55353,-0.010086237,-0.025382709,0.0020297044
179.57056,-0.010319036,-0.024448145,0.0035493637
179.58687,-0.010348235,-0.023740245,0.0047785523
179.60396,-0.010439249,-0.02370045,-0.0028922698
179.621,-0.010595839,-0.023331534,-0.0017334546
179.63687,-0.011344941,-0.022707175,-0.0006003536
179.65347,-0.011424527,-0.022191184,0.0010744344
179.67021,-0.011826216,-0.02168962,0.0023429254
179.68686,-0.012184596,-0.021421112,0.0035374316
179.70363,-0.012007706,-0.021244885,0.00022507344
179.72011,-0.01232623,-0.021109518,0.0012830466
179.7367,-0.013106338,-0.021338636,0.0025313632
179.7533,-0.013728337,-0.021063402,-0.00088730257
179.77007,-0.014488321,-0.020804558,0.00023526768
179.78667,-0.014956561,-0.020571811,0.0012717178
179.80298,-0.015015593,-0.02043443,-0.0021464918
179.82,-0.01575078,-0.020348396,-0.0008686189
179.83678,-0.016476681,-0.019548433,0.00016654043
179.85342,-0.01690159,-0.019233134,-0.0032883016
179.87,-0.01768112,-0.019302033,-0.0020956728
179.8867,-0.018346837,-0.019075295,-0.005419787
179.90375,-0.018662432,-0.018645173,-0.0042971224
179.92023,-0.019599171,-0.018299958,-0.003306721
179.93713,-0.020059627,-0.017701196,-0.006599733
179.95341,-0.021088054,-0.017171951,-0.005544916
179.97014,-0.0216098,-0.016462754,-0.0041414313
179.9867,-0.021346878,-0.016391862,-0.0075389794
180.00346,-0.022018371,-0.015385218,-0.0062154126
180.02005,-0.022362093,-0.014756067,-0.004995552
180.03673,-0.022500914,-0.014568578,-0.008171137
180.05359,-0.022843452,-0.013469766,-0.0068675564
180.07043,-0.023335792,-0.0126673905,-0.0057436596
180.08678,-0.024082767,-0.012076428,-0.00900345
180.10336,-0.024425812,-0.01121117,-0.007552686
180.12004,-0.024473635,-0.010813478,-0.0061736926
180.13672,-0.02472818,-0.0100768525,-0.009384513
180.15337,-0.02484471,-0.009077144,-0.007987953
180.17003,-0.024701094,-0.009012567,-0.0111067295
180.18666,-0.02479169,-0.00821046,-0.009667394
180.2035,-0.025416104,-0.006845814,-0.008202142
180.22034,-0.025559468,-0.0061723213,-0.0067117754
180.23672,-0.026003335,-0.0059922794,-0.009900908
180.25336,-0.026438724,-0.0054962053,-0.0081969965
180.26999,-0.026741222,-0.004940254,-0.011272525
180.2867,-0.027133845,-0.004412105,-0.009648504
180.30334,-0.027441273,-0.003989721,-0.00803892
180.32,-0.0276795,-0.0036066927,-0.0111033
180.33656,-0.027974106,-0.0034320883,-0.0094502345
180.35371,-0.028002575,-0.0028418521,-0.007683254
180.36984,-0.028324425,-0.0026656664,-0.0109780785
180.3867,-0.028694913,-0.0022570863,-0.008986448
180.40344,-0.028561091,-0.0017126221,-0.007363961
180.41982,-0.028798096,-0.001482908,-0.010348104
180.43631,-0.028969418,-0.0008672264,-0.00851767
180.45316,-0.028906118,-0.0005288853,-0.0066671837
180.46979,-0.02864799,-0.0007024439,-0.009713736
180.48672,-0.028473957,-0.00010648953,-0.007924375
180.50374,-0.028596897,0.00043804993,-0.0061452426
180.51996,-0.028248044,0.00068591035,-0.009312216
180.53658,-0.028255574,0.0009671908,-0.0071914634
180.55319,-0.027802385,0.0014223711,-0.0052469624
180.56982,-0.028153028,0.0020074076,-0.00823322
180.58652,-0.027697956,0.0022991498,-0.006227869
180.60333,-0.027223302,0.0027570224,-0.0043193656
180.61981,-0.027079713,0.003228773,-0.0073605254
180.6365,-0.026652625,0.0037883923,-0.0052971686
180.65305,-0.026434705,0.0037966163,-0.0082613835
180.66974,-0.026187496,0.004554131,-0.006210971
180.68657,-0.025671132,0.005435693,-0.0042588646
180.70328,-0.025201168,0.005937799,-0.0023601863
180.71997,-0.025227979,0.0056581,-0.0051975963
180.73666,-0.024672177,0.0062004817,-0.0032542692
180.75319,-0.024762288,0.006630502,-0.006075583
180.76984,-0.02482652,0.0068309563,-0.0040107477
180.78658,-0.024782019,0.0066433954,-0.0019445188
180.80324,-0.024694437,0.006834577,-0.0048474013
180.81996,-0.024624644,0.0068828715,-0.0028150738
180.83685,-0.025040789,0.0065719853,-0.00081904803
180.85347,-0.02491232,0.006265826,-0.0037989216
180.87013,-0.025015011,0.005854712,-0.0017442006
180.88695,-0.025027564,0.005577085,0.0002225121
180.90358,-0.025363225,0.005700752,-0.0027100614
180.92004,-0.02556576,0.005255315,-0.0007677365
180.937,-0.025834402,0.0047321715,0.0012557306
180.9534,-0.026065832,0.0040816767,0.0030223168
180.96996,-0.026466034,0.0034632413,0.0049397377
180.98686,-0.026948217,0.002691268,0.0067319213
181.00346,-0.026937412,0.0027964108,-0.0010731457
181.02028,-0.02723439,0.0011938956,0.0053399107
181.03702,-0.027899118,0.00048237527,0.006917803
181.05406,-0.028423626,0.0006822956,0.0038676844
181.07025,-0.028878966,-0.0002498516,0.0052806945
181.08717,-0.029457169,-0.0010936164,0.0069879084
181.10356,-0.029851036,-0.0011277046,0.0037173058
181.1204,-0.03046415,-0.001862027,0.005255021
181.13753,-0.03098832,-0.002610969,0.0065421597
181.15414,-0.030974396,-0.003370144,0.0031477788
181.17032,-0.03158295,-0.004062396,0.004447086
181.18675,-0.032278292,-0.0038264287,0.0014684916
181.20381,-0.03256631,-0.0047121993,0.0028494028
181.22032,-0.032972533,-0.0054765157,0.0038449934
181.23703,-0.033350773,-0.006042027,0.0050377008
181.2536,-0.03376423,-0.0057816287,0.0017311255
181.27019,-0.033776797,-0.006199672,0.00285575
181.28732,-0.034051,-0.0065470817,0.003935557
181.30377,-0.03403412,-0.0067696176,0.00044711918
181.32082,-0.033894207,-0.007095204,0.0015844835
181.33725,-0.03423381,-0.0074535315,0.002491554
181.3536,-0.033861067,-0.0075026867,-0.0007261444
181.36945,-0.034105316,-0.007614119,0.00048955885
181.38606,-0.034631297,-0.007302949,-0.002477589
181.40282,-0.034912337,-0.007926001,-0.0014003058
181.42014,-0.035143696,-0.008172087,-0.00031949618
181.4366,-0.035340764,-0.008233916,-0.0039742384
181.45343,-0.035499725,-0.008144022,-0.0027072278
181.47002,-0.035851855,-0.00785066,-0.0017121729
181.48709,-0.03591061,-0.008086083,-0.0049304003
181.50366,-0.036239535,-0.007997638,-0.0040119886
181.52008,-0.03673699,-0.00827662,-0.0028629387
181.53674,-0.037238374,-0.007784067,-0.005955066
181.55359,-0.03783663,-0.0077598616,-0.004823757
181.57,-0.03825896,-0.007635708,-0.0037534921
181.58696,-0.0387639,-0.007528639,-0.006842832
181.60349,-0.039416622,-0.0074688704,-0.005795786
181.62003,-0.03988697,-0.0073209237,-0.0045201504
181.63673,-0.03989656,-0.007396422,-0.0076191276
181.6534,-0.04064126,-0.0071384944,-0.006358336
181.67014,-0.04161529,-0.006694528,-0.005046858
181.6868,-0.04168046,-0.0062710065,-0.008229209
181.7035,-0.04189672,-0.0057729613,-0.006865503
181.72011,-0.04168718,-0.005682847,-0.010008262
181.73674,-0.041643996,-0.005307081,-0.008491306
181.75339,-0.04147057,-0.00511466,-0.0070081716
181.77003,-0.041481763,-0.0048083533,-0.010075436
181.78676,-0.04134559,-0.004009452,-0.008557334
181.80331,-0.041479032,-0.0030809282,-0.0070909583
181.8201,-0.041182414,-0.0029267129,-0.010015838
181.83679,-0.041003216,-0.00229718,-0.008506527
181.8533,-0.04046065,-0.0014572508,-0.0069074347
181.87007,-0.04008475,-0.0012814335,-0.009732748
181.88672,-0.039771847,-0.0009918076,-0.0080802785
181.90337,-0.03948822,-0.00028257832,-0.0063506416
181.92017,-0.039407603,0.00058895035,-0.009212608
181.9367,-0.038846146,0.0012581258,-0.007488215
181.95345,-0.038555786,0.0017818167,-0.0055627534
181.9701,-0.038176347,0.0017546156,-0.008392691
181.98653,-0.03783042,0.0022241515,-0.0064923246
182.00333,-0.03711008,0.0032057296,-0.0045462376
182.01987,-0.036676742,0.0040291557,-0.007399251
182.03699,-0.03579191,0.0048326105,-0.005511429
182.0533,-0.0345392,0.005920658,-0.0038776018
182.06989,-0.033333465,0.006175586,-0.0064747175
182.08646,-0.03148603,0.0069064624,-0.004573922
182.10355,-0.030533522,0.007753088,-0.0024684663
182.12001,-0.029830102,0.008938427,-0.0055270097
182.13692,-0.028377272,0.009899059,-0.0034191373
182.15326,-0.027522925,0.009786392,-0.0063258745
182.16978,-0.026226522,0.010597471,-0.0042553693
182.18648,-0.02511511,0.011694193,-0.0021646125
182.2031,-0.024457011,0.0125801945,-0.005063445
182.21982,-0.022845626,0.013667337,-0.0029774667
182.23647,-0.021330971,0.014405055,-0.0011036698
182.2531,-0.020259606,0.015206113,0.0007340453
182.26965,-0.018684616,0.015905544,0.0026516921
182.28708,-0.017316049,0.0161883,0.004518068
182.30325,-0.017253023,0.016255364,-0.003246427
182.3198,-0.016248332,0.017005488,-0.0012425423
182.3364,-0.015395332,0.017811352,0.0006050043
182.35312,-0.014825753,0.018241799,0.0024305545
182.36996,-0.014755068,0.018989308,0.0039965496
182.3863,-0.014683771,0.019044371,-0.0034952455
182.40312,-0.014711673,0.019508632,-0.0016393563
182.41975,-0.015145604,0.02024111,-0.00010282083
182.43675,-0.016038526,0.021523518,0.0059911013
182.45306,-0.01645732,0.022132145,0.0028861603
182.46997,-0.017506044,0.022967815,0.0045523937
182.48703,-0.01832175,0.024118913,0.0059174458
182.50333,-0.018378114,0.023930281,0.002756509
182.52025,-0.019763237,0.02485119,0.0043639457
182.53703,-0.02130895,0.02552733,0.0055708317
182.55319,-0.021910468,0.025905423,0.0025727209
182.57025,-0.021984678,0.026374923,0.0040903306
182.5868,-0.022465464,0.027107337,0.0009237425
182.60353,-0.02340659,0.027849603,0.0022334382
182.62009,-0.024460636,0.028669905,0.003495836
182.63678,-0.024702592,0.028524697,0.0005184717
182.65369,-0.02517774,0.02920447,0.0017505725
182.67056,-0.02583417,0.030036977,0.002982039
182.6867,-0.025726153,0.030730901,-0.00027282757
182.7035,-0.025632197,0.031128617,0.0012722802
182.72029,-0.025130622,0.031664822,0.0024839074
182.73695,-0.024810638,0.031345766,-0.0006202311
182.7535,-0.024498822,0.031564657,0.0006818633
182.77019,-0.02388083,0.031675648,0.0019915798
182.78708,-0.023732556,0.03231879,-0.0010032109
182.8036,-0.022543333,0.032407857,0.00016714189
182.82025,-0.021907954,0.032685976,0.0014432402
182.83733,-0.021438666,0.032562476,-0.0015040394
182.85345,-0.020275451,0.03261288,-0.000414934
182.87022,-0.0182597,0.032283984,0.0012119502
182.88713,-0.017314512,0.031698193,-0.0017940291
182.90428,-0.016319837,0.03139864,-0.0004468207
182.9208,-0.014864538,0.031025661,0.00075355405
182.93732,-0.014083446,0.031522796,-0.0020791714
182.95374,-0.012689302,0.03126449,-0.0005383761
182.97038,-0.011846098,0.030745523,0.001071858
182.98708,-0.011492242,0.030366134,-0.0017741523
183.00397,-0.010571015,0.030017333,-0.00028021258
183.02026,-0.009540511,0.029829264,0.0011818848
183.0372,-0.009555277,0.029704217,-0.0015043679
183.05357,-0.009058982,0.029714577,-0.000110988854
183.07112,-0.008208945,0.029526139,0.0015352451
183.08702,-0.0076780096,0.029470531,-0.0017194881
183.10359,-0.0072565875,0.029245302,0.0000968619
183.12033,-0.0068615805,0.029242244,0.0015786231
183.13702,-0.006886832,0.02945829,-0.0013347156
183.15334,-0.00676331,0.02920049,0.000016153423
183.17041,-0.006684622,0.02879101,0.0015284315
183.18726,-0.0070383535,0.028375527,-0.00153916
183.20392,-0.0071985237,0.028275749,-0.0003330252
183.22044,-0.0074699013,0.028076792,-0.0032644155
183.2371,-0.007223958,0.027550949,-0.0020017258
183.2539,-0.0071854508,0.026550194,-0.0009736796
183.27037,-0.0073778224,0.02640349,-0.0039835977
183.28708,-0.0072816117,0.025687588,-0.0028615708
183.3041,-0.006592443,0.025134593,-0.001823348
183.32033,-0.0067787776,0.024173152,-0.004937742
183.3369,-0.0070538297,0.023770105,-0.0037260684
183.35385,-0.0069892807,0.02335775,-0.0025836134
183.37033,-0.0069160783,0.02261229,-0.0057237544
183.38707,-0.0070633334,0.021882249,-0.0046015466
183.40442,-0.007528553,0.021062646,-0.0036175358
183.4203,-0.007490621,0.021312693,-0.0069686305
183.437,-0.007777854,0.020676045,-0.005596698
183.45341,-0.0081307115,0.019809768,-0.00456418
183.47139,-0.008461095,0.019524515,-0.007515645
183.48672,-0.009182225,0.019057542,-0.007012926
183.50327,-0.009062401,0.018770626,-0.0053796014
183.5201,-0.009303725,0.018122148,-0.008330603
183.53671,-0.009628375,0.01756184,-0.0073014554
183.55379,-0.010005012,0.016976416,-0.0061581554
183.56998,-0.0098800035,0.01732711,-0.00929862
183.58707,-0.00989247,0.016707089,-0.007974205
183.60321,-0.009975392,0.01588994,-0.011094935
183.62007,-0.010220543,0.015668895,-0.009724932
183.63655,-0.010632501,0.015195543,-0.008690299
183.6537,-0.010477371,0.014726302,-0.0073972116
183.67009,-0.010278959,0.014588631,-0.010568047
183.68695,-0.010604182,0.014231526,-0.00917368
183.70326,-0.01046729,0.014162626,-0.008002534
183.71999,-0.010488661,0.013596144,-0.0065184534
183.73691,-0.010647191,0.013395525,-0.0052232733
183.75331,-0.010599571,0.013433178,-0.01231856
183.77,-0.010502197,0.013367183,-0.010856321
183.7866,-0.010101793,0.013032816,-0.00952926
183.80325,-0.009839653,0.01283086,-0.008165203
183.81999,-0.009536264,0.013119165,-0.006780202
183.83691,-0.0092884125,0.01320022,-0.005394697
183.85321,-0.009390129,0.013055644,-0.00828553
183.87016,-0.009239563,0.012730544,-0.0066973623
183.88655,-0.008837829,0.0129925115,-0.009578217
183.90338,-0.008835825,0.012652353,-0.00804559
183.92003,-0.0086817155,0.0130081065,-0.0066663288
183.93657,-0.008668685,0.013229063,-0.00518961
183.9533,-0.008889926,0.01333271,-0.007861981
183.96982,-0.008660634,0.013638922,-0.0063599925
183.98645,-0.008186128,0.01404479,-0.004786315
184.00356,-0.008370612,0.014537239,-0.0074782246
184.02002,-0.007697299,0.014500923,-0.0062258802
184.03671,-0.0068796133,0.014489141,-0.004699015
184.05324,-0.0067593073,0.014264687,-0.0073415563
184.06999,-0.0056717177,0.014070181,-0.005816827
184.08684,-0.004541369,0.013841484,-0.0043179924
184.10323,-0.0043157,0.013885781,-0.0070381984
184.11995,-0.0034850643,0.01391002,-0.0053923363
184.13672,-0.0029082946,0.013974605,-0.008047004
184.15337,-0.0017119335,0.013582886,-0.0064995103
184.17017,-0.00078603695,0.013264263,-0.0048594233
184.18695,-0.00045399368,0.0133586945,-0.007479876
184.20355,0.00063770113,0.013167673,-0.0058278902
184.22003,0.0010699513,0.013155438,-0.008340139
184.2365,0.0018777401,0.01284475,-0.006514028
184.25331,0.0021710687,0.013032354,-0.004706459
184.27003,0.0026971481,0.013079913,-0.0029855687
184.28668,0.0032610034,0.0130858375,-0.0054849912
184.30356,0.0034548952,0.013249188,-0.0036694892
184.32034,0.0035553644,0.013474941,-0.0018841372
184.33696,0.003916603,0.01385804,-0.004399952
184.35344,0.004048596,0.014175998,-0.0024935317
184.37003,0.004350255,0.01417804,-0.004836844
184.38693,0.0043923,0.014798022,-0.0028812918
184.40335,0.0041089067,0.015738867,-0.0010495243
184.42009,0.0044987868,0.0167343,0.0009671674
184.43681,0.0046625333,0.017332066,-0.0014509183
184.45328,0.004434553,0.018570028,0.00042248378
184.47034,0.0042740665,0.019292137,0.0024232757
184.48703,0.0036214655,0.019460665,-0.00016147082
184.5036,0.0034248964,0.020305885,0.0017235519
184.52148,0.0032394154,0.02119749,0.0035919424
184.53691,0.0034354855,0.022101989,0.0007613492
184.5537,0.0031388502,0.023119848,0.0031515537
184.57079,0.00284827,0.024437752,0.0049992525
184.5873,0.002552176,0.024896014,0.0024780089
184.60378,0.002546529,0.026218377,0.004431649
184.62033,0.002654664,0.026794173,0.0021240728
184.63696,0.0022536407,0.02827523,0.004033762
184.6538,0.002049504,0.029504692,0.005931518
184.6704,0.0015572987,0.029891452,0.0034892142
184.68742,0.001561776,0.03080385,0.0053745247
184.70364,0.0009861192,0.031820994,0.007098508
184.72063,0.0012163053,0.032591086,0.0048752497
184.73752,0.00073830143,0.033874676,0.006583206
184.75375,0.00036580567,0.03486673,0.00831239
184.77031,-0.0002808713,0.0353575,0.0060837762
184.78719,-0.0009896911,0.03669341,0.00793103
184.80412,-0.0016210396,0.03789284,0.009601723
184.82042,-0.0020127855,0.038568437,0.0071073244
184.83717,-0.002888022,0.040238906,0.008958394
184.8535,-0.0034280622,0.041993175,0.010579535
184.87018,-0.0036254902,0.0426978,0.008271834
184.88707,-0.00424643,0.043881025,0.009861727
184.9039,-0.0049611935,0.044965412,0.011338321
184.92027,-0.0050690677,0.045820918,0.008783951
184.93694,-0.0058231317,0.047146186,0.010430007
184.9538,-0.006580791,0.048318934,0.011910869
184.97011,-0.007048528,0.04883395,0.009301178
184.98706,-0.0077888123,0.050365824,0.010848656
185.00348,-0.0076714386,0.050996047,0.008165156
185.02022,-0.007908744,0.052022997,0.009599736
185.03687,-0.008378251,0.05329851,0.010855054
185.05356,-0.008434147,0.053954266,0.008259736
185.07016,-0.008794396,0.054941196,0.009507375
185.08656,-0.009381707,0.05608654,0.010774673
185.10349,-0.009680551,0.057472866,0.012096555
185.12006,-0.010068753,0.058683865,0.01321093
185.13696,-0.010481429,0.0596808,0.014326962
185.15353,-0.010287042,0.05971423,0.007818682
185.17052,-0.010767638,0.06083544,0.0089644855
185.18663,-0.011050649,0.06229596,0.009920919
185.2037,-0.011236978,0.06351322,0.011117165
185.2203,-0.011509169,0.06443284,0.011885652
185.23714,-0.011415792,0.06531626,0.012833171
185.25354,-0.011532849,0.06577849,0.010070105
185.27022,-0.011962703,0.0666326,0.011027309
185.28728,-0.012072654,0.067111924,0.0118826255
185.3035,-0.011437615,0.067349926,0.008933172
185.32045,-0.011964139,0.06766265,0.009879758
185.33737,-0.011550286,0.067776814,0.010537128
185.3534,-0.011514634,0.067479126,0.007614858
185.37067,-0.011358236,0.06736195,0.008641272
185.38707,-0.011080665,0.066963606,0.009110363
185.40358,-0.010344632,0.06692621,0.00637987
185.42023,-0.010128862,0.06648096,0.0071208426
185.4368,-0.010136385,0.06576034,0.0077726515
185.45366,-0.009698683,0.065336786,0.004956401
185.47005,-0.009238447,0.06441895,0.005511055
185.48671,-0.009403381,0.063656025,0.0028354158
185.50314,-0.00903404,0.062480878,0.0034235166
185.52007,-0.008599161,0.061039925,0.0041237995
185.53677,-0.007608718,0.060531925,0.001191982
185.55342,-0.0071579916,0.059332978,0.0017788722
185.56998,-0.0067344075,0.057760872,0.0023920706
185.58667,-0.00690005,0.056899674,-0.0003724611
185.60323,-0.00634164,0.055275667,0.00024198096
185.61992,-0.0055569345,0.054118335,0.0009079989
185.63683,-0.0053855665,0.05333515,-0.0018689419
185.65326,-0.004651066,0.05178242,-0.0013028304
185.66998,-0.0042461352,0.05021006,-0.00053734693
185.68695,-0.00426603,0.04948312,-0.0032911876
185.70325,-0.0037003192,0.04781655,-0.0027113904
185.72003,-0.0028277629,0.046059553,-0.0018322701
185.73717,-0.0026007653,0.045042902,-0.0045875306
185.75342,-0.002250767,0.04348817,-0.0039904383
185.76999,-0.0017340415,0.041730426,-0.0030381347
185.78664,-0.0012119536,0.040896606,-0.0057285414
185.80331,-0.001451904,0.03986812,-0.008368945
185.82011,-0.00036399387,0.037529256,-0.004137078
185.8369,0.00014813126,0.036663752,-0.006856378
185.85333,0.0005986927,0.03492006,-0.006077184
185.87016,0.0012259114,0.033394106,-0.0051215915
185.8867,0.000981295,0.03258918,-0.007798173
185.90349,0.0014932975,0.031047525,-0.006868195
185.9202,0.002521114,0.0301643,-0.009525988
185.93677,0.0028251505,0.028565219,-0.008681753
185.95338,0.0036736596,0.0273346,-0.0076250825
185.97012,0.004020095,0.026346108,-0.010250724
185.98676,0.004684623,0.024584197,-0.0092283785
186.00354,0.005139222,0.022869341,-0.008169993
186.02013,0.0060499664,0.022058478,-0.010727545
186.03673,0.0066160946,0.020199226,-0.009580357
186.05383,0.0074855364,0.018571021,-0.008492616
186.07027,0.0076637976,0.017956877,-0.011074592
186.08682,0.008624553,0.016463228,-0.009852848
186.10396,0.009420289,0.015446111,-0.00868263
186.12039,0.009704682,0.014856954,-0.011206501
186.13686,0.010233114,0.013601552,-0.009982575
186.15428,0.010670228,0.012429377,-0.008696697
186.17055,0.010902533,0.011725541,-0.01131657
186.18723,0.011394942,0.010453565,-0.00999245
186.20348,0.012237541,0.009358134,-0.008689607
186.22025,0.012436427,0.008564409,-0.0109376805
186.23706,0.012994548,0.0073056608,-0.009633639
186.25375,0.013670297,0.0052607837,-0.008375042
186.2702,0.014300767,0.0045421873,-0.010701873
186.28677,0.014847743,0.0036587499,-0.009272029
186.30363,0.015570447,0.00216705,-0.007966619
186.32057,0.015375213,0.0016085593,-0.010237018
186.3373,0.016387995,0.0011395075,-0.009014318
186.35355,0.017041154,0.00050847465,-0.0076822722
186.37047,0.016999185,0.000073796386,-0.009729115
186.38701,0.017574744,-0.00069122965,-0.0084097935
186.40402,0.017942099,-0.0008789638,-0.010551915
186.42056,0.01864621,-0.0007226888,-0.009223681
186.43744,0.019027092,-0.0005741411,-0.007680703
186.45432,0.019710995,-0.00026695296,-0.0062281387
186.47046,0.019860702,-0.00019323334,-0.008398938
186.48698,0.02050217,0.0007645117,-0.0066796457
186.50363,0.0208471,0.00097057695,-0.008733894
186.52003,0.021547688,0.0026708979,-0.0035137646
186.5373,0.022482693,0.00438343,-0.0018450521
186.55402,0.022495642,0.004316763,-0.0077744573
186.57047,0.022784295,0.0062544383,-0.0061844033
186.5869,0.023233294,0.0076382775,-0.004514822
186.6039,0.02367445,0.0096236635,-0.002860894
186.62056,0.024264803,0.0117561715,-0.0013428268
186.63707,0.024845751,0.013762512,0.00023552941
186.65381,0.024884088,0.013692602,-0.0053783585
186.67,0.025585908,0.016923726,-0.00021573098
186.68686,0.025991417,0.01891254,0.0015378873
186.70375,0.026285723,0.020089148,-0.0005626346
186.72012,0.026828554,0.022680659,0.00095221814
186.73709,0.027214473,0.024908237,0.0026011446
186.7538,0.026893329,0.02607393,0.00045910387
186.77045,0.027252818,0.028208954,0.0019629132
186.78693,0.027868548,0.030464174,0.0034583048
186.8039,0.028330727,0.031518374,0.0014549114
186.82039,0.028733017,0.033030942,0.0028038104
186.83736,0.029162874,0.035013363,0.0042654723
186.85387,0.029344201,0.035968516,0.0020855411
186.87045,0.02976296,0.037878923,0.0035158494
186.8868,0.029681535,0.039111674,0.004896816
186.90373,0.030090114,0.039486732,0.002880326
186.92072,0.03023547,0.040748622,0.004134814
186.93701,0.03015291,0.041479003,0.0019113091
186.95386,0.030377273,0.04263918,0.0033530875
186.97015,0.03030773,0.04331129,0.004592853
186.98758,0.030640896,0.044423766,0.005985457
187.00395,0.030950487,0.04491105,0.0036305776
187.02026,0.030755954,0.045260284,0.004979169
187.03691,0.030533265,0.04533417,0.0030077884
187.05342,0.030507615,0.045745216,0.004276977
187.0701,0.030193498,0.0464455,0.0055423793
187.08675,0.030250957,0.04626456,0.0034536426
187.10335,0.030070404,0.046767704,0.0046650595
187.12016,0.029535545,0.04681844,0.0059626643
187.13676,0.029205777,0.04689658,0.003808516
187.15405,0.028823473,0.046937052,0.0050604213
187.17062,0.028321676,0.04713894,0.0061069815
187.1868,0.028511902,0.046938878,0.004030752
187.2034,0.02805794,0.047366988,0.005387913
187.2201,0.027574224,0.047574148,0.0065997345
187.2368,0.02703299,0.047730405,0.004535641
187.25336,0.026581423,0.047600113,0.0056760088
187.2702,0.026161961,0.047742832,0.006841033
187.28688,0.026517605,0.04781498,0.00468013
187.3034,0.025999108,0.048093874,0.0057915654
187.32,0.026114862,0.047969308,0.003748052
187.33673,0.025594687,0.048112627,0.004882136
187.35333,0.025264597,0.04823391,0.005985822
187.37004,0.024672886,0.04821175,0.003917608
187.38675,0.024304692,0.048577555,0.0050172443
187.40338,0.023873707,0.04846067,0.0060720034
187.42021,0.024435442,0.04835836,0.0040526437
187.43654,0.02384566,0.04856161,0.0050508357
187.45328,0.023615738,0.04883803,0.0062120617
187.46985,0.023742458,0.04890167,0.0040726587
187.4865,0.023915004,0.048889235,0.005112252
187.50331,0.023602057,0.048805386,0.0061389594
187.52002,0.023060707,0.048751287,0.0040010354
187.53673,0.02288264,0.048862178,0.004977352
187.55344,0.022707045,0.04874044,0.005929662
187.57005,0.023027295,0.048273876,0.0037967074
187.58655,0.022807831,0.048145693,0.004789735
187.60313,0.022511613,0.047438808,0.005767541
187.62007,0.022031017,0.047353607,0.003700813
187.63673,0.021950256,0.04661004,0.0045294007
187.65384,0.021644391,0.045519326,0.005399093
187.67009,0.021811295,0.04501226,0.0032181307
187.68672,0.02134709,0.043904744,0.0042294106
187.70375,0.021242175,0.0427278,0.0051474795
187.72014,0.02099426,0.042110056,0.0029672266
187.73683,0.020906603,0.040363483,0.003947231
187.7535,0.020676076,0.0389854,0.004839882
187.76991,0.020610496,0.038209807,0.0027696516
187.787,0.020005163,0.03623988,0.0037136993
187.8038,0.01972617,0.034393262,0.0044525787
187.82022,0.019552272,0.033439614,0.0023085638
187.83644,0.018779503,0.031584818,0.0032563142
187.85364,0.018370567,0.03025945,0.0012629728
187.87056,0.017277319,0.027029574,0.004835884
187.88739,0.016328748,0.024666168,0.005594526
187.90353,0.01639016,0.024624944,0.00059421686
187.92041,0.015309647,0.021759722,0.0015327135
187.93674,0.014281967,0.01971691,0.0022500826
187.9536,0.013554911,0.017651761,0.0031603326
187.97021,0.01214821,0.01503219,0.0038213355
187.98697,0.011025379,0.012772555,0.0045073717
188.00375,0.011056613,0.012745328,-0.0004037644
188.02046,0.009657009,0.009291902,0.0030790318
188.03708,0.008785718,0.006724218,0.0038123843
188.05377,0.008288483,0.0056889104,0.0017424675
188.0706,0.0075628553,0.0041823057,0.002428357
188.08727,0.006721177,0.0022054538,0.0030776185
188.10379,0.0066559883,0.000914874,0.0009964999
188.12029,0.005627167,-0.0010379866,0.0017536252
188.1375,0.004964225,-0.002652176,0.0024901326
188.15358,0.004230243,-0.0031267093,0.000267458
188.17026,0.0033930945,-0.004903676,0.001134653
188.18707,0.0027698965,-0.0066784727,0.0017912037
188.20378,0.0029257743,-0.0073506585,-0.000250515
188.2205,0.0025319064,-0.008718896,0.00044434954
188.2373,0.0020094186,-0.009852084,0.0010889965
188.25404,0.0018206005,-0.010663608,-0.0009161107
188.27011,0.0011655779,-0.011686086,-0.00018024207
188.28676,0.0013879304,-0.012196882,-0.0020111385
188.30386,0.0010516108,-0.013172409,-0.0012184879
188.32002,0.00073753326,-0.01423813,-0.00065403956
188.33707,0.00066601956,-0.015137564,0.00019067687
188.35373,0.00021897949,-0.015826087,-0.0018132402
188.3703,-0.000061604645,-0.016496677,-0.0010478494
188.38675,-0.0006071284,-0.016810918,-0.0028506762
188.40376,-0.0006961477,-0.017723726,-0.0019969211
188.42032,-0.00066078897,-0.018541297,-0.0011244484
188.43687,-0.0013658626,-0.01895492,-0.0030875937
188.4537,-0.0014607789,-0.019475542,-0.0021398007
188.47054,-0.0017571886,-0.020401722,-0.0013270739
188.48709,-0.0014899805,-0.021096108,-0.0033010943
188.50374,-0.0019458107,-0.02197382,-0.0023789736
188.52036,-0.0025334307,-0.022859318,-0.0015185678
188.53696,-0.0035442228,-0.023321766,-0.0034330692
188.55354,-0.004254395,-0.024377134,-0.0025262288
188.5706,-0.00471164,-0.025450608,-0.0016804221
188.58699,-0.0049166656,-0.025870277,-0.0035940595
188.60378,-0.0055747447,-0.026914949,-0.0026645407
188.6204,-0.0063730003,-0.028152306,-0.001799058
188.637,-0.0072729173,-0.028796768,-0.003661379
188.65346,-0.0074432436,-0.029138338,-0.0027297658
188.6701,-0.007616554,-0.029486502,-0.0017442113
188.6866,-0.007889115,-0.0295975,-0.0035226755
188.70346,-0.008279962,-0.029638765,-0.0025724482
188.72014,-0.00794416,-0.029505026,-0.004362726
188.73721,-0.007465737,-0.02873594,-0.003473723
188.75356,-0.00740507,-0.027905205,-0.002668576
188.77013,-0.007173783,-0.027652876,-0.0042716595
188.78693,-0.006533892,-0.026761465,-0.0033380694
188.80362,-0.005405305,-0.025058096,-0.0024332325
188.82018,-0.0050000106,-0.024452789,-0.004129859
188.83685,-0.0038591493,-0.023321679,-0.0032270434
188.85378,-0.0024557437,-0.021380197,-0.002275905
188.87021,-0.001752202,-0.02023282,-0.004074899
188.88689,-0.00014164868,-0.018165596,-0.003105961
188.90353,0.0011599571,-0.016302355,-0.002221049
188.9202,0.0022044182,-0.015793027,-0.003941717
188.93686,0.004111186,-0.013468831,-0.003080358
188.95361,0.0058266744,-0.010833152,-0.0022699293
188.97023,0.0065740757,-0.009570615,-0.0040285196
188.98694,0.0082566505,-0.0073577934,-0.003219621
189.0034,0.010816172,-0.0049951384,-0.0023704462
189.02019,0.012053941,-0.0038159057,-0.0040974272
189.03706,0.014229945,-0.0012387696,-0.003256796
189.05365,0.016940782,0.0015084962,-0.0025607902
189.07024,0.018343206,0.002799845,-0.0042012725
189.08658,0.021148315,0.0054617943,-0.003409034
189.10371,0.024168989,0.008569533,-0.0024313407
189.12007,0.025645424,0.010396993,-0.004257676
189.13667,0.0292383,0.013217638,-0.0033758646
189.15337,0.030826423,0.014727096,-0.0049348907
189.17006,0.033960924,0.017917775,-0.0041545625
189.18652,0.037241757,0.021560945,-0.003279278
189.20317,0.039240003,0.023081213,-0.0048455694
189.22015,0.042861387,0.026520602,-0.004014203
189.23671,0.04623307,0.029619396,-0.0032226443
189.25372,0.049704228,0.03275192,-0.0024477788
189.27008,0.05289521,0.03579594,-0.0017443871
189.28685,0.056197524,0.038819868,-0.0009068803
189.30351,0.056276515,0.038705572,-0.0049736053
189.32024,0.059462003,0.04152336,-0.0042540273
189.33705,0.062458694,0.04464535,-0.0034933896
189.35358,0.06487799,0.04721056,-0.0028166
189.36995,0.06709715,0.049170114,-0.002192951
189.38693,0.06851748,0.050650176,-0.003693397
189.40352,0.07063178,0.052138247,-0.0031979212
189.4203,0.07247949,0.05373983,-0.0025133737
189.43704,0.07303227,0.05410355,-0.004255739
189.4536,0.07478042,0.055470955,-0.0035382719
189.47015,0.07666517,0.05658543,-0.0027362925
189.48726,0.07797758,0.0575602,-0.0020151858
189.50436,0.07861467,0.057715632,-0.0036697637
189.52014,0.08048864,0.059189532,-0.0029689504
189.53764,0.08254972,0.05976527,-0.001948722
189.55392,0.08308069,0.059934855,-0.003702532
189.57028,0.085092485,0.060723014,-0.0027657882
189.58727,0.08757889,0.061958138,-0.0018861385
189.60464,0.088967584,0.062123753,-0.0035003403
189.6198,0.09037659,0.062645346,-0.002748922
189.63638,0.09099022,0.06277179,-0.003879981
189.65323,0.09315455,0.0638164,-0.0029423323
189.66989,0.09574018,0.06492858,-0.0020772472
189.6864,0.09726562,0.06498642,-0.003495722
189.70308,0.0991075,0.06576206,-0.0025165014
189.72011,0.10087156,0.06653657,-0.0015987924
189.73679,0.10199682,0.0665612,-0.0031562254
189.75304,0.10312945,0.0670747,-0.0022127281
189.76965,0.103544965,0.06667282,-0.0013300838
189.7864,0.10371697,0.06634095,-0.002684679
189.80304,0.10378024,0.06569696,-0.0018580289
189.81976,0.103004865,0.064475305,-0.0011517326
189.83644,0.10237899,0.0639772,-0.002475696
189.85306,0.10017107,0.0616485,-0.0018696865
189.86975,0.0974828,0.05888085,-0.0012480234
189.88637,0.096301,0.05743821,-0.0027038264
189.90315,0.09200197,0.053596742,-0.0021439795
189.91972,0.08873071,0.051183026,-0.0036473195
189.93654,0.083424695,0.04694265,-0.003065925
189.95291,0.0780566,0.04244723,-0.0024663627
189.96967,0.074573375,0.039811566,-0.0040213037
189.98625,0.067368336,0.034425814,-0.0034372003
190.00302,0.05955874,0.028669504,-0.0029678305
190.01964,0.055959754,0.026069677,-0.004560788
190.03632,0.048149344,0.020756727,-0.004110581
190.05307,0.039473165,0.014951598,-0.003774942
190.06955,0.03491274,0.012101476,-0.0052661537
190.0863,0.026065221,0.006494677,-0.0048421617
190.10306,0.017829072,0.0013383151,-0.004349456
190.11961,0.013824956,-0.0020471173,-0.0058780443
190.1366,0.0054998826,-0.007323117,-0.005429367
190.15317,-0.0020132475,-0.012064738,-0.0050453576
190.16972,-0.005441073,-0.014368874,-0.006565055
190.18622,-0.012082782,-0.018792477,-0.006154237
190.20305,-0.018449256,-0.022808112,-0.00575711
190.2199,-0.02118905,-0.025044644,-0.007347794
190.2365,-0.026448412,-0.028596444,-0.0070502753
190.25325,-0.031193344,-0.032170452,-0.006736544
190.26993,-0.03394246,-0.033357535,-0.008321777
190.28633,-0.038005844,-0.03686852,-0.008034952
190.3031,-0.041718118,-0.039606567,-0.007740063
190.31976,-0.043660723,-0.040650077,-0.00927769
190.33643,-0.047312018,-0.043392476,-0.009031756
190.353,-0.048876736,-0.044805113,-0.010543608
190.36992,-0.051691648,-0.047077563,-0.010246993
190.38638,-0.054082096,-0.049378857,-0.010010661
190.40338,-0.056583103,-0.051433057,-0.00966068
190.41968,-0.057656657,-0.05187329,-0.011208175
190.43651,-0.05925962,-0.05319529,-0.010829336
190.45299,-0.060731553,-0.055122495,-0.010514243
190.4699,-0.061618388,-0.05569494,-0.0118917655
190.48656,-0.06262482,-0.056963596,-0.011524397
190.50296,-0.06286578,-0.057439398,-0.012935998
190.51976,-0.06323928,-0.05831224,-0.012467684
190.53651,-0.06412967,-0.059414178,-0.012021048
190.55305,-0.064723134,-0.05976393,-0.01158049
190.56973,-0.0648599,-0.060256004,-0.01102743
190.5864,-0.064950936,-0.060581867,-0.010378743
190.60313,-0.06504588,-0.060479697,-0.013517123
190.61964,-0.0648554,-0.060666375,-0.012917301
190.63641,-0.06450654,-0.0607858,-0.012246128
190.65305,-0.06381557,-0.060823534,-0.011550641
190.66963,-0.06297698,-0.06038596,-0.010792283
190.68626,-0.061688676,-0.059678417,-0.0099678645
190.70302,-0.061014667,-0.060060903,-0.011064694
190.71973,-0.059761405,-0.059284475,-0.010207759
190.73633,-0.058038577,-0.05827015,-0.009261819
190.75327,-0.05745334,-0.057082232,-0.010353031
190.76965,-0.055524155,-0.05663944,-0.009368104
190.78633,-0.05373206,-0.05551782,-0.008274542
190.80304,-0.0524581,-0.055462204,-0.009229814
190.81972,-0.04990287,-0.053939093,-0.00815631
190.83641,-0.047669407,-0.05257082,-0.0070622163
190.85307,-0.046236124,-0.051806748,-0.0079852035
190.86977,-0.043719877,-0.050111912,-0.0068428954
190.88628,-0.042031087,-0.049112312,-0.007715407
190.90315,-0.038816754,-0.04744185,-0.0065029366
190.91972,-0.03589288,-0.045821056,-0.0053597963
190.93652,-0.034078214,-0.04473632,-0.006159522
190.95299,-0.030796845,-0.042823873,-0.0049440763
190.96965,-0.027759911,-0.04102951,-0.0038102719
190.98653,-0.026147338,-0.03968003,-0.0045835427
191.003,-0.023016501,-0.037873395,-0.003484376
191.01968,-0.019566212,-0.036243234,-0.0023341526
191.0364,-0.017901672,-0.034938086,-0.0031366176
191.05301,-0.014174072,-0.032765273,-0.0020332818
191.06985,-0.010910507,-0.030930353,-0.000867703
191.0866,-0.00898307,-0.030117763,-0.0017477466
191.1032,-0.0046423557,-0.027957084,-0.0006959638
191.11972,-0.0027657875,-0.02639416,-0.0015378551
191.13654,0.0009997913,-0.024257572,-0.0005045654
191.15327,0.0051378617,-0.022207906,0.00040353346
191.17024,0.009031055,-0.02029449,0.0013309468
191.18643,0.011024552,-0.019283006,0.0003240175
191.20311,0.015180208,-0.016999928,0.0012900577
191.2197,0.018710066,-0.015109041,0.0021157148
191.2364,0.020716475,-0.01414443,0.0011657743
191.25327,0.024945855,-0.012128864,0.0019453191
191.26988,0.028712822,-0.0104538705,0.0026082997
191.28642,0.03093277,-0.009561503,0.0016478399
191.30312,0.0345419,-0.0074241273,0.002309201
191.31967,0.03666418,-0.0066951937,0.0013221701
191.33641,0.04035788,-0.0047600465,0.0019366373
191.35335,0.043930113,-0.0028023385,0.0024904145
191.37003,0.045061618,-0.0013720712,0.0014536354
191.38652,0.04842354,0.00077416125,0.0019524174
191.4034,0.05255314,0.0023436595,0.002428988
191.41992,0.053765755,0.0035686775,0.0013399513
191.43669,0.056849625,0.005564043,0.0017473705
191.45343,0.06023286,0.007524485,0.002148481
191.46967,0.061870106,0.007943374,0.0010049168
191.4866,0.06506273,0.009766051,0.0014395297
191.50487,0.06755093,0.011460297,0.0017181428
191.51987,0.0688449,0.012367353,0.000335284
191.53647,0.071988426,0.013908219,0.0008583211
191.55331,0.07476028,0.015708074,0.00114248
191.5699,0.07557142,0.016405111,-0.00000989684
191.58658,0.07783352,0.017566664,0.00021397755
191.6031,0.08040921,0.018805062,0.00034938165
191.6212,0.08206773,0.019137006,-0.0007597651
191.63654,0.083986804,0.020308388,-0.0008546375
191.65329,0.085245036,0.02122452,-0.0005999355
191.6697,0.086523645,0.021605276,-0.0017333447
191.68634,0.08847241,0.022749476,-0.001675232
191.70306,0.089684464,0.023118481,-0.002766999
191.7197,0.090862,0.023865324,-0.002781873
191.73653,0.09212455,0.024681892,-0.0028136896
191.75307,0.09308873,0.024817798,-0.003963874
191.76971,0.09421318,0.025734417,-0.0039612334
191.7864,0.09465982,0.026212275,-0.0038902885
191.80307,0.09522155,0.026246812,-0.0049666166
191.81964,0.09613371,0.026238468,-0.004871239
191.83627,0.09665799,0.026008597,-0.0047419765
191.8534,0.09738838,0.025946826,-0.0057299696
191.86961,0.097303726,0.025943873,-0.005488694
191.8877,0.09754453,0.02599425,-0.0051025376
191.90302,0.09765156,0.025852317,-0.004906473
191.91985,0.0972147,0.02563726,-0.004321785
191.93756,0.09729017,0.025209723,-0.00390903
191.95306,0.09731877,0.025099007,-0.006182592
191.96977,0.096619554,0.024569824,-0.005511424
191.98639,0.09614106,0.02394514,-0.0050161844
192.0032,0.09483335,0.022793865,-0.00450325
192.02023,0.09337752,0.022257108,-0.0039822296
192.03636,0.092339784,0.020943638,-0.0034778577
192.0531,0.09111631,0.020140737,-0.0042586867
192.06984,0.08874202,0.018872026,-0.0037067686
192.08643,0.08609819,0.018087702,-0.0031140365
192.10489,0.08425567,0.016896335,-0.0039277957
192.1199,0.08079495,0.015485928,-0.0034244894
192.13638,0.07860293,0.014868854,-0.0039592227
192.15314,0.07522118,0.013242094,-0.003193807
192.16966,0.07176885,0.011786014,-0.002495601
192.18657,0.07015916,0.011097298,-0.0031064635
192.203,0.06577035,0.009081704,-0.0023988702
192.22057,0.062068976,0.0070737214,-0.0016615076
192.23636,0.060282588,0.0062535824,-0.0022916193
192.253,0.056492873,0.0048552495,-0.0014357644
192.26985,0.05257558,0.002966318,-0.0006600809
192.28635,0.05094659,0.0017444772,-0.001240268
192.30319,0.047248162,-0.0002605069,-0.000470621
192.31992,0.043732285,-0.0014357573,0.00023611374
192.33656,0.041823905,-0.0027774726,-0.00038543085
192.35301,0.037847362,-0.00446099,0.0002619194
192.36992,0.034079116,-0.0062507526,0.0009560438
192.38635,0.031992454,-0.0065857843,0.0003128187
192.40303,0.02811789,-0.008296398,0.00091978634
192.41997,0.024255188,-0.010191978,0.0014256696
192.43793,0.02247876,-0.011751475,0.0007358984
192.4531,0.01899701,-0.0133147715,0.0010118809
192.47127,0.015509641,-0.0152658755,0.001478702
192.48642,0.013580393,-0.015619619,0.0006367702
192.50296,0.009849894,-0.017303258,0.0010669336
192.51979,0.0065872045,-0.019362746,0.0013172977
192.53638,0.004915122,-0.020813033,0.000576631
192.55301,0.0013228839,-0.022519853,0.00074847124
192.56967,-0.0019370858,-0.024159871,0.0008929082
192.58635,-0.0035631922,-0.025297584,0.000104668834
192.60304,-0.006417581,-0.02731432,0.00022423925
192.61984,-0.009326114,-0.029251913,0.00029338463
192.63637,-0.011024183,-0.029740192,-0.00052710937
192.65309,-0.013977927,-0.03154508,-0.0005570911
192.66968,-0.0150435865,-0.032492198,-0.001343973
192.68663,-0.017634494,-0.034141056,-0.0014073006
192.70297,-0.021197163,-0.035903435,-0.0015277215
192.71983,-0.022244802,-0.03648898,-0.0021494518
192.73781,-0.024718672,-0.038314104,-0.002222554
192.7531,-0.027163565,-0.03961494,-0.0022935078
192.7697,-0.02865031,-0.039887726,-0.0027909745
192.78644,-0.030713513,-0.041497823,-0.0027138034
192.80304,-0.032337364,-0.042366214,-0.0024129127
192.81976,-0.03315136,-0.04238446,-0.003176367
192.83644,-0.0344281,-0.04319968,-0.002898704
192.85306,-0.035301726,-0.043837972,-0.0025930244
192.86978,-0.03561584,-0.043889675,-0.0031825374
192.88809,-0.036386415,-0.044659022,-0.0028850255
192.90294,-0.03678812,-0.045438867,-0.0028026428
192.91972,-0.036589142,-0.0461864,-0.0031369803
192.93657,-0.036734235,-0.046711996,-0.0028995408
192.95305,-0.036469843,-0.04681671,-0.0026292002
192.9697,-0.03622055,-0.047310717,-0.0030967307
192.98643,-0.036007933,-0.047270652,-0.0028380794
193.0029,-0.035126716,-0.047509827,-0.002469657
193.01967,-0.034907322,-0.048142597,-0.002949551
193.03632,-0.033813898,-0.048379034,-0.0025703968
193.05302,-0.03276945,-0.048446685,-0.002132185
193.06985,-0.032168135,-0.048133314,-0.0026326925
193.08635,-0.030666864,-0.048016563,-0.0021578686
193.10309,-0.029790476,-0.047881868,-0.0025596952
193.11986,-0.028117983,-0.047524516,-0.002080586
193.13637,-0.026390888,-0.047365904,-0.0016170916
193.1531,-0.025574911,-0.04756075,-0.0019503254
193.16963,-0.023517583,-0.04741939,-0.0014553535
193.18655,-0.021112587,-0.047314983,-0.0009180699
193.20337,-0.019289076,-0.047023494,-0.00045405558
193.21986,-0.018342553,-0.046340764,-0.0007633789
193.2365,-0.016126873,-0.04580341,-0.00024374711
193.25334,-0.014070762,-0.045185644,0.00027438535
193.2698,-0.012454347,-0.044644784,0.00076521665
193.28645,-0.010275385,-0.043813363,0.0013369841
193.303,-0.010299618,-0.043807853,0.00023277644
193.31961,-0.008044168,-0.042958956,0.0008086055
193.33633,-0.005817412,-0.041853406,0.001350263
193.3533,-0.0034630923,-0.040642418,0.0018800686
193.3701,-0.00059259316,-0.03936025,0.0023439883
193.38658,0.002377996,-0.038076002,0.002806877
193.40314,0.0039210585,-0.03811288,0.0025632714
193.41968,0.0066545475,-0.036653373,0.0030106949
193.4364,0.009659711,-0.03540062,0.0034187776
193.45312,0.011083219,-0.03431611,0.0030921677
193.46988,0.014396018,-0.033165146,0.003446938
193.48656,0.01741766,-0.032486614,0.003722888
193.5032,0.018830366,-0.031856187,0.0033905606
193.51991,0.022171155,-0.030371608,0.0036594102
193.5365,0.025590718,-0.028950375,0.003863913
193.55304,0.026903387,-0.028394552,0.0035190447
193.56992,0.0297741,-0.026933389,0.0037240088
193.5864,0.03142488,-0.02609196,0.0033512819
193.6036,0.03431886,-0.024767628,0.003480705
193.61986,0.037288446,-0.023385644,0.0035570767
193.63635,0.03884651,-0.02303508,0.0031903181
193.65312,0.041590028,-0.021735795,0.0032534704
193.66985,0.044001203,-0.019975629,0.0032780257
193.6864,0.045340814,-0.019476857,0.0028513523
193.70326,0.047561917,-0.01785326,0.002809757
193.71999,0.049837813,-0.016095668,0.0027465508
193.73672,0.05112536,-0.015506205,0.002273232
193.75304,0.052703667,-0.013926136,0.002102227
193.76976,0.054872625,-0.012496285,0.001930731
193.7865,0.055844236,-0.011175519,0.0014383901
193.8032,0.057098832,-0.009412899,0.0012400693
193.8198,0.058265314,-0.007894753,0.001090683
193.83635,0.058840416,-0.00775266,0.0005936918
193.85316,0.059896972,-0.0060515497,0.00044578916
193.86984,0.060798954,-0.004486833,0.00019130051
193.88673,0.061246272,-0.0041568684,-0.0003212605
193.90314,0.06204889,-0.002912353,-0.00058558997
193.92004,0.06294783,-0.0010168653,-0.0008346001
193.93628,0.063261144,-0.00051250955,-0.0013323245
193.95297,0.06363311,0.0004750469,-0.0016338591
193.96991,0.06401947,0.0014528402,-0.002036091
193.98637,0.06457766,0.002669179,-0.002371193
194.00305,0.06474565,0.0039003643,-0.0026838095
194.0198,0.06480616,0.0037275385,-0.0030985072
194.03642,0.065210946,0.0049625696,-0.0033731405
194.05324,0.06511281,0.005834133,-0.0036240832
194.07002,0.0649962,0.006186646,-0.0040255217
194.08644,0.06459858,0.007232203,-0.004239182
194.10303,0.06427986,0.0080369115,-0.0044612354
194.11984,0.06438514,0.008344054,-0.0047792913
194.13638,0.06405147,0.00875021,-0.005017089
194.15306,0.063262045,0.009243305,-0.005161334
194.16966,0.06308158,0.009856735,-0.0054061115
194.18655,0.06253901,0.010259079,-0.0055256137
194.20303,0.061758284,0.010165432,-0.0056286156
194.21985,0.060944878,0.010148234,-0.00584498
194.23659,0.06004353,0.0104997065,-0.0058373767
194.25313,0.059104297,0.010793064,-0.0058486913
194.26968,0.058492288,0.010496689,-0.0060078357
194.28642,0.057145733,0.010262183,-0.005945035
194.30327,0.055813618,0.010457763,-0.005887834
194.3197,0.054827213,0.010781305,-0.005988488
194.3364,0.053530704,0.010542188,-0.0058760955
194.35301,0.051809393,0.010304578,-0.0057510403
194.37085,0.0509085,0.009785859,-0.0058181887
194.38649,0.04977419,0.009249735,-0.005678782
194.4033,0.047723796,0.008894867,-0.0054876804
194.4198,0.0465029,0.008993086,-0.0054793344
194.4365,0.044821277,0.008262805,-0.0052543483
194.4533,0.044006374,0.00761107,-0.005229088
194.46997,0.04163902,0.0070114043,-0.004962049
194.48657,0.039786644,0.0062499084,-0.004675207
194.50305,0.038321443,0.0062499507,-0.004579027
194.51982,0.036331113,0.0056424923,-0.004234571
194.5365,0.0344415,0.0047938027,-0.003858842
194.5533,0.033251256,0.0037116029,-0.0037570202
194.57005,0.031418845,0.003214853,-0.0033333376
194.58653,0.030440643,0.0025407572,-0.0032355639
194.60312,0.028255964,0.0014322383,-0.0027952362
194.61978,0.026021808,0.000037142425,-0.0023402781
194.63647,0.023908123,-0.0013349102,-0.0018945796
194.65347,0.022018567,-0.0026063172,-0.0014574829
194.6701,0.020122845,-0.003920336,-0.0009479035
194.68675,0.020123152,-0.0039206357,-0.0009708686
194.70325,0.017959174,-0.0055684512,-0.00048262737
194.71979,0.01603372,-0.0070166886,-2.3842352e-7
194.73663,0.014351071,-0.008670743,0.0005039627
194.75362,0.01197974,-0.010412816,0.0010273079
194.77368,0.009905352,-0.012207497,0.001523201
194.78915,0.007896949,-0.013709972,0.00203586
194.80481,0.0065409373,-0.014827904,0.0022930223
194.82043,0.0042721643,-0.016127992,0.002792278
194.83647,0.0023320399,-0.017559525,0.0033221338
194.85307,0.0010445586,-0.017882932,0.003613853
194.86998,-0.00046658012,-0.019337548,0.004166581
194.88661,-0.0022001385,-0.0213098,0.0047134245
194.90363,-0.0028106894,-0.022255499,0.0050036423
194.92012,-0.0043689846,-0.023929905,0.0055411346
194.93646,-0.00501804,-0.02433581,0.005857705
194.95334,-0.005927778,-0.02562324,0.0063318238
194.96977,-0.0067315353,-0.027014896,0.006767755
194.98643,-0.006898651,-0.028126143,0.0070924736
195.00333,-0.007442157,-0.029775536,0.007526748
195.02017,-0.0072762193,-0.031141056,0.007914745
195.03674,-0.007138479,-0.031643983,0.008227759
195.0532,-0.007225449,-0.033393532,0.008586518
195.07036,-0.0068359347,-0.03522422,0.008953303
195.08662,-0.006241763,-0.03586117,0.00929592
195.10356,-0.0056496547,-0.03714991,0.009619588
195.12007,-0.005011056,-0.038718924,0.009919369
195.13664,-0.0044879667,-0.03978308,0.01024345
195.15321,-0.0033898796,-0.040918756,0.010532992
195.16992,-0.0020324262,-0.042195644,0.010793002
195.18648,-0.0014745733,-0.042842858,0.011097976
195.20314,-0.00075095583,-0.043767493,0.011320959
195.2201,-0.0000052028145,-0.044526123,0.011474759
195.23659,0.0003161287,-0.044238992,0.0118262
195.2532,0.0014919308,-0.044931084,0.01198853
195.27,0.0027628841,-0.04569844,0.012297591
195.28651,0.0032161511,-0.04590563,0.012597796
195.30344,0.0050064465,-0.046382196,0.012830093
195.32031,0.006189593,-0.04673905,0.012952478
195.33665,0.0067702383,-0.047475994,0.013194814
195.35353,0.008059823,-0.047958843,0.013206269
195.3702,0.009640658,-0.048462227,0.013127776
195.38658,0.01072745,-0.047956057,0.013330209
195.40346,0.012119404,-0.048347834,0.0131249
195.4198,0.012877716,-0.048955992,0.013293023
195.43668,0.014237841,-0.049205374,0.013002377
195.45345,0.015979843,-0.049403753,0.012695838
195.47003,0.016761879,-0.049494054,0.01283163
195.4867,0.018105231,-0.04986505,0.012483394
195.50348,0.019794436,-0.049983855,0.01215073
195.52014,0.020682337,-0.049647294,0.012286779
195.53691,0.022361472,-0.04918566,0.011901568
195.55336,0.023774821,-0.048823167,0.011493615
195.57018,0.02441291,-0.04902074,0.011601727
195.58661,0.025721213,-0.04853036,0.011166866
195.60326,0.027315157,-0.048194695,0.010696107
195.61977,0.027958032,-0.047679886,0.010823832
195.63641,0.029051611,-0.047255393,0.010364481
195.65353,0.03101874,-0.046712387,0.009894877
195.6699,0.031649105,-0.046215877,0.0100561045
195.68658,0.032823473,-0.045681916,0.009462129
195.70322,0.033266813,-0.04525949,0.009646051
195.71988,0.03411452,-0.04410498,0.0090410635
195.73642,0.035236333,-0.043026336,0.008486046
195.75308,0.035778098,-0.04204129,0.008001163
195.77002,0.036195554,-0.041568242,0.008155116
195.78732,0.037090868,-0.04035303,0.007679593
195.80403,0.03803596,-0.038956467,0.007170516
195.82014,0.038929712,-0.03866434,0.0073660305
195.83679,0.03979128,-0.037343666,0.0067696013
195.85367,0.040330533,-0.03620481,0.006962928
195.87018,0.041612234,-0.035098422,0.006397267
195.88718,0.042905495,-0.03423352,0.00576502
195.90369,0.044133153,-0.032994453,0.0051525114
195.92036,0.0445853,-0.03214052,0.0053489944
195.93727,0.046070375,-0.03096912,0.0047038943
195.95384,0.04658282,-0.03013858,0.0049170014
195.97026,0.04738546,-0.028906219,0.004250539
195.98781,0.048968818,-0.027545206,0.0027381238
196.00371,0.048983306,-0.027519127,0.0037996937
196.0204,0.05003955,-0.026335087,0.0030962685
196.0369,0.05066435,-0.02507854,0.002400903
196.0536,0.051493254,-0.023726344,0.0017371689
196.07047,0.052212887,-0.02235109,0.0010842368
196.08714,0.053064674,-0.02120091,0.00047576864
196.10358,0.053076357,-0.021172138,0.0015622145
196.12018,0.05384388,-0.020048467,0.00095487543
196.13698,0.055576228,-0.01873699,-0.00044727654
196.15334,0.055822674,-0.01761008,-0.00012667845
196.17029,0.056082096,-0.016249994,-0.00065061706
196.18689,0.056672495,-0.015001994,-0.0011220959
196.2039,0.05741558,-0.014730798,-0.0006710696
196.2204,0.057651013,-0.013408603,-0.0010896716
196.23703,0.058628272,-0.012122426,-0.0014889647
196.25346,0.05845305,-0.011444617,-0.0010539024
196.27,0.05907103,-0.010151336,-0.0014372864
196.28708,0.060121983,-0.009367697,-0.0015749966
196.30324,0.06043715,-0.008668843,-0.0012051531
196.32014,0.06154918,-0.007471819,-0.0013403619
196.3366,0.061765254,-0.007013552,-0.00092587
196.3532,0.06289591,-0.0060085356,-0.0009879947
196.37015,0.063485794,-0.0047329096,-0.0011066863
196.38658,0.06413318,-0.004201647,-0.0005879829
196.40363,0.06466121,-0.0036312034,-0.00065558613
196.41997,0.06505735,-0.0027253176,-0.00093834486
196.43663,0.06550896,-0.0026824973,-0.000318524
196.45341,0.06627159,-0.0020492827,-0.0005609818
196.47054,0.06640402,-0.0014384813,-0.0000054846273
196.48677,0.06701303,-0.00095026527,-0.00015011209
196.50333,0.06778046,-0.0006469699,-0.00041027632
196.51991,0.068704,-0.00029573898,-0.0006231716
196.53688,0.06921753,0.000072739414,-0.00012585014
196.5536,0.07038441,0.00018917533,-0.00042172935
196.57002,0.07088384,0.00070831383,-0.0007073562
196.58679,0.07126616,0.0010606557,-0.00018016294
196.60359,0.0717616,0.0011805185,-0.00049947645
196.62018,0.07261918,0.0010949217,-0.0008818663
196.63718,0.073518254,0.0011575136,-0.00025725257
196.65364,0.07421818,0.00107572,-0.000643876
196.6706,0.075402185,0.0010723794,-0.0011111763
196.68684,0.076261245,0.0010423473,-0.00043724512
196.70406,0.07702605,0.00083562866,-0.0009838984
196.7209,0.07731152,0.0008073997,-0.0014144706
196.73691,0.07709571,0.0011341632,-0.0007708199
196.75374,0.07732401,0.00092557986,-0.001362482
196.7705,0.07712486,0.00084465224,-0.0018345445
196.7871,0.076538436,0.0002133696,-0.0013409546
196.80353,0.07597674,0.00021301144,-0.0019152028
196.82063,0.07600765,-0.000060919367,-0.0012731621
196.83707,0.07465311,-0.00031743036,-0.0018425045
196.85394,0.073605806,-0.00061738305,-0.0023253458
196.87057,0.073044635,-0.0005717098,-0.0017822182
196.88695,0.07183647,-0.0012094493,-0.0023216777
196.9038,0.06986864,-0.0016707082,-0.002840025
196.92065,0.06868069,-0.0014131905,-0.0022559958
196.93706,0.066808306,-0.001822382,-0.0027397117
196.95346,0.064514,-0.002488859,-0.0033549482
196.97055,0.06351348,-0.003303328,-0.0027711354
196.98709,0.060930885,-0.0038347887,-0.0032818064
197.00403,0.058379132,-0.0044381157,-0.0038546561
197.02066,0.0571205,-0.00498942,-0.0032288777
197.03714,0.054022577,-0.0058230483,-0.0037647905
197.0542,0.05136995,-0.0065625785,-0.0043466142
197.0705,0.04993281,-0.0068487427,-0.0036572455
197.08727,0.046897665,-0.007845696,-0.0042668353
197.10432,0.04370143,-0.008629951,-0.004758803
197.12062,0.042194173,-0.009457049,-0.0040457323
197.13748,0.038936045,-0.010206356,-0.004578887
197.1542,0.035690684,-0.011250205,-0.0050371494
197.17087,0.033884577,-0.011484666,-0.0043128734
197.18713,0.030940969,-0.012572006,-0.004717177
197.20364,0.027419643,-0.013383264,-0.0051177097
197.22064,0.025620246,-0.01359164,-0.0042805416
197.23744,0.022308812,-0.014636678,-0.004525999
197.25388,0.019198606,-0.015893785,-0.004757911
197.2705,0.017388282,-0.016474074,-0.003829301
197.28732,0.014248658,-0.017286649,-0.0039630053
197.30388,0.011364007,-0.018506264,-0.004047944
197.32085,0.0094398735,-0.018915607,-0.0031277905
197.33707,0.006263765,-0.01966919,-0.003110109
197.35402,0.004893557,-0.020567065,-0.0021070095
197.3704,0.0021685902,-0.021725707,-0.0020299866
197.38728,-0.0005368141,-0.022627637,-0.0018368333
197.40369,-0.0029628496,-0.023551896,-0.0016199853
197.421,-0.004984766,-0.02439873,-0.0014396128
197.43782,-0.007179134,-0.02501522,-0.0010756039
197.45401,-0.0071522566,-0.02502272,0.0010686221
197.4705,-0.008974397,-0.026161676,0.0014317498
197.48714,-0.0104133,-0.027396306,0.0018200285
197.50397,-0.011636536,-0.028144216,0.0022834786
197.52031,-0.012921243,-0.028837526,0.0028124303
197.53708,-0.0134508535,-0.029596372,0.0032629403
197.55371,-0.013418214,-0.029611459,0.0054748156
197.57043,-0.013693402,-0.030334273,0.005945706
197.58728,-0.0141367605,-0.030853301,0.005439153
197.60437,-0.014378325,-0.030870317,0.0066711283
197.62076,-0.014024068,-0.031108776,0.007075823
197.63765,-0.013598468,-0.031656824,0.0072000884
197.65425,-0.013125846,-0.032288335,0.00846158
197.67046,-0.012344927,-0.03239619,0.008494698
197.6872,-0.011200677,-0.03264137,0.0083695995
197.7037,-0.010770936,-0.033093143,0.009487037
197.72047,-0.009562062,-0.03340623,0.009264418
197.73727,-0.0077899266,-0.033532545,0.008933945
197.75377,-0.0072135124,-0.033012345,0.009882746
197.7704,-0.005502405,-0.0335753,0.009355268
197.78708,-0.004021933,-0.033599347,0.008744236
197.80374,-0.0032825302,-0.0336312,0.009582107
197.82066,-0.0014974514,-0.033510264,0.008903255
197.8369,-0.0004757709,-0.033706862,0.00970348
197.85385,0.0010054738,-0.03390993,0.008841404
197.87018,0.0026646096,-0.034252413,0.007993458
197.88705,0.0039099497,-0.033814985,0.008691686
197.9037,0.0056582256,-0.033817414,0.007730391
197.9203,0.007731399,-0.03389701,0.006597599
197.93694,0.008665345,-0.033856075,0.0072978656
197.95354,0.010512983,-0.033597365,0.0060697654
197.97035,0.012701519,-0.033268116,0.004840262
197.98701,0.01330858,-0.032681633,0.005488416
198.00372,0.014967112,-0.032093316,0.0042103752
198.02016,0.0169302,-0.031403944,0.0029258062
198.03708,0.018210417,-0.031583082,0.0035033915
198.05348,0.01985157,-0.031006714,0.002240836
198.07028,0.021784782,-0.030182196,0.0008634236
198.0868,0.0226708,-0.029521361,0.00150576
198.10345,0.02471615,-0.02908686,0.00020296658
198.1202,0.026732553,-0.02823026,-0.0010862988
198.13686,0.027485657,-0.027489515,-0.00037255316
198.15347,0.029220892,-0.026377564,-0.0015948833
198.1701,0.031065429,-0.025183974,-0.0027803227
198.18683,0.03226427,-0.02525625,-0.0020114982
198.20357,0.033902988,-0.02399351,-0.0030929807
198.22015,0.034648534,-0.022867233,-0.0022374706
198.23686,0.03667647,-0.021547928,-0.0032152503
198.25363,0.03875969,-0.02027242,-0.0041160784
198.27031,0.040584482,-0.019256232,-0.004921439
198.28699,0.041470606,-0.018457236,-0.003934849
198.30365,0.04358587,-0.017220572,-0.0046428754
198.32027,0.044860374,-0.01688374,-0.003589685
198.33725,0.046920836,-0.015673198,-0.0041778046
198.35371,0.048213817,-0.014952102,-0.004673321
198.37025,0.0489182,-0.013780511,-0.0035396372
198.38687,0.05092378,-0.01260175,-0.0039708954
198.40344,0.052451026,-0.011718359,-0.0043193693
198.42012,0.05330699,-0.011467068,-0.003059355
198.43686,0.054991167,-0.010276506,-0.0032575703
198.45354,0.056074806,-0.008577655,-0.003393801
198.4701,0.056538433,-0.00733394,-0.001964241
198.48677,0.057529237,-0.005839262,-0.0020143227
198.50348,0.058779195,-0.0043327166,-0.0020074188
198.5203,0.059616737,-0.0039107245,-0.00053038046
198.53694,0.060540993,-0.0024283407,-0.00043345074
198.55345,0.061249617,-0.0010004756,-0.00035100718
198.57045,0.061573014,-0.0000018480417,0.0011376188
198.5867,0.062306687,0.0011883068,0.0012344894
198.60316,0.062492866,0.0022435028,0.0026928335
198.61993,0.06292345,0.0036931636,0.002639794
198.63695,0.063283555,0.0049777906,0.0025076915
198.65367,0.06370207,0.0062253885,0.0023397089
198.67055,0.064076446,0.006414415,0.0037215876
198.68687,0.064369984,0.007581111,0.0033675488
198.7037,0.06433768,0.008700077,0.0028166273
198.72057,0.06436719,0.00933066,0.0040891934
198.73726,0.0643678,0.010349044,0.003512816
198.75406,0.06438502,0.011422016,0.0028759688
198.77072,0.0639042,0.012369136,0.0041098148
198.78694,0.063904494,0.012930242,0.003325394
198.80418,0.06372919,0.013842191,0.0024043932
198.82018,0.06367366,0.01399692,0.003644101
198.83748,0.063076556,0.014593458,0.0026024943
198.85408,0.062465962,0.014993705,0.0017410467
198.87085,0.062286988,0.015492725,0.000637642
198.8874,0.06194451,0.015997136,-0.00048955774
198.90404,0.061919086,0.016095394,0.0026823152
198.92056,0.061019696,0.016141882,0.0015044878
198.9379,0.060222846,0.016079303,0.00028495627
198.95435,0.05956893,0.016206568,-0.0008054462
198.97064,0.058616303,0.015886556,-0.0020966844
198.98817,0.05760429,0.015518486,-0.0033414443
199.00423,0.05741653,0.015426652,-0.0021482233
199.02095,0.056330234,0.015273128,-0.003434067
199.03693,0.055131733,0.015074871,-0.0046148133
199.05396,0.05446876,0.015033195,-0.0036643816
199.07068,0.052997496,0.0145348655,-0.0047408543
199.08775,0.051495884,0.0141365165,-0.0058412515
199.1042,0.050542768,0.013714346,-0.004624643
199.12045,0.04822294,0.012886786,-0.0057295435
199.13774,0.046788245,0.012489727,-0.006812918
199.15398,0.04567883,0.011948975,-0.0054574185
199.1709,0.043501776,0.01089084,-0.006429221
199.18791,0.04153682,0.009922999,-0.007164954
199.20433,0.040341098,0.009960176,-0.0057837944
199.22102,0.03862904,0.009103538,-0.00652334
199.23721,0.03654871,0.008567996,-0.0071641873
199.25378,0.03595081,0.007966427,-0.0058572018
199.27058,0.03418479,0.007310023,-0.006429129
199.2874,0.032232977,0.006468033,-0.006906619
199.30426,0.031467073,0.006589734,-0.005344462
199.32066,0.029757157,0.005830713,-0.00571098
199.33746,0.028249636,0.005015243,-0.006136488
199.35435,0.028030606,0.0044975094,-0.004504177
199.37086,0.026513355,0.0039367652,-0.0047446648
199.38739,0.025003906,0.003109827,-0.0050137993
199.40408,0.024257256,0.0028478806,-0.0033566246
199.4203,0.02351005,0.0021089877,-0.003498851
199.43738,0.023111371,0.0017025344,-0.0018796935
199.45409,0.021886706,0.0006693158,-0.0019717205
199.47043,0.020838061,-0.000059836377,-0.002123118
199.48729,0.020415638,-0.00024552166,-0.0005071257
199.50385,0.019989282,-0.0011621341,-0.000713486
199.52061,0.019407393,-0.0017408757,-0.0010503652
199.53716,0.018790131,-0.002014497,0.000560294
199.55475,0.018163107,-0.0028327224,0.000113547656
199.57085,0.01770226,-0.0037185107,-0.00020623303
199.58716,0.01721589,-0.0039934055,0.0011403636
199.60414,0.016445141,-0.0049186028,0.0004339823
199.62045,0.015494207,-0.006031509,-0.0002560053
199.63742,0.015443718,-0.00630915,0.0011128776
199.65364,0.014519315,-0.0076887337,0.00035238764
199.67073,0.0136811985,-0.0090901945,-0.0007148467
199.68738,0.013298548,-0.009656743,0.0008460361
199.70386,0.012052157,-0.011442815,-0.00014615046
199.7204,0.01121214,-0.01282341,-0.0012195382
199.7368,0.010641357,-0.013041617,0.00014782202
199.75372,0.009804236,-0.014819233,-0.0009830664
199.77016,0.008894383,-0.015635718,0.0004016795
199.78697,0.007650231,-0.017153092,-0.00076652115
199.80347,0.00667341,-0.018819356,-0.0018275831
199.82074,0.006053838,-0.019973801,-0.00058503356
199.83693,0.005451922,-0.021414354,-0.0015862773
199.85359,0.0045610694,-0.023034783,-0.0028826073
199.87038,0.004245526,-0.02378143,-0.0015798102
199.8869,0.0030585364,-0.025575696,-0.002824112
199.90375,0.00224043,-0.02714672,-0.004122885
199.9205,0.002210295,-0.027768657,-0.0027095973
199.93706,0.0012601902,-0.029669236,-0.0039336407
199.95355,0.00025721945,-0.03132549,-0.0051694056
199.97035,-0.00032851237,-0.0318283,-0.0038584487
199.98694,-0.00074072427,-0.033172574,-0.0050035827
200.00334,-0.0013241306,-0.034649376,-0.0062071816
200.02011,-0.0014082014,-0.035670727,-0.0048606866
200.0367,-0.0020981242,-0.036661997,-0.0059799394
200.05367,-0.0024918737,-0.0374451,-0.0070436415
200.07037,-0.0023853404,-0.038233545,-0.005542653
200.08672,-0.0023238668,-0.03895665,-0.006489292
200.10411,-0.0021451935,-0.03964588,-0.007493323
200.12001,-0.0023034671,-0.039526243,-0.005755886
200.1366,-0.0017117494,-0.039759215,-0.006808606
200.15343,-0.0008395829,-0.0401179,-0.005209598
200.17023,0.00004624826,-0.040131185,-0.0059784325
200.18678,0.0011013731,-0.039887995,-0.0067502437
200.20375,0.001355429,-0.039528172,-0.00510734
200.22023,0.0029206343,-0.03911894,-0.0058096442
200.23723,0.0054351734,-0.038121164,-0.008950123
200.25372,0.0055153705,-0.03810952,-0.0047414964
200.27016,0.007567101,-0.037153088,-0.005471516
200.2871,0.009679774,-0.03602683,-0.006134275
200.3038,0.011858522,-0.03508897,-0.0066616624
200.32056,0.014083532,-0.03404817,-0.0072272695
200.33699,0.016891357,-0.03249957,-0.007703487
200.35368,0.016958486,-0.032464515,-0.0035684207
200.37018,0.019483356,-0.030767478,-0.004028421
200.38724,0.023337623,-0.028877292,-0.0068665976
200.40347,0.02508683,-0.027933868,-0.0048780674
200.42014,0.028197758,-0.025542405,-0.0054212552
200.43733,0.030750317,-0.024081163,-0.005846497
200.45366,0.032011118,-0.02320023,-0.0037970555
200.4704,0.034617048,-0.02108653,-0.004284872
200.4871,0.03739791,-0.018622417,-0.0046682046
200.50372,0.038249142,-0.017165849,-0.0026912845
200.52069,0.040621713,-0.01499644,-0.0030855138
200.53764,0.043447617,-0.01285717,-0.003423794
200.5539,0.04489322,-0.011990156,-0.0013968478
200.57056,0.04749228,-0.009653561,-0.0019676152
200.58685,0.048655428,-0.008345597,-0.000045661985
200.60376,0.051178455,-0.006084966,-0.0006285394
200.62047,0.053620134,-0.0033513128,-0.0010620471
200.63715,0.056081127,-0.00078760146,-0.0016640814
200.6539,0.056776278,0.001010969,0.00029693003
200.6706,0.059172623,0.003502609,-0.00031982653
200.68663,0.060825102,0.005032615,0.0016300802
200.7037,0.063649945,0.008430796,0.000802951
200.72034,0.066494994,0.011716877,0.00018993653
200.73767,0.06762964,0.013338949,0.0020348278
200.75401,0.07051866,0.016674498,0.0014057838
200.77084,0.07380305,0.02028476,0.00047713314
200.78706,0.07488245,0.022111528,0.00228111
200.80396,0.077300295,0.025143972,0.0011843161
200.81989,0.079216264,0.028080793,0.0002100487
200.83675,0.08022977,0.029642895,0.0018044852
200.85356,0.08170794,0.032628413,0.00075227587
200.87079,0.083046466,0.035318583,-0.00029538205
200.88762,0.08399618,0.036280565,0.0015801315
200.90404,0.084873825,0.038502045,0.00046472583
200.92064,0.085952684,0.041226,-0.00070598774
200.93777,0.08568778,0.042569634,0.0009317959
200.95413,0.08619899,0.04438635,-0.00009737242
200.97134,0.08665882,0.045540184,-0.0014608351
200.98698,0.08659482,0.046755653,0.00041930878
201.00375,0.08633723,0.048426747,-0.0011204294
201.02124,0.08570809,0.049545433,-0.0023982732
201.03769,0.08558469,0.04957537,-0.00048186068
201.05394,0.0846057,0.050198667,-0.0018252309
201.07086,0.08350866,0.05083314,-0.0032325215
201.0875,0.08224648,0.051554162,-0.0014066269
201.10411,0.08057845,0.051858373,-0.0026731573
201.12108,0.07904254,0.05198208,-0.0039133714
201.13724,0.0784648,0.051993456,-0.0021117425
201.15411,0.076387994,0.05178621,-0.0035056388
201.17065,0.07424032,0.05126473,-0.004743885
201.18718,0.07319035,0.051044688,-0.003038946
201.20422,0.07081653,0.05004562,-0.004360785
201.22069,0.06891991,0.049206033,-0.005514484
201.23727,0.06729865,0.04894276,-0.003774595
201.25359,0.064715385,0.047704183,-0.0051013767
201.2707,0.062330242,0.046281423,-0.0064377477
201.28737,0.061305393,0.04548935,-0.00453832
201.30426,0.05886167,0.04390202,-0.0057257144
201.32083,0.05697887,0.043022115,-0.0038997584
201.3373,0.05423909,0.041020203,-0.005086649
201.35387,0.051650196,0.038844116,-0.0062831165
201.37039,0.049773496,0.037761904,-0.0045002163
201.38727,0.046674848,0.035597056,-0.005646094
201.40376,0.043767333,0.033456866,-0.0066801286
201.42032,0.04262226,0.032187644,-0.0048700655
201.43721,0.03980477,0.029908074,-0.00596854
201.45387,0.038129326,0.028897906,-0.0040074238
201.47058,0.0357658,0.026399655,-0.005071668
201.48685,0.032916002,0.023818705,-0.0061410856
201.50383,0.030085929,0.021052115,-0.0073285047
201.52037,0.028094472,0.019909095,-0.0052973684
201.53712,0.025714299,0.017228344,-0.0063890605
201.55365,0.023617845,0.014378508,-0.0074316505
201.57039,0.022397267,0.012564596,-0.005556724
201.58713,0.02011275,0.009825806,-0.0065461015
201.60373,0.01735144,0.0071788053,-0.0074769617
201.62044,0.016444888,0.005837543,-0.0055340054
201.63712,0.01424931,0.0034792093,-0.0064137066
201.65385,0.01272466,0.0022745458,-0.0044044964
201.67035,0.011414239,0.00015450065,-0.005208728
201.68695,0.009768301,-0.0017362357,-0.0061474154
201.70389,0.008261362,-0.0033507342,-0.007112344
201.72029,0.0072751185,-0.004510296,-0.007925284
201.73697,0.006425795,-0.0055126594,-0.008886261
201.75357,0.006439726,-0.0054962263,-0.0037969812
201.77034,0.005621802,-0.0061690845,-0.004670705
201.78694,0.0051310654,-0.0061076065,-0.0055136513
201.80362,0.0048723756,-0.005591316,-0.006314397
201.82018,0.004729772,-0.004713392,-0.007109053
201.83713,0.005331127,-0.0028288844,-0.007956425
201.85396,0.005295784,-0.0019255622,-0.005782148
201.87018,0.006325097,0.00012372466,-0.006596134
201.88702,0.0073408997,0.0020105774,-0.0075588203
201.90366,0.008021597,0.0032001943,-0.005359566
201.92032,0.009425818,0.0062662335,-0.00620518
201.93704,0.010384775,0.009094726,-0.0072135846
201.95343,0.011177827,0.010632018,-0.004992214
201.97047,0.012188814,0.013431593,-0.0060398825
201.98717,0.013470473,0.016325139,-0.006847948
202.0037,0.014381945,0.017527,-0.004732111
202.0203,0.015424407,0.020188197,-0.0056493175
202.03702,0.0154459905,0.021506017,-0.0036162753
202.05376,0.017074665,0.02398701,-0.0045297495
202.07059,0.018303031,0.026115892,-0.0055370023
202.0871,0.018702528,0.027321069,-0.0033322826
202.10367,0.01953833,0.02876071,-0.0044691167
202.12044,0.020602908,0.03048048,-0.0056381808
202.13751,0.021572905,0.03233518,-0.006698719
202.15405,0.022286309,0.033122357,-0.0044666673
202.17056,0.023231382,0.034141112,-0.0056337547
202.18745,0.023782738,0.034498706,-0.003551627
202.204,0.024787134,0.035628434,-0.004587893
202.22063,0.025753388,0.036824286,-0.0057104793
202.23718,0.025741598,0.036785495,-0.0036031888
202.25377,0.026477875,0.0375748,-0.00472857
202.2703,0.027500633,0.038734194,-0.005859676
202.28737,0.027818289,0.03907986,-0.0038005544
202.30324,0.02852336,0.03955729,-0.0047607333
202.32076,0.02906419,0.039557226,-0.0061767437
202.33727,0.02969349,0.03987067,-0.0037262863
202.3538,0.03063621,0.04007599,-0.004899936
202.37085,0.031128207,0.040083013,-0.006085696
202.38731,0.030834971,0.040075146,-0.0037591744
202.4042,0.031236095,0.04002262,-0.0049527646
202.42072,0.031921744,0.03998868,-0.0059801955
202.43738,0.032524046,0.0400317,-0.003875224
202.45395,0.03304773,0.039306335,-0.004948021
202.47113,0.033544548,0.039062884,-0.006104172
202.48766,0.033560272,0.03890783,-0.0037204993
202.50406,0.033756994,0.038247142,-0.0048525017
202.521,0.03423069,0.03818199,-0.005930294
202.53745,0.034622412,0.037992988,-0.003680169
202.55412,0.035186287,0.038012147,-0.0047533014
202.57101,0.035561047,0.03765497,-0.0057435245
202.5871,0.035997972,0.03785096,-0.0034680632
202.60405,0.03618644,0.037558954,-0.004646709
202.62071,0.036320124,0.037450336,-0.005616334
202.63742,0.036586557,0.037528154,-0.0033301904
202.6541,0.036842283,0.03703706,-0.004373007
202.67076,0.03703455,0.036898557,-0.0054477076
202.68752,0.0365559,0.037040047,-0.0031078737
202.70467,0.0365591,0.036818575,-0.00416969
202.72084,0.037097517,0.036732562,-0.0016888443
202.7372,0.036988273,0.036361307,-0.0029110375
202.75412,0.03686683,0.036057334,-0.0040823324
202.77078,0.03622375,0.035628807,-0.0050278436
202.7874,0.03642139,0.035382353,-0.0027347934
202.80402,0.03597588,0.035140637,-0.003772388
202.821,0.03578868,0.034970425,-0.0014749318
202.83723,0.03570435,0.03441017,-0.0024489427
202.85387,0.035418104,0.03399202,-0.003644285
202.87057,0.034787092,0.034012802,-0.0013358813
202.88708,0.034361333,0.03383605,-0.0023732448
202.90448,0.034280907,0.033243917,-0.0035149509
202.9207,0.03427169,0.033136126,-0.0008809245
202.93738,0.034073886,0.033024617,-0.0020930571
202.95439,0.033891752,0.032539193,-0.003173039
202.97061,0.033721417,0.03247613,-0.000687812
202.98723,0.033608403,0.032472555,-0.0018694862
203.00429,0.033225536,0.032366455,-0.003002678
203.02077,0.032537848,0.03215417,-0.0004598385
203.03738,0.031886935,0.03163921,-0.0015994324
203.0541,0.03128239,0.031315193,-0.0027299693
203.0706,0.031463068,0.03139535,-0.00032846013
203.08734,0.030854883,0.031088086,-0.0014666693
203.10432,0.03022969,0.03059747,-0.0025072594
203.1203,0.029529719,0.030208195,-0.003452101
203.13724,0.028620753,0.029974427,-0.0047851517
203.15361,0.02853104,0.030059405,0.0011773361
203.17036,0.027804736,0.02983854,-0.0000051468674
203.18747,0.026989678,0.029766597,-0.0010332103
203.20392,0.026191935,0.029858332,-0.0019453367
203.22043,0.025578305,0.030134534,-0.0030600147
203.23726,0.025087554,0.030382246,-0.004151405
203.25385,0.024626246,0.030337421,-0.001660719
203.27087,0.023857627,0.030699044,-0.002722925
203.2873,0.023007967,0.03107188,-0.0036716391
203.30367,0.023132402,0.03153912,-0.0012541986
203.3204,0.022507768,0.031860948,-0.0024080512
203.33731,0.021766879,0.0329893,-0.0034525108
203.35374,0.02141952,0.033951335,-0.00081328145
203.37015,0.020360382,0.03466739,-0.0019955311
203.387,0.019622043,0.035738334,-0.0031048001
203.40388,0.01912404,0.036274664,-0.0005912537
203.42017,0.01828656,0.037561867,-0.0015835647
203.43768,0.017856568,0.038199067,-0.0027739278
203.45383,0.01752329,0.03853866,-0.00003942378
203.47035,0.017217504,0.03956283,-0.0012874692
203.487,0.016669303,0.040140484,-0.0024884671
203.50362,0.016535975,0.040352426,-0.000019194164
203.52037,0.015938677,0.040953413,-0.0011619718
203.53703,0.015201963,0.04140071,0.0013950882
203.55374,0.0144008575,0.041846562,0.00022474169
203.5701,0.013829342,0.04203564,-0.00091142446
203.58691,0.01394081,0.042336527,0.0014757925
203.60384,0.013319739,0.043061372,0.00037275316
203.62042,0.012812042,0.043824896,-0.00064459303
203.63696,0.012324916,0.043821633,0.001801862
203.65366,0.01201784,0.04417713,0.00058779615
203.67018,0.011350141,0.04450844,-0.0005472463
203.68706,0.011254079,0.0448749,0.001869177
203.70395,0.010713818,0.044792507,0.00074343674
203.7206,0.010355522,0.04518425,-0.000363665
203.73717,0.009768589,0.045280706,0.002089918
203.7537,0.009204182,0.04564623,0.00087370374
203.77039,0.008907534,0.0458485,-0.00041679243
203.7871,0.008599302,0.046018265,0.0020834014
203.80405,0.008386764,0.046516992,0.00087371713
203.82077,0.0076907994,0.046855867,-0.0002377562
203.8371,0.007620287,0.046970394,0.00223514
203.85379,0.0070785396,0.047280848,0.00082172925
203.87111,0.006742766,0.047478944,-0.00044633274
203.88744,0.006149902,0.04750592,0.0022879313
203.90411,0.005571558,0.047644425,0.00086959166
203.92067,0.0051188855,0.047895156,-0.0004031452
203.9371,0.005165788,0.048228443,0.0020304837
203.9538,0.0045678383,0.04849887,0.0006600949
203.97092,0.0040326966,0.04852642,-0.00067846006
203.98755,0.0040367893,0.04861584,0.0019454148
204.0042,0.003617066,0.04840559,0.00061232114
204.02075,0.0036030489,0.048643544,-0.00073571486
204.03726,0.0030572736,0.048612554,0.001692826
204.05464,0.0031141841,0.0489978,0.00029227135
204.071,0.0025189319,0.049004592,0.0030625558
204.08745,0.0026086343,0.0489412,0.0015914855
204.10382,0.0025301022,0.048862647,0.000121903155
204.12079,0.0026045577,0.048998803,0.002532786
204.13795,0.0025034738,0.04894126,0.0012706039
204.15488,0.0025617704,0.048871554,0.00009999701
204.17056,0.0024045105,0.048835296,0.002757117
204.18727,0.0021186923,0.048783205,0.0010519144
204.20427,0.002254669,0.0485372,-0.00025060313
204.22093,0.002381901,0.048668887,0.002437595
204.23755,0.0021919478,0.049094427,0.0011030005
204.25328,0.0021754594,0.049092308,-0.00020875725
204.2702,0.002257824,0.049047835,0.0019395837
204.28745,0.002520502,0.04916216,0.00068763876
204.3043,0.0023677894,0.049612176,-0.00045098635
204.32088,0.0023846864,0.049783826,0.0021371404
204.33725,0.002938413,0.049889334,0.00072937034
204.35442,0.003056104,0.050100718,-0.00078549626
204.37112,0.0031618266,0.050380267,0.0019387598
204.38731,0.0033488807,0.050464552,0.0005549166
204.40472,0.0037200314,0.05038546,-0.0010160052
204.42052,0.0034458973,0.050466575,0.0018312486
204.43715,0.0036659865,0.050731834,0.00010265022
204.4541,0.003444152,0.05104266,-0.0012762704
204.47076,0.0034586384,0.051064093,0.0014057828
204.48682,0.0036393416,0.050930798,0.000042741056
204.50404,0.0035387673,0.050973237,0.002378963
204.52052,0.0034866673,0.051132016,0.0012580673
204.53723,0.0033074915,0.050776318,-0.0041226023
204.55414,0.0031410388,0.05078684,0.002431545
204.57068,0.002762671,0.050190873,0.001154182
204.58725,0.0025427232,0.049880307,-0.00027504427
204.60416,0.002472512,0.04957492,-0.0016664225
204.62038,0.0023634294,0.049220588,-0.0029259915
204.63725,0.002313019,0.049015924,-0.0044840826
204.654,0.0021498061,0.049023286,0.002173516
204.67053,0.0020095366,0.048880085,0.0008488541
204.6872,0.0022761317,0.04869927,-0.0045161447
204.70433,0.0018252243,0.04831763,-0.0018884087
204.72069,0.0017588796,0.047974907,-0.0030102516
204.73744,0.0015245272,0.04767794,-0.004443185
204.75377,0.0017839848,0.04786883,-0.0017511696
204.77055,0.0017288595,0.047699288,-0.0032067455
204.78731,0.0014439079,0.04750529,-0.0044410103
204.80388,0.0014912413,0.047392003,-0.0017483109
204.82059,0.0013541013,0.046987917,-0.0030277763
204.83752,0.0011996916,0.046654772,-0.004268501
204.85391,0.0006270761,0.04636018,-0.0014379771
204.8703,0.0005219079,0.04614077,-0.002765253
204.8872,0.0005665615,0.045873713,-0.0041057128
204.90373,0.0008743215,0.046107378,-0.0012660585
204.92087,0.00064457575,0.045969956,-0.00256156
204.93727,0.00025647014,0.045723516,-0.003597463
204.95386,-0.00028948663,0.04509629,-0.0009569727
204.97078,-0.00066567946,0.04492993,-0.0021989306
204.98721,-0.0006024999,0.045102842,0.00065743685
205.00368,-0.0007373501,0.044643197,-0.0006072421
205.02046,-0.0005198775,0.044370785,-0.0019117915
205.03694,-0.0008033263,0.044156756,0.00096800196
205.05365,-0.0011524708,0.043629214,-0.00035294626
205.07062,-0.0014661574,0.043245617,-0.0014966093
205.08719,-0.0014698459,0.04350009,0.0014211504
205.10388,-0.0019593756,0.04287447,0.00018884164
205.12047,-0.0024038658,0.04244157,-0.00096417847
205.13756,-0.002597241,0.042509392,0.0018041821
205.1538,-0.002857784,0.042164,0.0007982223
205.17049,-0.0031654825,0.041671462,-0.0005932273
205.18707,-0.0037346196,0.041108556,0.0022374224
205.20392,-0.0037067623,0.04036786,0.0009890897
205.22029,-0.0036451274,0.040157814,0.0038608382
205.23692,-0.003975987,0.039480925,0.0025651506
205.25348,-0.004121152,0.03911867,0.001358833
205.27036,-0.0041584843,0.038690753,0.00010347974
205.28703,-0.003901658,0.03874565,0.0030282177
205.30377,-0.0041285525,0.038491737,0.0018331935
205.32024,-0.0044812956,0.03794099,0.000658253
205.33716,-0.0045145424,0.037841104,0.0033905949
205.35373,-0.0046721394,0.037254516,0.0022687567
205.37074,-0.0049887896,0.03687125,0.000938295
205.38696,-0.0055023734,0.0365824,0.0039102416
205.40363,-0.005640989,0.036391743,0.0023906417
205.42033,-0.005797633,0.03608791,0.0010518449
205.43701,-0.0055278908,0.03629311,0.0038810698
205.45369,-0.005743107,0.036012776,0.002533868
205.4704,-0.006159788,0.0358191,0.00535619
205.48709,-0.0057801413,0.035735313,0.0039718486
205.5041,-0.005822726,0.035744596,0.0026238367
205.52051,-0.006159145,0.035687998,0.005558678
205.5371,-0.0062256614,0.03566921,0.00405368
205.55421,-0.006123346,0.035427272,0.002626927
205.57062,-0.00607153,0.0357981,0.0055796388
205.58723,-0.006130862,0.035739835,0.004060749
205.60442,-0.0065603703,0.03569078,0.0026330554
205.62062,-0.0066545294,0.035782654,0.0056109875
205.63707,-0.0067600347,0.03539975,0.0039945603
205.65355,-0.006988547,0.035181545,0.0024367033
205.67049,-0.006890322,0.03545898,0.0051268185
205.6871,-0.006794203,0.03524291,0.003771267
205.70413,-0.0065686367,0.03487815,0.0022570402
205.72058,-0.007078083,0.03435726,0.0051986645
205.73703,-0.0072244755,0.034507684,0.0036360598
205.75346,-0.00748563,0.03436989,0.00206809
205.77094,-0.007561396,0.03485959,0.004774298
205.78743,-0.0078262,0.034827933,0.0036210802
205.80412,-0.008420042,0.034906957,0.0020716174
205.82059,-0.008881259,0.03493709,0.0048470115
205.83704,-0.009324498,0.03498878,0.0032604507
205.85356,-0.009835238,0.0351277,0.005964469
205.87057,-0.010635446,0.035557367,0.00437363
205.8872,-0.011081323,0.03598703,0.0029912044
205.90454,-0.012168086,0.036420844,0.0014937209
205.92073,-0.0127322655,0.036122106,0.004556199
205.93723,-0.0137944585,0.036660504,0.002827949
205.95407,-0.015041029,0.0372373,0.0012027799
205.97066,-0.016358703,0.037669968,-0.00026627156
205.9874,-0.017716441,0.038429376,-0.0018503321
206.00418,-0.017853487,0.03836595,0.0052859797
206.02095,-0.018961214,0.03862628,0.0038318618
206.03787,-0.020657098,0.039052863,0.0023818167
206.05443,-0.022326984,0.039811645,0.0010136097
206.07115,-0.023550885,0.0400965,-0.00045417016
206.0875,-0.02494821,0.040451214,-0.0019034102
206.10443,-0.025949258,0.040961448,0.0007674831
206.12074,-0.02761852,0.041426655,-0.0005671977
206.13751,-0.028609581,0.041311454,-0.0021940381
206.15408,-0.029419163,0.041035917,0.0007204605
206.1711,-0.03046611,0.04123316,-0.0008048073
206.18762,-0.03128285,0.04135991,-0.002153813
206.20425,-0.03178435,0.04101771,0.00067682937
206.22095,-0.032145724,0.040607497,-0.000777096
206.23746,-0.032550123,0.040880114,-0.002154844
206.25403,-0.032852568,0.04017688,0.00061268505
206.27103,-0.032961875,0.03981882,-0.00076308736
206.28737,-0.032718014,0.039487913,-0.0019967456
206.30429,-0.03266185,0.03990917,0.0008109503
206.3204,-0.032844983,0.039497193,-0.0004107812
206.3375,-0.032776266,0.03913495,-0.0019619297
206.35393,-0.032699868,0.038467944,0.0012109395
206.37065,-0.032674935,0.03820587,-0.00016917568
206.38728,-0.033457078,0.03793216,-0.0013954918
206.40408,-0.033618227,0.038013626,0.0015494756
206.42073,-0.033404782,0.037508078,0.00035850072
206.43735,-0.03350663,0.03739923,-0.00089261297
206.45415,-0.033855803,0.037266985,0.0020680754
206.47034,-0.033915553,0.03738483,0.00087306125
206.48691,-0.034011174,0.037062638,0.0036464618
206.50378,-0.03386074,0.036925565,0.0023538556
206.52055,-0.03394819,0.036374338,0.0011922212
206.53728,-0.0342347,0.03660729,0.0042249192
206.55388,-0.03413246,0.036110666,0.0029816772
206.5707,-0.03383618,0.03564944,0.0016487719
206.58736,-0.03417279,0.0348752,0.0047169696
206.60408,-0.03420967,0.03465886,0.0034024604
206.62071,-0.03413081,0.034227278,0.002125648
206.6372,-0.034213826,0.03410446,0.0051225508
206.6539,-0.034103803,0.03374798,0.003814479
206.6707,-0.0344459,0.033456203,0.0025200243
206.68723,-0.03485912,0.033749025,0.005618518
206.70378,-0.03531974,0.033283133,0.0042431196
206.72054,-0.0358103,0.03308964,0.0028450885
206.73723,-0.036231957,0.032787427,0.0059268684
206.75385,-0.036796905,0.032696787,0.0045541893
206.77129,-0.0370161,0.032225702,0.0031677708
206.78725,-0.037289828,0.03155741,0.0065450976
206.80411,-0.03730166,0.030989463,0.004842178
206.82086,-0.037287958,0.030359272,0.003549754
206.83727,-0.03710673,0.03054503,0.0065429723
206.85391,-0.036890116,0.029999427,0.0050411266
206.87062,-0.03639218,0.029508818,0.0036091513
206.88728,-0.03654899,0.02867701,0.006625451
206.90367,-0.036179226,0.028379265,0.0051388047
206.92058,-0.03582097,0.028579425,0.007976856
206.93706,-0.034701522,0.0282015,0.0066156304
206.95378,-0.033666167,0.027914701,0.0050468277
206.9704,-0.033298835,0.027276905,0.008039065
206.98706,-0.032302525,0.027134813,0.0065195914
207.00366,-0.0307352,0.026816435,0.004988933
207.02046,-0.02970807,0.026696634,0.00793193
207.03708,-0.028517324,0.026383447,0.0064481734
207.05373,-0.027040627,0.025986591,0.004905115
207.07066,-0.026232226,0.02583542,0.007876528
207.08694,-0.024243047,0.025627006,0.0064294967
207.1038,-0.022549115,0.0255317,0.0047334544
207.1204,-0.021638604,0.02518826,0.007763139
207.13719,-0.019677449,0.024891773,0.006156693
207.15353,-0.017260615,0.024944644,0.004667174
207.1702,-0.016017834,0.025168419,0.0074163256
207.18681,-0.014008087,0.025395835,0.00592031
207.20346,-0.0115893865,0.025323171,0.0043278825
207.2201,-0.010619172,0.025240444,0.0073340037
207.23682,-0.008042141,0.025374511,0.005757878
207.25385,-0.006041962,0.02572611,0.004277964
207.27061,-0.0053877765,0.025764003,0.0074582254
207.28711,-0.0036608276,0.02606678,0.005977666
207.30449,-0.0019146391,0.026442086,0.0044671213
207.32135,-0.0010629976,0.026421243,0.0077958456
207.33725,-0.000012007066,0.0268334,0.006456918
207.35397,0.00054455944,0.02703281,0.009145129
207.37067,0.001288484,0.027379764,0.007822242
207.38737,0.0019619924,0.02763075,0.006429306
207.4044,0.0021954265,0.027690783,0.0049967244
207.42078,0.0022513077,0.027512327,0.003777816
207.43748,0.002403955,0.027416421,0.0022349479
207.45404,0.0023008129,0.027425576,0.009759311
207.47066,0.0016395694,0.02734806,0.008313509
207.48761,0.0006354645,0.027594877,0.0068620658
207.50388,-0.00013849596,0.027862778,0.005561893
207.52065,-0.0011168292,0.027633514,0.00398836
207.5374,-0.002358541,0.02726425,0.0026288056
207.55394,-0.0027877123,0.026677353,0.0057064155
207.57162,-0.0041688797,0.0263246,0.0042109736
207.58762,-0.005799944,0.026010122,0.0032105902
207.60387,-0.0068507455,0.026285762,0.0059760516
207.62086,-0.008731202,0.025874207,0.0043337075
207.63744,-0.010594597,0.02529483,0.0030073482
207.65482,-0.011659346,0.025017159,0.005989343
207.67091,-0.013848073,0.024745738,0.0048229983
207.68762,-0.015908852,0.024408605,0.0030625935
207.70493,-0.01679268,0.0238437,0.006116085
207.72089,-0.018797455,0.023492774,0.0048992517
207.73758,-0.021142744,0.023027094,0.0031142721
207.75432,-0.022368016,0.023207076,0.006102303
207.77086,-0.02467817,0.022439362,0.0046830657
207.78741,-0.026993277,0.021698484,0.003123745
207.80434,-0.028210742,0.02132245,0.006070718
207.82092,-0.03049726,0.020835014,0.0047054878
207.83781,-0.032796744,0.020492341,0.0031221816
207.85399,-0.033806115,0.019687066,0.006275329
207.87036,-0.03611309,0.018787632,0.0045319623
207.88747,-0.038370308,0.018001202,0.0028253654
207.90483,-0.039760116,0.017879872,0.0060869795
207.92113,-0.04199649,0.017069243,0.004879711
207.93782,-0.044444878,0.016322035,0.0031660693
207.95422,-0.045567222,0.015864495,0.0062285136
207.97073,-0.04760555,0.0149258105,0.004532583
207.98721,-0.048763894,0.014402317,0.007512579
208.0045,-0.050663162,0.013520146,0.0058679194
208.02086,-0.052551974,0.012456695,0.004609207
208.03777,-0.053387836,0.011873458,0.0075058355
208.05424,-0.055068966,0.01088637,0.0060910946
208.0705,-0.057033625,0.010142842,0.0045007993
208.08763,-0.05746796,0.009294411,0.007348779
208.10416,-0.058884848,0.008356363,0.00605752
208.12157,-0.060406037,0.007428956,0.004451413
208.13737,-0.06133775,0.007136315,0.007848281
208.15385,-0.06255439,0.0062420242,0.0059765247
208.17078,-0.063710906,0.005273203,0.00439648
208.18729,-0.06411099,0.00425578,0.007613265
208.20396,-0.06505977,0.0033226786,0.0060450467
208.22058,-0.06573081,0.0023295362,0.0045590224
208.23732,-0.06633855,0.0022933048,0.007610084
208.2549,-0.0672162,0.0013636822,0.0061064656
208.27051,-0.06811578,0.00071904284,0.0050103157
208.28714,-0.06830376,0.000041679392,0.007585426
208.30379,-0.068528034,-0.0007826469,0.0060552894
208.32066,-0.06917512,-0.0010211553,0.009106267
208.33728,-0.069465846,-0.001686615,0.007663739
208.35399,-0.06951069,-0.0025430103,0.006067857
208.3705,-0.06985296,-0.0027468824,0.009116975
208.38727,-0.06960259,-0.0033993626,0.00745008
208.404,-0.06952808,-0.0038099212,0.005888944
208.42055,-0.06898645,-0.0046978104,0.008991415
208.43729,-0.06880986,-0.0052584293,0.007304756
208.45413,-0.06862668,-0.0056740777,0.0057256254
208.47057,-0.06881945,-0.0055141156,0.008845922
208.48769,-0.0685044,-0.0062092133,0.007130098
208.50449,-0.06831573,-0.006797554,0.005721131
208.52078,-0.06799432,-0.007170539,0.008811521
208.53725,-0.0676355,-0.0072394833,0.007002356
208.55386,-0.06695991,-0.007473708,0.005271976
208.57059,-0.06647295,-0.0077855447,0.008300073
208.58727,-0.06614862,-0.007983561,0.0066757193
208.60449,-0.06608461,-0.008022278,0.004999136
208.62062,-0.06555722,-0.007851694,0.008300808
208.6372,-0.064661376,-0.008300583,0.006322845
208.65392,-0.063550636,-0.008258166,0.004648575
208.67061,-0.06238421,-0.008740158,0.007596378
208.68718,-0.061532028,-0.0086223865,0.0059455256
208.70389,-0.060321335,-0.008640037,0.004184288
208.7206,-0.059755266,-0.008504164,0.0071959184
208.73737,-0.057706125,-0.00782608,0.0055109453
208.75421,-0.0559841,-0.007038009,0.0038047202
208.77055,-0.055258002,-0.00703687,0.006919006
208.78752,-0.053478837,-0.006339432,0.0050706402
208.80405,-0.05186644,-0.005274036,0.0034727964
208.8207,-0.04968374,-0.0041488325,0.0017173247
208.83731,-0.047974873,-0.0033456886,0.00004232337
208.85397,-0.047961853,-0.0035312702,0.0077777095
208.87047,-0.04549519,-0.0020250096,0.0061044707
208.88707,-0.043720253,-0.001160369,0.004417587
208.9036,-0.04173473,-0.00027155408,0.002773732
208.92033,-0.039932035,0.0008393538,0.0011034104
208.93771,-0.037945762,0.0019930508,-0.00047704633
208.95355,-0.037953507,0.0018393564,0.0076218895
208.9704,-0.035841476,0.0031145609,0.0009574231
208.98712,-0.034270663,0.004252583,-0.00057365984
209.0038,-0.033169195,0.004766402,0.0025339175
209.0204,-0.031507652,0.0055211876,0.00093809166
209.03722,-0.030779634,0.006263525,0.003967749
209.05408,-0.028594032,0.007801885,0.0023966767
209.07043,-0.02695791,0.0091691,0.0008796789
209.08746,-0.025360908,0.010275453,-0.0008640544
209.10393,-0.024560401,0.011148558,0.0023541031
209.1208,-0.022769654,0.012690559,0.0006832722
209.13725,-0.021055542,0.01381704,-0.00083180406
209.15393,-0.020354023,0.014255539,0.0021978677
209.17046,-0.018480752,0.015868371,0.000614066
209.18768,-0.016527504,0.017437141,-0.0010643275
209.20386,-0.016043095,0.017549234,0.0024197102
209.22133,-0.014585669,0.01823088,0.00055242283
209.23724,-0.013708875,0.01909994,-0.00061793847
209.25404,-0.01349385,0.019493679,0.0022170418
209.27043,-0.012534021,0.019691655,0.00078460085
209.28761,-0.011514055,0.01947301,-0.0008990924
209.30394,-0.011744069,0.019700361,0.0025145577
209.32071,-0.011220365,0.019413847,0.0007932354
209.33719,-0.010495453,0.01902881,0.0039510434
209.35434,-0.010276228,0.017892288,0.0023117599
209.3707,-0.010360536,0.017145751,0.0009573226
209.38785,-0.0110347,0.01651128,0.003980324
209.40411,-0.011458226,0.015057613,0.002658545
209.42084,-0.012015433,0.013352245,0.00087640225
209.43709,-0.012050902,0.012156867,0.0040471316
209.45442,-0.012603916,0.010491591,0.0022510402
209.47095,-0.013989585,0.008603327,0.0010534453
209.48764,-0.0139572155,0.007546302,0.004064132
209.50414,-0.014609343,0.0055415244,0.0025424112
209.5214,-0.015469462,0.0032829128,0.00094124296
209.53801,-0.016225966,0.0022096725,0.0042950674
209.55412,-0.017001407,-0.0002541555,0.0027830119
209.57196,-0.017926889,-0.0026246195,0.0009278756
209.58757,-0.01794268,-0.004173738,0.0046599065
209.60439,-0.019128066,-0.0065663275,0.0025913438
209.62105,-0.020293998,-0.009110127,0.0010688587
209.63722,-0.020548493,-0.010298882,0.004257851
209.65419,-0.021810755,-0.012610145,0.0024581212
209.67102,-0.022506038,-0.014693789,0.0010580975
209.68742,-0.02231077,-0.01579268,0.0042916387
209.7042,-0.022949586,-0.018004403,0.0026332804
209.72078,-0.023488516,-0.020201217,0.0012022771
209.73814,-0.024348563,-0.020914352,0.004303177
209.75475,-0.02487337,-0.02291458,0.0031820328
209.771,-0.025531806,-0.024941312,0.0016274388
209.78746,-0.026096044,-0.025870746,0.0045835036
209.80411,-0.026575703,-0.027544549,0.0030028762
209.82077,-0.02731664,-0.02909409,0.0015041971
209.83737,-0.027127214,-0.030010005,0.0045878952
209.85378,-0.028065614,-0.03144391,0.0031056232
209.87114,-0.028505227,-0.03264261,0.0014648323
209.88739,-0.02836867,-0.033175856,0.0049512284
209.90393,-0.028736833,-0.034197733,0.0032459362
209.92076,-0.029290434,-0.034835745,0.0063576642
209.93736,-0.029769575,-0.035573825,0.004899218
209.95407,-0.030131565,-0.036556426,0.0033815925
209.97084,-0.02963969,-0.037106123,0.0065596774
209.98755,-0.030243559,-0.038243305,0.00511271
210.00394,-0.030631492,-0.0394609,0.0036340456
210.0207,-0.030168278,-0.039946374,0.0066780127
210.03746,-0.030275175,-0.04059201,0.005205102
210.05424,-0.030519478,-0.041630372,0.0037017614
210.07063,-0.031111928,-0.042145893,0.0068999887
210.08711,-0.031233791,-0.042848617,0.0052340515
210.10385,-0.03131763,-0.043537162,0.0036118047
210.12056,-0.030652067,-0.043886755,0.0067911563
210.13719,-0.030863047,-0.04455349,0.0052612172
210.15399,-0.030729957,-0.044825863,0.0036964063
210.17056,-0.030819865,-0.045272592,0.0069510043
210.18707,-0.03104418,-0.045932826,0.005341667
210.20404,-0.030742312,-0.046327155,0.003726265
210.22054,-0.030773817,-0.0465935,0.007010702
210.2371,-0.030797238,-0.04681728,0.005395576
210.25377,-0.030721871,-0.046844754,0.0038359712
210.27042,-0.0302756,-0.046864588,0.002281767
210.28696,-0.030091671,-0.046983,0.010121157
210.30362,-0.029852297,-0.046861093,0.008517896
210.32018,-0.029638112,-0.046626203,0.006999133
210.3369,-0.02944845,-0.04612177,0.0054026353
210.35358,-0.029056033,-0.045888387,0.0039349953
210.37073,-0.028789503,-0.045688383,0.0024414263
210.38716,-0.028604647,-0.045804273,0.010519744
210.40422,-0.028308395,-0.04550116,0.004238075
210.42047,-0.027997585,-0.045097064,0.0029236916
210.43735,-0.027584458,-0.044562794,0.0011941784
210.45384,-0.027650489,-0.044560723,0.0044558193
210.47061,-0.027379686,-0.043744925,0.0028561754
210.48732,-0.027095415,-0.043129355,0.0014119708
210.50368,-0.026732843,-0.042724293,0.004559565
210.52042,-0.02645695,-0.042117503,0.0029648382
210.53702,-0.025789108,-0.040754836,0.0015391934
210.55374,-0.025830207,-0.040618777,0.0047255247
210.57057,-0.025790049,-0.039797522,0.0033384897
210.58702,-0.025469303,-0.038781654,0.0019846528
210.60376,-0.024993096,-0.03833188,0.0050953384
210.62018,-0.025042213,-0.03750687,0.0036868309
210.63719,-0.025005717,-0.036856823,0.002104545
210.65373,-0.025140617,-0.036792893,0.0054910313
210.67038,-0.025178095,-0.035491627,0.0039570727
210.68695,-0.02506326,-0.035197224,0.007156048
210.70407,-0.025038853,-0.034921493,0.0056933975
210.72058,-0.024769377,-0.03418033,0.004419709
210.73749,-0.02422013,-0.033154216,0.0029547336
210.75385,-0.023465969,-0.03263254,0.0062521435
210.77094,-0.023137774,-0.032061074,0.0046821837
210.78708,-0.023324475,-0.031423636,0.008089043
210.80421,-0.022777345,-0.030234048,0.0063377614
210.82051,-0.022221029,-0.029396472,0.005162987
210.83742,-0.022223491,-0.029002976,0.008146355
210.85425,-0.021812988,-0.027973147,0.0068381224
210.87057,-0.021805989,-0.026815701,0.0055142175
210.88722,-0.021362232,-0.026097791,0.008513289
210.90413,-0.020855164,-0.025401168,0.0071080416
210.9205,-0.019898685,-0.024365567,0.005762498
210.93724,-0.02004667,-0.024029339,0.008816647
210.95406,-0.01944364,-0.023033002,0.007424708
210.97122,-0.019067604,-0.022339527,0.0060318667
210.98766,-0.018976446,-0.021950167,0.009450924
211.00409,-0.01852629,-0.021227786,0.007846101
211.02147,-0.017859343,-0.020506756,0.006220888
211.03758,-0.017144166,-0.020073924,0.009740187
211.05412,-0.016540648,-0.01950705,0.00796013
211.0718,-0.015910368,-0.018876098,0.006404125
211.088,-0.016130054,-0.018702019,0.010037866
211.10405,-0.01548412,-0.018117797,0.008348194
211.12108,-0.014387344,-0.017518751,0.0065656276
211.13776,-0.014428437,-0.01739327,0.009869921
211.15463,-0.0136237135,-0.017101273,0.0083723115
211.17105,-0.012823674,-0.016980067,0.0069653783
211.18762,-0.011777799,-0.01653886,0.009976516
211.20415,-0.011298979,-0.016458822,0.008401748
211.22092,-0.010319096,-0.0162731,0.006786163
211.23747,-0.010288753,-0.016451228,0.009989019
211.25415,-0.009241557,-0.01621244,0.0083664
211.27087,-0.009177355,-0.01631928,0.011493832
211.28749,-0.008355147,-0.0164338,0.009923625
211.30446,-0.0075653414,-0.016483791,0.008335888
211.3214,-0.00656129,-0.016274923,0.011576453
211.33788,-0.005657056,-0.01621614,0.010064051
211.35431,-0.004948514,-0.016164519,0.008269691
211.37122,-0.0048433817,-0.016629038,0.011244354
211.3877,-0.0044104373,-0.016532065,0.00956401
211.40495,-0.0035277184,-0.016316686,0.0076909987
211.42128,-0.0035133362,-0.016576383,0.011001205
211.4375,-0.002872099,-0.016738402,0.009036546
211.4536,-0.0022402348,-0.01701887,0.007087702
211.471,-0.0015267327,-0.01667998,0.009796862
211.48813,-0.00084672,-0.016980976,0.008347944
211.50493,0.000028944849,-0.017578986,0.006817257
211.52069,0.000100141435,-0.018311474,0.009882403
211.53752,0.00043466312,-0.018460967,0.007647757
211.55396,0.0012009933,-0.01937488,0.0058788937
211.57082,0.0016623365,-0.019968461,0.008744505
211.58783,0.001918636,-0.020666944,0.0070521953
211.60402,0.0025565466,-0.021194728,0.0053789327
211.62076,0.0033010836,-0.021125471,0.00818352
211.63742,0.0041846465,-0.021862902,0.0063683377
211.6542,0.0042921454,-0.02287634,0.009401693
211.67073,0.00490336,-0.023495128,0.0076290034
211.68716,0.0056566107,-0.024552394,0.0057725045
211.70374,0.0064838184,-0.02564213,0.0038714712
211.72032,0.0074390424,-0.026545515,0.0019763212
211.73709,0.008428436,-0.027979227,0.00014949292
211.75378,0.008538047,-0.027946204,0.007984222
211.77037,0.00941976,-0.029142948,0.006196776
211.78757,0.009997386,-0.030229814,0.0043120338
211.80405,0.010961574,-0.03133296,0.00273546
211.82042,0.011430499,-0.032091394,0.00089690933
211.83711,0.0118423365,-0.0332792,-0.0010114294
211.854,0.012257873,-0.033550974,0.0020191083
211.87054,0.012759031,-0.034300774,0.00040312868
211.88727,0.013340183,-0.03512729,-0.0013827281
211.90396,0.013036074,-0.035494175,0.0016634923
211.9205,0.013354882,-0.03591346,-0.000074451214
211.93764,0.013771443,-0.03636952,-0.001825158
211.95395,0.014201706,-0.03597597,0.0014001467
211.97035,0.013775496,-0.036387812,-0.00046733124
211.98698,0.013568876,-0.036385283,-0.0022307346
212.00359,0.013479618,-0.03650684,0.0007797952
212.02028,0.013109787,-0.036887113,-0.00094223564
212.0371,0.012823262,-0.03708089,-0.0026044783
212.05363,0.0125980545,-0.037071507,0.00046792653
212.07037,0.012113013,-0.03722507,-0.0013150756
212.0874,0.011486245,-0.037034754,-0.0029922347
212.10403,0.011765596,-0.03661786,0.00020296742
212.12057,0.0111933015,-0.036281437,-0.0014934322
212.13718,0.010653933,-0.03605344,-0.0032237142
212.15417,0.0107927015,-0.03601211,0.0044782767
212.17076,0.009023963,-0.03623326,-0.0017422265
212.18727,0.009092639,-0.035686236,0.0012495627
212.20387,0.008510064,-0.03536237,-0.00047495568
212.22076,0.007976129,-0.035183,-0.0021688214
212.2376,0.0074870307,-0.035677522,0.0010224581
212.25388,0.0071742036,-0.035812665,-0.00053533853
212.2706,0.0069300868,-0.035977937,-0.0023271032
212.28726,0.007263843,-0.035319675,0.00078783405
212.30392,0.007303819,-0.035700247,-0.00082026754
212.32011,0.0075507406,-0.036145236,-0.0024237735
212.33714,0.0075150696,-0.03676112,0.0004187472
212.35397,0.007963886,-0.0375828,-0.0009955243
212.37067,0.008019402,-0.038108964,-0.0025166722
212.38719,0.008328821,-0.038019244,0.0005471452
212.40364,0.008838506,-0.03843916,-0.0011090126
212.42052,0.009167492,-0.038990628,-0.002840422
212.43715,0.009244289,-0.03954835,0.00030746133
212.45386,0.009396378,-0.04006399,-0.0013413781
212.47124,0.009848236,-0.040614635,-0.0029338233
212.48718,0.010335942,-0.041010823,0.00043150867
212.50392,0.01047309,-0.04122449,-0.0015295626
212.52058,0.010770841,-0.04074046,0.0015479913
212.53723,0.011159926,-0.04091662,-0.00008172391
212.55396,0.011708896,-0.040962283,-0.0017017913
212.57062,0.011688005,-0.0414964,0.0013696983
212.5872,0.012005309,-0.041491795,-0.00022431045
212.60382,0.012157148,-0.04136206,-0.0018838317
212.6206,0.0125348205,-0.040790834,0.0011146292
212.6373,0.012962617,-0.040738337,-0.00044301432
212.654,0.012951514,-0.040802572,-0.0020659284
212.67058,0.013301499,-0.040593002,0.0009985184
212.6874,0.013624433,-0.040300496,-0.0006858658
212.70407,0.013153117,-0.04000614,-0.0022934035
212.72057,0.013172659,-0.04022744,0.00078129565
212.73727,0.012919199,-0.04004429,-0.00095463643
212.75401,0.012804939,-0.039963156,-0.0025398307
212.77075,0.012617648,-0.03952272,0.0005051842
212.7873,0.012416418,-0.039144382,-0.0010749868
212.80406,0.011839169,-0.038414735,-0.0027443913
212.82085,0.011154233,-0.038399965,0.00026275517
212.83745,0.010402235,-0.037484508,-0.0012559439
212.85445,0.009524846,-0.036525074,-0.0028713832
212.87068,0.00941823,-0.03575388,0.00031777003
212.88766,0.008423887,-0.03521588,-0.0014444729
212.90456,0.0076537468,-0.034565885,-0.002886093
212.92104,0.007366597,-0.034086462,0.0001992694
212.93713,0.006469161,-0.033358984,-0.0015257703
212.95422,0.005969792,-0.032144003,-0.003407669
212.9709,0.005702275,-0.032082565,-0.00021661304
212.98772,0.005114055,-0.03098324,-0.001842465
213.00414,0.004464938,-0.02995811,-0.0033063875
213.02084,0.0040838937,-0.029006759,-0.0004865693
213.0373,0.0035031738,-0.02811462,-0.0019697112
213.05437,0.003085274,-0.02796283,0.0008640638
213.07103,0.002559003,-0.027216693,-0.00047685497
213.08752,0.0020617107,-0.026251463,-0.002050406
213.10442,0.0013525886,-0.025498038,-0.0037340256
213.12088,0.001145748,-0.024643194,-0.0051438035
213.13698,0.00086470024,-0.023831645,-0.006721452
213.15413,0.0009517332,-0.02382812,0.00058342214
213.17102,0.00064608705,-0.022757608,-0.00074578804
213.18726,0.00033918698,-0.021702299,-0.002191462
213.20436,0.00068105094,-0.020830192,-0.0038502195
213.22112,0.00015898075,-0.020187687,-0.0051213293
213.2379,-0.000329602,-0.019296616,-0.0065183267
213.25487,0.0000055405803,-0.01915913,-0.0033467081
213.27116,0.00027408107,-0.018554123,-0.004588194
213.28766,0.0002709046,-0.017996661,-0.0061105443
213.30434,0.0003278631,-0.018076621,-0.0030774083
213.32196,0.00069503987,-0.01776537,-0.0043700533
213.33823,0.0014314463,-0.017337495,-0.0052430355
213.35437,0.0014397667,-0.016762672,-0.0023088765
213.371,0.0014968035,-0.016279679,-0.0038419997
213.38805,0.002034035,-0.016028656,-0.0051236553
213.40434,0.0023197962,-0.01583619,-0.0018590486
213.4208,0.0026823767,-0.015056212,-0.0033010778
213.43791,0.0031531658,-0.014613058,-0.00462949
213.45387,0.00348977,-0.014792176,-0.0013197694
213.4708,0.003972857,-0.014805687,-0.0028783905
213.48744,0.004359436,-0.014790046,0.00035769062
213.50418,0.0049764924,-0.0146260485,-0.00090928393
213.52078,0.0056901174,-0.014248424,-0.0021530099
213.53752,0.0067449408,-0.013548512,-0.0034418863
213.55394,0.0072938767,-0.013764199,-0.000296834
213.57123,0.008195489,-0.013322542,-0.0017055196
213.58746,0.008531089,-0.012567318,0.0016814406
213.6045,0.009499152,-0.0122056585,0.0001897845
213.62103,0.010655215,-0.012014796,-0.00095101126
213.63795,0.011484556,-0.011793091,-0.002327263
213.65396,0.011999769,-0.011812894,0.00087703986
213.67172,0.01336681,-0.011461745,-0.000758607
213.6877,0.014021012,-0.011506761,0.002774476
213.70415,0.015018396,-0.011403417,0.0011368437
213.72089,0.016425896,-0.011116826,-0.00029993267
213.7376,0.016838979,-0.010400074,0.0027325242
213.75388,0.017671255,-0.01024379,0.0013981813
213.77087,0.018584754,-0.0099337865,-0.00011176076
213.78734,0.01919992,-0.010338871,0.0030432243
213.80415,0.019766504,-0.010056845,0.0015385406
213.82054,0.020142237,-0.0098205665,0.00017261754
213.83722,0.020571748,-0.009843459,0.0030304778
213.85422,0.020739432,-0.009864147,0.0016041143
213.87091,0.021239797,-0.009785831,0.00032061973
213.88733,0.021369006,-0.0089422,0.003339997
213.90457,0.021869816,-0.008713183,0.0017906969
213.92148,0.022979176,-0.008847758,0.00058181636
213.93738,0.023151914,-0.0083763655,0.0036840441
213.95407,0.023416145,-0.008153602,0.0018841054
213.97058,0.023671757,-0.008436914,0.004840823
213.98726,0.024573805,-0.008347885,0.003297569
214.00375,0.025122268,-0.008165416,0.001843499
214.02051,0.025346382,-0.0074362094,0.0047008097
214.03743,0.026030766,-0.007335484,0.003243264
214.054,0.027083065,-0.0073927892,0.0018133647
214.07057,0.0276668,-0.0074976096,0.0047177197
214.08722,0.028492944,-0.0070521985,0.0031431084
214.10358,0.029374473,-0.0068143704,0.0015302913
214.1206,0.030014466,-0.007042603,0.0042817225
214.1372,0.030988792,-0.006977051,0.0028521053
214.15382,0.031792678,-0.006743241,0.001241389
214.17055,0.032380387,-0.0065382305,0.0040742187
214.18765,0.033453863,-0.006690661,0.0024801502
214.20422,0.034523435,-0.0064776745,0.0010779456
214.22063,0.035104476,-0.006013862,0.0038631277
214.23709,0.03626082,-0.0060075833,0.0021103146
214.25383,0.03692671,-0.0056971973,0.00025422857
214.27052,0.037764434,-0.0052996213,0.0031605992
214.28714,0.038589235,-0.0053345887,0.0013616338
214.3038,0.039309945,-0.005070773,-0.00043573996
214.32051,0.039901357,-0.005492997,0.0023981088
214.33723,0.04086009,-0.005191879,0.00060109585
214.3539,0.04180886,-0.0046124374,-0.0011595209
214.37054,0.042362727,-0.0041128476,0.0016019895
214.38719,0.0432443,-0.004165895,-0.00023134411
214.40416,0.04387352,-0.0038370031,-0.0019594245
214.42078,0.04437733,-0.0041858912,0.000872326
214.43729,0.04472263,-0.0036313536,-0.005428533
214.45418,0.044735134,-0.0034712986,0.0017261091
214.47052,0.045103204,-0.0032926698,0.000025930161
214.48706,0.04537281,-0.003004288,-0.0019085775
214.50363,0.0456324,-0.002564077,-0.003749284
214.52042,0.04569556,-0.0024469334,-0.005616673
214.5373,0.04548123,-0.0025189458,-0.0073415316
214.55365,0.04548996,-0.0023532365,-0.000056986693
214.57056,0.045905095,-0.002057269,-0.0019123356
214.58759,0.045898814,-0.0021115604,-0.007990964
214.60364,0.04564766,-0.0015577624,-0.005026101
214.62024,0.045776267,-0.0017854677,-0.0069940523
214.63722,0.04591154,-0.0013599545,-0.008629494
214.65367,0.045702413,-0.0016390447,-0.0057053883
214.67033,0.04562399,-0.0015643332,-0.007378164
214.68735,0.045453995,-0.0013225847,-0.008861092
214.70396,0.045264184,-0.0011093018,-0.005954626
214.7206,0.045418795,-0.0013949869,-0.007454972
214.73738,0.04422165,-0.0015357743,-0.008970091
214.75432,0.044220626,-0.0015038365,-0.00606971
214.77086,0.044207722,-0.0013636521,-0.0073719122
214.78738,0.043693516,-0.001181835,-0.008865586
214.80408,0.043658458,-0.0013264336,-0.0060597365
214.82086,0.04304327,-0.0012000318,-0.007405239
214.838,0.042499874,-0.000941073,-0.008637017
214.8539,0.042242303,-0.0003775199,-0.0055632386
214.87106,0.041666176,-0.00046779378,-0.007186686
214.8876,0.041574523,-0.00079708535,-0.0041048913
214.9041,0.041457992,-0.00030056306,-0.0054132645
214.92068,0.0413697,-0.00006613095,-0.006699731
214.93758,0.04097276,0.00021286731,-0.007935502
214.95488,0.04121982,0.00011636815,-0.0049032066
214.9709,0.04123733,0.00053132384,-0.0058332663
214.98764,0.04095256,0.0012860601,-0.0031831698
215.00438,0.040902942,0.0020983068,-0.0042790896
215.02081,0.040768113,0.0024974062,-0.0054917685
215.03711,0.04078837,0.0027740193,-0.0026208276
215.05434,0.04079424,0.0034609332,-0.0039809537
215.0712,0.041035805,0.004096557,-0.004922464
215.08759,0.040914122,0.004110506,-0.0019197052
215.10434,0.04087451,0.0042664125,-0.0031899847
215.12077,0.040860925,0.0046533793,-0.004306269
215.13794,0.040880535,0.004748677,-0.0015200773
215.15454,0.040611167,0.004743521,-0.0024770503
215.17105,0.04012165,0.0052298536,-0.0036734517
215.18762,0.04022772,0.005099235,-0.0008635478
215.20406,0.03951906,0.005493611,-0.0020611975
215.22226,0.03877805,0.00563638,-0.0032890628
215.23755,0.037943922,0.006444477,0.0002888637
215.2543,0.037245307,0.0062255845,-0.0014240385
215.2717,0.03656158,0.0063414844,-0.0025184392
215.28763,0.03588959,0.0066248365,0.0007117186
215.30405,0.03464333,0.0067744763,-0.0007248866
215.32097,0.033487666,0.0068933605,-0.002026179
215.33765,0.033378992,0.0064852517,0.0009390542
215.35405,0.031956103,0.006428501,-0.0002857565
215.37115,0.030529896,0.006513567,-0.0015932334
215.38751,0.029758647,0.0064997207,0.0014400547
215.40437,0.02820447,0.00632798,0.00011730598
215.42076,0.026950268,0.0059562526,-0.00096432056
215.43765,0.026541935,0.0055515403,0.0016873267
215.45424,0.025626646,0.0052958,0.0006413055
215.47093,0.024514783,0.0054984656,0.0033721172
215.48816,0.023389421,0.0047699464,0.0022363095
215.50444,0.022298237,0.0046978667,0.0012740796
215.52098,0.021747662,0.0049930546,0.003949156
215.53757,0.020581182,0.004677935,0.0026908321
215.55414,0.020136436,0.0040406496,0.005469191
215.57092,0.019435698,0.0042239665,0.0042093596
215.58754,0.019154323,0.0042962944,0.0030265055
215.60413,0.018513653,0.00408899,0.0017256512
215.62073,0.018004643,0.0044960855,0.004422828
215.6374,0.01762966,0.004091762,0.0070869364
215.65399,0.01700667,0.0041384217,0.005705021
215.67075,0.016339414,0.004119309,0.004325265
215.68736,0.015364806,0.0039086575,0.0029855266
215.70415,0.0146399,0.0036947578,0.0015303843
215.72076,0.013933589,0.0037296477,0.0042460943
215.73732,0.01277172,0.0029510718,0.0028247673
215.75404,0.011700164,0.002292752,0.0013690761
215.77078,0.011449683,0.0022727847,0.004095191
215.78745,0.010109939,0.0013372084,-0.0014471668
215.80438,0.010105111,0.0013712458,0.005294756
215.82063,0.00953708,0.00075339596,0.0039775562
215.83737,0.008604925,0.00024588604,0.0023593996
215.85405,0.0080794105,-0.00003578607,0.00093084574
215.87099,0.0077588656,-0.0003201387,-0.0004765354
215.88733,0.0074045733,-0.0005304941,-0.0017889765
215.9039,0.007406462,-0.0005061772,0.00478191
215.92087,0.007139533,-0.0006182494,0.003306145
215.93747,0.006971119,-0.00026430085,-0.0021238765
215.95421,0.007188184,-0.0001919289,0.0005034266
215.97073,0.007225169,0.0001838244,-0.000951627
215.98743,0.007364973,0.0005905333,-0.0024534985
216.00394,0.0075638946,0.0005427203,0.00016099587
216.02037,0.007970389,0.0009775793,-0.0012951386
216.03694,0.008284165,0.0012714483,-0.0027796
216.05367,0.008156422,0.0020260434,-0.00019878562
216.07034,0.008582041,0.0023180596,-0.001563574
216.08713,0.00935831,0.002685385,-0.0029573634
216.10405,0.0097133815,0.0031645822,-0.00025606438
216.12103,0.010067319,0.0038432337,-0.0015419045
216.13733,0.010378522,0.004501372,-0.0027736009
216.15396,0.011074061,0.0049128374,-0.00026798065
216.17056,0.0119305365,0.0058287913,-0.0016000463
216.18768,0.012401844,0.0067063225,-0.0029291052
216.20375,0.012332324,0.007465159,-0.00011187877
216.22072,0.013619023,0.008475693,-0.0016822583
216.23729,0.0142106395,0.009672427,-0.0028550385
216.25374,0.015034,0.010191827,-0.0003067331
216.2709,0.015763322,0.011471857,-0.0016957343
216.2878,0.016093105,0.011896136,0.001056446
216.30367,0.017414609,0.013047949,-0.00014484258
216.32086,0.018411938,0.013846257,-0.0017565079
216.33809,0.019660335,0.0147015415,-0.0029346887
216.35425,0.019837718,0.015722042,-0.00003358803
216.37079,0.02034533,0.01662983,-0.0015518871
216.38773,0.021175869,0.016978152,0.000986848
216.4042,0.021816127,0.017958391,-0.00017816482
216.42107,0.022917377,0.018534038,-0.001595831
216.43842,0.024050575,0.019601861,-0.002829745
216.45428,0.02453338,0.020124769,0.000041337356
216.47102,0.025462879,0.021006647,-0.0015648329
216.48763,0.025317688,0.021647839,0.0010551136
216.50398,0.025919132,0.022774246,-0.0002322025
216.52092,0.02658004,0.02411561,-0.0016145383
216.53719,0.027549617,0.02477367,0.001048917
216.55412,0.028472722,0.026527643,-0.00035520853
216.57095,0.029329097,0.02810174,-0.0015471806
216.58762,0.029042408,0.029109789,0.001092755
216.60403,0.029928619,0.030670632,-0.00020278999
216.62097,0.031167312,0.03233218,-0.0016047183
216.63733,0.031292256,0.033090133,0.001030924
216.6539,0.03190344,0.034756158,-0.00038576586
216.67113,0.032494128,0.036423873,-0.0017096389
216.68826,0.033448186,0.037225842,0.0010045022
216.70451,0.034062233,0.03894735,-0.00010870093
216.72038,0.034079935,0.040182497,0.002245175
216.7373,0.03514236,0.041644905,0.0006768376
216.7541,0.035738192,0.042878527,-0.00054545415
216.77101,0.036223777,0.043609627,0.0020228382
216.78786,0.036868468,0.045337886,0.00078549277
216.80492,0.037798725,0.046431933,-0.00054063444
216.82086,0.038068812,0.047786143,-0.0017393581
216.83765,0.03810952,0.048299402,0.00044767017
216.85439,0.038435746,0.04936503,-0.0008967222
216.87123,0.038515493,0.050032407,0.001597999
216.8878,0.03897539,0.05086134,0.00027357298
216.90427,0.03943625,0.05153807,-0.0011356983
216.92128,0.03961496,0.052140478,0.0012490319
216.93762,0.039791066,0.052476723,-0.0000040240475
216.95473,0.039644614,0.052787907,-0.0014650512
216.9716,0.0397362,0.052712362,0.0010995766
216.98837,0.039641384,0.052906998,-0.00015479172
217.00513,0.03931432,0.052693106,-0.0014461228
217.02097,0.038485628,0.052790426,0.001048422
217.03726,0.038085215,0.052266654,-0.00055050186
217.05399,0.03777871,0.051764067,-0.0019976466
217.0708,0.037864976,0.05168767,0.00048283546
217.08737,0.037554353,0.050994407,-0.00074561714
217.1046,0.03726047,0.050165344,-0.0020654937
217.1208,0.036948465,0.049861196,0.0005807926
217.13759,0.03618188,0.048523728,-0.0008944144
217.15437,0.03589545,0.047409646,-0.0022036633
217.17128,0.035020642,0.046246644,-0.003438628
217.18811,0.03458207,0.044662517,-0.0046483655
217.20453,0.034443695,0.04476879,0.0015276405
217.22159,0.033579566,0.04323393,0.000124843
217.2376,0.032793406,0.04160037,-0.00096283323
217.2545,0.032061413,0.040228274,-0.0024062237
217.27061,0.031217245,0.038857423,-0.0034818826
217.28755,0.030665744,0.03738042,-0.004814857
217.30438,0.030550366,0.0374748,0.0013497008
217.32053,0.029646505,0.03519373,-0.0032304567
217.33711,0.028774545,0.034075208,-0.0045409664
217.35378,0.028826114,0.033551667,-0.0021081103
217.37047,0.028049566,0.032384742,-0.0031664441
217.38731,0.027089888,0.03139098,-0.0041280994
217.4041,0.026946587,0.030674987,-0.0015995486
217.42084,0.026279725,0.029539125,-0.0025230155
217.43715,0.025650106,0.028594527,-0.003430749
217.45372,0.024667267,0.028290752,-0.0010083222
217.47073,0.023925615,0.027434293,-0.0019930676
217.48726,0.023437921,0.026426775,-0.0028421313
217.50415,0.023527231,0.02609363,-0.0003355401
217.52077,0.022911275,0.025090432,-0.0012139142
217.53755,0.022212664,0.024557116,-0.0021814106
217.55424,0.021594575,0.024115285,0.00036793275
217.57042,0.0212894,0.023652697,-0.0005728082
217.58725,0.021301523,0.023601932,0.0017924211
217.60406,0.02047552,0.023181157,0.00088999537
217.62097,0.01987753,0.022743532,0.000037187296
217.63757,0.019113267,0.022337269,-0.0008189676
217.654,0.019483034,0.022333598,0.0016198606
217.67061,0.018965399,0.021924034,0.0005544584
217.68744,0.018027663,0.021997087,0.0029625404
217.70409,0.017847663,0.021861846,0.0019920047
217.7207,0.017410912,0.021779487,0.00091100007
217.73743,0.017353814,0.021812767,0.0032757884
217.75409,0.016976153,0.021869343,0.0021780564
217.7705,0.016818738,0.021602461,0.0010460333
217.78719,0.01704392,0.021485317,0.0032974246
217.80408,0.016778914,0.021778211,0.0021657664
217.8208,0.016396718,0.02193462,0.0010709919
217.8373,0.016243126,0.022028951,0.0033801591
217.8539,0.016087085,0.021645358,0.0020448342
217.87077,0.01580107,0.021540008,0.00075496815
217.8875,0.015225014,0.021769179,0.003104721
217.90382,0.014911899,0.021663427,0.0017980197
217.92093,0.014659737,0.021465478,0.00035801792
217.93755,0.014689938,0.021213809,0.0027621877
217.95374,0.0141307935,0.020643381,0.0014031801
217.971,0.013877115,0.020458167,0.0034520368
217.98724,0.013489351,0.01991888,0.0023020518
218.00378,0.013444813,0.019125948,0.00084821077
218.02058,0.013056965,0.01891411,-0.0004847717
218.03734,0.012332626,0.018639717,0.0017359728
218.05414,0.012007671,0.01835618,0.00051098503
218.07072,0.012170044,0.01831136,0.0027277735
218.08737,0.011660028,0.018063448,0.0014434591
218.104,0.011095817,0.01815609,0.0001702173
218.12059,0.011279829,0.01846793,0.0023339097
218.13728,0.011117179,0.018513443,0.0010374931
218.154,0.011086652,0.01834038,-0.00020936459
218.17065,0.011123651,0.01845555,0.0019950648
218.18762,0.0111142285,0.018770158,0.0007355126
218.20404,0.011093629,0.019058147,-0.00038468416
218.2209,0.010413338,0.019109052,0.0017262158
218.23727,0.010203281,0.019658387,0.00060079596
218.25403,0.010128574,0.020378439,-0.000669898
218.27106,0.010531184,0.02081734,0.0015681959
218.28784,0.0101080835,0.02141602,0.00054262206
218.30424,0.00978154,0.02228875,-0.00056953327
218.32072,0.00886919,0.022595624,0.0015511655
218.33755,0.008887357,0.023341086,0.00034225837
218.35431,0.008423376,0.024119651,-0.00068980706
218.3708,0.008428695,0.024822768,0.0015715756
218.38797,0.0077606943,0.025887031,0.0004495645
218.40424,0.007212928,0.026757779,-0.0003924762
218.42163,0.007393902,0.027402293,0.001686474
218.43758,0.00705688,0.028394287,0.00095047615
218.45432,0.006703892,0.029556846,-0.00031365245
218.47086,0.005756537,0.029927894,0.0019082658
218.48764,0.005230722,0.030987287,0.0008588494
218.50462,0.0048621087,0.03199248,-0.00012597918
218.52155,0.0053124363,0.03282687,0.002206876
218.53812,0.0041644773,0.03388318,-0.0018942811
218.55455,0.0040734946,0.03389402,0.0034732146
218.57115,0.003804343,0.034963254,0.0024169595
218.58784,0.003496078,0.03601677,0.001431491
218.60526,0.003423015,0.036908645,0.00052475714
218.62115,0.0032250786,0.038111273,-0.000085895284
218.6375,0.0028456259,0.03925441,-0.0012025153
218.65497,0.0026506449,0.04026841,-0.0021342323
218.67117,0.0025381183,0.04027565,0.0034533136
218.68799,0.0018483999,0.041775346,-0.000566138
218.70439,0.002217258,0.04250485,0.0017413252
218.72075,0.0019123708,0.043691743,0.0008911938
218.7379,0.0018837984,0.04472532,0.000040415227
218.75447,0.0017583348,0.045222852,0.0024778347
218.77098,0.0017437823,0.04646684,0.0017417108
218.78783,0.0017507076,0.047371786,0.0010274685
218.80441,0.0015410846,0.047865275,0.0033962112
218.82103,0.0015347735,0.049126606,0.0027633174
218.83766,0.0010598232,0.049683627,0.0021244395
218.85422,0.00078229426,0.0499023,0.004391649
218.87076,0.0005926323,0.050471853,0.0037100348
218.88745,0.0005355403,0.0508105,0.002944315
218.90433,-0.000081232545,0.05070031,0.005255007
218.9204,0.000070898684,0.05045792,0.0045691687
218.9375,0.00016710983,0.050470285,0.0036772173
218.95444,0.0007018491,0.050266284,0.005965455
218.97073,0.0008005745,0.050072864,0.0052848165
218.9883,0.0010784108,0.04960768,0.0043361345
219.00447,0.0011330857,0.049024355,0.0066773
219.02083,0.0013803038,0.048537295,0.0056074155
219.03719,0.0018396967,0.04825431,0.0075393664
219.05432,0.0023962758,0.047497284,0.006436501
219.07086,0.0030809753,0.04631368,0.005554461
219.0876,0.0042351764,0.044756256,0.0044124774
219.10435,0.0046948846,0.04445705,0.0064452174
219.12105,0.006007971,0.04239784,0.0053068427
219.1375,0.0063461745,0.041260447,0.0072404644
219.15422,0.0076349913,0.039056417,0.0059426557
219.17078,0.008670561,0.036909286,0.0046996223
219.18745,0.009472291,0.03598005,0.0065977164
219.20416,0.010712133,0.03347585,0.0053603896
219.22064,0.011689773,0.031437434,0.0040324656
219.23747,0.011861137,0.0303525,0.005874533
219.25417,0.013151448,0.028162122,0.0045547676
219.27133,0.014372216,0.025796374,0.0032951452
219.28706,0.014934257,0.02494623,0.005275633
219.30351,0.015697058,0.023267321,0.0037204958
219.32051,0.016809182,0.021602353,0.002417036
219.33742,0.017481752,0.020806205,0.0043537873
219.35373,0.01868919,0.019487847,0.0032089248
219.3704,0.019277113,0.01840909,0.0019271952
219.38753,0.01907698,0.017592307,0.0037563154
219.40392,0.019498365,0.017025331,0.002668136
219.42047,0.020031426,0.0171673,0.004409055
219.43724,0.020426039,0.016541159,0.0032041916
219.45404,0.020198192,0.016396932,0.0020415667
219.47076,0.020174533,0.016042866,0.00089386234
219.48747,0.020536808,0.016402796,0.0027865306
219.50414,0.020380061,0.016408598,0.0016856104
219.52081,0.019858072,0.016435388,0.0006513801
219.53728,0.01978398,0.016901495,0.002508821
219.554,0.01919904,0.017361421,0.0015374807
219.5707,0.018834895,0.017587086,0.0034015211
219.58739,0.01782806,0.018232059,0.0026441182
219.60391,0.016958699,0.019055167,0.0017465384
219.62096,0.016986107,0.019885853,0.0036870125
219.63713,0.016054308,0.020959854,0.0029790674
219.6541,0.015084647,0.022101624,0.0020405555
219.6706,0.013897428,0.022486256,0.0041968427
219.68735,0.012727715,0.023819018,0.003394646
219.70395,0.011768947,0.025608638,0.0028521635
219.72038,0.0109616,0.02646359,0.004896019
219.73723,0.009285655,0.028268619,0.00435228
219.75392,0.0074424837,0.030150035,0.0039011792
219.77109,0.007003345,0.031241618,0.005949907
219.78752,0.0048836027,0.03361796,0.0057405387
219.80452,0.0028714782,0.03568584,0.0052450737
219.82094,0.0014310934,0.036867056,0.0074747456
219.83783,-0.0009897086,0.03990476,0.00692922
219.85402,-0.003489129,0.042462617,0.0064091804
219.87062,-0.004782309,0.04402811,0.008380547
219.88715,-0.005865834,0.04537096,0.010286369
219.90393,-0.009515678,0.05003372,0.006879164
219.92036,-0.012069097,0.052555252,0.006215439
219.93704,-0.014485384,0.055636667,0.005266036
219.95386,-0.014612037,0.055603646,0.009818104
219.9704,-0.017451914,0.058138303,0.008979856
219.98692,-0.020535713,0.06082795,0.008010403
220.00366,-0.023286518,0.06329634,0.007118952
220.02014,-0.026004659,0.06599335,0.006240357
220.03688,-0.028717482,0.068993054,0.005190385
220.05377,-0.02887294,0.06892853,0.009692938
220.07071,-0.033566274,0.07319014,0.005973528
220.08717,-0.036219444,0.07551536,0.004913998
220.1045,-0.03745503,0.077211685,0.006535397
220.12086,-0.039992273,0.07943252,0.005596925
220.13753,-0.042614467,0.081519105,0.0043855943
220.15434,-0.043335453,0.08260758,0.005949697
220.17102,-0.045447435,0.08411029,0.004936971
220.18756,-0.04743518,0.08562962,0.003841023
220.2045,-0.048943195,0.085883066,0.0054719797
220.22089,-0.050503306,0.08722776,0.0044655646
220.23756,-0.05190836,0.087522216,0.003219263
220.2541,-0.05314982,0.08793434,0.0050079185
220.27132,-0.05413539,0.08796329,0.0037888538
220.28812,-0.055138975,0.088039674,0.0027884853
220.30449,-0.055100475,0.08815634,0.0045078523
220.32098,-0.05570929,0.08722611,0.0032974295
220.33763,-0.056225996,0.08690869,0.0022248393
220.35439,-0.056122385,0.08673124,0.0038016755
220.37143,-0.05552633,0.08567357,0.0027891006
220.38754,-0.055744216,0.084394395,0.004539399
220.40424,-0.055424236,0.08364257,0.0034138036
220.42105,-0.054842435,0.082260706,0.002488014
220.4378,-0.05348161,0.08012414,0.0016556248
220.45471,-0.052712582,0.07956963,0.003308064
220.47122,-0.051533744,0.07770631,0.002603344
220.48784,-0.050221592,0.07575921,0.0018402666
220.50444,-0.049493324,0.07428623,0.0035639857
220.52179,-0.047474056,0.07215998,0.002884158
220.53745,-0.046830334,0.070840426,0.0048008254
220.55455,-0.045351386,0.068448566,0.003989142
220.57089,-0.043335225,0.06586188,0.003498861
220.58786,-0.041935395,0.06493105,0.005213241
220.60406,-0.03979723,0.0621462,0.004769284
220.62106,-0.037960935,0.05961156,0.004159665
220.63765,-0.036732793,0.058431517,0.0060494016
220.65419,-0.0341581,0.05549197,0.0055603273
220.67117,-0.031841774,0.052827332,0.005052401
220.68755,-0.0311187,0.051087745,0.006942951
220.70505,-0.02874019,0.048212577,0.006389421
220.72089,-0.027170531,0.047396492,0.008383794
220.73735,-0.025084926,0.044329476,0.00778014
220.75426,-0.022913061,0.041768555,0.0073170895
220.77116,-0.021427384,0.04052767,0.009118183
220.7877,-0.018870497,0.03758693,0.008762711
220.80486,-0.016122282,0.035227768,0.008426553
220.8214,-0.0135782035,0.032461073,0.008227897
220.83778,-0.012338593,0.030711804,0.010066087
220.85458,-0.00944731,0.027871598,0.0096869655
220.87103,-0.008313016,0.026855532,0.011618171
220.88768,-0.005723244,0.024668556,0.01119171
220.90413,-0.0032667099,0.022880526,0.010880611
220.92084,-0.002067755,0.021839075,0.012620648
220.93814,-0.0003388757,0.019963324,0.012218113
220.95462,0.0016768972,0.01833791,0.011907171
220.97101,0.0026908047,0.017260589,0.013518719
220.98798,0.004422909,0.016163466,0.012848212
221.00436,0.006413819,0.015041709,0.012202789
221.02118,0.0071268175,0.014721535,0.013652525
221.03735,0.00859526,0.013348014,0.01280918
221.05418,0.010081038,0.011817925,0.011720564
221.0709,0.011221652,0.011671569,0.01318003
221.08765,0.012278335,0.010772621,0.012066043
221.10461,0.013506289,0.00964868,0.010953298
221.12137,0.014002434,0.008728525,0.0123104965
221.13719,0.015320025,0.00784196,0.011122327
221.1544,0.016275981,0.0071717207,0.009719491
221.17065,0.017019128,0.007270213,0.0110930195
221.18724,0.018093424,0.0065463902,0.009706911
221.2044,0.018732458,0.006076139,0.0083916765
221.22098,0.018791975,0.005493452,0.009647257
221.23738,0.0193167,0.00530341,0.0082004815
221.25417,0.019772211,0.004960139,0.0067999978
221.27072,0.019821737,0.0054134442,0.0054022307
221.28731,0.019798316,0.005712537,0.0038818622
221.30423,0.019787753,0.005748396,0.007509856
221.32066,0.019667244,0.0060019596,0.0061091105
221.33742,0.019694587,0.006464368,0.0046849484
221.35445,0.019502765,0.0069095683,0.003273514
221.37073,0.019125957,0.0075433063,0.002007536
221.3874,0.018517166,0.0075278105,0.00070924155
221.4039,0.01850393,0.0075610443,0.0042882334
221.42061,0.01747247,0.008707654,0.00058371347
221.43729,0.016636772,0.0090644425,-0.00051391916
221.45413,0.015722236,0.008837045,0.00070214533
221.47095,0.014595291,0.009761006,-0.00034791598
221.48743,0.0134610515,0.010534962,-0.0012871043
221.50395,0.013075738,0.011499572,-0.00004845907
221.5208,0.011396406,0.012565409,-0.0009132147
221.53792,0.010081702,0.013549793,-0.0017154992
221.55423,0.009183113,0.0141862985,-0.0003098265
221.57135,0.007393457,0.015378039,-0.0011068707
221.58742,0.005723531,0.016506592,-0.0017541904
221.60393,0.0044863746,0.017374776,-0.00044066296
221.6211,0.0024849493,0.019302884,-0.0011310084
221.63759,0.00025342318,0.020936817,-0.0016558599
221.65474,-0.001077719,0.021397434,-0.00022352206
221.67073,-0.0036332686,0.0229981,-0.0007198015
221.68721,-0.0048962543,0.02422807,0.0005924223
221.704,-0.0071997656,0.025773361,-0.0000135901555
221.7213,-0.010325928,0.027630534,-0.0005134558
221.73738,-0.013294245,0.029559512,-0.00088397
221.75464,-0.014783855,0.029723026,0.00037701786
221.77069,-0.017814498,0.031784113,0.000043454373
221.78752,-0.0202168,0.03386781,-0.0005851739
221.80399,-0.02176411,0.034662932,0.0008462632
221.82108,-0.024754623,0.036239926,0.0002875573
221.83745,-0.025900386,0.037223477,0.0017265391
221.85448,-0.028755471,0.038724057,0.0011728334
221.87122,-0.031497866,0.039891403,0.00072689983
221.88736,-0.032719754,0.04095251,0.002105126
221.90422,-0.035749353,0.04207929,0.0015050245
221.92108,-0.038182117,0.04322736,0.0010603362
221.9378,-0.03936298,0.044046346,0.0024282886
221.95428,-0.041700996,0.045536492,0.0019207627
221.97087,-0.043995302,0.046540916,0.0013945056
221.98734,-0.045249425,0.04645495,0.0027348446
222.00435,-0.04716624,0.047742173,0.002259381
222.02141,-0.049059447,0.04833126,0.001905406
222.03761,-0.05000809,0.048518836,0.00330909
222.0541,-0.051469296,0.049033556,0.0026493862
222.07114,-0.052752145,0.049702242,0.0019855709
222.08739,-0.053366605,0.050177887,0.0032378612
222.10468,-0.054651316,0.050674886,0.0023908792
222.12161,-0.055462576,0.051065948,0.0016144215
222.13782,-0.055862624,0.0514805,0.0027476668
222.15425,-0.056417853,0.051761277,0.001698375
222.17159,-0.056898944,0.052000765,0.00067566754
222.18779,-0.056927778,0.05194551,0.0017923338
222.20477,-0.057200592,0.051862136,0.0006708392
222.22119,-0.057305902,0.051544446,-0.00035533242
222.23784,-0.057124965,0.051556796,0.0004919793
222.25458,-0.056565832,0.051730324,-0.000633931
222.27098,-0.056468498,0.051121548,0.00022452566
222.28828,-0.055728823,0.050667427,-0.0009834712
222.30441,-0.05462475,0.049976356,-0.0021399928
222.32088,-0.054259866,0.050260853,-0.0013985874
222.3371,-0.053113077,0.049763467,-0.0027820128
222.354,-0.051973864,0.049141787,-0.0042193085
222.37144,-0.05067707,0.04868962,-0.005463051
222.38757,-0.050186038,0.04798497,-0.004653187
222.40433,-0.049091298,0.047404416,-0.006073406
222.42114,-0.048400994,0.04765253,-0.0053664246
222.4379,-0.047100466,0.046952788,-0.006696648
222.45448,-0.045909867,0.04613183,-0.008065236
222.47095,-0.045274556,0.045836713,-0.007401017
222.48784,-0.04412468,0.045450732,-0.008689782
222.5045,-0.042553857,0.04465559,-0.00992156
222.52113,-0.041917212,0.043887578,-0.0091154855
222.53789,-0.04073736,0.0436054,-0.010290024
222.55452,-0.039371427,0.043253444,-0.011455672
222.57103,-0.03868131,0.042513505,-0.01059909
222.58821,-0.037226398,0.04206579,-0.011736857
222.60483,-0.03622431,0.0416208,-0.012708612
222.62141,-0.035739068,0.041791353,-0.011868648
222.63763,-0.034104325,0.04130906,-0.012904064
222.65482,-0.03274613,0.040717747,-0.013913253
222.67094,-0.032467604,0.04048644,-0.012967485
222.68777,-0.031560067,0.040078733,-0.013945852
222.70422,-0.029612076,0.03978699,-0.014806687
222.7207,-0.02837314,0.03971184,-0.015709635
222.7378,-0.027212692,0.038854245,-0.016565192
222.75423,-0.027264308,0.038817596,-0.013896718
222.77089,-0.025948057,0.037844557,-0.014718614
222.78743,-0.024519997,0.03668668,-0.015446825
222.80441,-0.02326441,0.03558346,-0.016199563
222.82098,-0.022348907,0.034680344,-0.016853107
222.83783,-0.021055505,0.03368437,-0.017551532
222.85443,-0.021098545,0.033657495,-0.014997118
222.87076,-0.018980017,0.03158143,-0.017317815
222.88725,-0.01782907,0.03055342,-0.018009072
222.90414,-0.017234137,0.030775085,-0.017086389
222.92082,-0.01581696,0.029715115,-0.017607111
222.93753,-0.014680811,0.0287879,-0.018111533
222.9541,-0.014460535,0.028267387,-0.017134925
222.9708,-0.013230308,0.027358744,-0.017583229
222.98764,-0.012280127,0.026396532,-0.017919162
223.0042,-0.011691051,0.026512288,-0.016851095
223.02077,-0.010926691,0.025978066,-0.017125081
223.03773,-0.010045745,0.025156599,-0.017340593
223.0542,-0.00961363,0.024740702,-0.016202623
223.07114,-0.008749757,0.023832157,-0.016372463
223.08754,-0.00804145,0.023095753,-0.01640023
223.10411,-0.007559723,0.023339145,-0.015289431
223.12074,-0.007080021,0.022590075,-0.015254967
223.13734,-0.0064004357,0.021856276,-0.0151849855
223.15398,-0.0063985065,0.020870777,-0.014001028
223.17065,-0.0060635726,0.020368915,-0.013864539
223.18726,-0.005921643,0.020642534,-0.0126431575
223.20404,-0.005697995,0.0201279,-0.012479019
223.22058,-0.005552315,0.019540705,-0.0122550875
223.23752,-0.0054990523,0.019382527,-0.0110975215
223.254,-0.005363155,0.019200288,-0.010760661
223.27065,-0.005307336,0.018746939,-0.010540074
223.28728,-0.005492148,0.01814517,-0.009285668
223.30408,-0.006092699,0.017860511,-0.008972312
223.3208,-0.0064034425,0.018052142,-0.008840072
223.33739,-0.0067896694,0.017782155,-0.0075015444
223.35419,-0.0072177798,0.017809315,-0.0073448434
223.37073,-0.007458716,0.017384356,-0.007151677
223.38708,-0.007614858,0.017786147,-0.005898862
223.40367,-0.008178698,0.017712953,-0.005798079
223.42035,-0.008673993,0.017272148,-0.005549279
223.4369,-0.008850456,0.017777039,-0.004366871
223.45357,-0.00891721,0.017520403,-0.004132022
223.47063,-0.009117851,0.017177207,-0.003817545
223.48706,-0.009306758,0.017517295,-0.0026502763
223.50377,-0.009815332,0.01747626,-0.0023940145
223.52034,-0.010123771,0.017604513,-0.0020916855
223.53717,-0.010454063,0.017181365,-0.00094344356
223.55428,-0.010533316,0.017507598,-0.0006241338
223.57083,-0.010619419,0.017355153,-0.00026589993
223.58768,-0.010873378,0.017312825,0.0009312737
223.60406,-0.011213992,0.017221678,0.0012418985
223.62103,-0.011536837,0.017357085,0.001566323
223.63745,-0.011656791,0.01773293,0.002727227
223.65442,-0.012230807,0.01787011,0.0030232482
223.67119,-0.012395545,0.017756363,0.0033562952
223.68796,-0.012642442,0.01797431,0.0044484613
223.70444,-0.013218933,0.018137507,0.0047523943
223.72089,-0.01382472,0.018173713,0.005018577
223.73753,-0.014163111,0.018812511,0.006047314
223.75432,-0.014874877,0.01910647,0.0062959925
223.77094,-0.015151907,0.01878747,0.00729098
223.78764,-0.015808592,0.01899033,0.0074894694
223.80385,-0.016247876,0.019343035,0.0076100016
223.82043,-0.016978707,0.01959644,0.008578193
223.83795,-0.017641956,0.019953197,0.008637001
223.85454,-0.018122952,0.020353787,0.008663911
223.8713,-0.018169288,0.020849353,0.009624053
223.88768,-0.018329812,0.021032529,0.009542397
223.90477,-0.018453317,0.021344628,0.009492125
223.92102,-0.017966745,0.020956231,0.010338125
223.93805,-0.017057527,0.021458276,0.010197389
223.95448,-0.015875392,0.021636015,0.010034619
223.97102,-0.015165948,0.021811033,0.01078238
223.98772,-0.013122229,0.02179432,0.010566244
224.00456,-0.010052629,0.021848803,0.01034195
224.02164,-0.008666522,0.022150138,0.011091383
224.03825,-0.0060724053,0.02253833,0.01091238
224.05522,-0.0036433614,0.022813324,0.010651686
224.07133,-0.0023222787,0.022501431,0.011382742
224.08798,0.00086748047,0.022950547,0.011123575
224.10461,0.0033650629,0.023107579,0.010911672
224.12138,0.004655886,0.022645721,0.011594059
224.13771,0.0075603067,0.022852581,0.01050161
224.15451,0.0075431108,0.022858528,0.012013222
224.17165,0.009687138,0.022896519,0.011870008
224.18788,0.010917947,0.02277634,0.011638938
224.20459,0.011881639,0.022705458,0.011405627
224.22144,0.0122421505,0.022707488,0.011166923
224.23802,0.011735019,0.022853931,0.010997228
224.25465,0.011718399,0.022862583,0.012455795
224.27112,0.0103147235,0.023159726,0.01225661
224.28796,0.008371034,0.023685811,0.012108347
224.30444,0.0053394297,0.024343036,0.011795367
224.32153,0.0021970167,0.024883874,0.011529643
224.33772,-0.00078708393,0.025672628,0.01144347
224.35446,-0.0028600506,0.026126036,0.011907874
224.37096,-0.007248427,0.026809052,0.011689003
224.3883,-0.011330309,0.027305115,0.01129336
224.4044,-0.013419904,0.028199997,0.011941045
224.42131,-0.017272664,0.028872991,0.011581148
224.43776,-0.022406004,0.029514072,0.011175144
224.45451,-0.025007669,0.029376078,0.0117544085
224.47104,-0.030160675,0.029916652,0.011255484
224.48778,-0.034795407,0.030382484,0.010852804
224.50443,-0.03719153,0.030942757,0.011291983
224.52063,-0.04224875,0.031520817,0.010802888
224.5375,-0.04688187,0.03167435,0.010329976
224.55403,-0.048817277,0.032205917,0.010704952
224.57054,-0.0521884,0.032620024,0.010170046
224.58766,-0.055827033,0.033010006,0.009654818
224.60434,-0.058027633,0.03248979,0.010057345
224.62088,-0.061389726,0.03293393,0.009435584
224.63774,-0.06408959,0.033168953,0.00886618
224.65442,-0.06528801,0.033510696,0.009218927
224.67087,-0.068138644,0.033832192,0.008607647
224.68842,-0.070707455,0.03426576,0.007999902
224.70448,-0.07158252,0.034345217,0.008309774
224.72102,-0.07347163,0.034314282,0.007651712
224.7376,-0.076062635,0.034959443,0.007009378
224.75429,-0.07719493,0.03494198,0.0072378893
224.77121,-0.07797711,0.03496934,0.006570617
224.7877,-0.07842638,0.03525587,0.006753195
224.80426,-0.07976821,0.035241704,0.0060807597
224.82063,-0.080919065,0.034925997,0.00542025
224.83757,-0.08120926,0.03535489,0.005548384
224.85442,-0.0809525,0.035171717,0.004865909
224.87093,-0.08055917,0.03478348,0.0041992557
224.88762,-0.080722146,0.034154747,0.0043724985
224.90424,-0.08079954,0.03394147,0.003654766
224.92073,-0.07939661,0.03370458,0.0029453293
224.93723,-0.07912114,0.033192016,0.0031024853
224.95403,-0.07825024,0.032405537,0.0023441748
224.97144,-0.076948635,0.03211664,0.0015979832
224.98764,-0.07590379,0.03194253,0.0017307486
225.00401,-0.0739399,0.03132029,0.0009577479
225.0208,-0.07279518,0.030730817,0.00020133732
225.03761,-0.072372295,0.030201456,0.00026185106
225.05392,-0.0705047,0.02950922,-0.0005006823
225.07077,-0.068360046,0.028894959,-0.0012966993
225.08745,-0.067552835,0.0290488,-0.0012828634
225.10405,-0.06637047,0.028642036,-0.0020880494
225.1205,-0.06528742,0.027583424,-0.0020956008
225.13739,-0.062704794,0.02729694,-0.0029405074
225.15387,-0.060440186,0.026879331,-0.0037460034
225.1708,-0.05978362,0.026471635,-0.0037608196
225.18716,-0.057818495,0.02556006,-0.0046025547
225.2038,-0.05507407,0.02519549,-0.0054681585
225.22057,-0.053614765,0.025159836,-0.005533153
225.2375,-0.051672332,0.024240918,-0.006383396
225.25468,-0.049783114,0.023688348,-0.0072797807
225.27109,-0.048115954,0.02355162,-0.007390361
225.28783,-0.04505963,0.023173535,-0.008221361
225.30458,-0.04252712,0.022265585,-0.008986567
225.32097,-0.041334286,0.021091266,-0.009018968
225.33743,-0.038722873,0.02050727,-0.009683458
225.35489,-0.035558134,0.020013275,-0.01027849
225.37096,-0.03426218,0.019742414,-0.0101801185
225.38794,-0.032029778,0.01906024,-0.010633839
225.40479,-0.02939602,0.018508779,-0.010964817
225.42117,-0.027753096,0.018394278,-0.010818487
225.43813,-0.025440302,0.017853355,-0.011013021
225.45473,-0.02310543,0.017284969,-0.011129221
225.47104,-0.021680707,0.01616666,-0.010896157
225.48788,-0.019009953,0.01591687,-0.010933189
225.5045,-0.016674297,0.01568327,-0.01085062
225.52145,-0.015215923,0.014972471,-0.010619814
225.53789,-0.01314116,0.014460327,-0.010417113
225.55453,-0.010419002,0.0141129885,-0.010248527
225.57097,-0.008070064,0.013659089,-0.009972159
225.58752,-0.0062128757,0.0135316895,-0.009605524
225.60472,-0.0037225864,0.013166348,-0.009105144
225.62128,-0.0037253392,0.013165681,-0.008691254
225.63785,-0.001910341,0.013278035,-0.0082398085
225.65424,-0.00037350616,0.01302455,-0.0077529065
225.67142,0.0014662589,0.012944078,-0.0071323267
225.68785,0.0030185566,0.013071209,-0.0064526033
225.70445,0.003016446,0.013071939,-0.0061217267
225.7217,0.0047871396,0.013002273,-0.0052820365
225.73792,0.006067535,0.01356005,-0.0045385114
225.75476,0.006968066,0.013654674,-0.003823713
225.77164,0.007493011,0.013889408,-0.0032545864
225.78812,0.0080882935,0.014143825,-0.0025368363
225.805,0.008898342,0.013896145,-0.0017671332
225.82121,0.009533267,0.014226374,-0.0013402815
225.8382,0.009769868,0.014302532,-0.0006229874
225.8547,0.010554546,0.014263309,-0.00021273235
225.8714,0.010936233,0.0145624885,0.0004214052
225.88817,0.011139563,0.0146106845,0.001086549
225.9045,0.011149586,0.014213549,0.0014104365
225.92157,0.011472485,0.014452442,0.0020038853
225.93872,0.011786927,0.0150836045,0.0024842327
225.95444,0.0113902325,0.015136018,0.0028034619
225.97134,0.01121577,0.015078453,0.0032092172
225.98792,0.011479224,0.015725844,0.0033606265
226.00397,0.011551043,0.015840922,0.0037185885
226.021,0.011365791,0.016271321,0.003934725
226.03763,0.010825793,0.015797358,0.0040650144
226.05476,0.010449295,0.015940597,0.0042087846
226.07121,0.010161426,0.016350789,0.0042907167
226.08794,0.00968787,0.017104223,0.0044186655
226.1043,0.008706008,0.017352276,0.0044444664
226.12083,0.0073505905,0.017887693,0.0044544926
226.13776,0.0062968037,0.0179868,0.004477487
226.15404,0.005772048,0.018569283,0.0043772846
226.17108,0.0038191702,0.018879445,0.004252965
226.18774,0.0028472296,0.018475251,0.004142811
226.20459,0.0010997659,0.018797832,0.0038919472
226.22142,-0.0006086431,0.01959295,0.0036868397
226.23842,-0.0016664115,0.01992053,0.0035302467
226.25426,-0.0040542316,0.020398943,0.003327156
226.27135,-0.0064967866,0.020802,0.0031532387
226.28767,-0.0076891957,0.021236887,0.0029512346
226.30447,-0.010188082,0.022022203,0.002790045
226.32156,-0.013117408,0.022829415,0.0025767472
226.3378,-0.014521507,0.023182824,0.0024229065
226.35432,-0.017097611,0.023970416,0.0022111833
226.37126,-0.020059943,0.02424282,0.0020122693
226.38779,-0.021355318,0.023951009,0.0018069257
226.40424,-0.024453634,0.024134096,0.0016010619
226.4207,-0.027496388,0.024007127,0.0014673604
226.43823,-0.028845966,0.024599072,0.0012022378
226.45444,-0.03218336,0.024604097,0.0009540331
226.47101,-0.034884453,0.024845999,0.00072591775
226.48769,-0.036148455,0.024520105,0.00037124616
226.5042,-0.038376298,0.024706816,0.00012667102
226.521,-0.040270977,0.02498806,-0.00013096361
226.53766,-0.041191548,0.025514206,-0.00043819647
226.55437,-0.04321135,0.025387926,-0.0006527969
226.57149,-0.04450578,0.025485808,-0.00087664276
226.58763,-0.044941023,0.025649535,-0.0011937177
226.60443,-0.0460008,0.025853992,-0.0013586609
226.62093,-0.0466989,0.025477266,-0.0016342002
226.63766,-0.047616627,0.025530903,-0.0017326772
226.65454,-0.0478127,0.025457839,-0.0017576588
226.67099,-0.04810439,0.025917467,-0.0020219155
226.68799,-0.04873784,0.02555642,-0.001994681
226.70436,-0.049160704,0.025399685,-0.0018935886
226.72095,-0.049099512,0.025805505,-0.0021135593
226.73747,-0.048871186,0.025651027,-0.001973642
226.7542,-0.048923776,0.025664138,-0.001858468
226.77104,-0.048885494,0.025772182,-0.0020033317
226.78764,-0.04750675,0.025688704,-0.0018474282
226.80453,-0.046444893,0.02562168,-0.0015904915
226.82062,-0.046064496,0.025271785,-0.0016549882
226.83755,-0.04540783,0.025259787,-0.0013216437
226.85419,-0.04461567,0.025175141,-0.0009716022
226.87085,-0.04323273,0.024986567,-0.0005752433
226.88736,-0.042406723,0.02486502,-0.00011409476
226.90413,-0.042399433,0.024877839,-0.0007137807
226.92091,-0.0415781,0.024741791,-0.00020732428
226.93735,-0.040187944,0.024397694,0.0003316102
226.95427,-0.039631195,0.0243509,0.0008945065
226.97076,-0.039226245,0.024187459,0.0014962713
226.9874,-0.03817275,0.023821173,0.0021465432
227.00401,-0.037559383,0.0233353,0.0021033187
227.02054,-0.0370567,0.023122383,0.0027378136
227.03745,-0.03665695,0.023158133,0.003398635
227.05394,-0.036287818,0.023244375,0.0033397777
227.07092,-0.035547193,0.023158645,0.003987967
227.0873,-0.03486201,0.022920622,0.0045680976
227.1042,-0.034822352,0.023024764,0.0045041596
227.12086,-0.0343027,0.02263874,0.0050555225
227.13809,-0.033680223,0.02230701,0.005600443
227.15433,-0.033272095,0.02219265,0.005434636
227.17085,-0.03262255,0.022126898,0.005932881
227.18753,-0.03221956,0.022111759,0.0063860943
227.20407,-0.03191632,0.022438258,0.0061575696
227.22087,-0.031035956,0.02251517,0.0065405564
227.23776,-0.030939661,0.022579508,0.0068418067
227.2544,-0.030576056,0.022654181,0.0064975857
227.27045,-0.03051565,0.022541083,0.0067863218
227.28714,-0.030249791,0.021807473,0.0064472007
227.30391,-0.029365288,0.021275299,0.006637153
227.32072,-0.029274067,0.021050766,0.00683099
227.33769,-0.028957702,0.020966066,0.0069059357
227.3545,-0.028710261,0.021002026,0.0064279763
227.3714,-0.028275982,0.021122217,0.006457678
227.38782,-0.028166162,0.021013515,0.0064356355
227.40448,-0.028368829,0.020358944,0.005969356
227.42122,-0.028176274,0.020195002,0.0058955816
227.4374,-0.027773054,0.020724675,0.005336463
227.45456,-0.027518716,0.020843055,0.0052034855
227.47112,-0.027834948,0.02112086,0.004979475
227.4877,-0.027607696,0.020866131,0.004356453
227.50447,-0.027295249,0.02143364,0.004161985
227.5214,-0.0271299,0.021771321,0.0039159497
227.5381,-0.02723427,0.02210426,0.0032493307
227.55487,-0.027501768,0.022187674,0.0030069076
227.57118,-0.027771635,0.022378745,0.0027233737
227.58778,-0.027738873,0.022319224,0.0020654083
227.60492,-0.028377779,0.023136431,0.0017698267
227.62129,-0.029094115,0.023522781,0.0013449463
227.63792,-0.029317342,0.023754941,0.0006142637
227.65445,-0.029797478,0.023954147,0.00023730197
227.67113,-0.030503806,0.023881987,-0.000072543684
227.6883,-0.03077806,0.023950139,-0.0007668588
227.70473,-0.03107241,0.024036255,-0.0010313439
227.72188,-0.031562466,0.024547748,-0.0011025779
227.7384,-0.031980585,0.02480126,-0.0017710944
227.75516,-0.032361366,0.025272435,-0.001761086
227.77124,-0.0329065,0.025290001,-0.001639061
227.7879,-0.0330421,0.025121177,-0.002152114
227.80473,-0.032714482,0.025546344,-0.0019393868
227.82123,-0.033091217,0.025775865,-0.0016489043
227.838,-0.03286463,0.026109125,-0.0021490834
227.85445,-0.032821193,0.026290257,-0.0017418955
227.87105,-0.03266366,0.026561322,-0.0011973133
227.88844,-0.032103386,0.02696681,-0.0016448443
227.90404,-0.03219938,0.026926756,-0.0010645625
227.92111,-0.031985786,0.026890839,-0.0013533658
227.9377,-0.03163246,0.027182061,-0.00066142157
227.95451,-0.031121783,0.027429262,0.00014765134
227.97102,-0.03085645,0.027822722,-0.0001814489
227.98802,-0.030528896,0.028078195,0.00068848237
228.00452,-0.029752037,0.027979912,0.0015714044
228.02138,-0.029425684,0.027848607,0.0013212218
228.03792,-0.028836923,0.027979376,0.0022662529
228.05475,-0.028377194,0.02790524,0.0032990235
228.07123,-0.027761031,0.028067686,0.003006643
228.08766,-0.026789,0.027922638,0.00409493
228.1048,-0.025590457,0.027872566,0.005147593
228.12079,-0.025072446,0.027677353,0.004856503
228.13794,-0.024262952,0.027635576,0.005946661
228.15479,-0.02323177,0.027458558,0.0069314837
228.1709,-0.022489956,0.02724634,0.006585078
228.1876,-0.020475307,0.027470801,0.008892029
228.2042,-0.019258862,0.02770716,0.009866006
228.22098,-0.01923633,0.027722647,0.008245351
228.23796,-0.01746582,0.02752961,0.009170385
228.25447,-0.016006554,0.027645743,0.010029176
228.27118,-0.01457927,0.02750317,0.010861643
228.28795,-0.013204643,0.02747188,0.011644127
228.3044,-0.013181109,0.027482871,0.00993998
228.32127,-0.011712913,0.02764114,0.010727194
228.33736,-0.010002785,0.028189348,0.012559161
228.35419,-0.009363107,0.02774928,0.012044202
228.3711,-0.008083354,0.027972842,0.01259086
228.38783,-0.0072202077,0.028003208,0.013034099
228.40413,-0.0066247676,0.028382452,0.012331431
228.42088,-0.005583167,0.028453646,0.012752885
228.43759,-0.0045807706,0.02836939,0.013004272
228.45427,-0.0041565774,0.027903186,0.012187768
228.4709,-0.003243204,0.027842244,0.012377231
228.4877,-0.0021910963,0.027916767,0.012354197
228.50417,-0.001894104,0.028274242,0.011531026
228.52089,-0.00064660044,0.02822534,0.0114382105
228.53772,0.00002320398,0.028181542,0.011224103
228.5544,0.00067615975,0.028410546,0.010248354
228.57083,0.0016698025,0.027949305,0.009930158
228.58763,0.0025708973,0.027671183,0.00974222
228.6043,0.003155909,0.028218167,0.00857676
228.62097,0.0040613175,0.028066505,0.008244377
228.63774,0.005026175,0.027933717,0.007852367
228.6542,0.005470304,0.02751852,0.0065586963
228.67082,0.0063314503,0.027319208,0.006179586
228.68779,0.006879979,0.027415505,0.0049572694
228.70424,0.007067327,0.027115308,0.0045220857
228.72061,0.008141501,0.026977377,0.0042267824
228.73738,0.0085690655,0.026740907,0.0030496486
228.75398,0.009391901,0.026345696,0.0028433537
228.7709,0.010478002,0.025985345,0.0027351303
228.78763,0.01077182,0.026096962,0.0016067502
228.80423,0.01117678,0.025673337,0.0015868377
228.82097,0.01142355,0.025502248,0.0015780751
228.83739,0.011008161,0.02551544,0.00053163397
228.85396,0.011067357,0.025166688,0.00059779425
228.87071,0.01072365,0.025026532,0.0007258317
228.88753,0.010574219,0.024677431,-0.00030584104
228.9042,0.00981975,0.024391072,-0.000098051714
228.92084,0.0090528205,0.024302423,0.00014990874
228.93793,0.00856388,0.024634417,-0.0007422123
228.95416,0.007923487,0.024327856,-0.00044120598
228.97096,0.0069713783,0.024129476,0.0000635398
228.98767,0.0067145326,0.023444494,-0.00088419527
229.0048,0.0053167576,0.02352527,-0.0003271783
229.02098,0.00466437,0.023620436,-0.0012199079
229.0375,0.0031982788,0.023035906,-0.00053311366
229.05429,0.0015913649,0.023359627,0.00019848927
229.07156,-0.000104002465,0.02366926,0.0009076823
229.08792,-0.0013223969,0.023266295,0.00008100533
229.10431,-0.003384179,0.02356005,0.00095160736
229.12115,-0.005871972,0.023705995,0.0018036705
229.13783,-0.0070261075,0.024549274,0.0010965695
229.15448,-0.009608726,0.024705887,0.001983035
229.17131,-0.01070773,0.024490315,0.001273145
229.18774,-0.013514514,0.024806477,0.0021707118
229.20459,-0.016465927,0.025244854,0.0031602185
229.22118,-0.01765143,0.025669834,0.0024351967
229.2376,-0.02049128,0.02590863,0.003463305
229.2546,-0.023473931,0.026684498,0.0044895457
229.271,-0.024985267,0.026262686,0.0037107253
229.2872,-0.027380567,0.026593411,0.004670053
229.30377,-0.02971173,0.026836026,0.0056241727
229.32056,-0.031275485,0.027175758,0.005010694
229.33707,-0.03340407,0.027255446,0.0058884653
229.35396,-0.035047706,0.027010147,0.006786586
229.3711,-0.035821866,0.027476693,0.006022319
229.38791,-0.037862673,0.027676856,0.0067918957
229.40501,-0.039675698,0.027556522,0.0077359863
229.42102,-0.04003461,0.027130207,0.006790652
229.4385,-0.041978277,0.027097087,0.0078037013
229.45459,-0.043724112,0.02751433,0.008587101
229.4713,-0.044321824,0.027694546,0.0077604847
229.48767,-0.04537541,0.02773059,0.008625135
229.50478,-0.046947066,0.028316967,0.009417177
229.52142,-0.047907587,0.028362207,0.008452529
229.53802,-0.049256947,0.029025285,0.010876138
229.55505,-0.050430916,0.02921307,0.011608124
229.57127,-0.050391212,0.029281173,0.008903864
229.58754,-0.05177525,0.029697325,0.009622072
229.60469,-0.05250466,0.030124238,0.010291706
229.62181,-0.053055085,0.03026711,0.010791928
229.63852,-0.054031488,0.030667432,0.011239879
229.65466,-0.054544427,0.030752538,0.011700517
229.6713,-0.054503918,0.030824488,0.009064072
229.68803,-0.055808198,0.030957356,0.011049142
229.70467,-0.056292035,0.03126254,0.011397992
229.7212,-0.056434155,0.0313544,0.010193233
229.73792,-0.056933556,0.03166796,0.010518451
229.7546,-0.056853097,0.031327017,0.010785283
229.77153,-0.057263702,0.031565517,0.009546082
229.78816,-0.057340335,0.031763863,0.009741778
229.80487,-0.057366185,0.0314108,0.008418308
229.82167,-0.05759821,0.031535204,0.00869287
229.83765,-0.057837535,0.031671636,0.008752289
229.85458,-0.05755384,0.031900737,0.007531901
229.87132,-0.05664738,0.031729303,0.0075589176
229.8878,-0.056306716,0.03141625,0.006119293
229.90414,-0.055700663,0.031873733,0.006237316
229.92119,-0.053751152,0.031415988,0.0063855946
229.9378,-0.051473867,0.030910857,0.0063933344
229.95454,-0.050758153,0.030269729,0.0050306576
229.97115,-0.049023468,0.029890493,0.0051386864
229.98784,-0.04611995,0.029259892,0.005212798
230.0044,-0.04432029,0.029052455,0.0038776882
230.02104,-0.041033413,0.028230568,0.004026775
230.03764,-0.037582207,0.02748076,0.004226709
230.0545,-0.03554619,0.026957473,0.0028721793
230.0712,-0.031111663,0.025647016,0.0031075224
230.08754,-0.029280806,0.025017552,0.0017735234
230.10414,-0.024967255,0.023855075,0.0021022456
230.12094,-0.020155806,0.022312805,0.0024246369
230.13763,-0.017224938,0.021632684,0.0010412082
230.1545,-0.011745507,0.019733202,0.0014769892
230.17116,-0.006322286,0.017885188,0.0019866095
230.18774,-0.0034173564,0.016999029,0.00069524324
230.20436,0.0023243385,0.014906232,0.0013563276
230.22105,0.006992879,0.013539765,0.0019724919
230.23766,0.008605792,0.01254924,0.00072902435
230.2543,0.013039158,0.011454252,0.0014134889
230.27084,0.016917562,0.010283836,0.002093883
230.28793,0.018653138,0.009440985,0.00091958715
230.3043,0.021324823,0.008732298,0.0015511116
230.32068,0.023949353,0.008010689,0.002342894
230.33737,0.025553184,0.008033725,0.0012076295
230.35406,0.028251894,0.007555926,0.0019707035
230.37067,0.029727083,0.0075177373,0.002744981
230.38736,0.030580306,0.007477514,0.0015115186
230.40405,0.032698575,0.0074686483,0.002299287
230.42067,0.03341192,0.006941924,0.001063222
230.43747,0.034660142,0.007181257,0.0018891378
230.45406,0.03529225,0.0072421096,0.0027171033
230.47073,0.03566611,0.007299943,0.0015269704
230.48747,0.03627906,0.0074948943,0.0023689412
230.50407,0.036671814,0.00800656,0.0032192545
230.521,0.036749873,0.008286335,0.0019891916
230.5376,0.036752447,0.008829189,0.0028027263
230.55402,0.037261993,0.008853773,0.0036619108
230.5708,0.037091736,0.009480664,0.0025089246
230.58751,0.036587775,0.010513082,0.0033478502
230.60426,0.036024686,0.011167964,0.0041817212
230.62114,0.03538069,0.011759196,0.0029747589
230.63803,0.03485326,0.012798844,0.0037960918
230.65459,0.033884473,0.013385805,0.00462887
230.67082,0.03326849,0.014331176,0.0035053738
230.68742,0.031717755,0.015348852,0.004430846
230.70421,0.030215694,0.016243074,0.005370995
230.72102,0.029577173,0.016797174,0.004147786
230.73749,0.027789377,0.017716937,0.0050128577
230.75426,0.02589772,0.01935361,0.0060818996
230.77094,0.025035564,0.019877292,0.0047252495
230.78778,0.023313832,0.020803738,0.005698416
230.80469,0.021358434,0.021787826,0.006646861
230.82124,0.018976912,0.02325616,0.007453041
230.83801,0.017349172,0.024281796,0.00842968
230.85432,0.017392673,0.024250422,0.004835586
230.87132,0.015791155,0.025292896,0.0058692177
230.88808,0.013835282,0.026358893,0.0066886507
230.90483,0.012371554,0.02791152,0.007548602
230.92134,0.010904778,0.028507853,0.008464922
230.93823,0.008846501,0.02958384,0.00946626
230.9543,0.008901067,0.029567175,0.0057710223
230.971,0.0055608135,0.03049954,0.00906509
230.98758,0.004174786,0.031636342,0.0099385455
231.00473,0.0018364491,0.032874867,0.01079424
231.02101,0.0007197244,0.033409555,0.009276025
231.03783,-0.0010390299,0.034443635,0.010153184
231.05467,-0.0018064182,0.035051774,0.008699978
231.0711,-0.0038400255,0.036355924,0.00939649
231.08821,-0.005709301,0.03783528,0.0102722915
231.10487,-0.0067117233,0.03816237,0.008646068
231.1215,-0.009085611,0.039710887,0.00936476
231.13814,-0.011055466,0.04078107,0.010131925
231.15488,-0.011778952,0.041363228,0.008430122
231.17116,-0.013563643,0.042272326,0.009145046
231.18806,-0.015196273,0.043147303,0.00987207
231.20442,-0.016619582,0.043216527,0.008212558
231.22131,-0.018072192,0.044309445,0.008948359
231.23814,-0.018689498,0.044490494,0.007217075
231.25447,-0.020535396,0.04557826,0.007846964
231.27136,-0.02206659,0.0463036,0.0085235005
231.28815,-0.023581186,0.046979792,0.009065385
231.30473,-0.024231799,0.04775017,0.0074554426
231.32137,-0.02572039,0.04839308,0.008067587
231.33781,-0.02772464,0.04895914,0.008710219
231.35492,-0.028387718,0.049702693,0.0071565895
231.3709,-0.029853232,0.05020417,0.0076248976
231.38783,-0.031275533,0.05124366,0.008425071
231.40451,-0.032257795,0.05130043,0.0066793514
231.42151,-0.033647064,0.05147614,0.007277108
231.4382,-0.03455625,0.051745456,0.00785812
231.45482,-0.034937218,0.052239083,0.006117092
231.47108,-0.035946064,0.05216633,0.0067846896
231.48796,-0.036355738,0.052012034,0.005121518
231.50436,-0.037353132,0.051414356,0.0057451287
231.52136,-0.037476193,0.051812403,0.0064484985
231.53806,-0.037918407,0.05147849,0.004655789
231.55449,-0.03841937,0.05100807,0.0053181984
231.57126,-0.038421296,0.050525267,0.005985625
231.58768,-0.038720176,0.049747005,0.004256006
231.6044,-0.03900212,0.04898559,0.0049754125
231.62108,-0.038934782,0.048199266,0.0056056897
231.63774,-0.03839349,0.048191674,0.0038304431
231.65451,-0.03813714,0.047103852,0.0045124614
231.67093,-0.037883464,0.045844402,0.005168447
231.68779,-0.0372054,0.045506153,0.0034247292
231.70436,-0.036970865,0.0443209,0.0040584034
231.72125,-0.036413614,0.04316289,0.004768653
231.73785,-0.036232878,0.0421959,0.0029456913
231.75446,-0.035227995,0.04107284,0.0036665546
231.7712,-0.03408093,0.04031591,0.0043567847
231.78775,-0.03398635,0.039840385,0.0026254037
231.80426,-0.033026606,0.038169026,0.0033523599
231.82112,-0.031953506,0.03775789,0.001604011
231.83774,-0.030807426,0.036373008,0.0022985027
231.85461,-0.029489826,0.034732156,0.0030568077
231.87112,-0.029128643,0.03367973,0.0012640171
231.8878,-0.027419347,0.032813046,0.0020733376
231.90408,-0.02625457,0.031499237,0.00285973
231.92093,-0.025856633,0.030615855,0.001228771
231.9377,-0.024414768,0.029273653,0.001995868
231.95468,-0.023223901,0.028209921,0.002812798
231.97127,-0.022368746,0.028185116,0.0010081513
231.98752,-0.021273673,0.02708421,0.0019081497
232.00435,-0.02021521,0.026002884,0.0029495494
232.02113,-0.019456254,0.025949236,0.0011899944
232.0376,-0.01851594,0.025153453,0.0021321967
232.05438,-0.01758421,0.024495685,0.0031823586
232.07137,-0.017456792,0.023782676,0.0014362237
232.08774,-0.01689981,0.023076659,0.002343572
232.10457,-0.016137652,0.022973226,0.0034462807
232.1208,-0.015544299,0.02324304,0.0016961148
232.1374,-0.015135431,0.02288046,0.0029146208
232.15474,-0.014114683,0.022956133,0.003974719
232.17099,-0.013271057,0.0224954,0.004778089
232.18762,-0.01271732,0.02284987,0.0059647076
232.20427,-0.012666242,0.022878341,0.0014927923
232.22067,-0.011967301,0.022756936,0.0025740394
232.23758,-0.011119149,0.022494804,0.0036088857
232.2545,-0.010701296,0.022823714,0.004547007
232.27095,-0.010041127,0.0229515,0.00549598
232.28758,-0.009187528,0.023151878,0.0065570194
232.3042,-0.009134988,0.02317264,0.0020211195
232.32086,-0.008307704,0.023421327,0.005776653
232.33765,-0.0075687706,0.02400085,0.006729057
232.35411,-0.007172196,0.023864659,0.0048927893
232.37071,-0.0065852976,0.023876788,0.0058831125
232.38762,-0.0058904057,0.024039859,0.0068234983
232.4045,-0.0049730535,0.024603972,0.0048817466
232.42088,-0.0042992304,0.024746928,0.0056962287
232.43748,-0.0042921994,0.024395151,0.003878128
232.4543,-0.0034077256,0.024586646,0.0047082044
232.47113,-0.0023947712,0.024706662,0.0054734973
232.48785,-0.0015460933,0.025207445,0.0061802487
232.50479,-0.0012016259,0.025184456,0.004225117
232.52103,0.00018805443,0.025016733,0.00488944
232.53763,0.0010611693,0.024999581,0.0057758666
232.55489,0.001833677,0.025138754,0.0037993863
232.57141,0.0029297092,0.025456432,0.0043975473
232.58774,0.0038980844,0.025435964,0.0052344087
232.60452,0.004208981,0.025006074,0.0033050328
232.62097,0.005029933,0.02527581,0.0040533138
232.63782,0.00591873,0.026100053,0.0048641376
232.65471,0.0062617767,0.026227895,0.0028101306
232.67145,0.0074090185,0.025341077,0.0034513006
232.6879,0.008202928,0.025198309,0.0041481666
232.70442,0.008887484,0.025631042,0.002260112
232.72118,0.009363617,0.02566505,0.0030810642
232.73819,0.009987436,0.02576024,0.003958383
232.75414,0.010260301,0.025563579,0.0018297319
232.77113,0.010225776,0.026664682,0.002909803
232.78764,0.010547777,0.027101588,0.0007991515
232.80493,0.010830425,0.027648289,0.0017038716
232.82112,0.011340672,0.02815995,0.0023849218
232.83844,0.0117233675,0.029601203,0.0033406238
232.85422,0.011119396,0.029939717,0.001163529
232.87155,0.010947914,0.03092111,0.0022468925
232.88795,0.011513661,0.031709183,0.000016511256
232.90501,0.011202528,0.03296184,0.0009608218
232.92146,0.010747268,0.0343839,0.001682813
232.93822,0.010694415,0.03512809,-0.000309157
232.95479,0.010532059,0.03622051,0.0005365039
232.97173,0.010105842,0.037605945,0.0014499449
232.98843,0.009379791,0.03799955,-0.00067733077
233.00545,0.008977243,0.03921896,0.0001606753
233.02196,0.008942438,0.040385578,0.0009288519
233.03787,0.009084911,0.040842813,-0.0011127267
233.0547,0.008912134,0.041632604,-0.000042471736
233.07191,0.008294382,0.04234663,0.0008650488
233.08777,0.008795262,0.042558756,-0.0014225486
233.10452,0.008804804,0.042800933,-0.00023742432
233.12125,0.008628715,0.04321308,0.00069806015
233.13788,0.008181727,0.04303733,-0.0014839479
233.15477,0.007849668,0.043402493,-0.00044596716
233.17113,0.008031733,0.04362818,0.0004398302
233.18835,0.00813732,0.04398663,-0.001477164
233.2048,0.00800883,0.04425158,-0.000624295
233.22147,0.007536298,0.044735108,0.0004519898
233.23795,0.007741452,0.045160145,-0.0015627365
233.2544,0.007166094,0.04532274,-0.0003956024
233.27115,0.006665197,0.045414202,-0.0023608543
233.2881,0.0062420582,0.045870055,-0.0011871326
233.30444,0.005616715,0.04645899,-0.00021063145
233.32169,0.004995553,0.047568943,0.0010485792
233.33794,0.004933527,0.048382517,-0.0010846396
233.35452,0.0038371705,0.0496983,0.00020979959
233.37112,0.0033290065,0.050424684,-0.0017643635
233.38792,0.002551544,0.05173793,-0.00058114843
233.40466,0.0017147398,0.05383121,0.0005783842
233.4213,0.0011452914,0.054977965,-0.0013899782
233.43782,0.000080515325,0.056852072,-0.0002795239
233.45451,-0.0007761532,0.058772672,0.0009179821
233.47124,-0.0010672094,0.059730634,-0.0011396274
233.48782,-0.0020563016,0.061516687,-0.00007594846
233.50455,-0.0027022262,0.0628573,0.0010077547
233.52116,-0.0030001227,0.06321113,-0.0011371789
233.53772,-0.0034933619,0.064464375,-0.000055441848
233.55428,-0.004004759,0.06534356,0.0010748063
233.5708,-0.003667481,0.06587832,-0.0010414211
233.58829,-0.0043291394,0.06587574,0.0032780801
233.60413,-0.004144717,0.0658877,-0.0023186612
233.62137,-0.0043762387,0.06657448,-0.00097340567
233.63821,-0.0044498625,0.06642515,-0.0000881415
233.65495,-0.0042291563,0.06600125,0.0009556082
233.67116,-0.004085704,0.06587067,0.0020339645
233.68806,-0.004145344,0.06565183,0.003332973
233.70493,-0.0039656535,0.06566296,-0.0021386403
233.72113,-0.0036394424,0.06527904,-0.0010982661
233.73807,-0.0035418274,0.06469683,0.0034252703
233.75449,-0.0036327136,0.06444553,0.001173639
233.77153,-0.0034051759,0.0639783,0.002382508
233.78748,-0.0029122771,0.062893406,0.0033036012
233.80438,-0.0027840945,0.06238648,0.0014201173
233.82085,-0.0025712918,0.06139094,0.0023844184
233.83783,-0.0021037764,0.060189873,0.0035287193
233.85481,-0.0019514669,0.059287526,0.0012060967
233.87108,-0.0018524393,0.05759903,0.0022074315
233.88832,-0.0014173992,0.055758405,0.003370511
233.90448,-0.0016787087,0.054598097,0.0010051471
233.92104,-0.0006943052,0.052280203,0.0021860648
233.93805,-0.00033089076,0.04997276,0.0032266234
233.95439,0.00015665418,0.04904589,0.0009623199
233.97084,0.0008065845,0.04621527,0.0020338327
233.98746,0.0017312799,0.04386387,0.0031530869
234.00414,0.001667792,0.042363245,0.0009853868
234.02112,0.0020683182,0.039726213,0.0020084002
234.03807,0.002648516,0.037322726,0.0030351428
234.05435,0.0030718278,0.036078837,0.0006287612
234.07088,0.00377431,0.033852603,0.0018479896
234.08739,0.003464178,0.032564364,-0.0004048056
234.10423,0.003866065,0.030297773,0.00073961256
234.12065,0.0043085488,0.027938608,0.0017296505
234.13724,0.0051199114,0.027132103,-0.00050381146
234.1539,0.005637645,0.024888618,0.00061400444
234.17064,0.0057015102,0.023121236,0.0017112003
234.1873,0.0063378606,0.022338353,-0.0006142849
234.2042,0.0065464242,0.02075589,0.000478239
234.22104,0.0071100187,0.019223172,0.0015064233
234.23787,0.0067342143,0.01821565,-0.000872213
234.25444,0.007823868,0.016793426,0.00013719725
234.27103,0.008146619,0.015430386,0.0012972914
234.28778,0.008394207,0.014849883,-0.00096661
234.30444,0.008838798,0.013128571,0.00012567133
234.32137,0.0090294145,0.011841623,0.0012815315
234.33754,0.009852649,0.011258532,-0.0011063531
234.3545,0.010123924,0.010111096,0.000268156
234.3711,0.010781232,0.009094849,0.0013423536
234.38776,0.010837208,0.008730596,-0.0009078151
234.4047,0.01095119,0.007808195,0.00031583212
234.4212,0.011625836,0.0073403423,0.0013987364
234.43755,0.011810543,0.0069572446,-0.0007803929
234.4543,0.012011378,0.005771784,0.00052894285
234.47163,0.012333564,0.005361641,0.0016994977
234.4882,0.012725671,0.0047492427,-0.0008240794
234.50482,0.013137687,0.0034466526,0.0004394261
234.52171,0.013529305,0.0030679822,0.0017425893
234.53851,0.013492356,0.00258429,-0.0006589346
234.55475,0.014381298,0.0015969179,0.00062021037
234.57124,0.0148853855,0.0006152569,0.0019607525
234.58778,0.014375545,0.00049856835,-0.00020852493
234.60446,0.014539406,-0.0004970355,0.0010663278
234.62132,0.014799087,-0.0014236119,0.0022619707
234.63808,0.015293349,-0.0021354612,-0.00014170233
234.65538,0.015207982,-0.0033708795,0.0010311007
234.67166,0.015283537,-0.0044486793,0.0019785783
234.68805,0.014812015,-0.0051199626,-0.00023037932
234.70485,0.014876599,-0.0068401615,0.0011019362
234.72157,0.015078336,-0.007606184,-0.0013133832
234.73843,0.014786156,-0.008790563,-0.000031293086
234.75458,0.0146894,-0.009238069,0.0011183468
234.7716,0.0148551185,-0.009445133,-0.0009843638
234.78815,0.014778848,-0.010249977,0.0001159391
234.80482,0.015066161,-0.01059789,0.0014590949
234.8213,0.014649099,-0.010531511,-0.0009322294
234.83817,0.014565251,-0.010361937,0.00042046636
234.85469,0.014501245,-0.010326036,0.001657056
234.87128,0.014899328,-0.010161263,-0.00064291887
234.88791,0.014782915,-0.009746224,0.00068259094
234.90529,0.014707256,-0.008625528,0.0020419687
234.92169,0.014350932,-0.0083211195,-0.0006370133
234.93767,0.014324146,-0.007115211,0.00080250076
234.95488,0.0143767465,-0.0060502333,0.0023645172
234.97147,0.014666389,-0.005308243,-0.00020335798
234.98792,0.015064017,-0.0039184233,0.0011318884
235.00458,0.015094822,-0.0028026593,0.0025637867
235.02101,0.015177495,-0.0008634265,0.00392985
235.03758,0.01537325,0.001443217,0.0053798514
235.05455,0.015543544,0.002978566,0.0067305653
235.07115,0.015552875,0.0029301392,0.00049843907
235.08784,0.016156042,0.0047716717,0.001814956
235.10469,0.01685251,0.007209802,0.0031436526
235.12132,0.017086335,0.009606168,0.0044035125
235.13818,0.017531738,0.011415935,0.0057096835
235.15456,0.0179429,0.013481622,0.006891573
235.1717,0.018373664,0.014753529,0.0045752507
235.18785,0.018924782,0.017296076,0.005588316
235.20476,0.019011263,0.018512549,0.0032921154
235.22119,0.0197906,0.021182992,0.004360029
235.23793,0.02025842,0.02463002,0.0055730925
235.25471,0.021055426,0.028166614,0.0066891215
235.27109,0.021704435,0.029761942,0.004083861
235.28761,0.022506606,0.032907184,0.0052996166
235.30455,0.02287694,0.03435796,0.0027579882
235.32149,0.02383487,0.038049035,0.0037051681
235.33774,0.024754155,0.041383218,0.0046526054
235.35454,0.024728557,0.043172915,0.002173654
235.371,0.02565571,0.046150792,0.0030698162
235.38737,0.026330287,0.0492747,0.0041088625
235.40428,0.02710139,0.05069575,0.0015150603
235.42088,0.02785295,0.053119,0.0023200717
235.43797,0.028176634,0.05502801,0.0032234013
235.4545,0.028403195,0.056248594,0.00034919125
235.47101,0.029250402,0.058859263,0.0012551091
235.48763,0.0294856,0.060690966,0.0021668884
235.50449,0.030250603,0.061166715,-0.0005649842
235.52112,0.030539053,0.06262327,0.00016868515
235.53761,0.030842878,0.064200416,0.00096514623
235.55437,0.030417599,0.06490416,-0.0017673287
235.57108,0.03112517,0.0655591,-0.0010649795
235.58777,0.030930601,0.06588425,-0.003882194
235.6045,0.030997524,0.06641276,-0.0031135192
235.621,0.031234002,0.06690192,-0.0023481294
235.63773,0.030855414,0.067244016,-0.0050759353
235.65436,0.030687617,0.06725307,-0.004323284
235.67094,0.030648133,0.067218825,-0.0035975734
235.68779,0.031159554,0.067279056,-0.0063373847
235.70436,0.031026978,0.066954166,-0.0056818933
235.7208,0.030633537,0.06639982,-0.004832921
235.73787,0.030208346,0.06600525,-0.007575544
235.7546,0.030223776,0.06538192,-0.0069465186
235.771,0.029729897,0.064198025,-0.006081072
235.78766,0.029535312,0.06356026,-0.008815484
235.80428,0.028940147,0.062200833,-0.008010643
235.8209,0.028251123,0.060602464,-0.0071488773
235.83748,0.028282288,0.05946527,-0.010033753
235.85406,0.027412167,0.057247028,-0.009060348
235.87108,0.02662946,0.055487227,-0.008077387
235.88742,0.025610115,0.054567024,-0.011043013
235.9044,0.024652628,0.052240398,-0.009898527
235.92088,0.02373541,0.05001642,-0.00905383
235.93759,0.023713248,0.04902949,-0.01169129
235.954,0.022748392,0.04686039,-0.010648045
235.97163,0.021913996,0.045219496,-0.009459184
235.98773,0.021154495,0.044353474,-0.012538577
236.00435,0.020198414,0.042388022,-0.011222271
236.02074,0.02021147,0.041395586,-0.013868582
236.03792,0.019309193,0.039213408,-0.012602698
236.05453,0.017933432,0.036243726,-0.011661307
236.07114,0.017226852,0.0353996,-0.014316706
236.08792,0.016849918,0.03303251,-0.013004654
236.10411,0.015922805,0.03066337,-0.011708044
236.12076,0.0151855415,0.029538408,-0.014101286
236.13777,0.0147886975,0.027732633,-0.012660649
236.1547,0.01417164,0.026489958,-0.011257762
236.17133,0.014501486,0.025444062,-0.013961371
236.18799,0.014253801,0.023996817,-0.012362385
236.20436,0.014173082,0.022897584,-0.010710146
236.22128,0.01392447,0.022604039,-0.0131615875
236.23773,0.013538101,0.021202205,-0.011637212
236.2548,0.013373547,0.019859372,-0.01000892
236.27116,0.013856931,0.019201621,-0.01266782
236.28775,0.013899263,0.017608464,-0.010996502
236.30481,0.013877598,0.016152937,-0.009414755
236.32127,0.01377625,0.014729528,-0.00798169
236.3382,0.013859092,0.013165401,-0.006321028
236.35506,0.013903904,0.013118284,-0.013123892
236.37122,0.013898575,0.011513393,-0.011670397
236.3879,0.013649174,0.010317533,-0.0099381795
236.40512,0.014305904,0.009323927,-0.008426377
236.42123,0.014329465,0.008033209,-0.007153712
236.43806,0.014120204,0.0071078823,-0.0054275994
236.45467,0.014144167,0.0070597217,-0.012232927
236.47163,0.014900613,0.006157185,-0.010740261
236.48842,0.014882029,0.004387726,-0.0052270554
236.50487,0.015100891,0.0038411047,-0.007949173
236.52135,0.015087165,0.002586761,-0.0063905464
236.53802,0.015659327,0.0012297014,-0.0049052793
236.5547,0.015292808,0.0011473185,-0.0075836955
236.57144,0.015639462,0.00025973728,-0.0062105986
236.58815,0.015871769,-0.00021681405,-0.004866571
236.60504,0.01637967,-0.0008299121,-0.0075816624
236.62204,0.016509581,-0.0012865397,-0.006330261
236.6378,0.016414708,-0.0013989048,-0.005069975
236.65442,0.016931042,-0.0019594645,-0.0074435608
236.6718,0.017266802,-0.002338424,-0.0060518966
236.68875,0.01775504,-0.002690434,-0.0049363025
236.70462,0.017530259,-0.0024389876,-0.0077889534
236.7214,0.018148739,-0.0027950115,-0.0060809
236.73811,0.018751677,-0.0030469343,-0.004697956
236.75449,0.018680645,-0.0028996351,-0.0074359276
236.77147,0.01946365,-0.0029926521,-0.0058304467
236.7881,0.01971428,-0.0032972784,-0.008719454
236.8045,0.020878239,-0.0030108688,-0.007216616
236.82126,0.021764118,-0.0027443802,-0.00551951
236.8379,0.021987025,-0.0022124122,-0.0083647715
236.85481,0.023000434,-0.0015949373,-0.0068245768
236.87099,0.023846606,-0.0011655472,-0.0054229307
236.88783,0.02482673,-0.0011202282,-0.007949755
236.90466,0.025688639,-0.00067686645,-0.0064942674
236.92136,0.026577162,-0.00021119892,-0.005023555
236.93797,0.027275782,-0.00014732285,-0.0077561666
236.95467,0.02827201,0.00016507437,-0.0061874194
236.97108,0.02936483,0.0004168773,-0.004677448
236.98792,0.029678531,0.0011540056,-0.0072414237
237.00452,0.03089642,0.001617644,-0.0057701184
237.02083,0.03133444,0.0017782017,-0.008419401
237.03754,0.03224914,0.0022487557,-0.0067133186
237.05446,0.033358533,0.0026659267,-0.0051994678
237.07141,0.0346021,0.0031378972,-0.0037552584
237.08797,0.03530202,0.003055503,-0.006590762
237.10446,0.036526456,0.0034045356,-0.0050321748
237.12163,0.03703726,0.003582361,-0.0033930216
237.13786,0.037557524,0.003882385,-0.0063455864
237.15448,0.03829609,0.004156825,-0.004582236
237.17116,0.038659196,0.0048190425,-0.0029903108
237.18774,0.038603432,0.005461479,-0.005727448
237.20447,0.039176613,0.0059541576,-0.0041395645
237.22108,0.03975474,0.0058532325,-0.0069340477
237.23788,0.040547885,0.0066378675,-0.005348646
237.25487,0.041243993,0.0070558116,-0.0038802389
237.27133,0.041036054,0.007900735,-0.0067850603
237.28783,0.04179083,0.008733968,-0.0051804855
237.30447,0.042701155,0.009574671,-0.003615184
237.32118,0.04335409,0.009538001,-0.0063900067
237.33768,0.044008665,0.010070921,-0.0049280953
237.35442,0.044374734,0.010603707,-0.00338764
237.37175,0.044266567,0.011380615,-0.0062336624
237.38823,0.04466701,0.012073353,-0.005070465
237.40472,0.04495434,0.012722354,-0.0035423464
237.4211,0.045378227,0.012490644,-0.006283158
237.43765,0.045654576,0.013216852,-0.0047090836
237.45435,0.045848288,0.013673994,-0.0032481535
237.47087,0.045461882,0.014408349,-0.0061111106
237.48773,0.04545843,0.015006587,-0.004659799
237.50435,0.04567228,0.01459637,-0.0076073823
237.52109,0.045499504,0.015068216,-0.0061838236
237.53769,0.045256663,0.015600353,-0.0048424117
237.55438,0.04490281,0.016106717,-0.003461918
237.57101,0.044628516,0.01657733,-0.0021524776
237.58769,0.044354293,0.016888687,-0.0008350239
237.60432,0.044414483,0.016729757,-0.007995198
237.62096,0.04376028,0.016887663,-0.0067132437
237.63759,0.043280948,0.016815105,-0.0054388135
237.6543,0.042827934,0.016561491,-0.0041832277
237.6708,0.0426753,0.016124211,-0.0029530078
237.68726,0.042289194,0.015699096,-0.0016362915
237.70415,0.04234465,0.015548998,-0.008729577
237.72095,0.041487366,0.014909506,-0.007617064
237.73781,0.040048737,0.015220722,-0.002125594
237.75438,0.03953729,0.014537158,-0.0052336846
237.77103,0.038177337,0.014180158,-0.003925965
237.78783,0.0369426,0.013950699,-0.0027021004
237.80466,0.036173,0.014368711,-0.0057143257
237.82124,0.034437593,0.013758707,-0.0045589004
237.83774,0.032712366,0.0130074015,-0.0033055877
237.85466,0.032197207,0.012964494,-0.006164877
237.87117,0.030690758,0.0127212405,-0.0050229076
237.8878,0.029533478,0.012258311,-0.0036545924
237.90446,0.029021706,0.011478328,-0.006625571
237.92107,0.02782969,0.010892969,-0.005292989
237.93774,0.026827643,0.010636721,-0.003936882
237.95473,0.026352685,0.010157066,-0.006913005
237.97108,0.02519337,0.009760324,-0.0057116
237.98775,0.024730597,0.009223497,-0.00420937
238.00447,0.024193283,0.00960356,-0.007176733
238.02158,0.023548564,0.009344773,-0.0057919375
238.03783,0.023145791,0.0089412555,-0.004545245
238.05441,0.02307995,0.008058976,-0.0073382873
238.07098,0.022833766,0.0077055297,-0.0058887494
238.08806,0.022795383,0.007281686,-0.0043776776
238.10478,0.02301995,0.0065547097,-0.0074954657
238.12108,0.023132905,0.005921461,-0.0060854503
238.138,0.023366876,0.00607342,-0.008832557
238.15463,0.024004158,0.0049753166,-0.0075446367
238.1714,0.024424532,0.0041013095,-0.006166866
238.18808,0.024655735,0.00418013,-0.009098573
238.2052,0.025241768,0.0033357262,-0.0077355104
238.22142,0.026000855,0.0023358238,-0.006535699
238.23799,0.026222652,0.0020383599,-0.009286591
238.25461,0.02650416,0.0013364456,-0.007858939
238.27141,0.027116418,0.000565549,-0.0064026504
238.2881,0.027232166,-0.00032823434,-0.009460478
238.30449,0.027132183,-0.0008497592,-0.008052238
238.32162,0.027150374,-0.0017509748,-0.006490742
238.33769,0.027177293,-0.0019503128,-0.009760335
238.35434,0.027096376,-0.0028772496,-0.0081049735
238.37201,0.02675918,-0.0037638056,-0.006821065
238.38802,0.02650174,-0.004321989,-0.010290484
238.40479,0.025964538,-0.005304903,-0.008685126
238.42169,0.025236027,-0.0060478686,-0.0073951515
238.43784,0.025081694,-0.00667002,-0.010502661
238.45518,0.024824383,-0.0076403297,-0.008921305
238.47237,0.023972256,-0.008766468,-0.0077965017
238.4881,0.023603287,-0.009135676,-0.011041339
238.50507,0.022941643,-0.009877711,-0.009211871
238.52133,0.022288315,-0.010640632,-0.007877039
238.53806,0.022044526,-0.01163979,-0.010683271
238.55443,0.021101726,-0.012441841,-0.009195127
238.57143,0.020527855,-0.012587931,-0.012021692
238.58798,0.019817824,-0.013293762,-0.01061458
238.6045,0.018851692,-0.014300562,-0.008999741
238.62123,0.018058602,-0.015082433,-0.0073251873
238.63794,0.017823927,-0.015765391,-0.01025341
238.65468,0.017560288,-0.016582273,-0.008639275
238.67145,0.017292045,-0.017618535,-0.007002459
238.68779,0.01682299,-0.018235587,-0.009926664
238.70456,0.016415099,-0.019185731,-0.008016191
238.72134,0.016398856,-0.019595245,-0.010898739
238.73798,0.016605867,-0.020405041,-0.00916018
238.75468,0.01618503,-0.021040985,-0.0073445425
238.77132,0.015989283,-0.021496294,-0.010212422
238.7881,0.015979724,-0.022236312,-0.00836308
238.80475,0.016146401,-0.022592325,-0.0066038156
238.82114,0.01608174,-0.023008438,-0.009392258
238.83801,0.016136503,-0.023288433,-0.0074262996
238.85464,0.016247742,-0.023385532,-0.0056346245
238.87102,0.016304826,-0.024127351,-0.008411771
238.88794,0.016583394,-0.024553597,-0.0063457275
238.90477,0.017077316,-0.024920003,-0.0045003816
238.92133,0.01771377,-0.02529233,-0.002622715
238.93802,0.01796122,-0.025436016,-0.00060107716
238.95471,0.01786538,-0.0255038,-0.008140253
238.97127,0.018153915,-0.025681503,-0.0061829546
238.98798,0.018612973,-0.025764411,-0.004166615
239.00465,0.019254701,-0.025982223,-0.002256687
239.02115,0.019589042,-0.026093911,-0.00035084868
239.03748,0.01984898,-0.026095578,0.0015771504
239.05467,0.019752258,-0.026168728,-0.005819564
239.07138,0.02047203,-0.026479995,0.00046100694
239.08789,0.0206659,-0.02660505,0.002242192
239.10454,0.020929698,-0.026970519,-0.000588746
239.12123,0.021025568,-0.027311943,0.0011773631
239.1376,0.021126008,-0.027725218,0.0028386943
239.15451,0.02164794,-0.027768489,0.004597905
239.1712,0.021623192,-0.027589437,0.0015051629
239.18797,0.021917945,-0.027492236,0.0030467473
239.20457,0.021845987,-0.027936243,-0.000032128733
239.22122,0.021698168,-0.027729196,0.0014893634
239.23788,0.021663515,-0.027742306,0.0029746213
239.25426,0.021611137,-0.027476007,-0.00012124173
239.27118,0.021751901,-0.027027166,0.0014121035
239.28761,0.021711402,-0.02696645,0.002676751
239.30447,0.021623842,-0.027346373,-0.00033684127
239.32126,0.021550165,-0.027243031,0.00095014664
239.3378,0.021440396,-0.026996367,0.0022705046
239.35445,0.021468302,-0.026703818,-0.00079624297
239.37096,0.021446066,-0.026336346,0.0005352729
239.38771,0.021535961,-0.02596558,0.0019314097
239.40436,0.021509789,-0.025447212,-0.0012301822
239.42105,0.021491505,-0.025339756,0.000108188025
239.43771,0.021611935,-0.024963211,0.0014383766
239.45471,0.021264253,-0.025180295,-0.0017149644
239.4711,0.021723436,-0.024763515,-0.00055381045
239.48769,0.02161104,-0.024577187,0.00088177476
239.50417,0.021492848,-0.024598455,-0.0022599436
239.5211,0.02100634,-0.024256982,-0.00085136935
239.53781,0.020865124,-0.024299981,0.0003402972
239.55421,0.020928225,-0.024174852,-0.002829988
239.57103,0.021130886,-0.024085086,-0.0013520754
239.58804,0.020972548,-0.024352659,-0.004580654
239.60449,0.020877602,-0.024236366,-0.003377393
239.6213,0.020721097,-0.02389169,-0.0019062465
239.63805,0.020671632,-0.023635376,-0.005105694
239.65465,0.020885887,-0.022930358,-0.003734313
239.67097,0.020824663,-0.022466024,-0.0023680234
239.68799,0.021090953,-0.022695845,-0.005242245
239.70462,0.021012498,-0.022533324,-0.0040508714
239.72113,0.020978099,-0.022250453,-0.0026100832
239.738,0.020880401,-0.02212206,-0.0056201206
239.75458,0.02071176,-0.022003667,-0.0043050544
239.77136,0.020807477,-0.021706574,-0.0027770838
239.788,0.020990372,-0.020959096,-0.005946473
239.80463,0.020838808,-0.02083548,-0.0044407416
239.8212,0.0205966,-0.020580275,-0.0029394466
239.83809,0.020548102,-0.020497456,-0.005990686
239.85458,0.02033519,-0.020089556,-0.0045981226
239.8715,0.020186838,-0.019634178,-0.003036413
239.888,0.019767167,-0.020104337,-0.0062690694
239.90468,0.019481922,-0.020013042,-0.0046759923
239.92134,0.019272413,-0.019622143,-0.0031267153
239.93878,0.019387465,-0.019000899,-0.0062419632
239.9547,0.019129153,-0.018796097,-0.0050722095
239.97125,0.018810682,-0.018787257,-0.003172705
239.98836,0.018368432,-0.019150773,-0.0061589833
240.00479,0.01796215,-0.018982038,-0.004782612
240.0215,0.017800601,-0.018792901,-0.003080945
240.03786,0.01742258,-0.019005397,-0.0061882404
240.05525,0.017132182,-0.01914081,-0.0044293953
240.07173,0.016761059,-0.019164477,-0.0031009086
240.08801,0.01668702,-0.01881288,-0.006077975
240.10449,0.016220039,-0.01872413,-0.004250123
240.12138,0.015421455,-0.019098444,-0.0072788293
240.13791,0.014984649,-0.018805992,-0.0057199514
240.15463,0.014491028,-0.018497422,-0.0039793286
240.1711,0.014419104,-0.01789314,-0.007075562
240.18805,0.013735692,-0.017462669,-0.0052923546
240.20473,0.013134645,-0.017140383,-0.0037910198
240.22153,0.012277019,-0.017249845,-0.0068942676
240.23872,0.011783586,-0.016962022,-0.0052793883
240.25485,0.010934524,-0.015907265,-0.0037969684
240.27159,0.010490611,-0.015582204,-0.006637568
240.28824,0.0100288605,-0.015409849,-0.004885389
240.30495,0.008557702,-0.015215118,-0.003228373
240.32161,0.007655604,-0.014429988,-0.0015656007
240.33838,0.0072765355,-0.013926623,0.00019049819
240.35472,0.006562684,-0.013766999,0.0019179379
240.37144,0.0065101874,-0.013791831,-0.0056975815
240.38797,0.0055715716,-0.012907402,-0.003985823
240.40524,0.004930697,-0.012890244,-0.0022762108
240.42145,0.0044983546,-0.013062297,-0.0008320355
240.43874,0.0043716254,-0.01326512,0.0010475537
240.45462,0.0038884135,-0.013414181,0.0022789268
240.47137,0.003364865,-0.014068385,-0.0004282689
240.48816,0.0033572908,-0.01452727,0.0010272223
240.5049,0.0037971889,-0.014419942,-0.0021729236
240.5216,0.0035517772,-0.014713953,-0.00076324603
240.53848,0.0034334103,-0.015261206,0.00065755745
240.5549,0.0028861538,-0.016110986,-0.002610818
240.5712,0.0029472725,-0.01668589,-0.0010975611
240.58806,0.0026022098,-0.017065467,0.0004525864
240.60501,0.0023105415,-0.017701125,-0.0028561356
240.62135,0.0023439594,-0.018732384,-0.001661264
240.63788,0.0024472408,-0.019484527,-0.00023490346
240.65451,0.0028783171,-0.019398903,-0.0034074208
240.67093,0.0027454302,-0.020372499,-0.0021473432
240.68846,0.002803637,-0.02152425,-0.00077570986
240.70425,0.0024074165,-0.022395402,-0.0044470965
240.72108,0.0026459992,-0.02365583,-0.0028023566
240.73851,0.0025608854,-0.024685338,-0.0015792409
240.75473,0.0022554547,-0.025251348,-0.0052599134
240.77145,0.0019985696,-0.026624555,-0.0037725198
240.78847,0.0017797285,-0.027939139,-0.0025319331
240.80432,0.0014527545,-0.028735628,-0.005955552
240.82178,0.0012507619,-0.029823331,-0.0043391814
240.83774,0.0012429572,-0.030949535,-0.0033676277
240.85446,0.0008647716,-0.031942856,-0.0062714345
240.87115,0.0009402028,-0.03326521,-0.0050147804
240.8879,0.0004095873,-0.034029517,-0.008161692
240.90448,0.0002541153,-0.035027392,-0.0068768947
240.92122,-0.0000055533496,-0.03688242,-0.0053945202
240.9379,-0.00051083905,-0.038024735,-0.0039642258
240.95467,-0.0009420646,-0.03835321,-0.0071938466
240.97127,-0.0015540085,-0.039761547,-0.0057419376
240.98769,-0.001961456,-0.04037927,-0.008878851
241.00453,-0.0022920265,-0.04202425,-0.0072042746
241.02122,-0.0027225423,-0.042896014,-0.005737539
241.0379,-0.003228985,-0.043386385,-0.00887615
241.05463,-0.003515936,-0.04485838,-0.007254748
241.07118,-0.003805273,-0.04618937,-0.005602952
241.0883,-0.0037774977,-0.046470445,-0.008603964
241.10461,-0.0045184856,-0.047774654,-0.007111831
241.12119,-0.0049043526,-0.04847134,-0.0051408024
241.13779,-0.004873359,-0.048788663,-0.008102691
241.15442,-0.004809812,-0.049829148,-0.006272927
241.17108,-0.0051462385,-0.05052208,-0.0044125486
241.18784,-0.0058137304,-0.05084833,-0.007434742
241.20456,-0.006154825,-0.05163377,-0.005626605
241.22086,-0.006508302,-0.05188024,-0.0038149476
241.23772,-0.006099632,-0.051747795,-0.006624986
241.25452,-0.0060878433,-0.051637523,-0.0048496267
241.27121,-0.00629759,-0.05161628,-0.0030392285
241.28757,-0.0067204814,-0.051824972,-0.0060048327
241.30428,-0.0071691233,-0.051523935,-0.0039654523
241.32095,-0.0076719457,-0.05109322,-0.0020891905
241.3376,-0.0074753724,-0.050824158,-0.0050254217
241.3541,-0.008022892,-0.050040662,-0.0031791313
241.37073,-0.008401118,-0.04972929,-0.00605439
241.38734,-0.008719877,-0.048527215,-0.0041923514
241.40405,-0.009273953,-0.046955653,-0.0024237086
241.42064,-0.009642199,-0.046553075,-0.0053358013
241.43726,-0.0102508245,-0.0450717,-0.003565579
241.45404,-0.01047774,-0.043447964,-0.001739246
241.47078,-0.011185148,-0.0424207,-0.004790268
241.48776,-0.011361994,-0.04048115,-0.0030078474
241.5044,-0.011672031,-0.039395005,-0.0061784578
241.52115,-0.012629739,-0.03653358,-0.0043534026
241.53801,-0.013194086,-0.033430897,-0.002650122
241.55466,-0.013334371,-0.030612502,-0.0010388372
241.57109,-0.013382827,-0.028733168,-0.0039752442
241.5883,-0.013718735,-0.024854349,-0.0021825605
241.6046,-0.01423662,-0.021615224,-0.00048799595
241.62112,-0.01431828,-0.02007951,-0.0034154963
241.63792,-0.014730506,-0.017529994,-0.0015062385
241.65453,-0.015021339,-0.014439802,0.0002117562
241.67134,-0.014686389,-0.013001207,-0.002829495
241.688,-0.015526562,-0.009484467,0.0036128338
241.70485,-0.015563602,-0.009423408,-0.004237377
241.72089,-0.015404188,-0.0070151016,-0.002639209
241.73784,-0.015531486,-0.0045426767,-0.00065169577
241.7549,-0.015490747,-0.0023433468,0.00085547386
241.77165,-0.015545945,-0.0007266836,0.002252875
241.78833,-0.015520674,0.0012516056,0.0037692685
241.80505,-0.015754238,0.003052292,0.005288726
241.82143,-0.01574202,0.003114348,-0.0025936347
241.83815,-0.01576275,0.0040293024,-0.0009828068
241.85475,-0.016118316,0.005753953,0.0050807223
241.8717,-0.01590879,0.0064110016,0.0019071817
241.88812,-0.016191185,0.0070224395,0.0031323645
241.9048,-0.016328994,0.007250541,0.0045627523
241.92165,-0.016109796,0.007595009,0.0012638647
241.93832,-0.01634125,0.008237806,0.0023927868
241.95483,-0.016497126,0.008457632,-0.00092477235
241.9716,-0.016614327,0.008072196,0.00033749352
241.98827,-0.016534848,0.007963126,0.0014266673
242.00533,-0.016893465,0.008186454,-0.0019331325
242.02142,-0.017017663,0.008052335,-0.0010361476
242.03801,-0.016928863,0.007684531,0.000300859
242.05501,-0.017033635,0.0077333376,-0.0031310797
242.07178,-0.017231181,0.0075288923,-0.0022397218
242.0888,-0.017194662,0.0075244787,-0.0011485118
242.10486,-0.016843218,0.0074847606,-0.004720555
242.12134,-0.01667853,0.0069775456,-0.0032615846
242.13828,-0.01660718,0.006954949,-0.0020851716
242.15501,-0.016902274,0.0063572163,-0.005474601
242.17151,-0.01677756,0.005795121,-0.0043671643
242.18826,-0.01686251,0.0048952904,-0.0031170615
242.20483,-0.01685656,0.004879941,-0.00642307
242.22139,-0.017037887,0.0045938743,-0.0052564447
242.23814,-0.016901491,0.0038217027,-0.0039392193
242.25475,-0.016528409,0.0034698753,-0.0072491043
242.27121,-0.016290175,0.0030134255,-0.0059663234
242.28807,-0.016028615,0.0026399016,-0.004504876
242.3048,-0.015776198,0.0023788887,-0.007881472
242.32132,-0.015775803,0.0020938502,-0.006498863
242.33815,-0.015598892,0.0020444544,-0.0050185113
242.35474,-0.01586503,0.0020357564,-0.0082912585
242.37115,-0.015453059,0.0020608658,-0.0067484183
242.38808,-0.015812183,0.0022109554,-0.009854105
242.40453,-0.015767645,0.001753464,-0.008380778
242.42137,-0.015471547,0.0014827034,-0.0066826423
242.43797,-0.014933053,0.0011952361,-0.009926409
242.4545,-0.015059891,0.00061030424,-0.00827467
242.47112,-0.014885885,-0.00006739834,-0.006547959
242.48798,-0.014444259,-0.0006290018,-0.009585471
242.50453,-0.014287331,-0.0013303969,-0.007975295
242.52202,-0.014314896,-0.0019896482,-0.0062273587
242.53789,-0.0144951185,-0.0024438465,-0.009661556
242.55452,-0.014477589,-0.0034630827,-0.0075521357
242.57137,-0.014397096,-0.0045038704,-0.0058098473
242.58786,-0.014602575,-0.004822992,-0.008943264
242.6044,-0.014559138,-0.0054956106,-0.007111781
242.62134,-0.014483579,-0.0060550068,-0.010073546
242.63802,-0.014591565,-0.0070232656,-0.008490805
242.65482,-0.0145124765,-0.0076161036,-0.0066956594
242.67104,-0.01493934,-0.007705056,-0.009824403
242.68813,-0.0149014,-0.00809803,-0.007790567
242.70496,-0.014578646,-0.008361043,-0.0061546997
242.72159,-0.014517886,-0.008310474,-0.009281753
242.73798,-0.014381318,-0.00810033,-0.007318552
242.75487,-0.01404628,-0.008475475,-0.0052075223
242.77122,-0.0135899745,-0.008793836,-0.0083030425
242.78792,-0.013381665,-0.008996757,-0.0061589344
242.80466,-0.013650205,-0.009308662,-0.00418192
242.82114,-0.0135180345,-0.009762124,-0.007163212
242.83803,-0.013941544,-0.010011556,-0.010002032
242.85446,-0.01379721,-0.011026306,-0.0033524074
242.87097,-0.013957762,-0.011182188,-0.006165525
242.88785,-0.013787517,-0.011527548,-0.0042150295
242.90465,-0.01372109,-0.011916658,-0.0026214921
242.92122,-0.013281862,-0.011960445,-0.0057418146
242.93784,-0.012818176,-0.011479157,-0.004011272
242.95457,-0.012369954,-0.010991544,-0.0023754488
242.97112,-0.011822588,-0.010773596,-0.0053427042
242.98784,-0.01123741,-0.0096400175,-0.0036828155
243.00436,-0.0106611,-0.008994264,-0.0020922006
243.02104,-0.010905745,-0.008720304,-0.005079634
243.0378,-0.010442013,-0.008468439,-0.003545951
243.0546,-0.009939291,-0.008066234,-0.0019583397
243.071,-0.009601661,-0.0080623105,-0.0004721358
243.08783,-0.00945427,-0.008189786,0.0010561408
243.1047,-0.0094864555,-0.0081525585,-0.0068124593
243.12103,-0.0090594785,-0.00783956,-0.0054148003
243.13782,-0.009147818,-0.0075728283,-0.0038157566
243.15472,-0.009126794,-0.0077021113,-0.0025279892
243.17107,-0.0094432095,-0.007452604,-0.0013558407
243.1879,-0.0099339485,-0.0073156804,0.000064672065
243.20467,-0.00996266,-0.0072766566,-0.007789187
243.22093,-0.010402449,-0.007029224,-0.0020056278
243.2377,-0.010910683,-0.007080414,-0.00056684914
243.25436,-0.010631048,-0.0071391976,-0.0038746498
243.27103,-0.011347049,-0.0073366794,-0.0026221755
243.2877,-0.011837192,-0.0074080885,-0.0014706142
243.30441,-0.012621345,-0.007228141,-0.0046639196
243.32158,-0.013166192,-0.0072930264,-0.0034963754
243.33827,-0.013504036,-0.007354763,-0.002469266
243.3546,-0.013948411,-0.0073608933,-0.0056815743
243.37134,-0.014825464,-0.008122776,-0.004158618
243.38783,-0.01652653,-0.009222234,-0.0028235386
243.40451,-0.01706936,-0.009607661,-0.0059329886
243.42131,-0.01876784,-0.010709932,-0.0045514735
243.43794,-0.021226484,-0.012205841,-0.0032916013
243.45512,-0.022663597,-0.012651688,-0.006446494
243.47128,-0.024266068,-0.013679144,-0.0053674234
243.48819,-0.026209973,-0.014362507,-0.0038317144
243.50465,-0.027350845,-0.014729974,-0.0070975674
243.52124,-0.029504787,-0.015618889,-0.005696596
243.538,-0.03105367,-0.016189488,-0.0042658118
243.555,-0.03195076,-0.015617279,-0.007543349
243.57143,-0.033474285,-0.015786408,-0.00633393
243.58801,-0.035396505,-0.01610812,-0.004769408
243.6048,-0.035660338,-0.016451795,-0.007940954
243.62138,-0.0369442,-0.015841184,-0.006506845
243.63809,-0.037661057,-0.0155903725,-0.004970133
243.65538,-0.0378964,-0.01605709,-0.008065618
243.67145,-0.038728837,-0.016045276,-0.006830042
243.68803,-0.03921244,-0.015445285,-0.0049732253
243.70494,-0.039683938,-0.014917869,-0.007975821
243.72122,-0.04007607,-0.014827683,-0.0064472766
243.73833,-0.040335506,-0.0145363575,-0.009384748
243.75546,-0.041093435,-0.013731182,-0.007939621
243.77222,-0.04103451,-0.012884005,-0.006503247
243.78824,-0.041212194,-0.012590717,-0.009562464
243.80502,-0.041661624,-0.0120716775,-0.007593494
243.82101,-0.042191137,-0.011479247,-0.010705194
243.83804,-0.042143796,-0.0105460705,-0.008784317
243.85464,-0.042211425,-0.009692075,-0.0072958195
243.87181,-0.042322587,-0.009181928,-0.00556708
243.88802,-0.042079583,-0.009097016,-0.008852815
243.90486,-0.0415144,-0.0079773255,-0.006956067
243.92134,-0.04143704,-0.0068277195,-0.0054571223
243.93797,-0.04136479,-0.0068028327,-0.008299563
243.95454,-0.0408877,-0.0059892917,-0.006644816
243.97125,-0.040100295,-0.004915209,-0.0049602403
243.98822,-0.039360266,-0.004899185,-0.007926123
244.00491,-0.038874876,-0.004457475,-0.006440975
244.02145,-0.03840577,-0.003933666,-0.0047748787
244.03818,-0.038078714,-0.0030414788,-0.0077060987
244.05484,-0.037248675,-0.0022366184,-0.0060539045
244.07141,-0.03690784,-0.0014609692,-0.004453539
244.08806,-0.036505334,-0.0014327593,-0.007409392
244.10493,-0.036246136,-0.0005672821,-0.0058365003
244.12146,-0.035369564,0.000019648309,-0.0043177097
244.13844,-0.03528572,0.00082212203,-0.007287761
244.15436,-0.035031073,0.0015454786,-0.0058288267
244.17134,-0.034286126,0.0020752253,-0.0038675983
244.18796,-0.03384404,0.0021913254,-0.0070683593
244.20477,-0.032736577,0.002677082,-0.005425062
244.2213,-0.032533806,0.0034419377,-0.008586799
244.23817,-0.03164774,0.0041016107,-0.006844066
244.25488,-0.03068423,0.0048587606,-0.0052785357
244.27122,-0.030265914,0.005528729,-0.008334397
244.28809,-0.029483745,0.006241912,-0.0065007578
244.30473,-0.028888052,0.0068939854,-0.0049265963
244.3213,-0.028481344,0.007222628,-0.007885852
244.33797,-0.027752725,0.007781209,-0.006130049
244.35443,-0.027601387,0.00876664,-0.0043814634
244.37099,-0.027361156,0.0084929615,-0.0072320714
244.38788,-0.027026186,0.0091889845,-0.0054071257
244.40466,-0.026686974,0.009581774,-0.003740927
244.42133,-0.026654057,0.010138269,-0.0066852374
244.43819,-0.026575541,0.010165423,-0.00015843369
244.45486,-0.026603758,0.010514699,0.0015525797
244.47159,-0.026563728,0.010615604,-0.0060365195
244.48796,-0.027202122,0.010672976,-0.0042807525
244.50436,-0.027754482,0.010664371,-0.0023939193
244.52113,-0.028535197,0.0104925465,-0.00056454
244.53783,-0.029024435,0.010346127,0.0010951597
244.55476,-0.028985048,0.010456083,-0.006485192
244.57126,-0.02968663,0.010264821,-0.0049193953
244.58784,-0.030771127,0.009967246,-0.0031569074
244.60446,-0.032278445,0.0099376235,0.003141148
244.6212,-0.032862406,0.009787212,0.0002565511
244.63771,-0.034429062,0.009875481,0.0017488997
244.6546,-0.036064506,0.009720884,0.0033899907
244.6712,-0.036815807,0.009650736,0.00033172066
244.68791,-0.038865577,0.009240024,0.00188465
244.70467,-0.039995648,0.009332112,-0.0011211872
244.7212,-0.042603616,0.009298405,0.00025018177
244.7377,-0.044826444,0.009032465,0.0017055654
244.75433,-0.04583651,0.0085609825,-0.0013273933
244.7715,-0.048476294,0.008880329,0.0000743943
244.78764,-0.050650798,0.009125428,0.0010489202
244.80449,-0.05160081,0.008707495,-0.0017497203
244.82124,-0.053516373,0.008403361,-0.0006356995
244.83788,-0.05560777,0.008307931,0.0005537408
244.85454,-0.056602616,0.008801392,-0.0024768459
244.87117,-0.058214612,0.008615157,-0.0011955479
244.88794,-0.060031157,0.008576854,0.0000747556
244.90428,-0.06116708,0.008645488,-0.0029470162
244.92114,-0.06233292,0.008881152,-0.0015923618
244.93831,-0.063471444,0.008864121,-0.00034397832
244.95456,-0.0641012,0.0089292135,-0.0035936066
244.97153,-0.06508247,0.009263294,-0.0021043625
244.98804,-0.06567254,0.009569918,-0.0009776979
245.00484,-0.066023014,0.010218864,-0.003887896
245.02141,-0.06653054,0.010608546,-0.0026679924
245.03833,-0.0664511,0.011128954,-0.0012945592
245.05428,-0.06588149,0.0117441565,-0.0044749347
245.07135,-0.065542206,0.012008498,-0.0028080847
245.08801,-0.065194964,0.012594632,-0.006036965
245.10452,-0.06397662,0.013423139,-0.0046604318
245.12152,-0.06279176,0.014162722,-0.003125975
245.13846,-0.062089384,0.014791652,-0.006259285
245.15477,-0.060392566,0.0153648965,-0.004945426
245.1713,-0.058440194,0.016037142,-0.0033071246
245.18796,-0.057364516,0.016552428,-0.006197793
245.2046,-0.05504904,0.017236581,-0.004729521
245.2216,-0.05298626,0.01773772,-0.0032226462
245.23843,-0.051871777,0.017996434,-0.0063269897
245.25496,-0.049490526,0.018375399,-0.0049299495
245.2715,-0.047112644,0.01861117,-0.0033839406
245.28795,-0.045708,0.019535596,-0.0062976135
245.30524,-0.042928055,0.019795252,-0.004728929
245.32161,-0.040197115,0.020094385,-0.0035900495
245.33817,-0.038770348,0.019421354,-0.006466825
245.35483,-0.036146227,0.019799313,-0.0050631026
245.37207,-0.033460777,0.01990499,-0.0037113512
245.38806,-0.03219769,0.020211741,-0.0069037247
245.40495,-0.029742457,0.020216066,-0.0052158968
245.42207,-0.02756978,0.020071197,-0.003961573
245.43835,-0.026570128,0.020441506,-0.0070737065
245.45474,-0.024356104,0.020560285,-0.005530044
245.47154,-0.022745015,0.020640768,-0.004008127
245.48834,-0.021879477,0.02044027,-0.006970946
245.50488,-0.020171218,0.02102034,-0.0056305854
245.52132,-0.01960661,0.021503247,-0.0040628244
245.53816,-0.01885272,0.021990646,-0.0069833337
245.55524,-0.017767098,0.02253719,-0.0055778036
245.57214,-0.017368961,0.023029644,-0.0043154648
245.58861,-0.017768005,0.023298427,-0.0072466414
245.60538,-0.01729319,0.023928544,-0.0057765087
245.62175,-0.016833622,0.023838298,-0.0043014716
245.63821,-0.017009636,0.024393823,-0.006983602
245.6547,-0.01742015,0.02508292,-0.0054221423
245.67131,-0.017742194,0.025725676,-0.008033605
245.6881,-0.0173797,0.02623457,-0.0065313634
245.70499,-0.017750945,0.026989354,-0.005027309
245.722,-0.018132076,0.027600793,-0.007879171
245.73811,-0.018495698,0.028226577,-0.0064835646
245.7549,-0.018301768,0.028355561,-0.0045248535
245.77191,-0.018159201,0.028386995,-0.00733208
245.78821,-0.018682033,0.029158935,-0.005725429
245.80536,-0.018853936,0.029822836,-0.0038389887
245.82166,-0.018610312,0.030369207,-0.0023172675
245.83795,-0.018629264,0.03079389,-0.0003943085
245.8548,-0.018520279,0.030859372,-0.007458864
245.87172,-0.018476276,0.031356376,-0.0057728263
245.88821,-0.017763069,0.031622753,-0.0041275546
245.90475,-0.016965698,0.031686276,-0.0023676213
245.92133,-0.016797498,0.03160568,-0.0005696706
245.93806,-0.016127074,0.03175607,0.0012491483
245.95491,-0.015516265,0.03153233,0.0029341828
245.97145,-0.015035946,0.03189993,0.000007868177
245.98828,-0.014655993,0.03208088,0.0017229636
246.0049,-0.013986313,0.032197073,0.0033589124
246.0214,-0.013417549,0.03225884,0.0004732276
246.03813,-0.012546893,0.03211944,0.0022569327
246.05452,-0.012073092,0.03253928,-0.00064316386
246.07178,-0.012180928,0.032779273,0.0010796771
246.08813,-0.011459608,0.03263902,0.0023880445
246.10518,-0.011078686,0.03272996,-0.0003513864
246.12163,-0.010618956,0.032744676,0.0010365694
246.13817,-0.010281921,0.032774888,0.002718106
246.15463,-0.010236948,0.033247333,-0.000024260231
246.17128,-0.010326633,0.03295209,0.0015983236
246.18796,-0.009996347,0.03340346,0.0030667465
246.20447,-0.0099968575,0.033355445,0.00021905909
246.2212,-0.009785935,0.033462826,0.0017503762
246.23851,-0.009215881,0.03352909,0.0030805771
246.25505,-0.0087523125,0.03392035,0.0000029803962
246.2713,-0.008479981,0.033787854,0.0014255712
246.28798,-0.008470545,0.03390041,0.002923205
246.30463,-0.008380487,0.033453427,0.00007784795
246.3214,-0.0076309103,0.033112567,0.0013446858
246.33849,-0.0071871444,0.03283882,0.00255854
246.35475,-0.007425528,0.03262629,-0.0005356908
246.37114,-0.007191465,0.032519344,0.00084141304
246.38832,-0.006384759,0.0322097,0.002102718
246.40463,-0.00646863,0.03157201,-0.0009960942
246.42145,-0.006243508,0.031199293,0.0002510063
246.43814,-0.0059812274,0.031245207,-0.002633784
246.45444,-0.005286425,0.03048174,-0.0014871873
246.47118,-0.0049606287,0.029743701,-0.00019825394
246.48833,-0.0045701144,0.029585287,-0.0031072388
246.50446,-0.0042691953,0.02900711,-0.0021581976
246.52136,-0.004128227,0.028656572,-0.0006734364
246.53777,-0.0039546774,0.027803315,-0.0037014042
246.55444,-0.0038534454,0.02707975,-0.0024008725
246.57146,-0.003674516,0.026631594,-0.0011480133
246.58817,-0.0038041924,0.026463207,-0.0042412668
246.6044,-0.0039412477,0.026301313,-0.0030696967
246.62111,-0.004487837,0.025701093,-0.0016950276
246.63795,-0.004354923,0.02600791,-0.004622194
246.65457,-0.004793364,0.025670916,-0.0035036935
246.67145,-0.0049407445,0.025296021,-0.0023064103
246.6879,-0.005415352,0.024479102,-0.005270874
246.70462,-0.005879843,0.024157722,-0.0040479344
246.7212,-0.0060657077,0.024124093,-0.0028878977
246.73792,-0.0062064836,0.02416808,-0.005724128
246.75458,-0.006336469,0.02396343,-0.004613742
246.77155,-0.006744534,0.02391516,-0.0034328387
246.7881,-0.0072866674,0.023414316,-0.006480958
246.8045,-0.0077004093,0.023220193,-0.0052335244
246.82104,-0.007848574,0.023344032,-0.007952851
246.83801,-0.008626722,0.023322957,-0.0066482355
246.85469,-0.0093924245,0.023531888,-0.0056701535
246.87128,-0.009956788,0.023649205,-0.008373261
246.88828,-0.010708128,0.023949713,-0.0071868715
246.90486,-0.011746978,0.024395593,-0.0061503486
246.92168,-0.012970068,0.024966238,-0.0047791544
246.93845,-0.013159626,0.025344249,-0.007743147
246.95457,-0.0144420015,0.026155531,-0.0063779075
246.97139,-0.014894804,0.026907185,-0.009019945
246.98761,-0.016234983,0.027741678,-0.0076794247
247.00443,-0.017613541,0.028329806,-0.006130014
247.02148,-0.0185922,0.02861735,-0.008918158
247.03877,-0.020297669,0.029798876,-0.007640292
247.05511,-0.021455424,0.03108022,-0.006517484
247.07124,-0.02219929,0.032205455,-0.008959635
247.08849,-0.023879837,0.03377259,-0.0073205484
247.1045,-0.025443487,0.035435237,-0.0062105614
247.1216,-0.02621702,0.03653785,-0.008459215
247.13828,-0.027357817,0.03826228,-0.0072749425
247.15547,-0.029803408,0.041342024,-0.0015925126
247.17168,-0.029659145,0.041445807,-0.008565195
247.18811,-0.03130809,0.043453272,-0.006805768
247.20488,-0.032360274,0.04562751,-0.0051470725
247.22168,-0.03359877,0.047080193,-0.003770938
247.23814,-0.03468243,0.048601974,-0.0023219464
247.25497,-0.03551035,0.049599085,-0.0007151881
247.27164,-0.03534203,0.04971954,-0.007499469
247.28822,-0.035874482,0.050564185,-0.0060587754
247.30508,-0.036703043,0.05161007,-0.00049038924
247.32129,-0.03615625,0.0521765,-0.0031767471
247.33783,-0.036075782,0.05270883,-0.0015390721
247.35478,-0.035633165,0.053274754,-0.00007422029
247.37128,-0.035150956,0.053683568,-0.0028346186
247.38832,-0.03447331,0.053385105,-0.0013414487
247.40524,-0.03357556,0.05394338,-0.000044472497
247.42151,-0.033494875,0.05356817,-0.0027690348
247.43837,-0.03269223,0.053120207,-0.0011659955
247.45483,-0.031600382,0.05331849,-0.0038596764
247.47147,-0.030899337,0.052925307,-0.0023308988
247.48827,-0.029721122,0.052345656,-0.0009088088
247.50497,-0.029465927,0.051773634,-0.0036066119
247.52136,-0.02828196,0.05086909,-0.0022288684
247.5387,-0.026453512,0.05074419,-0.00085425086
247.55516,-0.026055709,0.049977474,-0.0037102362
247.57143,-0.02466467,0.04887542,-0.002339424
247.58849,-0.023188503,0.047885988,-0.00090061536
247.60435,-0.02192346,0.047820523,-0.0037183142
247.62132,-0.020411247,0.046502315,-0.0021090491
247.63828,-0.018743265,0.045115273,-0.0009669462
247.65462,-0.017491106,0.044718377,-0.003728865
247.67128,-0.016083287,0.043346424,-0.0023223376
247.68846,-0.014473043,0.042291284,-0.0010908591
247.7049,-0.013342083,0.041531514,-0.0039169528
247.7218,-0.011839355,0.04027593,-0.0026065367
247.73825,-0.010446421,0.039031133,-0.0014790472
247.75484,-0.009823335,0.038175687,-0.0040479735
247.7712,-0.007714011,0.037193917,-0.0028234785
247.78838,-0.0061290693,0.036227167,-0.0015150267
247.80513,-0.0050769714,0.035887014,-0.0044000847
247.82144,-0.003524113,0.035085473,-0.0032121832
247.83807,-0.00250716,0.034199763,-0.005771436
247.85416,-0.0012783202,0.03315141,-0.004548263
247.87117,0.00023398722,0.032537397,-0.0030204412
247.88812,0.0004913829,0.031914286,-0.0058868197
247.90465,0.0016098977,0.031201953,-0.004790485
247.9216,0.0028132368,0.030358952,-0.0035743543
247.93803,0.00356352,0.030140428,-0.0063790567
247.95511,0.0048331646,0.029367864,-0.005096952
247.97142,0.0059030466,0.028647998,-0.0041373735
247.9881,0.0058703823,0.027966974,-0.006636451
248.00475,0.00693143,0.027146313,-0.0055249617
248.02106,0.008648885,0.027011964,-0.0043855864
248.0377,0.008729317,0.026377847,-0.006824999
248.05453,0.009526495,0.025381995,-0.005670565
248.07117,0.010330099,0.025287336,-0.004488845
248.08801,0.010995237,0.025064692,-0.0071255765
248.105,0.011924647,0.024853826,-0.00595142
248.12119,0.012721543,0.02479473,-0.00481494
248.13786,0.012856863,0.024660937,-0.007281224
248.15492,0.013484924,0.024948195,-0.0060149985
248.1718,0.014162479,0.024994899,-0.0049483017
248.18797,0.014596469,0.024942372,-0.007578849
248.2044,0.015209676,0.02491028,-0.006152848
248.22176,0.015874786,0.02555234,-0.004715339
248.23804,0.016236067,0.02553397,-0.007524808
248.25465,0.01681821,0.026045868,-0.00604709
248.27129,0.017115192,0.02619712,-0.008516345
248.28772,0.017728288,0.027208287,-0.0071725533
248.30444,0.01790949,0.027675439,-0.0057164575
248.32144,0.017592955,0.02741787,-0.008284204
248.33804,0.017668772,0.027935833,-0.0070079123
248.35475,0.017862128,0.028880771,-0.005584702
248.37106,0.0181773,0.029492069,-0.008098252
248.38768,0.0180866,0.030275395,-0.0065943077
248.4048,0.018124953,0.031189293,-0.005232565
248.42116,0.018350491,0.03194854,-0.007845604
248.43779,0.017903019,0.032795805,-0.0026008529
248.45444,0.018004332,0.03274025,-0.008784943
248.47148,0.017807443,0.033317804,-0.0074026287
248.48787,0.017622164,0.034170005,-0.006230655
248.50491,0.017559672,0.035040114,-0.004841365
248.52121,0.01718062,0.035614923,-0.0036767486
248.53767,0.01695061,0.036191467,-0.0022335402
248.55417,0.017060556,0.036139797,-0.008312401
248.5712,0.017113125,0.03707391,-0.0032148282
248.5879,0.016762204,0.037141077,-0.0021095213
248.60448,0.016237697,0.0370582,-0.0045771236
248.6213,0.015821114,0.037417404,-0.0033124287
248.63779,0.015334443,0.03765721,-0.0021797905
248.65482,0.014931683,0.037985582,-0.0009010759
248.67142,0.014701896,0.037768476,-0.003517054
248.68777,0.014294742,0.037668616,-0.0023389917
248.7048,0.014643685,0.037545733,-0.0046718824
248.72139,0.014347218,0.03754087,-0.0037104897
248.73857,0.013976605,0.037150446,-0.0024899151
248.75475,0.014090352,0.037008505,-0.0052206703
248.77124,0.013536549,0.036759824,-0.0039390638
248.78836,0.013002483,0.036109015,-0.002833126
248.80452,0.012161388,0.03563513,-0.0054921033
248.82153,0.011377541,0.03471296,-0.0042557456
248.83821,0.010825483,0.034085046,-0.0033425277
248.85492,0.011013082,0.03379853,-0.0058076475
248.87148,0.010320603,0.033160154,-0.0047665634
248.88823,0.00944093,0.03279804,-0.003710061
248.90468,0.0087497765,0.03256172,-0.0062162243
248.92148,0.008267074,0.032201037,-0.0051217065
248.9381,0.008083211,0.032012437,-0.0041313474
248.95485,0.0072402884,0.031776305,-0.0064931563
248.97153,0.0064785937,0.031887367,-0.005477505
248.98825,0.0057612974,0.03155598,-0.0043594274
249.00462,0.0055051963,0.03172587,-0.0067593013
249.02202,0.004710266,0.031636238,-0.0055565317
249.03809,0.004092123,0.031690747,-0.004627028
249.0548,0.004378476,0.031683117,-0.006820661
249.0713,0.003820304,0.031674318,-0.0056298436
249.08813,0.0036058216,0.031147575,-0.008000076
249.10486,0.002992924,0.031167993,-0.006861822
249.12143,0.0023926352,0.030840198,-0.005668073
249.13814,0.001822337,0.030777283,-0.008038097
249.15474,0.0013425597,0.030280884,-0.006856388
249.17145,0.0007564637,0.02930792,-0.005687759
249.18825,0.0004230196,0.029255228,-0.008006502
249.20505,0.000041129162,0.028167035,-0.006853404
249.2216,0.000040440696,0.027035935,-0.005759949
249.23814,-0.00070615386,0.026909307,-0.007997285
249.25497,-0.00082596554,0.026711522,-0.0067946836
249.27165,-0.0011532615,0.025972456,-0.005693555
249.28833,-0.001712375,0.025550267,-0.00798775
249.30472,-0.002203679,0.025153285,-0.0068584858
249.3211,-0.0024151162,0.02513262,-0.005605542
249.33875,-0.0025172739,0.024908243,-0.007805331
249.35497,-0.0030225331,0.024621267,-0.0069404854
249.37173,-0.003414159,0.0241312,-0.005634619
249.38837,-0.0033447018,0.024140859,-0.01138898
249.40492,-0.003324865,0.023998644,-0.006729357
249.42154,-0.0037268184,0.023450544,-0.0054598833
249.43846,-0.0036155651,0.023468303,-0.0077014845
249.45476,-0.0036722403,0.023761788,-0.006578612
249.47202,-0.004021568,0.023697725,-0.0052149002
249.48859,-0.0034160228,0.02370882,-0.007671773
249.50482,-0.0036349236,0.023275707,-0.0064053573
249.52162,-0.0035361624,0.02338148,-0.0050583226
249.53813,-0.0034812612,0.023870371,-0.007180499
249.55469,-0.0034502784,0.023943454,-0.0059524802
249.57167,-0.0027018243,0.023772053,-0.00800718
249.58838,-0.0025272053,0.024287082,-0.0068667294
249.60498,-0.0024570127,0.025163855,-0.0055792243
249.62143,-0.0017518356,0.025302155,-0.007687329
249.6387,-0.0016510048,0.025829881,-0.006264526
249.65532,-0.0008467922,0.02633574,-0.005099635
249.67146,-0.00023225191,0.026627146,-0.0072079105
249.68794,0.0006850621,0.027361734,-0.0056454786
249.70482,0.0012105223,0.027918976,-0.0042270436
249.72137,0.00078140036,0.028343465,-0.0063738017
249.73802,0.0011050642,0.028951917,-0.0049352953
249.7548,0.0017511401,0.029261366,-0.0035560308
249.7716,0.0027047473,0.02969154,-0.0021773044
249.78839,0.0038616562,0.030261278,-0.0007790278
249.805,0.0044555156,0.030813893,0.0006340117
249.82147,0.004539654,0.030801361,-0.00483008
249.83784,0.0053315046,0.031618565,-0.0032944977
249.85466,0.006064789,0.032184523,-0.0017073449
249.87123,0.00652643,0.03280148,-0.0002459238
249.88823,0.0072435625,0.033652402,0.001273896
249.90471,0.0073369024,0.033632193,-0.0042742584
249.92125,0.008126858,0.034333892,0.00077877444
249.93819,0.009278515,0.035180703,0.0023639526
249.95433,0.010262272,0.035761807,0.0038340467
249.97124,0.011201331,0.035876814,0.00210051
249.98767,0.011932353,0.036172293,0.0034991663
250.00461,0.01290365,0.036197156,0.005031717
250.02144,0.013475218,0.036274757,0.0030276303
250.03789,0.014573662,0.036464185,0.0044140154
250.05472,0.014770416,0.036289804,0.0026621395
250.07152,0.015487633,0.036435727,0.0040912475
250.0877,0.01647461,0.037210472,0.00576364
250.1046,0.017355604,0.037282746,0.003878915
250.12138,0.018354591,0.037906554,0.005416124
250.13815,0.01943542,0.038856942,0.0069339797
250.15471,0.019366955,0.03944967,0.004942694
250.17128,0.020514224,0.040301174,0.00651071
250.1878,0.022056572,0.04175171,0.008110623
250.20448,0.023083698,0.04253883,0.0062175416
250.22116,0.024443455,0.044428088,0.007781589
250.23784,0.02616862,0.046711694,0.009264793
250.25468,0.027657947,0.047997825,0.007304062
250.2712,0.030067407,0.050585896,0.008684612
250.28792,0.032388214,0.05314915,0.010205597
250.3047,0.03314349,0.054595627,0.008229272
250.32108,0.035810888,0.058019973,0.009607963
250.33766,0.0387164,0.061177664,0.011044678
250.35457,0.040030863,0.06267205,0.009023279
250.37125,0.042330943,0.06566206,0.010217793
250.38805,0.044826016,0.06812167,0.011248378
250.40459,0.04620843,0.06929483,0.00915985
250.42099,0.048025128,0.07082502,0.010243351
250.43776,0.048203554,0.0707036,0.0052021625
250.45448,0.051364243,0.07248671,0.009139256
250.4712,0.05286518,0.072704986,0.010012669
250.48787,0.053065374,0.07304128,0.007949261
250.50467,0.053984564,0.07278886,0.008802973
250.52155,0.05505437,0.072446756,0.006632575
250.53766,0.05550755,0.071964875,0.007383512
250.55469,0.05543303,0.07121789,0.008259557
250.57135,0.05552704,0.07005825,0.0087834755
250.58772,0.05598292,0.06920807,0.006667646
250.60469,0.055493053,0.06713907,0.007429994
250.62129,0.05499543,0.06525351,0.00808265
250.63805,0.054183014,0.06424209,0.0059408117
250.65474,0.053525414,0.06199751,0.0066002193
250.67148,0.05277656,0.059487596,0.007289208
250.68811,0.05255059,0.058374636,0.0050880276
250.7048,0.05151992,0.056088258,0.0057209153
250.72182,0.050422035,0.05338458,0.0062927385
250.73811,0.05033028,0.051866367,0.003977803
250.7547,0.049492076,0.049591713,0.0046376484
250.77124,0.048313078,0.046853743,0.0051867664
250.78793,0.046957772,0.045775224,0.0030544023
250.80478,0.045327466,0.042947996,0.0035700721
250.82144,0.04406417,0.040270604,0.003970568
250.83817,0.04296417,0.039119583,0.0018040064
250.8548,0.04120154,0.036456995,0.0022637052
250.87161,0.039218396,0.033876836,0.0027080195
250.88817,0.038344804,0.032469638,0.00047658745
250.9048,0.03659033,0.030176984,0.00093528576
250.92133,0.035337918,0.029018575,-0.0012197992
250.9383,0.03336596,0.026731592,-0.0007373673
250.95493,0.03145563,0.024347661,-0.00034424136
250.97168,0.030587442,0.02325696,-0.0025046715
250.98807,0.028759707,0.02101777,-0.001977365
251.00482,0.026398212,0.018584957,-0.001316072
251.02162,0.024896046,0.017588772,-0.003502995
251.03812,0.022761868,0.015969394,-0.0028356758
251.05476,0.020766776,0.014238743,-0.0021716242
251.07156,0.020174325,0.013018708,-0.0041816314
251.0885,0.017710855,0.011144486,-0.0035303868
251.10515,0.015837139,0.009969832,-0.0028703962
251.12172,0.015236495,0.009121652,-0.0048324093
251.13805,0.013216802,0.0074167596,-0.0040038098
251.15506,0.010029807,0.006268917,-0.00026768763
251.1719,0.010044809,0.006245011,-0.0050401455
251.18832,0.008351071,0.005210805,-0.0041379766
251.20529,0.006866211,0.003848093,-0.0030885318
251.2216,0.00544757,0.0031791276,-0.0023131762
251.23816,0.00422346,0.0021234464,-0.0012841873
251.255,0.0026599474,0.0010887092,-0.00029430768
251.27184,0.0026626696,0.0010825861,-0.004954895
251.2883,0.0012360419,0.00013992771,-0.0040594433
251.30498,-0.0002204658,-0.0011767399,-0.0001955148
251.32152,-0.0012488811,-0.0012659982,-0.0019983673
251.33838,-0.0025551394,-0.0017168404,-0.0009117661
251.3548,-0.0033041164,-0.0023767753,0.00009334238
251.37178,-0.0037269408,-0.0026234011,-0.001602895
251.38849,-0.0045756656,-0.0033658291,-0.00055927347
251.40514,-0.005588663,-0.0038217707,0.00040454857
251.42143,-0.005685748,-0.0043471796,-0.0012775324
251.43813,-0.0068367603,-0.005204056,-0.00022440948
251.45491,-0.0073983837,-0.005263928,-0.0018230599
251.47179,-0.008212076,-0.006434769,-0.0009135508
251.4881,-0.009674241,-0.007777595,-0.00003534567
251.50485,-0.010204223,-0.008267944,-0.0016145863
251.5214,-0.011381988,-0.00926491,-0.0006794435
251.53812,-0.013085544,-0.011089524,0.00039530537
251.55464,-0.013944876,-0.011949954,-0.001347272
251.5714,-0.014570462,-0.01292724,-0.00029319647
251.58794,-0.015973398,-0.014394932,0.00068230444
251.60483,-0.0167814,-0.0149755385,-0.0010278397
251.62148,-0.01815879,-0.016229846,-0.00011527793
251.63826,-0.018991457,-0.016917463,0.0008466522
251.65483,-0.01935808,-0.017471848,-0.00090511475
251.67145,-0.020217776,-0.01835575,0.0000900651
251.68819,-0.021037653,-0.019134142,0.001079952
251.7055,-0.02183932,-0.019671852,-0.0007449119
251.72165,-0.0221422,-0.02052563,0.000031710697
251.73824,-0.022574943,-0.021148551,0.001065592
251.75485,-0.023092251,-0.021556675,-0.0007465216
251.77136,-0.024054911,-0.022678947,0.00024117267
251.78821,-0.024726553,-0.023456225,0.0010580398
251.80487,-0.024806224,-0.023324974,-0.00064859336
251.82135,-0.025254114,-0.023909029,0.00019819474
251.83807,-0.02615359,-0.024719974,0.0009648161
251.85452,-0.026070852,-0.024618376,-0.00057199795
251.87115,-0.026176566,-0.024815205,0.00025023476
251.88812,-0.026039423,-0.024441523,-0.0013024379
251.90489,-0.025391407,-0.024518248,-0.0005544114
251.92192,-0.024480212,-0.024243986,0.00028814317
251.9378,-0.02401498,-0.024128826,-0.001394222
251.9544,-0.022956777,-0.023468744,-0.00043066472
251.97118,-0.022416152,-0.022394514,0.00048531935
251.98785,-0.021831255,-0.02231707,-0.0011708543
252.00447,-0.021004599,-0.02152796,-0.00030536696
252.02116,-0.02026037,-0.0202609,0.00063147774
252.03778,-0.019825453,-0.01963548,-0.0011685252
252.05437,-0.018380025,-0.018327605,-0.00021219789
252.07129,-0.017075283,-0.017454747,0.00062860013
252.08788,-0.016525196,-0.016382145,-0.0010420288
252.10455,-0.015150585,-0.014872186,-0.00014269754
252.12117,-0.013571715,-0.013742138,0.00059492595
252.13774,-0.012555838,-0.012999293,-0.00096800376
252.15442,-0.01093474,-0.0117200045,-0.000115337025
252.17125,-0.009532812,-0.010668644,0.00069851225
252.1881,-0.008672459,-0.00971422,-0.00094931433
252.20444,-0.0065862727,-0.008321412,-0.00010067228
252.22096,-0.0056755044,-0.0077104666,-0.001688164
252.23769,-0.0040272656,-0.0062835226,-0.00074232736
252.25446,-0.0022576498,-0.0046561593,0.000007927161
252.27158,-0.00018236143,-0.002801512,0.0007254148
252.28795,0.0010465557,-0.0018386929,-0.0008376631
252.30466,0.0027884443,0.000047574915,-0.000030816307
252.32114,0.0040108007,0.0006066315,-0.0014904665
252.33827,0.006376357,0.0021912889,-0.0007146552
252.35469,0.00892911,0.00424372,0.0000075103026
252.37117,0.009951128,0.0051262155,-0.0014924253
252.38768,0.0123082325,0.006616877,-0.0006343189
252.40436,0.014401091,0.008347202,0.0001380446
252.42139,0.01549063,0.009136857,-0.0014759313
252.43813,0.018056441,0.0103207,-0.000780188
252.45445,0.019857,0.011368803,-0.00011486082
252.47159,0.020739911,0.012205225,-0.0016296889
252.48807,0.022942215,0.013838834,-0.0010016788
252.50447,0.024768302,0.014124557,-0.00031323548
252.52162,0.025703836,0.014582755,-0.0017706071
252.53798,0.027394576,0.015309371,-0.0012578794
252.55449,0.029408868,0.016734494,-0.00057443656
252.5711,0.030346973,0.01731788,-0.0020432784
252.58818,0.031828083,0.018487053,-0.0014382798
252.60518,0.03327774,0.019630166,0.0012610148
252.62169,0.033314943,0.019567171,-0.0025255538
252.63893,0.035514142,0.020653093,-0.0017588745
252.6548,0.03640913,0.021306563,-0.0012550077
252.67145,0.036963835,0.021705948,-0.00053445733
252.68816,0.038117886,0.02244224,0.00004279968
252.70503,0.038158745,0.022372207,-0.0036225137
252.72173,0.03889606,0.022976216,-0.0030200523
252.73871,0.03899867,0.02309962,-0.002403156
252.75502,0.03884098,0.023253292,0.00027509753
252.7715,0.039094478,0.02309014,-0.0011899279
252.78825,0.03967023,0.02354596,-0.00050018856
252.80461,0.039304417,0.023316251,0.00010950366
252.82167,0.039479945,0.023373662,-0.0013264951
252.83888,0.040208753,0.023675535,-0.0007950759
252.85507,0.04050781,0.023825085,-0.0003431174
252.87202,0.04010763,0.024502702,-0.0016907832
252.88838,0.040105134,0.02460227,-0.0011447532
252.9052,0.040721823,0.024088077,-0.0025306933
252.92224,0.041344274,0.024597757,-0.001972746
252.93907,0.04126097,0.025017736,-0.0014241559
252.95547,0.041464966,0.024576373,-0.0029572025
252.97174,0.041729163,0.024703091,-0.002316043
252.9887,0.04232701,0.025117688,-0.0016508553
253.00514,0.04248311,0.024895096,-0.0031281877
253.02197,0.04244858,0.025002323,-0.002478861
253.03864,0.042774875,0.025251906,-0.0018649217
253.05493,0.0433126,0.0247642,-0.0033181678
253.07208,0.043765135,0.02498742,-0.0026215615
253.08844,0.04366034,0.025512347,-0.004132787
253.10487,0.044083208,0.024823852,-0.0034530126
253.12149,0.044239733,0.024928888,-0.0027735336
253.13835,0.04431122,0.024847466,-0.0021311634
253.15497,0.044453647,0.024098508,-0.0035537828
253.17213,0.04408266,0.023580683,-0.0029017373
253.18813,0.044176355,0.023063244,-0.0024063592
253.20471,0.04429272,0.023636108,-0.0034834892
253.22104,0.04408575,0.022898236,-0.0028569724
253.23825,0.04429117,0.022326352,-0.003989743
253.25491,0.044240855,0.021811785,-0.0034715524
253.27156,0.0444791,0.021661835,-0.0027794023
253.28813,0.044210996,0.02150821,-0.0039374777
253.30481,0.044084493,0.021196166,-0.0031971433
253.3218,0.04455052,0.02099659,-0.002338281
253.33827,0.044593118,0.020422122,-0.0036980575
253.35484,0.045041163,0.020141272,-0.002835742
253.37157,0.044695348,0.019772239,-0.0019183211
253.38837,0.0444568,0.019193001,-0.0012117018
253.40495,0.044912983,0.018610513,-0.002375121
253.4215,0.044757657,0.017840415,-0.0015830104
253.4383,0.044870023,0.017387586,-0.0027157778
253.45505,0.044181302,0.016649108,-0.0019295788
253.47168,0.043783464,0.016050369,-0.0012333341
253.48853,0.043802284,0.015255562,-0.0023336716
253.50475,0.04325313,0.014038514,-0.0016591176
253.52132,0.0427184,0.012999762,-0.0007908995
253.53806,0.041966666,0.013146248,-0.0019366599
253.55481,0.04122545,0.012192955,-0.0011952242
253.57193,0.040213514,0.011165056,-0.00044557804
253.58826,0.039957207,0.010166422,-0.0016697033
253.60481,0.0390652,0.009406488,-0.00084853347
253.62144,0.038296126,0.008551048,-0.00013089976
253.63808,0.03743401,0.008473503,-0.0012706028
253.65472,0.036671136,0.0068620476,-0.00060269726
253.67148,0.035333317,0.0059248214,0.00006777374
253.68796,0.034384117,0.005916012,-0.0010905189
253.70473,0.03307923,0.0049376646,-0.00044657633
253.72115,0.032717068,0.003974388,-0.0016247162
253.73769,0.031348407,0.0031926327,-0.00097397773
253.75441,0.029934453,0.0024061345,-0.00035620813
253.77179,0.028918954,0.0023868782,-0.0015371988
253.78845,0.02800677,0.0009776789,-0.0010693377
253.80476,0.026745949,0.000008661509,-0.00047059008
253.8211,0.025865367,0.0001197148,-0.0015540462
253.838,0.024526494,-0.00062011904,-0.0009150652
253.8549,0.023152517,-0.0013465355,-0.0003821933
253.87186,0.022788018,-0.0021610446,-0.001533831
253.88799,0.021444194,-0.002911059,-0.0010036505
253.90472,0.020170536,-0.0036345115,-0.00034512056
253.92165,0.019718748,-0.004180428,-0.001498727
253.93788,0.018711857,-0.0049004992,-0.0009980431
253.95465,0.017527603,-0.0057659983,-0.0003995901
253.97137,0.016706306,-0.0054664267,-0.0015305396
253.98788,0.015274551,-0.0067509795,0.00057441293
254.00458,0.015265404,-0.006771591,-0.002126345
254.0213,0.01415751,-0.0069746203,-0.0016350815
254.03781,0.012670224,-0.0074092713,-0.0012066623
254.055,0.011615195,-0.007845734,-0.00074793614
254.07112,0.01066637,-0.008678187,-0.0004382722
254.08783,0.009870817,-0.0089530535,0.00009638201
254.10478,0.008969987,-0.009330622,0.00052791997
254.12103,0.008957582,-0.009342761,-0.002153729
254.13782,0.007456819,-0.009444008,-0.00023818463
254.15489,0.0066832583,-0.009674287,0.000022113274
254.17137,0.006859526,-0.010088911,-0.0011919092
254.18797,0.006043467,-0.010333549,-0.00086142
254.2046,0.0054606893,-0.010271616,-0.002093651
254.22133,0.0049463506,-0.010553127,-0.0018133406
254.23834,0.0045956476,-0.010816913,-0.0016087429
254.25493,0.0045723086,-0.010915562,-0.0028021801
254.27142,0.004120994,-0.011229213,-0.0025504432
254.28812,0.0042186454,-0.011503668,-0.0023134167
254.30478,0.0042622415,-0.011844476,-0.0034255323
254.32185,0.0040804585,-0.011849823,-0.003222682
254.33795,0.003733052,-0.01218558,-0.0030540582
254.35468,0.0033385514,-0.0115629705,-0.00412916
254.37144,0.0030003837,-0.01155997,-0.003870909
254.38828,0.0023405862,-0.011370088,-0.0036866688
254.40495,0.002233137,-0.011950667,-0.004740712
254.42143,0.0017406938,-0.011503111,-0.004509311
254.43797,0.0014917896,-0.011027605,-0.004218762
254.45467,0.0010225696,-0.010332726,-0.005251714
254.47188,0.0007799926,-0.010126537,-0.004983849
254.48793,0.0007586879,-0.009430476,-0.0047751316
254.50484,0.00093637744,-0.009594782,-0.0057029477
254.52136,0.0010629374,-0.008841251,-0.0054519055
254.53827,0.0011127301,-0.008364891,-0.0050788433
254.55513,0.0012730334,-0.008254686,-0.006120098
254.5717,0.0015440581,-0.008005551,-0.0057551675
254.58813,0.001847389,-0.007457726,-0.0053581675
254.60506,0.0016593515,-0.0065147504,-0.006293199
254.6216,0.0019748614,-0.005862702,-0.0059275646
254.63855,0.0027015517,-0.0056503233,-0.0055021294
254.65492,0.0028985662,-0.005462853,-0.0064039794
254.67184,0.0033811107,-0.004847511,-0.005878755
254.68852,0.003998074,-0.004394531,-0.005408543
254.70502,0.0042753965,-0.00415288,-0.00625599
254.72176,0.0053977673,-0.003594815,-0.005702073
254.73825,0.0057619186,-0.0035580883,-0.006514943
254.75502,0.0066397027,-0.0029280921,-0.005879853
254.77185,0.007755379,-0.002198387,-0.0052741943
254.78831,0.008743979,-0.0018124944,-0.0046879286
254.80455,0.009488585,-0.0016970007,-0.0054158494
254.82225,0.010941854,-0.0010042477,-0.004759414
254.83838,0.011966526,-0.0007862221,-0.005615026
254.8552,0.013636798,-0.0004703993,-0.004930082
254.87163,0.01541473,0.00016422542,-0.0043721967
254.88835,0.01618049,0.0010632331,-0.0050434223
254.90472,0.01796064,0.0015113874,-0.004504764
254.92148,0.020110182,0.0018284614,-0.0038629628
254.93846,0.020787355,0.0016578159,-0.0046132314
254.95529,0.022851096,0.002137125,-0.0039640544
254.97206,0.024890311,0.002598169,-0.0033192483
254.98824,0.02584364,0.0026132234,-0.004063687
255.00526,0.028704155,0.0031423436,-0.0033920086
255.02147,0.031523183,0.003466256,-0.0029112254
255.03853,0.032814477,0.003527454,-0.003569278
255.0551,0.034553505,0.0035530033,-0.0031290415
255.07158,0.037075516,0.0040698615,-0.0026685812
255.08844,0.03825192,0.0044348524,-0.0033475044
255.105,0.0401877,0.0050137467,-0.002909676
255.12129,0.04142345,0.005463835,-0.0024563146
255.13802,0.04254383,0.0051058084,-0.0031067817
255.15524,0.044472672,0.0057619307,-0.002621169
255.17177,0.046333283,0.0061157118,-0.002207536
255.18837,0.046880953,0.006825222,-0.0028692167
255.2051,0.048329286,0.0069717467,-0.002394074
255.22177,0.049431037,0.006806981,-0.003088861
255.23857,0.0509294,0.0069878083,-0.0026638985
255.25519,0.052617043,0.0070515387,-0.0022566689
255.27164,0.053506732,0.0066105425,-0.0029323169
255.2885,0.054737024,0.0065963436,-0.0025395977
255.30493,0.056491204,0.0064232782,-0.0021720505
255.32176,0.05695568,0.0061626434,-0.002855343
255.33812,0.05771542,0.0059318594,-0.002516385
255.35513,0.058953106,0.0058912677,-0.0021865505
255.37164,0.059406586,0.006491384,-0.0029614742
255.38838,0.060080886,0.0064256755,-0.002659548
255.40495,0.0604321,0.0058271317,-0.002488219
255.42154,0.061212797,0.00556424,-0.0021685737
255.43777,0.0616222,0.005168547,-0.0019747242
255.45477,0.061360978,0.004784037,-0.001910871
255.47133,0.061365057,0.004733398,-0.0035611184
255.48804,0.061084364,0.004245359,-0.0033391465
255.50478,0.060697712,0.003997329,-0.0032230131
255.5214,0.059555687,0.0034875101,-0.0031539027
255.53822,0.057807222,0.0025570367,-0.003230067
255.55472,0.05780933,0.0025116706,-0.004799327
255.57138,0.054367896,0.0013777238,-0.0039973343
255.58804,0.05203974,0.00073525624,-0.003943463
255.60472,0.05021264,0.00013595441,-0.0047396827
255.62128,0.04745004,-0.00067723036,-0.004666007
255.63797,0.044704337,-0.0015613304,-0.004657169
255.65482,0.043422904,-0.0018741736,-0.00534162
255.67148,0.039779108,-0.0027911265,-0.0053204508
255.68826,0.035527255,-0.0036075003,-0.005327497
255.70476,0.03367856,-0.0038190044,-0.005992251
255.72148,0.029612698,-0.0047629955,-0.0059957867
255.73805,0.025033735,-0.005529529,-0.0059331064
255.7546,0.022728838,-0.006341498,-0.006455925
255.77145,0.018331777,-0.007477782,-0.006399307
255.78828,0.014692641,-0.008059923,-0.0061482303
255.80473,0.012526353,-0.008742404,-0.006747439
255.8212,0.007925411,-0.009888771,-0.006410945
255.83794,0.0041821296,-0.010873994,-0.0059429086
255.8546,0.002536297,-0.011116445,-0.00643668
255.87125,-0.0005581403,-0.011693091,-0.005965516
255.88808,-0.0037708099,-0.012498342,-0.005511776
255.90482,-0.005148135,-0.013193049,-0.005862678
255.92116,-0.007959271,-0.0139036765,-0.005396959
255.938,-0.009546017,-0.014552394,-0.0047685183
255.95464,-0.010624855,-0.014755327,-0.0052544973
255.97116,-0.012579754,-0.015396157,-0.004646524
255.98802,-0.014520801,-0.016130382,-0.004046702
256.00497,-0.015065618,-0.016963638,-0.0044908877
256.02197,-0.016595159,-0.016865322,-0.003966722
256.03842,-0.018201545,-0.01739178,-0.0035339165
256.05542,-0.018827165,-0.01820893,-0.0038365675
256.07138,-0.019994471,-0.018796036,-0.0033871005
256.08902,-0.020406678,-0.018159244,-0.0037001702
256.1051,-0.021303048,-0.019043984,-0.0033246505
256.12164,-0.022572236,-0.019574098,-0.0029263205
256.138,-0.02272349,-0.019419307,-0.0032090603
256.15454,-0.023067709,-0.01963363,-0.002879133
256.17163,-0.023654524,-0.020014632,-0.0025576644
256.18832,-0.023778694,-0.020936523,-0.0029557964
256.20483,-0.023752024,-0.021258125,-0.0026899602
256.22162,-0.023483474,-0.021594416,-0.0024491276
256.2383,-0.023505839,-0.021124315,-0.0029097234
256.255,-0.023327896,-0.021484286,-0.0027431676
256.27158,-0.02280134,-0.022053929,-0.0026078252
256.28793,-0.02216766,-0.022193382,-0.0030267788
256.30472,-0.021260213,-0.02243276,-0.0029315248
256.32098,-0.020506494,-0.022379825,-0.0029046428
256.33755,-0.019884558,-0.023048177,-0.0033086485
256.35434,-0.01861806,-0.022711882,-0.0032607897
256.37143,-0.017340954,-0.02258145,-0.0032543556
256.38828,-0.01672972,-0.023003656,-0.0037382324
256.40515,-0.015445756,-0.02295005,-0.0036876202
256.4219,-0.013892658,-0.022845106,-0.0036461581
256.43845,-0.013003152,-0.022503156,-0.0041037607
256.45514,-0.011493658,-0.023173627,-0.0040693693
256.47186,-0.009968911,-0.023119146,-0.0040575904
256.4884,-0.008944568,-0.022630665,-0.004450644
256.50504,-0.0069946363,-0.022319403,-0.004460856
256.5219,-0.005158861,-0.022084456,-0.0045011374
256.53842,-0.0040990133,-0.02265302,-0.004882069
256.55505,-0.0021437176,-0.022646585,-0.004949914
256.57184,0.00015466932,-0.022205453,-0.0050037787
256.58853,0.0011622015,-0.022159657,-0.0054718424
256.60483,0.0033210185,-0.022071363,-0.005574776
256.62204,0.0054903855,-0.021641817,-0.0056773815
256.63852,0.006839913,-0.021654613,-0.0061443183
256.6555,0.009361853,-0.021544803,-0.006314876
256.67197,0.010304927,-0.021990359,-0.0067725955
256.68866,0.012427437,-0.021591535,-0.0069457367
256.70514,0.014756814,-0.021045534,-0.007158605
256.7217,0.016174164,-0.021165315,-0.0075603025
256.73828,0.018354129,-0.02116515,-0.007686688
256.75467,0.020517202,-0.020905161,-0.0079451185
256.77142,0.022194274,-0.020461045,-0.008183042
256.78836,0.024528671,-0.020093666,-0.008368702
256.80496,0.027692372,-0.019549783,-0.008148636
256.82175,0.027686633,-0.019557515,-0.008716462
256.83832,0.02999661,-0.018755477,-0.008729108
256.85483,0.03221714,-0.018335287,-0.008620086
256.8718,0.033845413,-0.017613262,-0.008503004
256.88824,0.035626367,-0.01693381,-0.008397112
256.9048,0.037329428,-0.016469108,-0.008195773
256.92154,0.03732576,-0.016478367,-0.008683572
256.93857,0.038835514,-0.016357133,-0.0084801335
256.95493,0.041052643,-0.015058097,-0.00790509
256.97174,0.04190452,-0.015030566,-0.007938428
256.98837,0.043138146,-0.014439882,-0.0077511184
257.00497,0.044261277,-0.013856879,-0.007407605
257.02155,0.044805996,-0.013472119,-0.007469002
257.0386,0.04591984,-0.012699908,-0.0071664024
257.05487,0.04631234,-0.012484292,-0.0070869178
257.07175,0.047010925,-0.011315296,-0.0067638713
257.0884,0.048237637,-0.010583773,-0.006395957
257.10495,0.04899029,-0.009888575,-0.0060170307
257.1215,0.049300395,-0.00976277,-0.006081615
257.1385,0.049692407,-0.008977659,-0.0057079466
257.15488,0.049866233,-0.009166042,-0.0057514342
257.17194,0.050493613,-0.008569968,-0.005443036
257.18817,0.050577134,-0.007821574,-0.0051746494
257.20496,0.050558448,-0.0067088553,-0.0051591895
257.22147,0.05076676,-0.005954487,-0.0048906785
257.23788,0.050721854,-0.005790002,-0.0046477234
257.25467,0.05047898,-0.0052307057,-0.004593464
257.27145,0.05030662,-0.004724704,-0.0043674693
257.28836,0.050114684,-0.0037937507,-0.004169948
257.3048,0.049956217,-0.00421548,-0.0041689035
257.32138,0.04960227,-0.0035437234,-0.0039673955
257.33774,0.04874447,-0.0030117,-0.0037501159
257.35437,0.048510365,-0.002722529,-0.003745375
257.37115,0.048241455,-0.0026462818,-0.0035958325
257.388,0.04707371,-0.0026575767,-0.00341532
257.40442,0.04656571,-0.0024179763,-0.0034160065
257.42102,0.045841206,-0.0029001657,-0.0032701935
257.4379,0.045293666,-0.0019851357,-0.0032441935
257.45474,0.044007353,-0.0016836108,-0.0030579048
257.47147,0.042816326,-0.00134145,-0.0029278905
257.48804,0.041709527,-0.0020022304,-0.00280283
257.50473,0.04108006,-0.0014358365,-0.002725318
257.5214,0.039523043,-0.0012484457,-0.0026128746
257.53818,0.038091417,-0.0011760148,-0.0025120783
257.5546,0.03742458,-0.001826313,-0.0024262967
257.5714,0.035877075,-0.0017579166,-0.0023501005
257.5881,0.034835808,-0.0016017007,-0.0023498395
257.60458,0.033331078,-0.0017531873,-0.0023072134
257.6214,0.031716295,-0.0022633218,-0.0021193833
257.63794,0.030802745,-0.001850817,-0.0020558583
257.6548,0.028952958,-0.0019515353,-0.0018343865
257.67123,0.0268581,-0.0024615782,-0.0015916592
257.68796,0.025884187,-0.00230599,-0.0014683978
257.70462,0.0239063,-0.0025441633,-0.0011707195
257.72113,0.021606432,-0.0025780932,-0.0009404542
257.7378,0.020705795,-0.003324338,-0.0007031105
257.7546,0.018995928,-0.0033655888,-0.00038893038
257.77133,0.017189436,-0.0036406654,-0.00008916891
257.788,0.015982047,-0.0035575337,0.00017219901
257.8047,0.014522463,-0.0041051847,0.00050556724
257.82147,0.013215502,-0.0045430935,0.00089586794
257.83807,0.012466096,-0.005152918,0.001102232
257.85492,0.010805907,-0.005611671,0.0015413351
257.8714,0.008827933,-0.006451253,0.0018641226
257.88824,0.008288242,-0.006514056,0.0022578724
257.90488,0.006407916,-0.006768891,0.0026760064
257.92163,0.005561535,-0.0076234755,0.0030734185
257.93817,0.0037325479,-0.007961621,0.0035491255
257.95477,0.0022829052,-0.008360028,0.003988911
257.971,0.0014602729,-0.008165378,0.0044278605
257.98788,0.000055559565,-0.008824429,0.0049292916
258.00473,-0.0010172523,-0.009424889,0.0054904968
258.02155,-0.0017413311,-0.01016669,0.0060801357
258.03802,-0.0022378967,-0.010276814,0.006560199
258.055,-0.003056315,-0.011221795,0.0071695703
258.07208,-0.0032932754,-0.011985914,0.007673536
258.0884,-0.003980146,-0.012996113,0.008258953
258.10544,-0.0040728548,-0.014327665,0.008826266
258.12192,-0.004121166,-0.014551475,0.0093574785
258.13812,-0.0042018853,-0.015619677,0.009942162
258.1551,-0.0040986068,-0.016640099,0.01050075
258.1715,-0.0040987628,-0.017418776,0.011070986
258.18912,-0.003917123,-0.01880495,0.011673631
258.20523,-0.0036950938,-0.019147407,0.012276405
258.22165,-0.0034969153,-0.020629581,0.012911109
258.23816,-0.0030408436,-0.022017073,0.013558728
258.25485,-0.0024803462,-0.02303185,0.014208648
258.27206,-0.0023399214,-0.023884492,0.014864237
258.28876,-0.0013804997,-0.024969023,0.015576114
258.3052,-0.0013730736,-0.024969503,0.016171273
258.32172,-0.000497524,-0.025853723,0.016918508
258.33832,0.00080579164,-0.026278691,0.01767
258.35492,0.0013390416,-0.027244888,0.018314995
258.3718,0.0030423116,-0.027633281,0.01903136
258.3884,0.004877176,-0.027933523,0.019716933
258.4056,0.0062043373,-0.028806724,0.020364618
258.42178,0.0071871923,-0.02943694,0.021079356
258.43906,0.009516474,-0.029907433,0.021716187
258.45538,0.011586725,-0.030285597,0.022365646
258.47192,0.012607869,-0.030736703,0.023064412
258.48846,0.01505317,-0.031039411,0.023576345
258.50497,0.018200671,-0.031256218,0.02410228
258.52155,0.019516781,-0.031303026,0.024625294
258.53854,0.022412833,-0.031304434,0.024976764
258.5552,0.023776278,-0.031774886,0.02558721
258.5717,0.026731068,-0.03194593,0.025759479
258.58896,0.030430336,-0.032295574,0.02583663
258.60474,0.032254167,-0.032177944,0.02628017
258.62173,0.035183262,-0.032994255,0.026063986
258.6387,0.038669337,-0.03344586,0.025733294
258.65503,0.040359013,-0.0339717,0.025989156
258.67184,0.04364827,-0.034172505,0.025419148
258.68817,0.046771698,-0.034550756,0.024679875
258.70505,0.048436105,-0.03461068,0.02474178
258.72153,0.05194637,-0.03476714,0.023863884
258.73846,0.05560144,-0.03467154,0.022727687
258.75534,0.057351373,-0.035075918,0.02270439
258.77176,0.060069326,-0.034749657,0.02143159
258.7883,0.06337402,-0.034587245,0.020099517
258.80493,0.06516613,-0.03478727,0.020012427
258.82162,0.068023376,-0.03437615,0.018538192
258.83813,0.07114561,-0.033951804,0.01708731
258.85492,0.07238725,-0.033797823,0.01681105
258.87186,0.07469872,-0.033268075,0.015270655
258.88898,0.07689905,-0.032868955,0.013730187
258.9052,0.077814534,-0.033316806,0.013417864
258.92157,0.079576746,-0.03274483,0.011786939
258.9384,0.08024239,-0.032430287,0.011454009
258.9548,0.0817468,-0.03189632,0.009862485
258.9716,0.083060145,-0.03142514,0.008317524
258.98825,0.083716735,-0.030942658,0.008107949
259.00537,0.084293015,-0.030633226,0.00661118
259.02164,0.0846018,-0.030400481,0.0051173
259.03812,0.08532882,-0.030302044,0.0049875313
259.05463,0.0853695,-0.029855276,0.0035345072
259.07117,0.08519388,-0.029561404,0.0021213908
259.08795,0.08482318,-0.029325254,0.0021099413
259.10483,0.085040264,-0.028757703,0.00084541633
259.12173,0.084925115,-0.02767113,-0.0002099377
259.13843,0.08460019,-0.027511675,-0.00028834364
259.15494,0.08466193,-0.026691219,-0.0012819832
259.17148,0.08419846,-0.02583499,-0.0023872233
259.18826,0.08434472,-0.024818398,-0.002141694
259.20523,0.08418974,-0.02435869,-0.0030972087
259.22165,0.08341084,-0.023294276,-0.0040897364
259.23813,0.083610505,-0.023112375,-0.0037188365
259.25488,0.08302949,-0.0224523,-0.004694775
259.27167,0.081980735,-0.021123253,-0.005406094
259.28818,0.08175363,-0.020738875,-0.0050497707
259.3049,0.08158162,-0.019631958,-0.0057931454
259.32162,0.08096969,-0.018814184,-0.0063660587
259.3382,0.080301575,-0.01767786,-0.005989998
259.35483,0.07949631,-0.016805662,-0.006560547
259.37164,0.07921747,-0.016524952,-0.006114784
259.38824,0.07779226,-0.015345764,-0.0066332626
259.40488,0.07561239,-0.014640917,-0.0071680695
259.42166,0.074556135,-0.014444254,-0.00669754
259.4381,0.07223338,-0.013522693,-0.007209932
259.45483,0.069196515,-0.012558318,-0.0076449383
259.47134,0.06728441,-0.012722724,-0.0071003847
259.48788,0.0634383,-0.012084165,-0.00754445
259.50458,0.059562672,-0.01131553,-0.0078964215
259.52124,0.057156354,-0.010943831,-0.007286739
259.53806,0.052101377,-0.010534392,-0.0076497435
259.55466,0.04647547,-0.009923044,-0.0078427
259.57132,0.044356346,-0.009860076,-0.007198635
259.588,0.039534986,-0.0096050305,-0.0074198493
259.6048,0.0335733,-0.009406319,-0.0075450535
259.62152,0.027851168,-0.009460125,-0.0076883836
259.6385,0.022102078,-0.009114052,-0.007921228
259.6549,0.015560574,-0.0090258345,-0.007979262
259.67163,0.015567915,-0.009013127,-0.0063476264
259.6882,0.00862873,-0.009360168,-0.0063607777
259.70477,0.0015733391,-0.009484794,-0.006403802
259.72156,-0.0054611512,-0.009729947,-0.006444346
259.73813,-0.011803866,-0.009385104,-0.006345309
259.75467,-0.015001573,-0.009861729,-0.0053552706
259.77133,-0.0214226,-0.0102426475,-0.0052607274
259.78806,-0.02725095,-0.010414534,-0.004966728
259.80487,-0.032135673,-0.010462008,-0.0046965396
259.82193,-0.03434482,-0.011011938,-0.0036907555
259.83835,-0.039173175,-0.010901505,-0.0033624577
259.85483,-0.04165248,-0.011296009,-0.0023941987
259.8714,-0.045240104,-0.0112883905,-0.0020955391
259.8883,-0.04830383,-0.0116068525,-0.0017428382
259.90512,-0.049923148,-0.01247811,-0.0006554272
259.92166,-0.053299382,-0.01276943,-0.00022223293
259.93857,-0.05565717,-0.012917109,0.000109329536
259.9554,-0.056317955,-0.012644666,0.0012273694
259.97165,-0.05838691,-0.013158682,0.0016144505
259.98868,-0.06016103,-0.0141818505,0.0019884268
260.005,-0.06082525,-0.0139746405,0.0031992053
260.0219,-0.061346665,-0.014404578,0.0035683948
260.03857,-0.061893377,-0.014870449,0.00401606
260.05508,-0.06193016,-0.015109907,0.0052247494
260.07172,-0.0615025,-0.016075887,0.005634092
260.08856,-0.06085291,-0.016702447,0.00602298
260.10532,-0.06054469,-0.016512843,0.0072187483
260.1218,-0.05935976,-0.017219687,0.007596853
260.13864,-0.058162037,-0.01763702,0.007894128
260.15524,-0.057325147,-0.017158415,0.009067673
260.1718,-0.05529226,-0.01745406,0.009334095
260.18848,-0.053285077,-0.018321695,0.009545977
260.20517,-0.05209871,-0.018269429,0.01066895
260.22238,-0.049333114,-0.018364511,0.010758673
260.23846,-0.04671384,-0.01837,0.010848245
260.2556,-0.045069452,-0.019164544,0.01184706
260.27185,-0.04179577,-0.019183947,0.011808891
260.28796,-0.03873159,-0.01933304,0.011611609
260.30527,-0.03679717,-0.01971228,0.01250797
260.32162,-0.032836787,-0.020077052,0.012349702
260.3384,-0.031265967,-0.019791791,0.013199891
260.35522,-0.027602784,-0.020106204,0.012851857
260.37155,-0.023163147,-0.020246787,0.012427095
260.38834,-0.020912593,-0.020476408,0.013230971
260.40515,-0.016982721,-0.020382963,0.012685547
260.42178,-0.012822345,-0.020645393,0.012082802
260.4383,-0.010486356,-0.021156402,0.012841912
260.45526,-0.0059126853,-0.021260872,0.012100278
260.47186,-0.0015401391,-0.02151,0.011341159
260.48883,0.0026132644,-0.021378241,0.010471756
260.50488,0.0049570305,-0.021369051,0.011166038
260.52197,0.009081191,-0.021238394,0.010106733
260.5384,0.011137166,-0.021487266,0.010795744
260.55502,0.015656337,-0.02140205,0.0097682215
260.57187,0.019567708,-0.021161484,0.008705548
260.5883,0.022111356,-0.020876149,0.009404409
260.60468,0.026589585,-0.021053797,0.008311826
260.6218,0.03131805,-0.021489942,0.0071054315
260.6383,0.033595435,-0.020863526,0.00787072
260.65494,0.03809184,-0.020356197,0.0067153918
260.67245,0.042484257,-0.019839732,0.005599867
260.6883,0.044863082,-0.02031749,0.006397175
260.70474,0.04920982,-0.01948857,0.005189204
260.72165,0.0534806,-0.018904574,0.004078874
260.73846,0.05520093,-0.01836996,0.0047697527
260.75504,0.05935419,-0.01783311,0.003755041
260.77194,0.0629781,-0.017129596,0.0027343652
260.78836,0.0647492,-0.01702727,0.003542008
260.80505,0.06854149,-0.016783092,0.0025641953
260.82162,0.071791165,-0.016440846,0.0017068104
260.83792,0.07338001,-0.016208354,0.002534627
260.85458,0.076781616,-0.015795078,0.0017181828
260.87125,0.07839394,-0.015453789,0.002634335
260.8887,0.0811256,-0.015223705,0.0019360314
260.90475,0.08434565,-0.015069116,0.0014440089
260.9215,0.085517876,-0.01430148,0.0023620375
260.9383,0.087686084,-0.01385613,0.0018453151
260.95502,0.0896644,-0.013291252,0.0012972623
260.97165,0.090650305,-0.013290845,0.0024213903
260.98813,0.09176121,-0.012434728,0.001901177
261.00488,0.09307351,-0.011823858,0.0014011058
261.0218,0.09355854,-0.0113765625,0.0010915886
261.0385,0.093173295,-0.010910008,0.000758986
261.05478,0.093188114,-0.010783857,0.0034650208
261.0718,0.09252277,-0.010603244,0.0030494574
261.0881,0.09154537,-0.010351913,0.002887792
261.10468,0.09007627,-0.010241792,0.0027146682
261.12134,0.0890244,-0.010463612,0.002341343
261.13794,0.088095084,-0.010213289,0.00209281
261.1548,0.088109165,-0.010091459,0.0048566936
261.17157,0.08500027,-0.010284525,0.0030438753
261.18805,0.083179325,-0.010262997,0.002690325
261.2049,0.08105151,-0.0101103,0.0022214886
261.22174,0.07986445,-0.010525535,0.0034603344
261.2383,0.07632302,-0.010938862,0.003013286
261.25485,0.07464795,-0.010751874,0.004185489
261.2716,0.07209491,-0.010939572,0.0037336203
261.288,0.067894,-0.011940885,0.0032097572
261.3047,0.06581372,-0.012282311,0.0043767584
261.3212,0.0617969,-0.013048332,0.003851463
261.3382,0.058383394,-0.0134589765,0.003207096
261.3548,0.056349833,-0.01369021,0.004491369
261.3715,0.051873505,-0.014442331,0.0038867071
261.38837,0.047355875,-0.015021874,0.0033150027
261.40482,0.045171812,-0.015410538,0.0045247963
261.42136,0.041112263,-0.016007826,0.0038089408
261.43808,0.036652353,-0.01661611,0.003059487
261.4547,0.034035698,-0.016855972,0.0041107875
261.4715,0.029499851,-0.018258419,0.0033544379
261.4879,0.027141687,-0.018312257,0.004434665
261.50482,0.022673188,-0.019182311,0.003602553
261.52155,0.01740359,-0.020637978,0.0027323433
261.53833,0.014843437,-0.020997658,0.003872351
261.5545,0.010575592,-0.021670565,0.0030102143
261.57144,0.006762994,-0.022271175,0.0019894766
261.58823,0.0023347735,-0.023279699,0.0010879369
261.60513,0.0005539017,-0.024091857,0.0022783275
261.622,-0.0025187314,-0.024359418,0.0013609156
261.63922,-0.0050662532,-0.024353093,0.00049735117
261.6553,-0.006267972,-0.025162674,0.0017055892
261.67178,-0.009035806,-0.025590206,0.0007050264
261.6885,-0.011013394,-0.025687857,-0.0001757808
261.70514,-0.012095333,-0.025063476,0.000915084
261.72168,-0.013380907,-0.025746427,0.000045837867
261.73895,-0.014936409,-0.025692921,-0.000884811
261.7553,-0.015459696,-0.0253418,0.00043554557
261.77185,-0.015835058,-0.025006719,-0.0005560679
261.7888,-0.01566923,-0.025049713,0.00064781075
261.80524,-0.016052237,-0.024908885,-0.000216672
261.82187,-0.016076284,-0.024448665,-0.0011817572
261.8386,-0.01590638,-0.02368618,0.000035227324
261.85553,-0.015476867,-0.022926047,-0.0008353279
261.87198,-0.014910551,-0.02219078,-0.0016278452
261.88876,-0.01456214,-0.021972394,-0.0004305949
261.90503,-0.013356677,-0.021062464,-0.0012437518
261.92188,-0.011904893,-0.020213898,-0.0021161418
261.93887,-0.011275555,-0.020127311,-0.0008484351
261.95535,-0.009638834,-0.019725364,-0.0015809404
261.972,-0.007794855,-0.019122483,-0.0024163574
261.9892,-0.0065353033,-0.018834872,-0.0011883066
262.0054,-0.005024874,-0.018007267,-0.0018344264
262.02188,-0.0036802022,-0.017494643,-0.002793917
262.0384,-0.0026179508,-0.017154109,-0.0014549679
262.05496,-0.00084404706,-0.016500812,-0.0022928403
262.07196,0.0011045929,-0.015876453,-0.0030545478
262.08835,0.0023591917,-0.015636686,-0.0015472359
262.10516,0.004212308,-0.015152147,-0.002328631
262.12204,0.007155003,-0.01410612,-0.0029301846
262.1392,0.0081163645,-0.013317485,-0.0014909486
262.15588,0.010474728,-0.012610878,-0.002058099
262.17184,0.011632444,-0.012566727,-0.0006398599
262.18823,0.013925873,-0.011192042,-0.0014453604
262.20523,0.016471164,-0.00999661,-0.0021353792
262.2219,0.019018859,-0.008834376,-0.0027021843
262.23846,0.020616852,-0.008710861,-0.0012271057
262.25504,0.02333166,-0.007595532,-0.0018523819
262.27188,0.026111368,-0.006548548,-0.002398545
262.28848,0.027297607,-0.0057581575,-0.0009082843
262.30524,0.030408354,-0.0045408555,-0.0013697655
262.32196,0.032159198,-0.0039815144,0.00010443214
262.3383,0.035676606,-0.0024858112,-0.00033761645
262.35498,0.039356288,-0.0007054525,-0.0008798821
262.37186,0.041511223,-0.00013797246,0.00060270645
262.38855,0.045292947,0.0017459476,0.00010527129
262.4049,0.048696935,0.003105492,-0.00051366165
262.4214,0.050484497,0.0044511994,0.00097362464
262.43872,0.053763658,0.005999445,0.00028846282
262.45496,0.05705773,0.007226678,-0.0002695087
262.47168,0.06007919,0.00844766,-0.0009433849
262.48862,0.063529626,0.009670667,-0.0016412534
262.50516,0.066495456,0.011065143,-0.0022874016
262.5217,0.06647468,0.01118859,0.0014252942
262.5383,0.069568,0.012373967,0.0007550476
262.55502,0.07237598,0.01393939,0.00009026211
262.57175,0.0752867,0.015188188,-0.0007423777
262.58832,0.07806633,0.016270477,-0.0015364765
262.60538,0.07977252,0.017399691,-0.00229506
262.62173,0.08066938,0.01807108,-0.0006977535
262.6387,0.08304205,0.019140553,-0.0015617578
262.65503,0.08517648,0.019698353,-0.002298553
262.6716,0.085693434,0.019762801,-0.0008499968
262.68854,0.08744945,0.020513907,-0.0017035366
262.705,0.08877376,0.020629438,-0.0024357499
262.72186,0.08900875,0.021451352,-0.0009184712
262.73834,0.09011465,0.021720264,-0.0017042924
262.75497,0.09075806,0.02157721,-0.00019766063
262.77155,0.09126571,0.021932056,-0.0010360721
262.78827,0.091620944,0.022382686,-0.0018342372
262.8052,0.09117741,0.022427421,-0.00036563072
262.8215,0.09139957,0.022385204,-0.0011260501
262.8388,0.09145017,0.022067841,-0.0020367838
262.85513,0.09101344,0.021969493,-0.00041696746
262.87167,0.09027175,0.021268088,-0.0013033624
262.8887,0.08975341,0.02107232,-0.0022062166
262.90494,0.08967397,0.020476371,-0.0006342388
262.92163,0.08824553,0.019637084,-0.0016346213
262.93848,0.08666452,0.01895278,-0.002518404
262.95502,0.08556382,0.018587781,-0.0009293541
262.97156,0.08388346,0.017388191,-0.0018286391
262.9883,0.082035795,0.016524974,-0.00266165
263.0049,0.08096147,0.015294833,-0.0011647047
263.0215,0.07864029,0.014212012,-0.0019872673
263.0382,0.0764426,0.012623802,-0.0029529666
263.05496,0.07474732,0.012272852,-0.0013326019
263.07144,0.07232062,0.010407209,-0.0022607704
263.0883,0.070747785,0.009953044,-0.00069501845
263.10498,0.06789092,0.00835777,-0.0015027444
263.12146,0.06513599,0.0069047166,-0.0023922515
263.1379,0.064199574,0.0056893732,-0.00078769535
263.15482,0.061326258,0.004311127,-0.001697392
263.17154,0.05867071,0.0028400966,-0.0024548802
263.18796,0.05685223,0.0024802135,-0.00076667813
263.20474,0.054828193,0.0005238896,-0.0016756958
263.22192,0.051955003,-0.00076380523,-0.0024963547
263.23795,0.050226707,-0.0007825676,-0.00066317077
263.25482,0.047635615,-0.0021729867,-0.0017456916
263.27133,0.04539345,-0.0036887482,-0.002606079
263.2882,0.04372585,-0.003850076,-0.0009479114
263.3049,0.041097857,-0.0049837693,-0.0018658866
263.32153,0.038535357,-0.0059800525,-0.0028177486
263.33856,0.037754532,-0.0069652707,-0.0011615882
263.355,0.03531408,-0.0077110184,-0.0020350048
263.37195,0.032759115,-0.008617196,-0.0030905977
263.38834,0.03192291,-0.009217946,-0.0013749696
263.40503,0.029882085,-0.009856161,-0.0024263018
263.42163,0.028538208,-0.009947308,-0.00075080333
263.43823,0.026440687,-0.010336746,-0.0017429607
263.45517,0.02465762,-0.010672339,-0.0027920748
263.47208,0.024246437,-0.0111847995,-0.000985648
263.48834,0.022369433,-0.011551604,-0.0019864468
263.50528,0.021077894,-0.011789378,-0.0031086379
263.5218,0.02060894,-0.01194602,-0.0013480553
263.53888,0.019587658,-0.011952132,-0.0023942732
263.55563,0.01858052,-0.011520423,-0.0033008477
263.57187,0.01747915,-0.011083196,-0.0016435689
263.58853,0.016757378,-0.01033472,-0.0028029445
263.60483,0.016358932,-0.009828306,-0.0037771005
263.6221,0.016455572,-0.009833561,-0.0022452988
263.63858,0.015982103,-0.009040732,-0.00313475
263.65488,0.015395296,-0.008405743,-0.0043170787
263.67166,0.014877337,-0.007958779,-0.0027533767
263.68848,0.0149498135,-0.0073598283,-0.0038563702
263.7048,0.014642323,-0.006552423,-0.004953513
263.72165,0.014481619,-0.005867532,-0.0061809802
263.7384,0.014614383,-0.0051931418,-0.0072665582
263.7551,0.014626192,-0.0051595243,-0.0026718588
263.77145,0.014433759,-0.0044366163,-0.0037094643
263.78842,0.014726482,-0.0037252412,-0.0048125423
263.80518,0.014750112,-0.0031932192,-0.0057094796
263.82248,0.014934614,-0.0024351492,-0.006680731
263.8386,0.014940699,-0.0023993272,-0.0018786556
263.85513,0.0145961745,-0.0016747904,-0.0029446376
263.8718,0.014459147,-0.0011736999,-0.0038889588
263.8885,0.014059021,-0.0010252345,-0.004816151
263.90552,0.01407888,-0.0005726732,-0.00846646
263.92227,0.014268995,-0.00025542558,-0.006468693
263.93906,0.014417715,0.00026635075,-0.0072708707
263.95532,0.014720671,0.0002171817,-0.0053356676
263.9719,0.014368349,0.00010027289,-0.0062779565
263.98853,0.014063045,0.0005186438,-0.0070545617
264.00494,0.013889307,0.0010176132,-0.0050654393
264.02176,0.01392655,0.0010165271,-0.005847725
264.03864,0.014004625,0.0007878229,-0.00649524
264.05527,0.014146107,0.0007689295,-0.004479274
264.07187,0.0144436965,0.0005295669,-0.0051561417
264.0887,0.0143252425,0.0002541583,-0.0059264502
264.10565,0.014336873,0.00025888914,-0.0038452898
264.12234,0.014766692,0.0001932588,-0.0044711893
264.13858,0.01491421,-0.0002609436,-0.0024842005
264.15494,0.015254109,-0.00018819248,-0.0033031784
264.1717,0.015789108,-0.00032569747,-0.0040749907
264.18872,0.016201848,-0.00057957566,-0.004772455
264.205,0.016253201,-0.00018970325,-0.0026327348
264.22232,0.016876923,-0.0001499302,-0.0034433673
264.23837,0.017384887,-0.00033964,-0.0041068387
264.25534,0.017574383,0.00006226349,-0.0022303602
264.27182,0.018043276,-0.000029802028,-0.0029501487
264.2886,0.018584514,0.0000533784,-0.0038541376
264.3051,0.018915424,0.00010950092,-0.0018280414
264.32166,0.01999188,0.00019859972,-0.0027434917
264.33847,0.020300763,0.0006158462,-0.003709582
264.35486,0.02127865,0.0005927632,-0.001669724
264.37177,0.021889437,0.0012754627,-0.0026699721
264.3882,0.02208205,0.0018867309,-0.00063134247
264.4048,0.023453305,0.002617343,-0.0016615926
264.42184,0.024021668,0.0033613616,-0.0027466437
264.43887,0.025005117,0.0037352075,-0.0005940974
264.45496,0.025959486,0.004652214,-0.001568232
264.47177,0.026772931,0.0054787756,-0.0029122916
264.48865,0.027624356,0.0061115525,-0.0008324649
264.50525,0.02878326,0.006385196,-0.0019757967
264.52164,0.02968839,0.0074030296,-0.0031792184
264.53818,0.02997588,0.008156473,-0.0013040529
264.55527,0.030984014,0.008904594,-0.0025527065
264.57285,0.03183655,0.009819979,-0.003569951
264.58847,0.03283374,0.009951173,-0.0013615921
264.60495,0.034092687,0.01134657,-0.002868048
264.62143,0.03420832,0.012002804,-0.0009849631
264.6384,0.035364885,0.012833142,-0.0022924922
264.65536,0.036543265,0.014449095,-0.003422762
264.6718,0.03725719,0.0152726015,-0.0014007709
264.68884,0.038587544,0.016660223,-0.002744339
264.70526,0.03960778,0.017969571,-0.0039140224
264.72156,0.04049244,0.019271392,-0.0053237025
264.73813,0.04132275,0.020129746,-0.0034778074
264.7552,0.04272941,0.021331284,-0.0048786453
264.77164,0.04367856,0.022526864,-0.0060830135
264.78848,0.043761935,0.023638776,-0.0041486807
264.8049,0.04470961,0.025185771,-0.005434318
264.82175,0.045952424,0.026433863,-0.00677326
264.8381,0.045968737,0.026883235,-0.0047550146
264.85498,0.047034077,0.028438538,-0.006087355
264.8713,0.047595844,0.029364565,-0.004003213
264.88794,0.04879084,0.030659832,-0.005330127
264.90475,0.049291484,0.03218691,-0.0065170177
264.9214,0.049734857,0.032881923,-0.004455921
264.93826,0.0504847,0.034451444,-0.005610408
264.9549,0.051448997,0.036136914,-0.0067202454
264.97156,0.051580712,0.03693841,-0.004666084
264.98798,0.05223379,0.03881761,-0.005795251
265.00522,0.05338861,0.040916655,-0.010255249
265.02136,0.053275377,0.04106337,-0.004747024
265.038,0.0538458,0.04225993,-0.0060246726
265.05487,0.05455728,0.04410515,-0.0071294033
265.07162,0.055156846,0.045530386,-0.008130261
265.08844,0.055373,0.0465211,-0.0091652265
265.10498,0.055560473,0.0474704,-0.0101811215
265.12152,0.055432983,0.04761848,-0.0048357504
265.1382,0.055819295,0.04914718,-0.005839194
265.155,0.055797514,0.05083609,-0.009907844
265.17148,0.055117805,0.051385842,-0.0076332367
265.18823,0.05534522,0.052448984,-0.008554341
265.20508,0.054888412,0.053866178,-0.009361671
265.22144,0.054139204,0.054593403,-0.0069524543
265.23825,0.053486694,0.05531323,-0.007869321
265.25485,0.053816006,0.055778943,-0.0054845973
265.2717,0.053097095,0.056815375,-0.0062769777
265.28815,0.05233059,0.057520986,-0.0070097297
265.30518,0.05132525,0.05806008,-0.007823874
265.3217,0.050378446,0.058480978,-0.005345334
265.33844,0.050146148,0.05901383,-0.006167856
265.35495,0.049051125,0.05934587,-0.003713166
265.37164,0.047972895,0.0597371,-0.0045641446
265.3884,0.047478322,0.059665795,-0.005371523
265.40506,0.0461291,0.059750002,-0.002901162
265.42218,0.04486382,0.059694476,-0.0037033735
265.43826,0.04355711,0.059618536,-0.0044024927
265.45505,0.04354499,0.059350934,-0.0022143985
265.47177,0.042129904,0.0589519,-0.0030460425
265.48886,0.040782377,0.05862426,-0.003953319
265.50513,0.039560664,0.058355246,-0.0014861034
265.52185,0.038094986,0.057548683,-0.0025777207
265.53873,0.036770537,0.056744445,-0.003607815
265.55524,0.036294848,0.056183383,-0.0011986637
265.57193,0.034561638,0.05534752,-0.002394837
265.589,0.033014566,0.0538388,-0.0034542389
265.60513,0.03240007,0.052728448,-0.0011562686
265.62192,0.030854464,0.050759953,-0.0024906064
265.63867,0.02934585,0.04885573,-0.0036029944
265.6554,0.028377576,0.047617305,-0.00137762
265.67178,0.02684447,0.044511054,-0.002599857
265.68875,0.026585314,0.04321215,-0.00040593807
265.70505,0.025269534,0.04061108,-0.0015987572
265.72174,0.023842888,0.037907965,-0.0029944247
265.7383,0.022595149,0.03439033,-0.004247021
265.7551,0.022210104,0.032671772,-0.0020972583
265.77197,0.020918522,0.029731167,-0.003279629
265.78848,0.01973944,0.026871318,-0.0044064727
265.80524,0.019045569,0.025185606,-0.0022982527
265.82193,0.018012198,0.022213064,-0.0035103885
265.83838,0.017391173,0.020680014,-0.0013490214
265.85562,0.016443966,0.01841922,-0.002644343
265.87228,0.0155134285,0.015380452,-0.0037517517
265.88892,0.015297692,0.0142007405,-0.0014889548
265.90536,0.014414084,0.011492798,-0.0027569789
265.92194,0.014099045,0.009543828,-0.004140987
265.93848,0.012875467,0.008525146,-0.0018587094
265.95508,0.012098787,0.006371865,-0.0031990376
265.9718,0.011684802,0.0047431244,-0.004515499
265.9884,0.011630352,0.0040396,-0.002200154
266.005,0.01107009,0.0028905035,-0.0035201497
266.02213,0.010416031,0.0015637495,-0.004837379
266.03842,0.010278421,0.0008263603,-0.0024168366
266.05524,0.009797222,-0.00030535815,-0.0038460307
266.07196,0.009290342,-0.0011602944,-0.0051706918
266.0884,0.008591826,-0.001807834,-0.0028272432
266.10513,0.008079014,-0.0030717808,-0.0042564305
266.12198,0.0078577055,-0.0036210273,-0.005531761
266.1384,0.008113785,-0.0037825813,-0.0031046043
266.155,0.007163667,-0.0041190903,-0.004549895
266.1715,0.007120108,-0.0040149763,-0.005833491
266.18835,0.0071638143,-0.0037609031,-0.0036456317
266.205,0.006824957,-0.00378378,-0.004893532
266.2215,0.006542274,-0.003543787,-0.0024760296
266.23843,0.0065625464,-0.00300631,-0.003941735
266.25513,0.0065610516,-0.0025519084,-0.005092104
266.2718,0.0058565876,-0.002605511,-0.0027188144
266.288,0.005792469,-0.001673597,-0.0040179896
266.3045,0.00556439,-0.00035442144,-0.005414374
266.32138,0.006215541,0.00033086014,-0.0031343559
266.33832,0.006330411,0.0014095841,-0.0043242066
266.35526,0.0063981097,0.002772587,-0.0054831137
266.37183,0.0058047357,0.0034407913,-0.0030153808
266.38837,0.0063593737,0.005796211,-0.007912681
266.405,0.0064692507,0.0071976786,-0.009123084
266.4215,0.0064473883,0.0072173476,-0.0030455864
266.43835,0.00636597,0.009156269,-0.0042955154
266.4552,0.0062969103,0.011218422,-0.005477273
266.47144,0.006269966,0.013043727,-0.006581607
266.4879,0.0067940517,0.015125498,-0.007909341
266.50467,0.006748042,0.015145721,-0.0018473838
266.5216,0.0070314244,0.019014671,-0.0065705464
266.53815,0.007115067,0.021057375,-0.00762228
266.55475,0.007527316,0.023428135,-0.008784905
266.57156,0.007966435,0.024726981,-0.006279323
266.5886,0.008172739,0.027243776,-0.007276935
266.6053,0.008587895,0.029416617,-0.008177262
266.62195,0.008820975,0.030755749,-0.0055754315
266.6386,0.009277552,0.03320775,-0.0065431506
266.65506,0.0099042505,0.035607282,-0.0074866237
266.67157,0.010216158,0.036969554,-0.00491006
266.68845,0.010816985,0.039327476,-0.005853825
266.70486,0.010934807,0.04070138,-0.003089948
266.72156,0.011279495,0.043424368,-0.004017493
266.73807,0.011829153,0.04556025,-0.0048623374
266.7547,0.011850651,0.046741333,-0.0022068617
266.77155,0.01225667,0.04937087,-0.0030682315
266.78824,0.012176613,0.05164032,-0.0037894635
266.8049,0.011572228,0.05224855,-0.0010465703
266.82126,0.011464498,0.05410678,-0.0018610321
266.83813,0.011287399,0.056118745,-0.0027800957
266.85477,0.011614701,0.057316236,0.000027809514
266.87152,0.011105038,0.05939648,-0.0008021003
266.88834,0.010604618,0.060956974,-0.0016634467
266.905,0.010890413,0.062082667,0.0011027465
266.92145,0.010658272,0.06397051,0.00022048713
266.93896,0.010327243,0.06565292,-0.0007498156
266.95496,0.010290176,0.06643293,0.0022878784
266.9717,0.009688151,0.06755902,0.0011429647
266.98828,0.009067963,0.0688646,0.00022898814
267.00488,0.009384292,0.06980752,0.002934293
267.0218,0.008955142,0.070981815,0.0019435574
267.03818,0.008016854,0.07119798,0.004754436
267.05493,0.007916852,0.07180466,0.0036400044
267.07153,0.007520783,0.07268534,0.0026924282
267.0882,0.0072882813,0.07337608,0.0053597465
267.10498,0.0069281724,0.07383256,0.0043610996
267.12186,0.0066032596,0.074215576,0.0033811443
267.13834,0.006763204,0.0746745,0.0061569405
267.15533,0.0064366255,0.07485082,0.005054122
267.1717,0.0064662113,0.07519913,0.007864962
267.18817,0.0061665364,0.07515753,0.0066709425
267.20493,0.005690039,0.07499395,0.005493736
267.2215,0.0054208073,0.07493145,0.0043975296
267.2384,0.0052259243,0.07488334,0.0070220274
267.25507,0.0049934597,0.074455835,0.0059280978
267.2717,0.0050417557,0.07421557,0.0047065653
267.2884,0.004174526,0.07356505,0.007325099
267.30508,0.0039539607,0.073165156,0.006100394
267.32205,0.0034524994,0.07201495,0.0048608636
267.33865,0.0031221278,0.07132323,0.0075099533
267.35498,0.002931613,0.07004996,0.006222803
267.37244,0.003043825,0.06889992,0.004572047
267.38882,0.0028807186,0.06856219,0.007556205
267.40585,0.0030004715,0.06682415,0.0059475233
267.42245,0.0029555636,0.06531778,0.0045699426
267.439,0.0027695487,0.06481441,0.0072170612
267.45502,0.002924175,0.06320983,0.0056105135
267.47214,0.00337355,0.061523,0.0039113266
267.48917,0.0033743593,0.060258355,0.006611048
267.50534,0.0039893314,0.0586821,0.0052835094
267.52237,0.0044707,0.056527883,0.0036138461
267.53876,0.0045524715,0.055229902,0.006245344
267.55508,0.00557192,0.0526628,0.0046464484
267.57196,0.0062416308,0.050816003,0.0029760327
267.5884,0.006788907,0.049813066,0.005550806
267.6051,0.0076557645,0.047307547,0.003969474
267.6218,0.007957586,0.0457549,0.00646665
267.63864,0.008651929,0.043401536,0.004931744
267.65555,0.009675351,0.041323856,0.0034577665
267.6716,0.010190498,0.039899383,0.006079045
267.6892,0.011675724,0.03736953,0.0042762524
267.70544,0.012468794,0.03474043,0.0031565945
267.72177,0.012207304,0.033219524,0.0055735563
267.7387,0.013620758,0.030338308,-0.0001646348
267.755,0.013845897,0.028134497,-0.0015825094
267.7718,0.013753592,0.0281798,0.004975178
267.78857,0.013924345,0.02655323,0.0034826312
267.80518,0.014111088,0.02499502,0.0019867648
267.8219,0.014442109,0.023382442,0.00042999783
267.8384,0.014300233,0.022390373,-0.001070059
267.8555,0.013844636,0.021185206,-0.0025254784
267.87173,0.013771489,0.021232856,0.0043731723
267.8883,0.013786699,0.020196285,-0.0014229638
267.905,0.013525932,0.019268155,-0.0029126513
267.92178,0.012754161,0.01860709,-0.00029683657
267.9383,0.012522444,0.018330997,-0.0016815255
267.9555,0.012139867,0.017788775,-0.0031903458
267.97156,0.011369417,0.017334882,-0.00026601978
267.98822,0.0105931945,0.017170422,-0.0019015563
268.0051,0.009716593,0.017003313,-0.0032474038
268.02164,0.0093554845,0.017263036,-0.00036693635
268.03824,0.008183896,0.017622998,-0.001772434
268.05515,0.0068636704,0.018182188,-0.0030001758
268.07187,0.0066038314,0.018486211,-0.00020170303
268.0884,0.0048215375,0.019217648,-0.0013587127
268.10498,0.0037910389,0.019397823,0.0013261588
268.12167,0.0016202495,0.020548364,0.000063063024
268.1391,-0.00004556855,0.021578167,-0.001131793
268.1552,-0.0010024173,0.022329068,0.001951836
268.17166,-0.0029400503,0.023812782,0.00049681915
268.18826,-0.0046603642,0.024737844,-0.00088198716
268.2049,-0.0059484476,0.024710549,0.0019389313
268.22165,-0.007716977,0.025976622,0.000643506
268.2385,-0.009661733,0.027379826,-0.00055643247
268.25497,-0.010665094,0.028033908,0.0023445303
268.272,-0.012089361,0.029044226,0.001010096
268.28873,-0.013251817,0.02984954,-0.00019813364
268.3047,-0.014178862,0.030586587,0.0027174342
268.32138,-0.01565163,0.031392824,0.0010914791
268.33832,-0.017062185,0.032338087,-0.00010926171
268.35483,-0.017506883,0.03256557,0.0028052928
268.3717,-0.01892249,0.032970395,0.0015196481
268.38834,-0.020556059,0.03377144,0.00042965784
268.40482,-0.020927537,0.034697726,0.0032552918
268.4216,-0.022323627,0.03546552,0.0019167855
268.4381,-0.02328152,0.0354603,0.004816743
268.45483,-0.024955992,0.036204327,0.0034996613
268.47156,-0.026369564,0.03713184,0.002342552
268.48834,-0.02746949,0.038193263,0.0010592744
268.50504,-0.02828969,0.03836011,0.003977815
268.52176,-0.029598009,0.039278314,0.0027211148
268.53824,-0.030173257,0.03994245,0.0055718506
268.55487,-0.031074384,0.040632717,0.0041782227
268.57156,-0.032323018,0.041278582,0.0028859728
268.58826,-0.03269101,0.04133535,0.005695818
268.60492,-0.033415005,0.041795332,0.004399166
268.622,-0.03416499,0.042722933,0.0030571413
268.63812,-0.034850515,0.042655487,0.006026169
268.65488,-0.035664037,0.042935465,0.004412911
268.67145,-0.035918154,0.04307179,0.0030219457
268.68805,-0.035960797,0.043654595,0.005764766
268.70474,-0.036047556,0.04384068,0.004340623
268.7214,-0.036337785,0.043818973,0.0029401502
268.7382,-0.036635872,0.043622907,0.0057511074
268.7548,-0.036569268,0.04380707,0.0043539233
268.77173,-0.03653908,0.043800782,0.0029093942
268.78812,-0.036620017,0.044205844,0.0058652367
268.80457,-0.037139304,0.04402675,0.0043592625
268.82132,-0.03705365,0.04423157,0.007094526
268.83813,-0.036999233,0.04429672,0.005747461
268.85468,-0.037448436,0.04422786,0.004438063
268.8715,-0.037593212,0.04430379,0.0072467984
268.88794,-0.03768202,0.044491276,0.005863317
268.90454,-0.03768256,0.044734105,0.0043318383
268.92117,-0.037846856,0.044999372,0.0071307505
268.93817,-0.038134914,0.045210566,0.0056493874
268.95517,-0.03835791,0.04515308,0.0043169796
268.97177,-0.038728654,0.044428594,0.0072744773
268.9884,-0.038539156,0.045187388,0.005729509
269.0049,-0.03866645,0.04536169,0.0041655973
269.0217,-0.038773976,0.04500589,0.006921296
269.0383,-0.03869386,0.04532405,0.005382032
269.05496,-0.03860407,0.045014914,0.0037893134
269.0717,-0.038765002,0.044460673,0.0066306996
269.08835,-0.03837763,0.044422794,0.005049404
269.10498,-0.037850745,0.043862097,-0.00087058824
269.1216,-0.03800803,0.043726124,0.006304811
269.13837,-0.037745968,0.04337467,0.004664523
269.15536,-0.037408534,0.043507136,0.0031569211
269.17188,-0.03714295,0.04304962,0.0017343053
269.18832,-0.03706479,0.04228181,0.00004852472
269.2053,-0.036822915,0.042305764,-0.0016339206
269.22195,-0.03697818,0.042170234,0.005713456
269.23846,-0.03638014,0.041823238,0.0041723284
269.25497,-0.03541311,0.041772522,-0.0018955984
269.27145,-0.035298064,0.04146134,0.00086300366
269.28812,-0.034674164,0.041271143,-0.0007795458
269.30536,-0.033878744,0.040658336,-0.0022905853
269.32166,-0.033589102,0.040775515,0.0008463082
269.33847,-0.032867335,0.04045634,-0.00073005864
269.3552,-0.03189989,0.03985309,-0.0020717222
269.37128,-0.03180458,0.038869586,0.00090745726
269.38788,-0.03082535,0.03854558,-0.00072099414
269.40457,-0.03066311,0.038427833,0.0022542954
269.4212,-0.029818406,0.037870675,0.0008948139
269.43802,-0.028729929,0.037170842,-0.0005049593
269.45465,-0.028457025,0.03721113,0.0026115724
269.47125,-0.027799727,0.036628317,0.0012238487
269.48798,-0.027098648,0.03580627,-0.00008464534
269.50497,-0.026431926,0.03594652,0.0029369046
269.52216,-0.02524797,0.035360873,0.0017630082
269.53903,-0.024157984,0.034672692,0.0007220429
269.55527,-0.023791736,0.033611972,0.0037994124
269.57202,-0.022675727,0.033047874,0.0023275504
269.58804,-0.02164418,0.032772575,0.0010900554
269.60455,-0.021450201,0.032404907,0.003822269
269.62134,-0.020463308,0.031881634,0.0024116903
269.63806,-0.019160181,0.031264953,0.0010694236
269.65454,-0.018748123,0.03130971,0.0041538
269.67126,-0.017589398,0.030912807,0.0026915467
269.6883,-0.016685741,0.030262806,0.00142683
269.70508,-0.016457789,0.030081168,0.004630592
269.72256,-0.015711218,0.029799784,0.0032968496
269.73865,-0.015626252,0.029299602,0.006767967
269.7557,-0.015109815,0.02913902,0.0050655915
269.7716,-0.014782987,0.02933893,0.0038133864
269.78867,-0.014296971,0.028720904,0.0065021683
269.80536,-0.014047523,0.02825455,0.0052467026
269.82202,-0.013992346,0.028012037,0.0039075613
269.83884,-0.01370676,0.028379371,0.0068742437
269.8555,-0.014074856,0.028481698,0.0055507505
269.8725,-0.013937066,0.028232459,0.0041162586
269.88864,-0.013995495,0.027981643,0.0072432454
269.90533,-0.014265379,0.028315,0.005565649
269.92188,-0.014298387,0.028412316,0.0041200826
269.93857,-0.014141879,0.028675888,0.0025796616
269.95538,-0.014519282,0.02854448,0.0056048557
269.97183,-0.014942557,0.028988773,0.004192813
269.98865,-0.015506053,0.029005768,0.007116258
270.00537,-0.015960207,0.029284779,0.0056675756
270.02173,-0.016339246,0.029210372,0.0041830726
270.03854,-0.016483232,0.029007848,0.007033233
270.0553,-0.017168228,0.02920392,0.0056049465
270.07202,-0.017576545,0.029284507,0.0041555045
270.08823,-0.0175758,0.028588096,0.0071445173
270.1049,-0.01790653,0.028359804,0.005432904
270.1215,-0.018456848,0.02808757,0.0038950357
270.13812,-0.018789466,0.028358586,0.006804507
270.1548,-0.018832559,0.02783156,0.005238985
270.17163,-0.018895296,0.027648421,0.003623486
270.1885,-0.01928469,0.027323294,0.0066572856
270.20483,-0.019468687,0.027415404,0.0051473714
270.22205,-0.018959554,0.027251769,0.00338622
270.2385,-0.018730225,0.02684082,0.006506828
270.25494,-0.018721169,0.026787153,0.004787254
270.27164,-0.018764762,0.026768345,0.003032383
270.28845,-0.01831515,0.026919076,0.0058894046
270.30502,-0.017885033,0.026834339,0.004320649
270.32224,-0.018007377,0.026911858,0.0026063174
270.3382,-0.01787082,0.026581826,0.0057720533
270.35474,-0.01784346,0.026353154,0.003822066
270.37173,-0.01748118,0.026505047,0.0066082343
270.38806,-0.01734203,0.026195047,0.0051019196
270.40482,-0.017108459,0.026114378,0.003245657
270.4214,-0.016796594,0.026277717,0.006194399
270.43805,-0.015482395,0.026333472,0.004462748
270.45483,-0.014737089,0.026508953,0.0027686711
270.47177,-0.014526218,0.026324574,0.005770984
270.4882,-0.0130483005,0.02665456,-0.00040675967
270.5049,-0.012302569,0.026638316,-0.002235674
270.5217,-0.012403744,0.026591524,0.0053620804
270.53818,-0.01205494,0.026315391,0.0036800343
270.555,-0.011756888,0.026357338,0.00195676
270.57178,-0.010844598,0.026770564,0.00030965722
270.58817,-0.009891767,0.026628917,-0.0015236081
270.60507,-0.009675581,0.026310207,-0.003245683
270.62167,-0.00977653,0.026272824,0.0044338694
270.63824,-0.009626738,0.026631393,-0.0018891213
270.65506,-0.009600877,0.026536906,-0.0034936084
270.67172,-0.009453217,0.025966886,-0.0005654294
270.6881,-0.010184813,0.025611138,-0.0021488783
270.70474,-0.0106691765,0.026170306,0.00061853626
270.72162,-0.011200065,0.02587014,-0.0009588298
270.73825,-0.011684589,0.025093738,-0.0024297251
270.75494,-0.012528883,0.024583986,-0.00410333
270.7716,-0.0126223955,0.024535857,0.0035194536
270.78888,-0.014514487,0.02419167,-0.002593681
270.80484,-0.015131757,0.02369188,0.0007362067
270.82132,-0.016426578,0.023051316,-0.0010934782
270.83807,-0.017601768,0.02227407,-0.0026874677
270.85498,-0.018002592,0.021096326,0.00041742472
270.87155,-0.019526329,0.020440537,-0.0010150973
270.88858,-0.02128096,0.01990734,-0.002576966
270.90552,-0.021801881,0.018855609,0.0006733139
270.92224,-0.023403697,0.017747639,-0.0007400192
270.93863,-0.025012683,0.01675,-0.0022250158
270.95563,-0.026248472,0.016614206,0.0007434835
270.972,-0.027764268,0.015071105,-0.00057104015
270.98862,-0.029482638,0.013891533,-0.002159318
271.00543,-0.030688593,0.013802793,0.0009015665
271.02225,-0.032405555,0.012584379,-0.00051798945
271.03787,-0.034299813,0.011153598,-0.001923791
271.05472,-0.03492112,0.010126883,0.0006416771
271.07138,-0.03705101,0.008866121,-0.0008017262
271.0882,-0.03895708,0.007448481,-0.0021940793
271.1052,-0.03973373,0.0065276916,0.00096661487
271.12207,-0.0414432,0.005023672,-0.00028928346
271.13882,-0.04302062,0.003662754,-0.0015696245
271.15552,-0.04426031,0.0033662424,0.001558127
271.17212,-0.04586521,0.001976743,0.00013006921
271.18872,-0.047293406,0.0007863492,-0.0013064223
271.20483,-0.04790344,0.0003487005,0.0016633694
271.22208,-0.048978716,-0.00075385167,0.000029209308
271.2386,-0.0499741,-0.0014757514,-0.0010248914
271.25528,-0.050225932,-0.0022853448,0.0019540978
271.27216,-0.05116205,-0.0031878266,0.0007107452
271.28857,-0.05177982,-0.003794611,-0.00057369965
271.30472,-0.052208282,-0.0042124605,0.0025042698
271.322,-0.052667774,-0.004733548,0.0009387041
271.3386,-0.05277376,-0.005741946,0.00442581
271.35526,-0.05352194,-0.0066849976,0.0030796146
271.37195,-0.053739015,-0.0075082285,0.001739536
271.38876,-0.054193128,-0.007688062,0.004983746
271.40533,-0.054535624,-0.008726839,0.003790391
271.42218,-0.054758128,-0.009200919,0.002403623
271.43893,-0.055173907,-0.009164457,0.0057143895
271.45554,-0.055249166,-0.009515891,0.0044756616
271.47202,-0.055313315,-0.009935397,0.0031255323
271.4887,-0.055027645,-0.0108545255,0.00632249
271.50546,-0.054982163,-0.011231482,0.005008931
271.5219,-0.055087887,-0.0112495795,0.0036708184
271.53876,-0.05499989,-0.011246085,0.0068739876
271.55545,-0.054970607,-0.0114401365,0.0056146025
271.5717,-0.054903906,-0.011996003,0.00437051
271.58862,-0.055212334,-0.011718363,0.007371109
271.60535,-0.05513196,-0.012119836,0.0061745527
271.6219,-0.0549609,-0.012747696,0.004995636
271.6387,-0.054499123,-0.013363728,0.008061173
271.65527,-0.055092704,-0.013392945,0.00688025
271.67163,-0.054441955,-0.013689877,0.010025271
271.68863,-0.054303784,-0.014115091,0.008572532
271.70535,-0.054100573,-0.014444189,0.0074497764
271.7219,-0.05365328,-0.014584006,0.006137275
271.73856,-0.054007743,-0.014442834,0.009301135
271.75522,-0.05350739,-0.014616378,0.00794602
271.77188,-0.052735206,-0.015245262,0.011154482
271.78867,-0.052369807,-0.015451729,0.009775818
271.80533,-0.05183489,-0.015618635,0.008450439
271.82184,-0.05196532,-0.01548787,0.011694313
271.83853,-0.051540956,-0.015889104,0.010266894
271.8552,-0.050429426,-0.016267838,0.0043526613
271.87186,-0.050365996,-0.016463725,0.012122418
271.88864,-0.049588814,-0.016453529,0.010821817
271.905,-0.049016554,-0.016850827,0.009495733
271.92184,-0.04797318,-0.017064344,0.008060543
271.93823,-0.04774065,-0.016356012,0.0068616224
271.95514,-0.047677886,-0.016538935,0.0145245
271.9718,-0.0468886,-0.016612072,0.01330951
271.98846,-0.04598781,-0.016765978,0.01204468
272.00522,-0.044616118,-0.016320312,0.0062071965
272.02194,-0.044064067,-0.016136901,0.009590427
272.0385,-0.043185465,-0.016098803,0.008346799
272.05502,-0.04241326,-0.016147116,0.0071194847
272.07202,-0.04207446,-0.01575081,0.01030394
272.08853,-0.041099887,-0.015643284,0.009256882
272.10526,-0.04006976,-0.01543806,0.008007708
272.12192,-0.040191002,-0.015133593,0.011351576
272.1385,-0.039269567,-0.014826384,0.010146992
272.15503,-0.038263813,-0.015058175,0.01337141
272.17178,-0.037857637,-0.014998994,0.012118802
272.18848,-0.037639283,-0.014608485,0.01086441
272.20493,-0.037161104,-0.0147221675,0.014159974
272.22153,-0.03637608,-0.014665663,0.012730325
272.23813,-0.035841994,-0.014514482,0.011369344
272.2549,-0.03541393,-0.014498246,0.014549338
272.27145,-0.034702867,-0.014483065,0.013222305
272.28815,-0.034194395,-0.014215566,0.011758698
272.30502,-0.0339181,-0.014431174,0.014934598
272.3221,-0.033614833,-0.014368359,0.013516641
272.33878,-0.03317039,-0.014323227,0.012148255
272.35483,-0.032896884,-0.014403459,0.015293973
272.3722,-0.03236897,-0.0140248835,0.01335539
272.38867,-0.031979296,-0.0138294315,0.0120362295
272.40518,-0.031188881,-0.013972417,0.015021205
272.42163,-0.030378276,-0.013665066,0.013237897
272.43826,-0.029498184,-0.013102219,0.011427308
272.45493,-0.029571308,-0.01271413,0.0144225955
272.47153,-0.02872349,-0.012326471,0.012604342
272.48895,-0.027947433,-0.011986356,0.010784732
272.5049,-0.027754785,-0.011249914,0.0140534425
272.52206,-0.026804866,-0.010674328,0.011854021
272.53827,-0.02625384,-0.01003481,0.010186646
272.55487,-0.025398407,-0.0099595385,0.012899106
272.57147,-0.024626859,-0.009289407,0.010940599
272.58798,-0.024832005,-0.008860449,0.013814008
272.60513,-0.024227975,-0.008080385,0.011813097
272.62195,-0.02377839,-0.00736226,0.010056864
272.63834,-0.023596369,-0.007257278,0.013058954
272.65524,-0.02356345,-0.0065738442,0.010946335
272.6717,-0.022782354,-0.0061423727,0.0090474365
272.6885,-0.021938972,-0.0063125654,0.011879315
272.705,-0.021405844,-0.0059539084,0.009902755
272.72165,-0.020836255,-0.005715539,0.0078221215
272.73853,-0.021181129,-0.0055103567,0.01078197
272.75497,-0.020793697,-0.0054864064,0.008869353
272.77176,-0.020256275,-0.005500852,0.006834931
272.78845,-0.020738743,-0.0053600967,0.009804963
272.8051,-0.020398049,-0.0055090124,0.007908917
272.8218,-0.020127598,-0.0057451157,0.006006359
272.83832,-0.019308832,-0.006110618,0.008969594
272.85532,-0.019116567,-0.006633658,0.007024779
272.87216,-0.019550465,-0.006913048,0.0052807867
272.88837,-0.01895726,-0.007493396,0.008396507
272.90524,-0.018712034,-0.008264092,0.006328841
272.9219,-0.0186368,-0.009171175,0.0045586196
272.93823,-0.019307563,-0.009544297,0.007593436
272.9553,-0.019107964,-0.010521165,0.0056196433
272.9719,-0.018951844,-0.011633589,0.00402104
272.9884,-0.01863837,-0.012107781,0.007020584
273.00568,-0.018798409,-0.013432637,0.0051856777
273.0223,-0.019118171,-0.014381365,0.0037172437
273.0384,-0.018971244,-0.014866034,0.0067722388
273.05533,-0.019222656,-0.016331589,0.0047921846
273.0726,-0.019737462,-0.017328754,0.0031718102
273.08896,-0.02004598,-0.018179879,0.0065139695
273.1053,-0.020644901,-0.019741096,0.004642973
273.1219,-0.021098495,-0.020653492,0.0075857867
273.13882,-0.02148727,-0.022330595,0.0058607073
273.15555,-0.022059144,-0.023652477,0.004320791
273.17218,-0.021521527,-0.024289412,0.0074099684
273.1888,-0.022162039,-0.02613909,0.0057290536
273.2052,-0.022541659,-0.027930794,0.0040062256
273.22205,-0.021979818,-0.028781228,0.006945654
273.2388,-0.022014096,-0.03032207,0.0053346455
273.2553,-0.021959255,-0.032236237,0.003747932
273.27246,-0.021695128,-0.034207426,0.0020186724
273.2883,-0.021522243,-0.036009062,0.0006340896
273.3054,-0.02146829,-0.037938222,-0.0013455421
273.32208,-0.021315346,-0.03802435,0.0067064282
273.33865,-0.021557389,-0.04026279,0.0050449925
273.35474,-0.02164266,-0.04213314,0.0033205112
273.37195,-0.021312509,-0.043652043,0.0015016876
273.3885,-0.021495698,-0.04586058,0.00017871385
273.40536,-0.021404076,-0.047817875,-0.0014620495
273.42206,-0.02082767,-0.04869071,0.0018327252
273.43857,-0.020417044,-0.050349772,0.00030142735
273.4554,-0.020276958,-0.0519659,-0.0013063204
273.47195,-0.020500066,-0.05292037,0.0019453749
273.4887,-0.020231115,-0.054566484,0.00038660612
273.50513,-0.019975428,-0.056115378,-0.0010597078
273.52185,-0.019295778,-0.056807104,0.0020413825
273.53857,-0.019018937,-0.0582443,0.0006255139
273.55518,-0.019044254,-0.05920638,0.003867738
273.57162,-0.018660994,-0.060517825,0.0023852421
273.58847,-0.018401721,-0.061599493,0.00080034713
273.60495,-0.01802811,-0.062265947,0.0041601625
273.62198,-0.01810942,-0.06323796,0.0026586896
273.6387,-0.017823152,-0.06404334,0.0013850392
273.65552,-0.0171639,-0.06493329,0.000011893335
273.6716,-0.016616492,-0.06550713,0.0033285962
273.68915,-0.016132433,-0.0663768,0.001622511
273.70538,-0.015761515,-0.066667356,0.005379094
273.72162,-0.015507815,-0.06708515,0.0037424928
273.73837,-0.015017281,-0.06822224,0.0021958917
273.755,-0.014924051,-0.0686032,0.005442248
273.7719,-0.014164297,-0.069587745,0.003978041
273.78854,-0.013225833,-0.070481434,0.002766171
273.80545,-0.012692042,-0.07078859,0.005932548
273.8217,-0.012172367,-0.07209948,0.004627065
273.83838,-0.011662665,-0.072802,0.003052563
273.8552,-0.010756852,-0.07291871,0.006197386
273.87195,-0.010203037,-0.07339353,0.004900174
273.88916,-0.009623866,-0.073673226,0.0034553085
273.90512,-0.008903187,-0.073781535,0.006911007
273.92188,-0.00821493,-0.07365892,0.0051124534
273.9393,-0.0073796483,-0.07345729,0.0036533345
273.95532,-0.0069762664,-0.073353566,0.0072162864
273.97244,-0.0067780367,-0.07313926,0.0053667556
273.9885,-0.006463462,-0.07268282,0.0040848427
274.0051,-0.0058168476,-0.07242416,0.0069945375
274.0217,-0.0055793067,-0.07175539,0.005460855
274.0385,-0.0051500928,-0.07148723,0.008598741
274.05515,-0.0050011175,-0.07055996,0.0071448307
274.07184,-0.0046668057,-0.06935089,0.00570816
274.0883,-0.0038804503,-0.06828086,0.00888617
274.10526,-0.0035912467,-0.066983365,0.007358797
274.1218,-0.003290131,-0.06580804,0.0060337842
274.13834,-0.0033770856,-0.06529881,0.0091235675
274.1549,-0.0029250423,-0.06356924,0.0076489593
274.17218,-0.0027838629,-0.06156951,0.0060851355
274.18848,-0.0025342565,-0.06158065,0.0141904475
274.20517,-0.0021862919,-0.058697563,0.007856265
274.2218,-0.0021929694,-0.056615412,0.0064135157
274.2384,-0.0022174767,-0.055625703,0.009522868
274.2551,-0.0022552577,-0.053657595,0.0080154855
274.2716,-0.0021807025,-0.051689062,0.006544865
274.2884,-0.0024114768,-0.050637133,0.009572862
274.30475,-0.0027587628,-0.048412167,0.008084411
274.3219,-0.0027718754,-0.046053343,0.006361266
274.33838,-0.002205409,-0.044664267,0.009698278
274.35507,-0.0025483365,-0.04244352,0.008009355
274.37167,-0.0029929995,-0.040062964,0.006443403
274.38855,-0.0032913513,-0.03898413,0.009496424
274.40494,-0.0036350528,-0.03709002,0.007934961
274.42194,-0.004246546,-0.034850065,0.0061566536
274.43842,-0.0044131964,-0.033717558,0.009379467
274.45493,-0.0053510135,-0.03128217,0.0076140575
274.47165,-0.0057692826,-0.029988881,0.010603237
274.48843,-0.006224404,-0.027650394,0.008952699
274.50494,-0.007076391,-0.025118629,0.0072396183
274.5217,-0.00795992,-0.024155153,0.010224003
274.5383,-0.008683546,-0.02149327,0.00847161
274.5552,-0.009830487,-0.019079063,0.006705159
274.5718,-0.010504006,-0.017935187,0.009833561
274.5886,-0.012156714,-0.015703809,0.008051703
274.60544,-0.012781123,-0.013956873,0.006406807
274.62216,-0.0128988745,-0.012799929,0.009487826
274.6387,-0.0147220865,-0.010121877,0.003079144
274.65552,-0.015412,-0.008701309,0.0012950022
274.67178,-0.015377766,-0.0087617375,0.009143058
274.68875,-0.015995912,-0.0074013956,0.007230176
274.7051,-0.016893521,-0.0057647983,0.0056646205
274.72168,-0.018099071,-0.0044813617,0.0038012099
274.73828,-0.018333519,-0.0032293652,0.0020712698
274.75488,-0.018185928,-0.0022076904,0.00038195046
274.77188,-0.018177213,-0.0022780388,0.008120662
274.78842,-0.0191624,-0.0013931203,0.0018801845
274.8057,-0.019102525,-0.00095733936,0.00018239328
274.82196,-0.018712208,-0.0003300913,0.0034690076
274.83844,-0.018588357,-7.0175906e-7,0.0016932072
274.85593,-0.018228581,0.00029072326,0.000022113763
274.87195,-0.018567994,-7.2178494e-8,0.0034412025
274.88837,-0.017960258,0.00008227946,0.0015948757
274.90524,-0.017725427,-0.00001208743,0.004439271
274.92194,-0.016939066,-0.000089842964,0.0030269106
274.93826,-0.016575366,-0.0005488061,0.0014511397
274.95572,-0.01575841,-0.0009038437,0.0043908474
274.9722,-0.014731535,-0.0016243694,0.0032787414
274.9891,-0.014196776,-0.0021936437,0.0015721596
275.00522,-0.013660397,-0.0028623813,0.0048529743
275.02225,-0.0127813155,-0.003757519,0.003027452
275.03867,-0.011592848,-0.004974433,0.0016389923
275.056,-0.010934133,-0.0053800517,0.0046521616
275.07202,-0.010190992,-0.006024768,0.0034119
275.08878,-0.009006546,-0.007231726,0.0015520208
275.10535,-0.008025886,-0.007252267,0.004728682
275.12222,-0.00664214,-0.008265957,0.0031170652
275.13928,-0.005445495,-0.009016851,0.0016867005
275.15527,-0.0050926404,-0.009964737,0.0050168927
275.17178,-0.0035687154,-0.010904949,0.0031731082
275.18887,-0.0017543702,-0.011376196,0.0016215825
275.20517,-0.0014439761,-0.012216257,0.004905133
275.22165,0.000055336677,-0.013104672,0.0032711797
275.2389,0.0014885995,-0.014113214,0.0017376328
275.25507,0.0026622356,-0.013944299,0.0050994246
275.2718,0.0037908107,-0.014839788,0.0034229404
275.28848,0.004262099,-0.015611649,0.006603612
275.305,0.0057774116,-0.016341563,0.0051982473
275.32193,0.0071822894,-0.017129654,0.0036711642
275.33865,0.008790086,-0.018016467,0.0023652718
275.3556,0.009100004,-0.01901656,0.005474573
275.37247,0.010541086,-0.019731022,0.004175407
275.38904,0.011977859,-0.02060987,0.0028887144
275.40555,0.0120562995,-0.020564036,0.010510594
275.42178,0.01412753,-0.021417715,0.004453049
275.43884,0.015133072,-0.02257737,0.0028550113
275.45544,0.015646856,-0.02327734,0.006140719
275.47223,0.016854126,-0.02402349,0.0047168625
275.48853,0.017537408,-0.024542771,0.00786901
275.50534,0.018832598,-0.025683573,0.0062929033
275.52188,0.020024939,-0.026539166,0.004951965
275.53854,0.020850278,-0.026749838,0.008029662
275.55524,0.021816686,-0.027578715,0.0066095334
275.5714,0.022601288,-0.028635114,0.0051987804
275.58865,0.023550732,-0.028775983,0.008107945
275.60538,0.024526691,-0.029345384,0.0069793966
275.6219,0.025457462,-0.030514594,0.0055690054
275.63852,0.02609858,-0.030450197,0.00861424
275.6556,0.026814578,-0.031348716,0.007165415
275.67175,0.027608402,-0.032149162,0.0059214556
275.6887,0.027925335,-0.032076687,0.008765505
275.70508,0.028227996,-0.032125715,0.0074547143
275.7216,0.028268792,-0.032415707,0.0058000856
275.73846,0.028194124,-0.0322203,0.008719371
275.75537,0.027888695,-0.032257568,0.007301543
275.7719,0.027290286,-0.0320098,0.005857678
275.7884,0.026746795,-0.032208905,0.008866947
275.80527,0.026011718,-0.031670317,0.0072380146
275.82196,0.025128232,-0.03160408,0.005781786
275.83868,0.024575181,-0.031214515,0.008836552
275.8553,0.022933576,-0.030948762,0.0073262793
275.87192,0.022381216,-0.030655568,0.010290977
275.88843,0.02107079,-0.030347725,0.008796534
275.90512,0.019025652,-0.029740615,0.0071689016
275.92184,0.018373232,-0.02928362,0.010201591
275.9384,0.016759453,-0.028896622,0.008690009
275.95502,0.013831794,-0.028174367,0.002560667
275.9718,0.013938265,-0.028122064,0.010119045
275.98834,0.012237397,-0.027734544,0.00859031
276.00504,0.01033837,-0.026936904,0.0069800992
276.02185,0.00875899,-0.026116962,0.0054813293
276.03824,0.007313273,-0.02568647,0.0041488158
276.05505,0.0060998453,-0.025353821,0.0026136106
276.07184,0.0061962456,-0.025330491,0.010219912
276.08853,0.0047125276,-0.024958123,0.008817062
276.10513,0.004041445,-0.025223786,0.0073909494
276.12167,0.003299366,-0.025009139,0.0059185796
276.13837,0.0027215537,-0.024863046,0.004406901
276.15472,0.0024502405,-0.024337385,0.007414327
276.17157,0.0018853715,-0.024288975,0.00575276
276.1884,0.001394231,-0.024135469,0.004273086
276.20486,0.0011665106,-0.024357194,0.0073437304
276.2218,0.0005747568,-0.023976311,0.0057032937
276.2384,-0.0003195919,-0.02362772,0.004299304
276.25513,-0.00074538216,-0.023636436,0.0072741034
276.27176,-0.0009894924,-0.023825485,0.005800544
276.28824,-0.000703876,-0.02358464,0.004309062
276.30472,-0.0007128016,-0.023227658,0.0071993577
276.3215,-0.00092433376,-0.023528079,0.0056341994
276.33817,-0.00075572246,-0.023891225,0.0041680997
276.3551,-0.0003279365,-0.023379326,0.007146347
276.37183,0.00055865716,-0.02360308,0.0057351408
276.3885,0.001061391,-0.02386565,0.0042960136
276.40515,0.0015471679,-0.023473281,0.007180646
276.42172,0.0034508437,-0.023782706,0.0057072607
276.4384,0.0047236937,-0.023789618,0.0041283206
276.45535,0.0051813484,-0.023826392,0.0070724497
276.47186,0.0064128996,-0.023940975,0.005586756
276.4887,0.008228558,-0.023543177,0.003973259
276.50513,0.009081345,-0.023504898,0.0069684405
276.5219,0.010542009,-0.023216872,0.0052018785
276.53906,0.011534855,-0.023128882,0.003646226
276.55536,0.0123205045,-0.022866393,0.0067510405
276.57196,0.014494374,-0.022506677,0.0050135343
276.58914,0.015653225,-0.022228329,0.0033262915
276.60547,0.016282978,-0.022542957,0.0064413687
276.6217,0.017792089,-0.022187702,0.0046598916
276.63895,0.019770054,-0.022169083,0.0028010244
276.65543,0.020535296,-0.021600628,0.005986083
276.6718,0.022043467,-0.02141067,0.0042261467
276.68863,0.023642858,-0.020704376,0.0026152725
276.7056,0.024661815,-0.020907547,0.005436267
276.72205,0.02692477,-0.020124806,0.0040537994
276.7387,0.02875235,-0.019607617,0.0023878955
276.75568,0.029538289,-0.01899585,0.005199618
276.77258,0.03221051,-0.018796023,0.0037661237
276.7888,0.034682,-0.018321743,0.0022826567
276.80557,0.036118023,-0.017554397,0.005016205
276.822,0.038449734,-0.016811352,0.0034356802
276.83853,0.039863374,-0.016990542,0.0062074778
276.85535,0.04201019,-0.016175179,0.0045660236
276.872,0.044158854,-0.015437817,0.0029057453
276.88907,0.04535464,-0.01434477,0.0059924624
276.9061,0.047407568,-0.013663344,0.0044778474
276.92233,0.050254893,-0.012784065,0.0030769045
276.93872,0.051162288,-0.012125056,0.0057479725
276.9554,0.054195665,-0.01112186,0.00400016
276.97226,0.056923643,-0.009975802,0.0024868138
276.989,0.05789615,-0.009899764,0.005280424
277.00555,0.060235243,-0.008748107,0.003697201
277.02213,0.06235618,-0.0075641996,0.001972878
277.0393,0.063273825,-0.0075194095,0.00466374
277.05548,0.0646854,-0.006435679,0.0032295994
277.07214,0.06613684,-0.0054105804,0.001248706
277.08868,0.066935934,-0.004595412,0.0040391465
277.10538,0.067941524,-0.0034099915,0.0023059465
277.122,0.06834952,-0.0023061822,0.0050474657
277.13867,0.068821914,-0.0014326584,0.00333888
277.1552,0.06945404,-0.00044472114,0.0015081804
277.1724,0.06974867,0.00059862476,-0.00036855185
277.18906,0.069696456,0.00055493764,0.002608168
277.2056,0.06935971,0.0015841926,0.0008220537
277.22214,0.06922538,0.0025947534,-0.0010253461
277.23868,0.068860136,0.0038033316,0.001616437
277.25534,0.068213515,0.0046717715,-0.00022606473
277.272,0.06738547,0.0052793897,-0.0020054828
277.28864,0.06648829,0.005929157,-0.003824933
277.30557,0.06547821,0.006538757,-0.005647132
277.32263,0.06545367,0.0067789783,0.0016892009
277.33884,0.063999064,0.0070339404,0.000054965018
277.35538,0.062022407,0.0074937074,-0.0019777615
277.37186,0.060051616,0.007866583,-0.0038747715
277.38867,0.057544902,0.008052886,-0.005688952
277.4055,0.05506264,0.00852615,-0.007316561
277.4221,0.053709254,0.009087838,-0.0045539914
277.43848,0.051451538,0.009219137,-0.006221905
277.4553,0.04914546,0.009190834,-0.0079967715
277.47256,0.047663655,0.0096106855,-0.005136204
277.48862,0.04528319,0.009924343,-0.006494224
277.50552,0.042990793,0.010079137,-0.008212757
277.5218,0.041976936,0.009547374,-0.005339233
277.53857,0.039831,0.009816031,-0.0069191307
277.55542,0.03752949,0.009958386,-0.008292365
277.572,0.036411434,0.010388934,-0.0053656846
277.5885,0.034460016,0.009753435,-0.0068695587
277.60535,0.032259777,0.009861153,-0.008417384
277.622,0.031265717,0.010237851,-0.0053944374
277.63885,0.029219678,0.010202236,-0.00681313
277.6553,0.027315326,0.010385416,-0.008114746
277.6719,0.026549008,0.010015969,-0.005289908
277.6882,0.024887098,0.0098044835,-0.0067310375
277.70505,0.023951886,0.009820632,-0.0040053707
277.72183,0.02277744,0.00944449,-0.0052284584
277.7386,0.021111071,0.009223625,-0.006525389
277.7552,0.019903293,0.009783762,-0.0036226416
277.7721,0.018290123,0.00982615,-0.0050245253
277.7884,0.017036797,0.009671027,-0.0063665523
277.805,0.016582323,0.00930391,-0.00361565
277.82172,0.014866014,0.0092471205,-0.0050318893
277.83856,0.013613426,0.009539539,-0.0064414265
277.85516,0.01329873,0.00906669,-0.0035484047
277.87177,0.011808654,0.0090248175,-0.004998054
277.8887,0.010462906,0.008870394,-0.0064104516
277.9051,0.010031693,0.008332275,-0.003521385
277.9217,0.009349146,0.007908704,-0.0050438917
277.93835,0.00825554,0.0075402656,-0.0065149516
277.9551,0.007032622,0.008003648,-0.0037550465
277.97174,0.006085515,0.0073200343,-0.0051613846
277.98843,0.005666438,0.006476071,-0.006601542
278.00494,0.004742833,0.0067388257,-0.0037673546
278.02188,0.003571481,0.006482164,-0.005268575
278.03836,0.0035394083,0.00570093,-0.002366517
278.05487,0.0026764127,0.005468246,-0.0038639035
278.07172,0.0018739898,0.005480872,-0.0053217174
278.08847,0.0017096702,0.0048007336,-0.0024935019
278.10562,0.00096033566,0.004603268,-0.0038993123
278.12183,0.00062344974,0.004522452,-0.005084257
278.13916,0.0006425324,0.0038583926,-0.0025810634
278.15518,-0.0002512806,0.0036443064,-0.0036536185
278.17236,-0.00056125596,0.0032466843,-0.00523778
278.1887,-0.0006663203,0.0028051478,-0.0023631542
278.20517,-0.000649053,0.0025478995,-0.0037861867
278.22162,-0.00092193374,0.0020945277,-0.00516011
278.23883,-0.0007692834,0.00155626,-0.0025480497
278.25497,-0.0008646589,0.0014372501,-0.0036415297
278.27197,-0.0006962184,0.0011048705,-0.005210404
278.2887,-0.0007566601,0.0015551538,-0.00227733
278.30536,-0.00027584133,0.0011938822,-0.0035687098
278.3222,-0.000048958856,0.0009605132,-0.0048639798
278.33954,0.0005223739,0.0006718072,-0.001875937
278.35596,0.0011693143,0.00063010945,-0.0028861826
278.37177,0.0017420118,0.0008629016,-0.00421481
278.38846,0.0017575315,0.0013212472,-0.0017420453
278.4055,0.0029192388,0.0013737718,-0.0030019695
278.422,0.0038792074,0.0018217324,-0.004031239
278.4386,0.004316001,0.0022442667,-0.0013167743
278.45535,0.005615359,0.0028237666,-0.0025450771
278.47235,0.0068238345,0.0029848232,-0.0036990044
278.48883,0.007820141,0.00291846,-0.0007792839
278.5057,0.009090507,0.0034067808,-0.0020269556
278.52206,0.0106461905,0.0037341171,-0.003144466
278.53867,0.011485742,0.0040586586,-0.00048237492
278.55527,0.01356309,0.0042265183,-0.001694113
278.57214,0.015388233,0.0049337177,-0.0029243364
278.58856,0.016439075,0.005284871,-0.000024080695
278.60532,0.017940188,0.005976658,-0.0013083885
278.62195,0.019046614,0.006017993,0.0015000777
278.6383,0.020084647,0.0071205655,0.00030917383
278.65567,0.021237776,0.008213383,-0.00093766244
278.67218,0.021601899,0.008799597,0.0020851186
278.68854,0.02294586,0.009513023,0.0009414184
278.70502,0.024401931,0.010206713,-0.00036192677
278.72202,0.025599705,0.011151721,-0.0016143309
278.73886,0.027258033,0.011792314,-0.0025860833
278.75552,0.028579028,0.012661943,-0.0036337173
278.77194,0.028536445,0.012757445,0.0030562943
278.78876,0.029867955,0.01394701,0.001816176
278.80563,0.031026782,0.015000741,0.00075415993
278.82272,0.03201991,0.015966345,-0.0002728233
278.8388,0.033116307,0.017382214,-0.0012316884
278.856,0.034095377,0.0183964,-0.0025780064
278.87195,0.03416314,0.019081239,0.00038226842
278.88858,0.035114687,0.020026576,-0.0009933758
278.90536,0.036196932,0.021059778,-0.0020903032
278.9222,0.036606293,0.021672193,0.0007496467
278.93884,0.03751319,0.022604024,-0.00028433572
278.9551,0.038188517,0.023623478,-0.0014041093
278.97183,0.039145842,0.023987684,0.001201616
278.9887,0.040078614,0.025311453,0.00014449451
279.00528,0.04052635,0.02588767,0.0029839154
279.02203,0.040793054,0.02669769,0.0018786335
279.0388,0.041568417,0.027807262,0.0008088567
279.0556,0.042278234,0.02875404,-0.00025132124
279.0723,0.042874336,0.029286716,0.0024999126
279.08884,0.04324349,0.030213999,0.0013611167
279.10544,0.043337364,0.03034911,0.0039197174
279.12207,0.043203626,0.03128043,0.0027224566
279.13864,0.04382176,0.032181397,0.0015598914
279.1554,0.043886717,0.032134872,0.0040820343
279.17184,0.0437733,0.03220606,0.002953501
279.18857,0.043778777,0.032825872,0.0016458326
279.2056,0.043229926,0.03331521,0.004260317
279.22192,0.043229014,0.033415075,0.003153891
279.23846,0.043404933,0.03375402,0.001812442
279.25537,0.04313213,0.034292586,0.004360326
279.27173,0.043321285,0.035061337,0.0031790799
279.28836,0.04339235,0.035435017,0.0017908103
279.30536,0.04314854,0.035938103,0.0043213204
279.32205,0.04316605,0.036843356,0.0031339973
279.33856,0.04350382,0.037795562,0.0018084727
279.355,0.043341868,0.038298275,0.00433476
279.372,0.04357167,0.039210517,0.0027600282
279.3888,0.04334502,0.040331766,0.0015834796
279.40512,0.04314913,0.04046628,0.004012294
279.422,0.043087192,0.04130095,0.0024208701
279.4386,0.04293539,0.042156737,0.0011415732
279.45523,0.042722154,0.04256805,0.0033934999
279.47205,0.042418517,0.04374802,0.0019813192
279.4886,0.04222335,0.044032585,0.004304208
279.5053,0.0418398,0.04459964,0.0027300133
279.52222,0.041546356,0.04515351,0.0012250965
279.53873,0.041181482,0.045268025,-0.00041664267
279.55536,0.04017651,0.045813035,0.0019669523
279.5718,0.039383296,0.045604903,0.00022265692
279.5887,0.03935635,0.04582208,0.0024789977
279.60553,0.03842693,0.045402247,0.000866658
279.62173,0.037614718,0.044748917,-0.0008106174
279.63858,0.036434878,0.044780392,0.0013854636
279.65536,0.035612877,0.04426533,-0.00032023955
279.6719,0.035069644,0.043895025,-0.0020235514
279.68857,0.03407407,0.043579128,0.00020673466
279.70538,0.03278747,0.042434584,-0.001564177
279.72192,0.031527884,0.04131249,-0.003235846
279.73862,0.031079024,0.040881522,-0.0010247491
279.75522,0.029553222,0.039653383,-0.0027363058
279.77188,0.02846794,0.03819682,-0.004460388
279.78854,0.028000247,0.037266344,-0.0023481273
279.80505,0.026896777,0.03615745,-0.0040885108
279.82172,0.02552465,0.034511812,-0.005843578
279.8385,0.025034754,0.03337492,-0.0037629646
279.85513,0.023769984,0.031577695,-0.005381276
279.87192,0.022411233,0.029318852,-0.0072984714
279.88864,0.021365657,0.02853716,-0.0049537253
279.90506,0.020032123,0.025628382,-0.006746814
279.92188,0.019502752,0.024451906,-0.0046121073
279.93842,0.01811685,0.021259429,-0.0062920502
279.9549,0.016944163,0.01827238,-0.008082146
279.97177,0.016348854,0.016650837,-0.005935695
279.98843,0.015256851,0.012919902,-0.007520024
280.00537,0.01429204,0.009583145,-0.00916987
280.02197,0.013677951,0.008111923,-0.00675377
280.03824,0.012497322,0.0048750145,-0.008277511
280.0549,0.011220925,0.0014093849,-0.009887314
280.0716,0.0097102765,-0.0015715078,-0.011298263
280.08865,0.009079397,-0.0040917317,-0.012689721
280.10516,0.008261418,-0.0054239645,-0.010051575
280.1217,0.0072540888,-0.007971234,-0.0114093665
280.13828,0.006383803,-0.010139935,-0.012578541
280.15527,0.0064143906,-0.010120693,-0.006547154
280.1716,0.0060434113,-0.011881618,-0.007421374
280.18845,0.0052614585,-0.01439812,-0.011918144
280.2053,0.005460018,-0.015033235,-0.009275176
280.22186,0.0054208934,-0.015734082,-0.009972676
280.2386,0.004652878,-0.016004052,-0.0073612165
280.25488,0.004616575,-0.016308151,-0.007899883
280.27145,0.0045688567,-0.016347546,-0.008536228
280.288,0.0051785554,-0.01576899,-0.0057205446
280.30472,0.005008963,-0.014627128,-0.0061537833
280.3215,0.0050253747,-0.012585041,-0.006421029
280.33844,0.0050568865,-0.010115692,-0.0064995
280.3555,0.005222852,-0.008733182,-0.0036238204
280.37244,0.005123753,-0.0053627347,-0.0035967564
280.38867,0.0051198862,-0.00201507,-0.0037347518
280.4053,0.005624021,-0.00044012515,-0.0010164558
280.4219,0.005690721,0.002820453,-0.0012245817
280.43887,0.0058409707,0.0062817223,-0.0015390266
280.4556,0.00615265,0.008086622,0.0014557001
280.47214,0.00628875,0.010741417,0.0012238052
280.48874,0.0063596726,0.013010499,0.0009164582
280.50516,0.006569255,0.0146255875,0.003702678
280.5224,0.0071104104,0.017553467,0.003186455
280.5386,0.0071552405,0.020238677,0.0028963662
280.5554,0.007168365,0.021108076,0.0053839083
280.572,0.007613576,0.023368888,0.0047643417
280.58868,0.007769658,0.026093721,0.003971044
280.6059,0.0069243787,0.027312662,0.00648976
280.62213,0.0071632434,0.029388383,0.005772307
280.63965,0.0076947236,0.0312668,0.004685919
280.6554,0.0076012406,0.032568485,0.0073888577
280.67215,0.007748545,0.034926757,0.005972754
280.6887,0.008026979,0.03638397,0.0048433915
280.7054,0.008544216,0.03705258,0.0070809918
280.7221,0.008500481,0.039165244,0.005920671
280.73877,0.008684546,0.04117421,0.004775999
280.7553,0.008204634,0.041857094,0.0069683194
280.772,0.008511909,0.0439525,0.0056977575
280.78873,0.008674896,0.046224993,0.0042972937
280.80524,0.008150379,0.04729586,0.0065336525
280.82178,0.008180136,0.04880192,0.005050663
280.83896,0.0081368545,0.05029979,0.003518082
280.8553,0.0084301075,0.05117285,0.0058862753
280.87213,0.008433248,0.052753814,0.0042593633
280.88898,0.008454413,0.054474216,0.0028886474
280.9056,0.008216699,0.055114787,0.0050212806
280.9222,0.008406904,0.05668108,0.003475159
280.93887,0.007868242,0.05711846,0.005453772
280.95557,0.0078527,0.058044326,0.0039094132
280.97186,0.008135826,0.058429543,0.0023746088
280.98856,0.008311539,0.058669332,0.0042549064
281.0054,0.008513363,0.058814388,0.0027026774
281.0225,0.008583413,0.0594197,0.0011581882
281.03857,0.008513648,0.059554286,0.0032754524
281.05527,0.008501291,0.059131164,0.0015267504
281.07217,0.008977801,0.058809765,-0.00009290735
281.08868,0.009264932,0.059027918,0.0020524715
281.1053,0.009095818,0.058668338,0.0003883353
281.122,0.009471372,0.058231015,-0.001229897
281.13885,0.009497197,0.057867277,0.00088453706
281.15558,0.00962392,0.05708904,-0.0006366676
281.17194,0.009940508,0.057297945,-0.002101056
281.1886,0.009587728,0.05687834,-0.00019307095
281.20554,0.009852326,0.05623791,-0.0017204637
281.22202,0.010029947,0.055725474,-0.0031042353
281.23877,0.009634659,0.055384047,-0.0011072246
281.2551,0.009746217,0.054917496,-0.00255902
281.27203,0.009942534,0.05452855,-0.00056031253
281.28854,0.0103777945,0.053248327,-0.0018356899
281.3053,0.010344002,0.05231482,-0.0031569537
281.32254,0.010145271,0.05152505,-0.0043398184
281.33865,0.009972995,0.049957894,-0.005327025
281.3554,0.009456001,0.049136337,-0.0033778786
281.3722,0.009943912,0.048818287,-0.0011805063
281.38867,0.00974852,0.047820628,-0.0022138222
281.40533,0.009697635,0.046673335,-0.003294291
281.42206,0.009265896,0.045186833,-0.0042696567
281.43875,0.008810639,0.043741036,-0.005186315
281.45526,0.0086832205,0.04206963,-0.0060936566
281.47205,0.008571736,0.042092748,-0.0007934909
281.48868,0.008744488,0.04022391,-0.0016697989
281.50534,0.009004444,0.03851528,-0.0024235565
281.52182,0.009286612,0.03716526,-0.003145888
281.53857,0.009698131,0.035478637,-0.0039035676
281.55536,0.010178078,0.0340027,-0.004432073
281.57196,0.009780201,0.0331194,-0.0019761208
281.5884,0.009659985,0.03170484,-0.0024676817
281.6056,0.009653241,0.029922297,-0.0029910386
281.6217,0.0100425035,0.029494159,-0.00034828632
281.63828,0.010057613,0.0280779,-0.00090313365
281.65567,0.009812642,0.026616955,-0.0012501103
281.67203,0.009840464,0.025813041,0.0014604237
281.689,0.009655541,0.024613759,0.0010839516
281.70532,0.009718069,0.023295961,0.00089612394
281.72192,0.010227642,0.02284714,0.0032264772
281.73886,0.010483571,0.021650242,0.0029471756
281.75546,0.010252042,0.020863866,0.005480105
281.77194,0.010474782,0.019907579,0.005282333
281.78857,0.010739371,0.018766645,0.0050259503
281.80502,0.010703563,0.018122882,0.007463269
281.82172,0.010806809,0.016971124,0.007145143
281.8388,0.01086585,0.016097933,0.0067260643
281.85516,0.011186109,0.015831282,0.009218468
281.87167,0.011457444,0.015231036,0.008565258
281.8883,0.011135695,0.014721204,0.007829817
281.90506,0.010645685,0.014377983,0.009983626
281.9219,0.010645073,0.014222338,0.009142595
281.9384,0.010594676,0.014415643,0.008239162
281.9552,0.010747384,0.014760473,0.010260523
281.9717,0.010514047,0.014992815,0.009211386
281.98856,0.0102674505,0.0152372485,0.0079969615
282.00488,0.010300458,0.015593725,0.009936268
282.02167,0.009555439,0.016343141,0.008571275
282.03857,0.0092478935,0.017449707,0.007298378
282.05536,0.0087236585,0.017630816,0.009118769
282.07187,0.008223654,0.01828746,0.0077691157
282.08856,0.007684941,0.01953341,0.006215268
282.10522,0.007521484,0.020379445,0.007965718
282.1217,0.0066699483,0.021549268,0.006369385
282.13876,0.0059207957,0.022973184,0.0047230986
282.15515,0.005652104,0.02398017,0.0064943447
282.1718,0.0042301356,0.026130315,0.00478671
282.18854,0.0037654373,0.026991557,0.0063489764
282.20532,0.0024158638,0.028535275,0.004698947
282.22192,0.0010231382,0.030891765,0.0030496558
282.2386,0.000575935,0.0321584,0.0046026446
282.25555,-0.00061308214,0.034234762,0.0028710437
282.27216,-0.0021791009,0.036264334,0.0012626776
282.2888,-0.0028255014,0.03732716,0.0028319128
282.30554,-0.0043612355,0.03926674,0.0011372172
282.3225,-0.005879855,0.041886263,-0.00052658934
282.3392,-0.0067032394,0.042858962,0.0011058757
282.35538,-0.007066001,0.04388805,0.0026923157
282.37253,-0.009615431,0.04625479,-0.0022054545
282.38898,-0.010099445,0.047464985,-0.0004480324
282.40518,-0.011599854,0.049154166,-0.0019842724
282.4223,-0.012906676,0.050818298,-0.0035643533
282.43875,-0.013500734,0.051568903,-0.0017232602
282.4548,-0.014666319,0.05322723,-0.003117471
282.47174,-0.015701005,0.05519877,-0.0045751627
282.48907,-0.01626661,0.055372603,-0.002708328
282.50565,-0.01735324,0.05624758,-0.0036109043
282.52222,-0.017895244,0.05748563,-0.0047452482
282.5387,-0.018673802,0.057450533,-0.0027965396
282.55548,-0.019466259,0.058161877,-0.00386656
282.57275,-0.020698054,0.058756992,-0.0046584993
282.58887,-0.021004401,0.058661964,-0.00248133
282.6055,-0.021604974,0.05883688,-0.0034007167
282.62234,-0.022072274,0.05912307,-0.0039594206
282.63922,-0.022752462,0.059044085,-0.0019371724
282.65564,-0.022935117,0.059098285,-0.0023458898
282.67242,-0.023013074,0.058948483,-0.0028599608
282.68942,-0.023338925,0.058765013,-0.0007405914
282.70554,-0.023470372,0.05839786,-0.000974879
282.72278,-0.022869198,0.05789233,-0.0014899984
282.73883,-0.02284001,0.057546068,0.000844732
282.75522,-0.022725178,0.05702007,0.00042558575
282.77243,-0.022600578,0.056543518,0.00009657477
282.78918,-0.02220969,0.055553105,0.00007183447
282.80627,-0.021874955,0.05500318,-0.00014199941
282.82227,-0.022002446,0.054952096,0.0044972296
282.8389,-0.02133588,0.054687694,0.003984734
282.85513,-0.021124711,0.053946294,0.0037307057
282.87283,-0.02099504,0.052776724,0.0033578572
282.88885,-0.020213809,0.051962826,0.0032719404
282.9054,-0.019528732,0.05116143,0.0027432924
282.9221,-0.019073721,0.05075687,0.0047877557
282.93863,-0.018360188,0.049857974,0.0043451977
282.95544,-0.017765291,0.049265448,0.0038455222
282.97208,-0.017282788,0.048498034,0.0058347215
282.98883,-0.016432283,0.047856186,0.0052962457
283.00574,-0.015410813,0.046782114,0.004767232
283.02213,-0.014592082,0.046548404,0.0067430856
283.03888,-0.013664623,0.04525765,0.0060328892
283.05557,-0.01314412,0.044291575,0.005426196
283.07202,-0.012784619,0.04347149,0.0072236103
283.0886,-0.011701536,0.042490847,0.006471054
283.10522,-0.0109123355,0.041606717,0.005713312
283.1222,-0.010480442,0.041149393,0.007467399
283.13873,-0.0095410915,0.040158316,0.0067463233
283.15555,-0.008574758,0.039236546,0.00587036
283.17172,-0.007964478,0.038959764,0.0075854026
283.18848,-0.00692135,0.03815318,0.0065615573
283.20535,-0.006869889,0.037723534,0.008235563
283.2223,-0.0062187775,0.036938064,0.0072981035
283.2386,-0.0050444524,0.036102958,0.006305173
283.25522,-0.0045562075,0.03591209,0.0077838404
283.27216,-0.0034935535,0.03549488,0.006676338
283.28857,-0.0024340525,0.03470727,0.00562014
283.30527,-0.0018248524,0.034474377,0.0070869722
283.32184,-0.0009129789,0.033106003,0.005910225
283.33875,-0.00006274229,0.03226007,0.00476036
283.35516,0.00043639998,0.031967662,0.0063499985
283.3717,0.0010992405,0.031126125,0.005121229
283.3886,0.002117467,0.03028433,0.003962729
283.40536,0.0024958204,0.02985512,0.0054626274
283.42197,0.0027185057,0.0293667,0.0043666116
283.43954,0.003144692,0.028442731,0.003185998
283.4552,0.003727425,0.028464908,0.004895589
283.47226,0.004300803,0.027844917,0.0035168892
283.48883,0.004672552,0.02728857,0.0024819986
283.50598,0.004608965,0.026509296,0.0039571766
283.52222,0.0051097358,0.025972646,0.0030082513
283.5385,0.005479205,0.02583667,0.0018692076
283.5552,0.005259606,0.02570549,0.0033201866
283.57236,0.0054542297,0.025426654,0.0023351356
283.58865,0.0056940797,0.024989601,0.0015225811
283.6052,0.0062128445,0.025361162,0.0029869198
283.62183,0.0062173097,0.024863353,0.0020891246
283.63855,0.005999738,0.024313353,0.0036426594
283.6552,0.005986088,0.024033416,0.002814956
283.67154,0.006281448,0.023805812,0.0020338986
283.68826,0.006047717,0.023640648,0.00358528
283.70502,0.005804484,0.023554415,0.0028669282
283.72192,0.005614582,0.023468249,0.0022143284
283.7385,0.0057481015,0.023611763,0.003918717
283.75497,0.005289536,0.02321205,0.0032982961
283.77164,0.0049322327,0.023395076,0.0027117904
283.78824,0.0050730645,0.023548838,0.0044231075
283.80502,0.004810926,0.023368794,0.003947805
283.82156,0.004538559,0.023383005,0.003541504
283.83835,0.004514104,0.024003914,0.0052450304
283.85507,0.0035780976,0.023686713,0.0048775855
283.87155,0.003803787,0.024355676,0.0065934164
283.8884,0.003245363,0.024413416,0.006208727
283.9051,0.0026007805,0.02450937,0.0059086517
283.92178,0.001886611,0.02472844,0.0055664694
283.93915,0.0014163869,0.024544409,0.007268374
283.95535,0.000602782,0.025106503,0.007083084
283.9723,-0.00043833104,0.025747618,0.006636374
283.98883,-0.0010316655,0.025766706,0.008398748
284.0054,-0.0019406911,0.02610172,0.007985141
284.0222,-0.0031585805,0.026725361,0.0075408043
284.0386,-0.00340646,0.027602965,0.0091984635
284.05524,-0.004778788,0.02819607,0.008659694
284.07224,-0.005703256,0.02811245,0.01023827
284.08868,-0.006914396,0.029016431,0.009716727
284.10522,-0.008149048,0.030125206,0.009001722
284.12207,-0.009396587,0.031227706,0.008256978
284.13855,-0.010002698,0.031520225,0.009763781
284.1559,-0.01092556,0.032686386,0.008952568
284.1723,-0.012338168,0.033844847,0.0083033675
284.18872,-0.013252312,0.035263017,0.0073984372
284.2055,-0.014416205,0.03637028,0.0065233614
284.22226,-0.014481979,0.03634449,0.010134462
284.2388,-0.015748952,0.03751514,0.009299928
284.25555,-0.017094977,0.03876842,0.008365574
284.27176,-0.018667327,0.040147725,0.007460069
284.28876,-0.01956738,0.041441504,0.006459533
284.30548,-0.020714825,0.042135414,0.0056220177
284.32205,-0.021562163,0.042372547,0.00693981
284.33875,-0.023006933,0.04304333,0.0060443487
284.35547,-0.024085842,0.043389376,0.005178936
284.37213,-0.02447641,0.044138614,0.0065062307
284.38858,-0.025698079,0.044496235,0.005644115
284.4056,-0.026895294,0.044764116,0.004747449
284.4221,-0.027705362,0.044393186,0.0061274357
284.43927,-0.028675066,0.0446514,0.0052649756
284.45538,-0.029642152,0.045427937,0.004536757
284.47232,-0.03010074,0.04488223,0.0057514934
284.48914,-0.030832049,0.04488232,0.0049902652
284.5056,-0.031705048,0.04513413,0.004240222
284.52225,-0.031859823,0.045727063,0.0055075996
284.53882,-0.032319896,0.045661572,0.004772931
284.55524,-0.033243723,0.045750238,0.004064988
284.57224,-0.033610426,0.045694575,0.005347079
284.58905,-0.03400392,0.04603633,0.0047623357
284.60562,-0.034592465,0.045780603,0.0042117545
284.62204,-0.034565683,0.046145916,0.0055617928
284.639,-0.035192955,0.045883,0.0049863863
284.65497,-0.03514529,0.04573504,0.00641591
284.67166,-0.03534653,0.04585539,0.005813836
284.68848,-0.0358657,0.045677554,0.005461695
284.70514,-0.036058072,0.045114167,0.0068946565
284.72162,-0.03690464,0.045172613,0.006554232
284.7383,-0.037015263,0.044978242,0.00625789
284.7549,-0.037002187,0.045289837,0.00765068
284.77182,-0.037203554,0.045387402,0.0073451037
284.78815,-0.037651096,0.045269072,0.007074036
284.80487,-0.037698735,0.045162305,0.008415917
284.8215,-0.037676826,0.045140166,0.00808802
284.83832,-0.037798066,0.04506826,0.007707999
284.85522,-0.037921984,0.044946056,0.009114384
284.8722,-0.038196664,0.04481324,0.008708899
284.88934,-0.038025692,0.045018088,0.008286048
284.90558,-0.03816013,0.045317665,0.009671676
284.92282,-0.038253617,0.04575437,0.009031865
284.93875,-0.0381768,0.045640036,0.008545748
284.95566,-0.038241506,0.045357015,0.00962766
284.97223,-0.038163885,0.045312244,0.009034344
284.98883,-0.038123593,0.045365974,0.008349371
285.00552,-0.038129855,0.04530083,0.009483535
285.02213,-0.037582394,0.044939715,0.008727038
285.03854,-0.03727586,0.044964075,0.0098618725
285.05573,-0.03706393,0.04465888,0.009029161
285.0719,-0.03648787,0.044168063,0.008389762
285.08905,-0.03606051,0.043556973,0.009390955
285.10568,-0.0362967,0.043132722,0.008763135
285.12192,-0.03597727,0.043200243,0.007974874
285.13867,-0.035914097,0.042853113,0.009007708
285.15536,-0.03582632,0.042350736,0.008246308
285.1724,-0.036633115,0.042364184,0.0074594617
285.18878,-0.03644274,0.04250796,0.008566001
285.20563,-0.03621899,0.041946664,0.0077212094
285.22266,-0.036450416,0.041628335,0.007018921
285.23892,-0.036569886,0.041452873,0.008066818
285.25565,-0.037317835,0.041694447,0.007188039
285.27243,-0.03763161,0.04154596,0.006411057
285.28854,-0.03767247,0.04144384,0.007321658
285.3056,-0.037983395,0.041187152,0.00652067
285.32208,-0.03823933,0.041090008,0.0074733463
285.33838,-0.038959615,0.04082164,0.0067044185
285.35504,-0.03925091,0.040857688,0.0057777725
285.37213,-0.039527036,0.04070846,0.006754087
285.38855,-0.040458497,0.04053695,0.0060120896
285.40533,-0.040723845,0.04061039,0.00509027
285.4228,-0.041276462,0.040529378,0.006061657
285.43826,-0.042153027,0.04060604,0.005321489
285.45496,-0.04319123,0.040649578,0.0043198154
285.47165,-0.0440603,0.04095355,0.003455042
285.48846,-0.044914093,0.04074173,0.002640227
285.50516,-0.04496884,0.040681504,0.005323984
285.52158,-0.046014618,0.040998228,0.0045092637
285.53842,-0.046183784,0.040415496,0.0036018118
285.55524,-0.046429634,0.039915133,0.0028139586
285.57175,-0.04665555,0.039357424,0.0020637666
285.58862,-0.0458223,0.038946137,0.0012697739
285.6053,-0.045873094,0.03888583,0.0038911528
285.62177,-0.04521548,0.038042363,0.003075226
285.63846,-0.043647476,0.03775057,0.00064912497
285.65497,-0.042496797,0.037049245,-0.000055201133
285.67148,-0.041662384,0.036777165,0.0008552592
285.68842,-0.040288072,0.03606644,0.0000925173
285.70596,-0.03870106,0.035177633,-0.0005464589
285.72253,-0.037446883,0.034757495,0.00044833703
285.73843,-0.035446897,0.033981286,-0.00024547725
285.75516,-0.03458499,0.033401236,0.000614342
285.7726,-0.032616362,0.03234511,-0.00007266475
285.7889,-0.030305427,0.031147894,-0.0005258114
285.80542,-0.029128868,0.03050238,0.00026508243
285.822,-0.026888201,0.029212568,-0.00039931847
285.83868,-0.025051022,0.028537456,-0.0010086343
285.85522,-0.023971042,0.02858387,-0.00020218985
285.87207,-0.021647405,0.02776791,-0.0008706925
285.8887,-0.019539535,0.026983675,-0.0015406057
285.90515,-0.018675208,0.026014732,-0.0007421732
285.92175,-0.016370337,0.02550374,-0.0014978102
285.93903,-0.014556183,0.025077626,-0.0022259539
285.95547,-0.013707799,0.024307227,-0.0013343514
285.9724,-0.011677915,0.023558155,-0.0021146717
285.98853,-0.00967454,0.022815047,-0.0028242217
286.0056,-0.0085499855,0.022735914,-0.002068203
286.02194,-0.0070027416,0.022103878,-0.0027794214
286.0394,-0.0057899156,0.021757266,-0.003551155
286.0555,-0.004664788,0.02185517,-0.0026566312
286.07227,-0.00316677,0.021260194,-0.0034688876
286.0888,-0.0028727765,0.021364195,-0.0041491417
286.10614,-0.0022344487,0.021195788,-0.0034651856
286.12213,-0.0012162812,0.020900305,-0.004131418
286.13885,-0.00053423404,0.020629004,-0.004873186
286.15515,-0.00014144971,0.020740392,-0.0042558378
286.17172,0.000022354194,0.020464089,-0.0050385133
286.18872,0.00028301583,0.020575114,-0.004361639
286.20566,0.0012466762,0.020356525,-0.0051280092
286.2225,0.0018697534,0.020402072,-0.005869472
286.2391,0.0019014251,0.020369668,-0.0051665446
286.25528,0.0029053928,0.02049681,-0.005987455
286.2716,0.002884677,0.020500127,-0.0039610732
286.28842,0.004282279,0.019999243,-0.0063276505
286.30518,0.004981615,0.020187316,-0.007208555
286.32187,0.0055410606,0.020080162,-0.008045203
286.3384,0.0061507835,0.020233294,-0.0073472485
286.3553,0.0067488207,0.020566141,-0.008325178
286.37335,0.0073812767,0.02063034,-0.009120871
286.38876,0.007986328,0.021028208,-0.00844668
286.4056,0.008817832,0.021021632,-0.0094476305
286.42224,0.009493606,0.021082805,-0.01022671
286.43875,0.010046505,0.02133501,-0.009711882
286.45505,0.010330547,0.021305244,-0.0105291195
286.47162,0.010594976,0.02208255,-0.01003883
286.48837,0.01054952,0.02214346,-0.010860612
286.50494,0.0106604025,0.022605289,-0.011638257
286.52203,0.010367383,0.022163901,-0.0111312345
286.53915,0.009970797,0.022297211,-0.011845482
286.55618,0.009536325,0.02258823,-0.012570953
286.57275,0.00890778,0.022892963,-0.013282448
286.58972,0.008616703,0.023255885,-0.012697951
286.60574,0.007847608,0.024018623,-0.014721724
286.62305,0.007293929,0.023948304,-0.014162521
286.63907,0.007286154,0.024474662,-0.013758867
286.65573,0.0061056437,0.024980068,-0.014460583
286.67227,0.0053019295,0.025117615,-0.01501796
286.68906,0.0043249195,0.02505159,-0.015543713
286.70624,0.0026393177,0.024904398,-0.015850337
286.7228,0.0026168977,0.024906669,-0.014050739
286.73904,0.00076775526,0.02483593,-0.014378295
286.75528,-0.0010189485,0.024916146,-0.014740565
286.7726,-0.0033089113,0.025128981,-0.01497647
286.7891,-0.00550409,0.025453076,-0.015027013
286.80624,-0.0071881316,0.025802603,-0.015122606
286.82217,-0.0072102733,0.025796482,-0.013407628
286.83923,-0.01088514,0.02637488,-0.014263747
286.85565,-0.013199241,0.02663232,-0.014099855
286.8723,-0.01408517,0.026700951,-0.013247501
286.88904,-0.016328972,0.026701882,-0.01299704
286.90567,-0.018787077,0.027178906,-0.01270454
286.9223,-0.02009257,0.027549267,-0.01174664
286.93835,-0.02210239,0.027928807,-0.01142652
286.95517,-0.02437064,0.027776165,-0.011150338
286.9724,-0.025239214,0.02842435,-0.010173555
286.98886,-0.027211135,0.028596712,-0.009729391
287.00558,-0.029165119,0.028440686,-0.009289279
287.022,-0.029891403,0.027992649,-0.008318712
287.03864,-0.031904683,0.02820733,-0.007824128
287.0549,-0.032903038,0.02785032,-0.006770303
287.07156,-0.03492121,0.027730122,-0.0062692845
287.0883,-0.03659594,0.02757716,-0.0056777056
287.1051,-0.037521087,0.02797142,-0.0047179637
287.12164,-0.039232075,0.0276906,-0.0041182386
287.13852,-0.040515043,0.02761009,-0.0038159012
287.15482,-0.04133958,0.027278714,-0.0027054935
287.1719,-0.04202379,0.027626304,-0.0024449455
287.189,-0.04254252,0.027416922,-0.0021461167
287.2055,-0.042920884,0.02665273,-0.0011751152
287.22235,-0.042846933,0.02640852,-0.000903168
287.2387,-0.0422564,0.026789468,-0.00060445355
287.2558,-0.041903723,0.026765741,0.00025424053
287.27182,-0.04125337,0.02631876,0.00058650883
287.28842,-0.04064643,0.025844263,0.00084426644
287.30566,-0.040154405,0.025336336,0.0016512042
287.3221,-0.039020006,0.024972312,0.002011648
287.33887,-0.03873243,0.02447709,0.0023543446
287.35544,-0.038713593,0.02480757,0.0031429431
287.37195,-0.038489312,0.024438804,0.003475835
287.38925,-0.038118288,0.02399987,0.003797185
287.4054,-0.037935227,0.023317387,0.004577363
287.422,-0.038179263,0.023131697,0.004855172
287.4388,-0.038210712,0.022910798,0.0051399935
287.4553,-0.038111854,0.022738568,0.0058535254
287.47205,-0.037794743,0.022427132,0.006044159
287.489,-0.037899204,0.022057002,0.0063057644
287.50546,-0.037688892,0.022172648,0.0069805626
287.522,-0.036864962,0.021913279,0.007181665
287.53873,-0.036349304,0.021309394,0.007700061
287.55524,-0.03527449,0.02113908,0.007840749
287.57193,-0.034105167,0.021217007,0.00785927
287.58862,-0.033171576,0.020305302,0.008420285
287.60568,-0.031302463,0.01970902,0.008495235
287.62216,-0.029802632,0.019245097,0.008553106
287.63885,-0.029207664,0.019710666,0.009041806
287.65536,-0.02775719,0.019041324,0.0090514915
287.67188,-0.02619813,0.01887855,0.008967501
287.68887,-0.025746346,0.01909753,0.009409959
287.7049,-0.02477759,0.018969836,0.00932646
287.7216,-0.024125127,0.018978609,0.009164789
287.7383,-0.023646308,0.018332047,0.009567634
287.75565,-0.022655688,0.01824236,0.009405475
287.77213,-0.022091217,0.018922552,0.009241874
287.78864,-0.021701366,0.018369496,0.009592995
287.8051,-0.02083026,0.018025246,0.0093392
287.82166,-0.020139653,0.017947773,0.009046417
287.83823,-0.01981876,0.018486096,0.009340713
287.85498,-0.01934121,0.018002542,0.009038022
287.87177,-0.018889753,0.018004121,0.008690405
287.88828,-0.018594958,0.017379707,0.008910392
287.9051,-0.01782403,0.016959436,0.008507042
287.9219,-0.01758466,0.016445098,0.008102591
287.9387,-0.017427523,0.016955482,0.008326875
287.95544,-0.017023193,0.01649254,0.007855613
287.97232,-0.016691806,0.016002795,0.007356736
287.98886,-0.016532097,0.01605919,0.007495709
288.00546,-0.016417602,0.01622682,0.0069530583
288.0222,-0.016599683,0.015555027,0.007048119
288.0388,-0.016034177,0.015471305,0.0064487588
288.05496,-0.01584073,0.015383784,0.0058188774
288.0717,-0.01603987,0.015671909,0.0059049875
288.08823,-0.015923157,0.0155329155,0.005260831
288.1051,-0.01612917,0.015649114,0.0046192273
288.12192,-0.01655255,0.015880518,0.0039900523
288.13898,-0.016232146,0.016038682,0.003341635
288.15555,-0.016545678,0.016202204,0.0026508567
288.17245,-0.016550547,0.016196948,0.0032692407
288.18945,-0.01676031,0.01604856,0.0025499337
288.20563,-0.016988818,0.015976224,0.0018324157
288.22205,-0.017073674,0.015869975,0.001064213
288.23862,-0.01711203,0.015656393,0.00027603447
288.25558,-0.017297197,0.015719252,-0.00048788005
288.27216,-0.017427351,0.016030042,-0.00057102885
288.28882,-0.017639833,0.015929313,-0.0013162713
288.30548,-0.017973091,0.015976071,-0.002151324
288.3221,-0.018256776,0.015552361,-0.0023009006
288.33905,-0.018564273,0.015840735,-0.0030946562
288.35583,-0.019055955,0.015919717,-0.004029232
288.3722,-0.019224111,0.0162736,-0.004118678
288.3883,-0.019855995,0.016285786,-0.0050269216
288.4061,-0.02076648,0.01606185,-0.0058054714
288.42245,-0.021089513,0.016029436,-0.0059991856
288.43887,-0.022658544,0.016266128,-0.0067510707
288.45584,-0.02449317,0.016897291,-0.0075621307
288.4727,-0.025421292,0.016634671,-0.007782318
288.4886,-0.02779164,0.016786037,-0.008567052
288.50494,-0.02899076,0.017073026,-0.008759914
288.52158,-0.03132485,0.01712071,-0.009512493
288.5385,-0.033628885,0.01713813,-0.010083222
288.55508,-0.03469642,0.017424297,-0.010256758
288.5717,-0.037584785,0.017478066,-0.010714404
288.58817,-0.039677262,0.017695172,-0.011082575
288.60526,-0.040373616,0.017780604,-0.011081302
288.62222,-0.042232294,0.0177333,-0.01121086
288.63882,-0.044500366,0.017768703,-0.011180861
288.65555,-0.045416623,0.017739616,-0.011092207
288.672,-0.04630192,0.017948192,-0.010896737
288.6889,-0.047113925,0.017846122,-0.0107836705
288.70563,-0.048066646,0.017737348,-0.010455794
288.7222,-0.04878896,0.017303688,-0.010101432
288.73886,-0.048662715,0.017562011,-0.009647612
288.75534,-0.048665296,0.017105937,-0.009224816
288.77216,-0.049432755,0.017150467,-0.008634129
288.78918,-0.049735934,0.017248992,-0.008006269
288.80563,-0.049745508,0.017641937,-0.0075031375
288.822,-0.049154278,0.017482547,-0.006794988
288.83875,-0.04913222,0.017578013,-0.006034884
288.8553,-0.048815284,0.017264713,-0.0055268477
288.87195,-0.04794401,0.017897723,-0.004798171
288.88968,-0.046960562,0.017969012,-0.0040888963
288.90555,-0.04664385,0.017708905,-0.0035599032
288.92197,-0.045797102,0.017588515,-0.0028789425
288.93887,-0.04520457,0.017652802,-0.0023873986
288.95587,-0.043517068,0.017840454,-0.0017020474
288.97217,-0.042635996,0.017995527,-0.0009783752
288.98892,-0.041849203,0.017870715,-0.00061755785
289.0054,-0.040677182,0.01840707,0.00007665808
289.0219,-0.039131887,0.018242233,0.0007142359
289.03897,-0.038750555,0.018087177,0.001060927
289.05527,-0.03791238,0.018257175,0.0016422354
289.0723,-0.036960673,0.018607454,0.0021516448
289.08893,-0.036683127,0.01887845,0.0025113837
289.10562,-0.036177874,0.019389926,0.002844416
289.12234,-0.036066163,0.019392816,0.0032556432
289.13898,-0.036082815,0.019830165,0.0033611108
289.1551,-0.036110032,0.019793382,0.003599664
289.1716,-0.035963897,0.02051004,0.0038637747
289.18866,-0.035739575,0.019998934,0.0038009086
289.2056,-0.035563625,0.020113336,0.003942905
289.22244,-0.035217345,0.02069804,0.003985041
289.23898,-0.0352314,0.020736631,0.0038697326
289.255,-0.03467356,0.02075832,0.0038464286
289.27222,-0.034130048,0.021095304,0.0037233322
289.28845,-0.033972856,0.021691334,0.0034924243
289.30508,-0.033248674,0.022065097,0.0033357553
289.3217,-0.03286555,0.022138119,0.0030803336
289.33865,-0.031620458,0.021954738,0.0028578686
289.3553,-0.030808153,0.021956045,0.002646785
289.37222,-0.02994544,0.022565495,0.0023760858
289.38867,-0.029373359,0.022288019,0.0021028598
289.40536,-0.027746812,0.022544831,0.0018012901
289.4223,-0.026832392,0.022690728,0.0015240543
289.4387,-0.026502853,0.022976223,0.0012247632
289.4555,-0.02521318,0.023149345,0.0009634383
289.47223,-0.024289614,0.023097409,0.000780504
289.48853,-0.023673607,0.02351614,0.0005483911
289.50507,-0.022631854,0.023790784,0.00030298383
289.52167,-0.02262681,0.023795838,-0.00013185204
289.5385,-0.021253739,0.023881648,-0.0003457803
289.55515,-0.020228237,0.023743501,-0.00054051884
289.57233,-0.019535271,0.023470782,-0.00077089213
289.5887,-0.019529454,0.02347588,-0.0012772585
289.60568,-0.01699133,0.022990637,-0.0011976183
289.6221,-0.016558684,0.023267897,-0.0015886446
289.6386,-0.015836453,0.023369944,-0.0017821691
289.65527,-0.015192625,0.022570431,-0.002144931
289.6718,-0.014039037,0.022482581,-0.0023289907
289.68845,-0.013056209,0.022481035,-0.0025499554
289.7051,-0.012472096,0.02232838,-0.0026867413
289.7219,-0.011963467,0.022573492,-0.0030096853
289.73846,-0.010789976,0.0218519,-0.003085599
289.75513,-0.010314907,0.022369102,-0.0033949148
289.77206,-0.0097608045,0.021895733,-0.0034075214
289.78867,-0.008970953,0.021939,-0.0033626263
289.8054,-0.00795153,0.022453293,-0.0032417974
289.8219,-0.0077292877,0.021831544,-0.0035371273
289.8386,-0.0070792586,0.02170977,-0.0033574528
289.85574,-0.006805832,0.022144357,-0.0036123742
289.872,-0.0063787927,0.021997685,-0.003395961
289.88818,-0.0058715623,0.021270335,-0.0031003107
289.90543,-0.0058739297,0.021354584,-0.0032971608
289.92203,-0.0059838165,0.021268567,-0.0029812166
289.9386,-0.0058887056,0.020705221,-0.0025595743
289.95532,-0.0057721054,0.020544296,-0.00272832
289.97214,-0.006052344,0.020753931,-0.0022682447
289.9886,-0.006323328,0.020771867,-0.0017902462
290.00513,-0.006450842,0.020222927,-0.0019634017
290.02182,-0.006869461,0.020185657,-0.0014368638
290.03842,-0.0068609677,0.020188645,-0.0022813727
290.0551,-0.0074955556,0.02050225,-0.0010336194
290.07166,-0.008218776,0.020382999,-0.00044936687
290.0885,-0.008485239,0.020221312,0.00018364658
290.1052,-0.00871804,0.02079619,0.0000070335072
290.12167,-0.00926706,0.020369157,0.00059618114
290.13852,-0.009650171,0.019809766,0.0012450935
290.15536,-0.009875169,0.02017837,0.0010562189
290.17203,-0.010665776,0.020095795,0.0016875536
290.18875,-0.010783602,0.019892786,0.002364806
290.2055,-0.010987726,0.01983508,0.0021478352
290.222,-0.0124158915,0.019702965,0.002845295
290.2388,-0.012646315,0.01970379,0.0034766335
290.25534,-0.012814535,0.019145943,0.0032124983
290.2721,-0.013441018,0.018803166,0.0038940266
290.289,-0.014060801,0.01854186,0.0045164153
290.30557,-0.01444832,0.018949702,0.004312896
290.3221,-0.015166063,0.01894603,0.0049387957
290.3389,-0.01563712,0.018677007,0.0046816277
290.35605,-0.016947718,0.018246993,0.0052010496
290.37216,-0.018270485,0.017977133,0.0056407643
290.38885,-0.018739695,0.018378327,0.0053948853
290.40656,-0.019747077,0.01832916,0.0057882364
290.42264,-0.02172063,0.017819554,0.0061111823
290.43915,-0.022391668,0.018394098,0.0057173744
290.4556,-0.023764238,0.018099612,0.006030757
290.47232,-0.025057219,0.017964084,0.0063140406
290.4889,-0.025722336,0.017278697,0.0057638073
290.50586,-0.027121376,0.017461194,0.0059437337
290.5224,-0.028238343,0.01824917,0.006026241
290.5387,-0.02868974,0.01735562,0.005491125
290.55515,-0.029820746,0.017151887,0.005564811
290.57224,-0.031054394,0.017100299,0.005561223
290.58875,-0.03164336,0.01771616,0.0049329246
290.60577,-0.032560766,0.017592395,0.004912137
290.62262,-0.033572268,0.01733138,0.004791221
290.6386,-0.034143694,0.017423699,0.004034431
290.6549,-0.035080887,0.017700022,0.003920176
290.6717,-0.035660278,0.017703626,0.0038133385
290.68823,-0.03609186,0.016911427,0.0030713307
290.7052,-0.036934767,0.016863806,0.0029558311
290.7216,-0.037481107,0.017432885,0.0021960551
290.73862,-0.03806174,0.017233891,0.0021189877
290.7556,-0.03858471,0.01726993,0.0020432766
290.7724,-0.03929052,0.017153993,0.0019919549
290.78885,-0.039664827,0.017819459,0.0012895297
290.8057,-0.03996211,0.017805334,0.0013869369
290.82227,-0.04050791,0.017925084,0.0014973283
290.83887,-0.04077138,0.017824613,0.00085188245
290.85623,-0.041651104,0.018412314,0.0018778818
290.87216,-0.041637115,0.018444756,0.00032660348
290.88873,-0.041840415,0.018800968,0.0006179786
290.9053,-0.042277027,0.019032782,0.00089838443
290.92227,-0.042633258,0.019719165,0.001233809
290.93887,-0.04263888,0.020192256,0.001569361
290.95535,-0.04289139,0.020864662,0.0019562945
290.97244,-0.04287499,0.020897763,0.00040737537
290.98877,-0.04313417,0.021453287,0.00078358024
291.00522,-0.042972986,0.02227684,0.0012841906
291.02185,-0.0431573,0.022764232,0.0018120954
291.03842,-0.04308288,0.02341408,0.0023775164
291.055,-0.043029077,0.024123885,0.0029529415
291.0716,-0.042941608,0.023419114,0.0024535095
291.0884,-0.04286015,0.02332,0.0030781773
291.1054,-0.042588424,0.023305655,0.003673496
291.12216,-0.042542826,0.02385654,0.0031259214
291.13892,-0.042320028,0.023892278,0.003758316
291.15588,-0.04221128,0.023830919,0.0043959757
291.17206,-0.042020604,0.024060285,0.0038110898
291.18896,-0.041796852,0.024044497,0.004505576
291.2055,-0.04146546,0.023876974,0.0051300563
291.22195,-0.041115172,0.024317892,0.00458527
291.23868,-0.04081213,0.024832329,0.0052337176
291.25513,-0.04031619,0.024938788,0.0058814716
291.2723,-0.040191766,0.024483714,0.0053168894
291.2888,-0.039625976,0.024600144,0.005885528
291.30542,-0.039415132,0.02505101,0.0053104674
291.3221,-0.038861755,0.025026696,0.0059328084
291.33893,-0.03844153,0.025124157,0.0065284455
291.35498,-0.038133685,0.024698948,0.00583186
291.37186,-0.037511252,0.024844456,0.0064361626
291.3886,-0.03689167,0.025113726,0.0069293794
291.40524,-0.036504507,0.025394209,0.0062268823
291.42175,-0.035666946,0.025427343,0.0067144446
291.4383,-0.035000395,0.025568796,0.007209748
291.45517,-0.03448909,0.026117273,0.006462904
291.4719,-0.033747148,0.026343452,0.006877758
291.489,-0.0331466,0.0264755,0.0073068975
291.5054,-0.03261218,0.025817346,0.0065020355
291.5225,-0.031325184,0.026317697,0.0069177253
291.539,-0.030478239,0.026333306,0.007280042
291.5553,-0.029679338,0.026583066,0.0064823683
291.57202,-0.028689815,0.026326489,0.0069498806
291.589,-0.02724447,0.02646156,0.0073688654
291.60526,-0.026352823,0.02695839,0.006479203
291.62204,-0.025063438,0.026899204,0.006922927
291.63846,-0.024440149,0.026327793,0.006054981
291.65555,-0.022923158,0.026263913,0.0064423974
291.672,-0.021257052,0.02647639,0.0067236316
291.68893,-0.020593489,0.026800806,0.00589847
291.7054,-0.019237997,0.026756436,0.0062222974
291.72186,-0.017999217,0.026723294,0.0066412464
291.73853,-0.017424647,0.026143989,0.0057899454
291.75516,-0.016116522,0.026342025,0.006178702
291.77188,-0.015266813,0.026325341,0.0066180835
291.78885,-0.014659879,0.02644438,0.0057475693
291.80527,-0.013827727,0.026352493,0.006126296
291.82202,-0.012953274,0.026382072,0.0065600118
291.83865,-0.012817521,0.026528116,0.0056578675
291.85532,-0.01208806,0.027071523,0.00605438
291.87244,-0.011572351,0.027105873,0.0064548743
291.88892,-0.01143889,0.026429402,0.005480459
291.90564,-0.010847844,0.026583513,0.0058932668
291.92224,-0.01043755,0.02681117,0.0063308375
291.93875,-0.010119632,0.027187211,0.0054120272
291.95547,-0.009795978,0.027213162,0.0058802455
291.97272,-0.009417376,0.027329369,0.006350829
291.9884,-0.00922401,0.027070595,0.005298561
292.00516,-0.009382072,0.027101763,0.0059463438
292.02197,-0.009044865,0.027444385,0.006398337
292.03876,-0.008999486,0.027747551,0.0054357364
292.0553,-0.009075678,0.02779152,0.005902136
292.07217,-0.00902364,0.027740883,0.00637703
292.08844,-0.008962659,0.028389085,0.0053877826
292.10504,-0.009092969,0.02860215,0.005905077
292.1217,-0.009333414,0.028509265,0.004931024
292.1382,-0.009080601,0.02884731,0.0053734304
292.15494,-0.008565707,0.029163508,0.0057052732
292.17178,-0.008796269,0.029160947,0.0047509335
292.1884,-0.007992288,0.029163662,0.0050384286
292.20535,-0.007061263,0.02927315,0.0053961766
292.22232,-0.006633201,0.029202549,0.0043820282
292.23917,-0.004378628,0.029001549,0.006229486
292.2558,-0.0030687973,0.029406305,0.0066011036
292.27234,-0.0030313646,0.02941028,0.0040548895
292.28885,-0.0020825604,0.029333644,0.0045444784
292.3059,-0.00083737,0.029041255,0.0050086067
292.32242,0.00067113293,0.02922466,0.0054028304
292.33914,0.0016233173,0.029046025,0.005883081
292.35614,0.0026457857,0.028963877,0.006320045
292.3725,0.0026845117,0.02896033,0.0036460874
292.3892,0.0040936684,0.0286593,0.004161486
292.40607,0.0063880193,0.027240463,0.006152451
292.42227,0.0072638993,0.02716645,0.0050337305
292.43954,0.008859499,0.026709242,0.005542034
292.45627,0.0110305045,0.0260914,0.0060033766
292.47162,0.011885831,0.025888946,0.0048775575
292.4887,0.012858163,0.025449997,0.0055925003
292.50552,0.01391608,0.025265876,0.0061441367
292.52216,0.0150286965,0.025345946,0.00497374
292.53946,0.016161421,0.02457856,0.005600994
292.55594,0.016576134,0.02395714,0.0061149034
292.5727,0.016804557,0.023707237,0.0050734403
292.5889,0.017506842,0.023183603,0.00568442
292.60562,0.018750008,0.02307966,0.006301686
292.62222,0.018740218,0.022925757,0.005262624
292.63892,0.019179735,0.022938147,0.0058670836
292.65555,0.01913258,0.022916017,0.0047628586
292.67233,0.019897673,0.022577181,0.005379452
292.68884,0.0201232,0.02187051,0.005980046
292.70575,0.020136656,0.021979606,0.00489894
292.72208,0.020168683,0.021551803,0.0054446235
292.73914,0.020877186,0.021149186,0.0061447984
292.75546,0.021091871,0.021278176,0.0049518296
292.77246,0.021166956,0.021168431,0.0056680366
292.789,0.021025354,0.020651342,0.006309832
292.80557,0.021167153,0.020228336,0.0051877946
292.8217,0.021411419,0.019618183,0.005901167
292.83838,0.02077304,0.019518148,0.006713814
292.85507,0.020629724,0.019860437,0.00551323
292.8717,0.019915085,0.019502893,0.006215127
292.88858,0.019831974,0.019447116,0.006890894
292.90524,0.01971003,0.019324584,0.0056574093
292.92218,0.018849999,0.019408457,0.0063485303
292.93942,0.01805996,0.019544726,0.0070442734
292.95557,0.017924748,0.019003097,0.0056347554
292.97226,0.017158503,0.018857103,0.0064930418
292.98898,0.015912965,0.019172555,0.007291097
293.0055,0.01548965,0.019398125,0.0059629995
293.02222,0.014806789,0.019090792,0.0067477794
293.0389,0.014224238,0.019147215,0.0074362187
293.0557,0.014107633,0.01916498,0.0062883766
293.0722,0.013580964,0.018761054,0.0068995752
293.08887,0.012603993,0.018759584,0.0076911137
293.10522,0.01232744,0.018039426,0.006429899
293.12183,0.011208348,0.017791485,0.0072121783
293.13828,0.010910403,0.018238356,0.006008508
293.15515,0.009708676,0.018125609,0.006777908
293.17224,0.008622349,0.017909493,0.007513848
293.18878,0.008060354,0.018471533,0.006180637
293.2054,0.0062611145,0.018526921,0.0069479747
293.22226,0.0046384637,0.018505773,0.00767479
293.23886,0.003721862,0.018344307,0.006369313
293.2557,0.0017636269,0.0187326,0.007123345
293.2723,-0.00040454703,0.01903071,0.007806536
293.28894,-0.0014727139,0.019218987,0.0065567484
293.30554,-0.0037362152,0.019466491,0.0072671515
293.32224,-0.0059394743,0.020019984,0.008020821
293.33893,-0.006919182,0.020963117,0.0066902135
293.35556,-0.009437988,0.02177374,0.0074024345
293.3722,-0.01190901,0.022427892,0.008098666
293.38876,-0.013253499,0.022644686,0.0067749578
293.40515,-0.015434209,0.023824183,0.007460593
293.42236,-0.018072356,0.025347335,0.008160746
293.43884,-0.01954299,0.025804253,0.0066863806
293.45535,-0.021564053,0.026797794,0.0073282807
293.4721,-0.023628406,0.028101357,0.00789752
293.4889,-0.024951503,0.028315883,0.0065156026
293.50507,-0.027153807,0.029192591,0.0070322384
293.52182,-0.029129196,0.030177537,0.007712438
293.53854,-0.029947633,0.03113128,0.0062804
293.5551,-0.032105003,0.03219081,0.0068174303
293.57178,-0.033202015,0.032884043,0.005429094
293.5884,-0.035095513,0.03440062,0.0059961523
293.60498,-0.036885075,0.035447065,0.0066465717
293.62192,-0.038085513,0.036268547,0.005271568
293.6387,-0.040047456,0.037637003,0.005838047
293.6553,-0.0423372,0.039095,0.0064372877
293.6719,-0.043188,0.039835833,0.0050693764
293.68854,-0.046861812,0.041775353,0.007909432
293.70523,-0.046787106,0.041859064,0.0043363115
293.72186,-0.049014762,0.043403987,0.004981979
293.7386,-0.05074844,0.04493338,0.0056422665
293.7553,-0.052289285,0.046589687,0.0062727868
293.7722,-0.054875348,0.048236735,0.006928747
293.7888,-0.0565904,0.050027914,0.0075068166
293.80548,-0.057732567,0.05126149,0.0081379
293.82227,-0.0576381,0.051367413,0.0044632936
293.83865,-0.060333274,0.05364931,0.0071662646
293.85513,-0.061313134,0.054962676,0.007827203
293.8718,-0.061789062,0.055932496,0.0063875895
293.8886,-0.06209129,0.05641058,0.0047645825
293.90543,-0.06362962,0.057902034,0.0075554047
293.922,-0.06402123,0.05878298,0.0060272794
293.93842,-0.065042466,0.05979275,0.0066425386
293.9553,-0.06532315,0.06036335,0.0052455263
293.97192,-0.065668024,0.0613365,0.0057631494
293.9886,-0.066752195,0.062492058,0.0064688865
294.00546,-0.06692165,0.063224316,0.005007006
294.0223,-0.06701999,0.06422806,0.0055758837
294.03885,-0.06721669,0.06524792,0.0061809467
294.0555,-0.067267016,0.06550353,0.004586656
294.07172,-0.06717951,0.06668054,0.0052330964
294.08865,-0.06710276,0.06719473,0.0059900773
294.106,-0.0665424,0.06738748,0.0065332903
294.1225,-0.066480815,0.067508645,0.0048090313
294.1388,-0.065651566,0.0676658,0.0054553626
294.1557,-0.06488069,0.06782856,0.0038849171
294.1717,-0.06368702,0.067804754,0.004468093
294.18872,-0.06230137,0.06742926,0.0052024475
294.20557,-0.061379723,0.06731283,0.0033582665
294.2217,-0.059386916,0.066548295,0.003931752
294.23837,-0.058350805,0.06582173,0.0023583085
294.2553,-0.055815745,0.06465251,0.0029858465
294.2723,-0.053280823,0.06334554,0.0035294897
294.28897,-0.050304245,0.06249918,0.004085086
294.3056,-0.049226426,0.06132518,0.0024502685
294.32233,-0.04632044,0.059673198,0.0031147953
294.3394,-0.043416258,0.058208123,0.0037798265
294.35568,-0.04175245,0.0578247,0.002002482
294.37234,-0.03865542,0.05628334,0.0027611242
294.389,-0.035298802,0.054353435,0.003535944
294.40607,-0.03346985,0.053362735,0.0018212192
294.4224,-0.030957164,0.05210047,0.0024626423
294.4399,-0.027712999,0.050513268,0.0032958908
294.4559,-0.025796786,0.049502037,0.0014218717
294.4724,-0.022150585,0.04784513,0.0022989216
294.4889,-0.018838681,0.045918003,0.0030909867
294.50586,-0.017702594,0.04454712,0.0014757745
294.5224,-0.013959935,0.04246742,0.0021358107
294.5389,-0.010251575,0.04031193,0.0028596197
294.55508,-0.008664181,0.039361447,0.0013143178
294.5718,-0.005418522,0.037336696,0.0022211925
294.58884,-0.0032108305,0.036309727,0.00041010196
294.6055,0.00058325304,0.033575688,0.0012013857
294.6221,0.0042980383,0.030956322,0.0019322131
294.63916,0.008625158,0.02768016,0.0026245483
294.65594,0.010494047,0.025382705,0.0008035607
294.67252,0.015166987,0.021537464,0.0015197938
294.68906,0.017793054,0.019749379,-0.00010049609
294.706,0.022320187,0.015909307,0.00065675005
294.72287,0.026191069,0.012733162,0.0015207477
294.73932,0.028133346,0.010988281,-0.00036002405
294.75565,0.031844597,0.0077392235,0.0005617366
294.77182,0.03529892,0.0047350074,0.0015939168
294.78915,0.037454955,0.0034504354,-0.00015480295
294.80573,0.04042006,0.0006361612,0.00057224295
294.82202,0.043518636,-0.0017188794,0.0014361048
294.83878,0.044869687,-0.0033061851,-0.0003173635
294.85556,0.048024442,-0.005916591,0.0005680869
294.87198,0.04940072,-0.0067502535,-0.0013170955
294.8885,0.05142997,-0.008811483,-0.00031439093
294.9054,0.053999152,-0.010853787,0.000494243
294.922,0.056184843,-0.012741489,0.0011946994
294.9386,0.056858316,-0.013599179,-0.0004285005
294.9554,0.05824106,-0.015376108,0.0003970262
294.97177,0.05898958,-0.01588613,-0.0013304654
294.98837,0.060367066,-0.01704701,-0.00036054896
295.0052,0.060888514,-0.017425116,0.0005740869
295.02203,0.0609701,-0.017920148,-0.0012042737
295.039,0.061512165,-0.018015318,-0.0003427257
295.0556,0.061341926,-0.018433992,0.00057701266
295.07272,0.06087524,-0.018822078,-0.0012159066
295.08905,0.060258403,-0.018490288,-0.000294019
295.10568,0.05963002,-0.018221065,0.0007635973
295.12216,0.05907563,-0.017762942,0.0017518789
295.13864,0.057720006,-0.01707485,0.0027738335
295.15567,0.05643317,-0.016227014,0.003822041
295.17245,0.056395054,-0.016358692,-0.00084549276
295.18884,0.055106327,-0.01581747,0.00008900215
295.20554,0.053499162,-0.015035771,0.0010625931
295.2224,0.05143089,-0.01358423,0.0020498007
295.23886,0.049701788,-0.0123781515,0.0029740082
295.25574,0.047712825,-0.010549117,0.003998261
295.27213,0.046039827,-0.009787153,0.00210829
295.28903,0.04374894,-0.008010522,0.0030251164
295.3059,0.041399967,-0.0053104595,0.0038914725
295.3223,0.039727386,-0.0046169576,0.0019229664
295.3395,0.03695695,-0.002413329,0.0029051073
295.35565,0.034045566,0.000038498958,0.0036681825
295.3722,0.033008248,0.0015356572,0.0018353604
295.3889,0.029605415,0.003807985,0.0027982313
295.4061,0.02659021,0.0063594016,0.0036389823
295.42236,0.02523981,0.007374526,0.0014878268
295.4387,0.022415018,0.01075991,0.0024514452
295.45547,0.018995916,0.013467358,0.0033699858
295.47272,0.016889308,0.014537824,0.001384476
295.4888,0.013952066,0.01713831,0.0020151068
295.50552,0.010803239,0.020350024,0.003073373
295.52213,0.00914872,0.021998042,0.0010886556
295.53867,0.00600139,0.024878966,0.001955755
295.5552,0.004756614,0.026366904,-0.00001871647
295.5723,0.001357117,0.029187582,0.00088456343
295.5889,-0.0023627281,0.032525674,0.0015972857
295.60522,-0.004098798,0.033898026,-0.00035609538
295.62186,-0.0072044283,0.037299465,0.00061902974
295.63873,-0.010552439,0.040909685,0.0015018518
295.65515,-0.012391231,0.042744346,-0.00058209023
295.67197,-0.01565345,0.046292756,0.00030949764
295.6887,-0.018534355,0.049619164,0.0010906502
295.70547,-0.019736258,0.051568676,-0.0009966008
295.72214,-0.022982864,0.054576784,-0.0001970225
295.73868,-0.025736786,0.057317175,0.00056878186
295.75577,-0.02655142,0.05892161,-0.001468382
295.7721,-0.029384792,0.061660007,-0.0008205266
295.78934,-0.031616453,0.06383665,0.00006873854
295.80615,-0.032738563,0.06508672,-0.002197429
295.82202,-0.034722615,0.06746452,-0.0014268282
295.83878,-0.0365904,0.06967092,-0.00045290435
295.85547,-0.03702656,0.07099711,-0.0025843512
295.872,-0.038934257,0.07294861,-0.0018370347
295.88843,-0.040107343,0.073891036,-0.00375167
295.90515,-0.04165139,0.07558684,-0.0029330393
295.9219,-0.043332096,0.077415675,-0.0021607485
295.93866,-0.043580264,0.07831973,-0.004386553
295.95557,-0.045321643,0.07950584,-0.0036842257
295.97214,-0.0463309,0.08052454,-0.0029275
295.98883,-0.046492763,0.0811071,-0.0021370132
296.0058,-0.04710148,0.08114796,-0.0043476485
296.02203,-0.04771289,0.081236325,-0.0035796594
296.03976,-0.047888055,0.08145039,-0.002692063
296.05536,-0.048288677,0.08118084,-0.005133333
296.0727,-0.047939423,0.080598846,-0.0040101586
296.0894,-0.047912546,0.08063343,-0.0063423133
296.1056,-0.047877084,0.08044344,-0.0055332426
296.12262,-0.047769427,0.07977002,-0.004566297
296.13907,-0.04777333,0.079103105,-0.0068542096
296.15567,-0.047422875,0.078090824,-0.0060016206
296.17264,-0.047072332,0.077101976,-0.005199438
296.18845,-0.04643238,0.0768284,-0.0074986545
296.2057,-0.045999598,0.07519989,-0.0064377775
296.2228,-0.045343563,0.07337183,-0.0057876767
296.23965,-0.044153363,0.072835445,-0.008146971
296.2552,-0.043358497,0.07114823,-0.0074210623
296.27206,-0.042262323,0.06887135,-0.006259544
296.28885,-0.042060945,0.06758547,-0.00851667
296.30563,-0.040594816,0.06540554,-0.0077188564
296.32227,-0.039318975,0.06292599,-0.0068775774
296.33878,-0.03846768,0.062014017,-0.009045464
296.3553,-0.037153937,0.059462726,-0.008176448
296.37195,-0.036066394,0.058388177,-0.010304105
296.38858,-0.034122765,0.055546578,-0.009456449
296.40518,-0.032404967,0.05292416,-0.008504493
296.4218,-0.03193233,0.05114264,-0.01067474
296.4387,-0.03008249,0.048145913,-0.009698611
296.4552,-0.028153844,0.045601204,-0.008691078
296.47177,-0.027277427,0.044464905,-0.010863546
296.4885,-0.023735758,0.040342554,-0.006583907
296.50534,-0.022027355,0.037704688,-0.0054891235
296.52246,-0.021924574,0.03776437,-0.010931743
296.5392,-0.019655202,0.03504734,-0.009985396
296.55566,-0.01701929,0.031997383,-0.008959076
296.57245,-0.014916916,0.029598802,-0.007772296
296.5893,-0.012871506,0.026993703,-0.0066343136
296.6057,-0.010633469,0.024077615,-0.0056276456
296.62247,-0.010568732,0.024105988,-0.010997883
296.63913,-0.006592057,0.020089872,-0.0065571265
296.656,-0.004299431,0.017763449,-0.0054263514
296.6727,-0.003028607,0.016681826,-0.0076011093
296.68903,-0.00053155643,0.014228586,-0.00646129
296.70587,0.0017638202,0.012176051,-0.005120495
296.72247,0.0028161432,0.010976033,-0.0073401323
296.73868,0.0050399303,0.0090964725,-0.0061008506
296.75626,0.007185827,0.006965169,-0.00465886
296.77228,0.00874682,0.0058766017,-0.007189941
296.78912,0.01055784,0.0043191677,-0.005658426
296.80597,0.013097568,0.0026698182,-0.0044950116
296.82233,0.014182392,0.0021476028,-0.006701734
296.83902,0.016989486,0.00012695538,-0.0053097056
296.85583,0.017706325,-0.0005438098,-0.0074376706
296.8726,0.019996457,-0.002011095,-0.0062190793
296.88898,0.022086227,-0.0032781602,-0.004948952
296.9063,0.022562675,-0.003916143,-0.0069879526
296.9221,0.02447473,-0.0049556247,-0.0059213694
296.93893,0.026401538,-0.005561909,-0.0042561586
296.9555,0.027399307,-0.006036797,-0.00646597
296.9728,0.029213749,-0.0068456065,-0.0050893966
296.98926,0.030539144,-0.00750881,-0.0039234157
297.00574,0.031479098,-0.0076803006,-0.005991877
297.02194,0.0326748,-0.0076117544,-0.004557491
297.0384,0.033860773,-0.007292848,-0.0030899013
297.05518,0.03458412,-0.0072608814,-0.0051193517
297.07193,0.035801962,-0.0068483124,-0.0038197795
297.08853,0.03656335,-0.0062050708,-0.0024587044
297.1051,0.037504867,-0.0057256375,-0.004582653
297.1218,0.038342897,-0.0045410264,-0.0031973596
297.13876,0.039100163,-0.0030432988,-0.0018251241
297.15546,0.038918216,-0.0023751003,-0.0041539725
297.1722,0.03933519,-0.001142933,-0.0028312206
297.18927,0.03982949,0.0004855691,-0.0015262756
297.2057,0.040391065,0.001241775,-0.0038951067
297.22244,0.040631175,0.0028394058,-0.002513107
297.23926,0.040833548,0.0047829803,-0.001304407
297.2557,0.041498616,0.0055430993,-0.0036396126
297.27258,0.041615255,0.00705885,-0.0023311211
297.2892,0.04150787,0.00893549,-0.0011824958
297.3058,0.041230273,0.009632277,-0.0034575912
297.32217,0.0412093,0.011560222,-0.002248384
297.33914,0.041177247,0.013599547,-0.0009373999
297.35577,0.041412458,0.01459534,-0.0033885094
297.37195,0.041017156,0.016441131,-0.002247202
297.38843,0.041033957,0.017208448,-0.0044505214
297.40527,0.04043033,0.01900929,-0.003305973
297.42188,0.040076926,0.020847427,-0.0022771063
297.43845,0.039660998,0.021513373,-0.004738494
297.45538,0.039375965,0.022783175,-0.0036163067
297.4719,0.038761035,0.024069557,-0.0026533138
297.48865,0.03877291,0.024579145,-0.005083986
297.5056,0.038082246,0.025631694,-0.004065842
297.52246,0.03723593,0.02657762,-0.0031445643
297.53894,0.03695346,0.027369417,-0.0056725102
297.55557,0.03618756,0.028050162,-0.0045547606
297.57196,0.03560649,0.028949432,-0.0035818233
297.5893,0.034611963,0.029511329,-0.0058606337
297.6055,0.03342361,0.030280204,-0.005100912
297.62207,0.03228325,0.030981028,-0.0039005494
297.63913,0.032112,0.031320807,-0.0063248454
297.65552,0.030696563,0.03235767,-0.00547379
297.6725,0.02927845,0.03349804,-0.0043012197
297.68872,0.029228397,0.03387899,-0.0069420114
297.70615,0.027695306,0.034932267,-0.005691716
297.722,0.026668442,0.035480008,-0.008497989
297.73862,0.025082583,0.036696333,-0.0070908465
297.7553,0.023921954,0.03791982,-0.005989519
297.77206,0.022997793,0.03849691,-0.008529427
297.78864,0.021717988,0.03958263,-0.0074288147
297.80542,0.020580295,0.040575985,-0.0062507214
297.8222,0.019167582,0.041911565,-0.0052301087
297.8387,0.017699502,0.04302264,-0.0041532055
297.85544,0.016628586,0.044521485,-0.002872031
297.87198,0.016764985,0.04447039,-0.0090006245
297.889,0.015993508,0.046002068,-0.007823485
297.90552,0.014531054,0.04747852,-0.006867797
297.92215,0.013486859,0.048812836,-0.0056481827
297.93893,0.012236478,0.05055275,-0.004371881
297.95563,0.011221571,0.052253775,-0.0032138375
297.97217,0.01042779,0.053287767,-0.005727946
297.98898,0.009735692,0.05475413,-0.0044883788
298.00583,0.009353238,0.056821242,-0.0034664546
298.02234,0.009183559,0.057941224,-0.0059237825
298.03888,0.008495967,0.059392534,-0.0047693257
298.0556,0.007980258,0.061671354,-0.0035928746
298.0722,0.0080309985,0.062433776,-0.0061526434
298.0889,0.0079339435,0.064632915,-0.0050776205
298.1055,0.007734089,0.06575371,-0.0039815684
298.1222,0.007473387,0.06630346,-0.006542401
298.1388,0.007289826,0.06751012,-0.0054384777
298.15558,0.007685605,0.06811083,-0.008024563
298.1723,0.007802959,0.069280416,-0.007012862
298.189,0.0072948933,0.069764204,-0.005926927
298.2058,0.0069454527,0.070385724,-0.0085328
298.22256,0.006737516,0.07116934,-0.007421637
298.23904,0.0065997685,0.07187367,-0.0063183308
298.2561,0.0064977687,0.07233753,-0.00508881
298.27246,0.0069354554,0.07262058,-0.007789433
298.2893,0.0072016884,0.07367509,-0.0065241153
298.3056,0.0071919765,0.07440631,-0.0053663016
298.32245,0.0069689797,0.07444175,-0.0077297413
298.33884,0.0074245627,0.074714236,-0.0066378918
298.35596,0.008009786,0.074922726,-0.009048487
298.37286,0.008428,0.07539342,-0.008061296
298.38913,0.008999447,0.075801745,-0.007005814
298.40543,0.009574919,0.075525574,-0.00947822
298.42203,0.010042769,0.07490537,-0.00818799
298.4386,0.0100495955,0.07398837,-0.007008984
298.4551,0.0099559035,0.07382134,-0.009573386
298.4718,0.010175984,0.07229166,-0.0083735315
298.48865,0.010084235,0.07007584,-0.0073429965
298.50555,0.009736729,0.06937856,-0.00988656
298.5223,0.009552125,0.06686158,-0.008914322
298.5391,0.00901635,0.064213626,-0.0077235247
298.55557,0.00876774,0.06232275,-0.0103729395
298.5724,0.008362113,0.059279468,-0.009017157
298.58963,0.007937759,0.056201912,-0.007812583
298.6059,0.0077750185,0.05435087,-0.010651058
298.62262,0.0068747327,0.05013575,-0.009192759
298.6391,0.0058004805,0.045412753,-0.008041444
298.65585,0.0051753637,0.04322083,-0.010574206
298.67227,0.0035628136,0.03776287,-0.009379262
298.68976,0.0021086428,0.032388818,-0.008059189
298.70557,0.0005912451,0.029746376,-0.010871571
298.7225,-0.001214739,0.02416606,-0.009256133
298.7386,-0.0021743872,0.0217953,-0.011927486
298.7557,-0.0038805192,0.016668541,-0.01047189
298.7718,-0.005017981,0.011981179,-0.00927032
298.78864,-0.005872887,0.009722089,-0.011731831
298.8054,-0.00759269,0.005020601,-0.010380103
298.82245,-0.008942858,0.000741276,-0.008902665
298.8391,-0.00985122,-0.0011099097,-0.011687966
298.85583,-0.010777192,-0.004322954,-0.010137929
298.8727,-0.011276869,-0.007999793,-0.008579963
298.88913,-0.012278581,-0.009102155,-0.011230404
298.90625,-0.012560189,-0.011545592,-0.009572932
298.92258,-0.012218874,-0.013830614,-0.00810157
298.93912,-0.012302106,-0.014788352,-0.010601101
298.95596,-0.012681894,-0.016355978,-0.008857839
298.97244,-0.012338625,-0.017532384,-0.0074166744
298.989,-0.011486866,-0.018029409,-0.009744205
299.00513,-0.010873745,-0.018575182,-0.008091486
299.02182,-0.011029899,-0.018418403,-0.010446557
299.0392,-0.009735089,-0.018413706,-0.008812743
299.05573,-0.008133345,-0.017952314,-0.007407124
299.07236,-0.0064724227,-0.017369986,-0.0057603503
299.0888,-0.006188935,-0.016858274,-0.008261966
299.10526,-0.0042603007,-0.015908906,-0.006566417
299.12186,-0.0029937709,-0.01557501,-0.009030687
299.13846,-0.000896203,-0.014528993,-0.007390961
299.1552,0.0009343183,-0.013747887,-0.0057587423
299.17206,0.0017518817,-0.0128651615,-0.008342119
299.18866,0.0049919817,-0.010884927,-0.002685011
299.20526,0.006748328,-0.009933414,-0.0010582759
299.22192,0.0067151026,-0.0099559575,-0.0077450816
299.23898,0.009079064,-0.008673871,-0.0061978158
299.25555,0.01086526,-0.0073385737,-0.0048314356
299.27286,0.013138557,-0.006265761,-0.003262917
299.28915,0.014769398,-0.0048963153,-0.0019704928
299.30563,0.016709546,-0.0034776607,-0.00032872014
299.32245,0.016698226,-0.0035335387,-0.0070093237
299.33896,0.018710881,-0.0019016662,-0.0055597387
299.3555,0.021484884,0.0005296544,0.00007039396
299.3722,0.022455718,0.0015850924,-0.0025152448
299.38864,0.024537463,0.003348211,-0.0011436698
299.40552,0.026225122,0.0048471787,0.00029421953
299.42258,0.027407441,0.0054452396,-0.002568315
299.43872,0.029163418,0.006717375,-0.001428244
299.45563,0.030525701,0.008283161,0.0000052454257
299.47266,0.031604692,0.008854836,-0.002860319
299.4891,0.032911304,0.010273816,-0.0018339573
299.50552,0.03442531,0.012118145,-0.0005760527
299.52243,0.035067476,0.013182516,-0.003241492
299.53873,0.036656223,0.0140969455,-0.0022797268
299.55573,0.037918713,0.015828319,-0.001077555
299.57254,0.038390417,0.017154759,-0.0040747095
299.58908,0.039657827,0.018732842,-0.0031558946
299.60565,0.04057387,0.019135877,-0.0060035465
299.6225,0.041510582,0.020687208,-0.0050436803
299.6388,0.04229347,0.022603309,-0.004226478
299.65555,0.04298269,0.022986718,-0.007054634
299.6722,0.043714367,0.02444052,-0.0062658214
299.68875,0.044103544,0.025877293,-0.0054021096
299.7053,0.043840945,0.026980702,-0.008411649
299.7219,0.044405494,0.028374383,-0.007534134
299.73868,0.044575393,0.029371198,-0.0065942584
299.7556,0.04459503,0.029610774,-0.00971927
299.77225,0.044589825,0.030696157,-0.008883495
299.78882,0.044520635,0.031508785,-0.007944341
299.8057,0.044519234,0.03166082,-0.010952659
299.82184,0.044328965,0.033034712,-0.010138572
299.83865,0.04410504,0.033771284,-0.009006041
299.85547,0.044253603,0.033943,-0.012040833
299.87183,0.04389481,0.035159964,-0.011176571
299.8886,0.044252623,0.03521569,-0.014083328
299.9054,0.04353795,0.035968326,-0.01319158
299.9222,0.04290884,0.036752965,-0.012259841
299.93896,0.042181164,0.03738481,-0.011325435
299.95547,0.042249452,0.037343796,-0.0143483495
299.97202,0.04118285,0.038321722,-0.013296198
299.9893,0.040288728,0.038792927,-0.012228944
300.0056,0.040237878,0.038253628,-0.015486825
300.02206,0.039221395,0.03878502,-0.014308679
300.03885,0.037845414,0.039488524,-0.013185175
300.0555,0.03758824,0.038927987,-0.01626408
300.072,0.036504097,0.03915422,-0.015217049
300.08878,0.03569147,0.039779592,-0.018139878
300.1058,0.03422804,0.03966361,-0.017138133
300.1222,0.03241718,0.039290205,-0.01637637
300.13852,0.03187813,0.039102726,-0.019114032
300.15518,0.0299177,0.03897677,-0.018035285
300.17194,0.02750828,0.0384075,-0.01701159
300.18848,0.026503287,0.03771301,-0.020006912
300.2054,0.024725225,0.03748571,-0.018920736
300.22202,0.022760222,0.036853325,-0.017822161
300.23856,0.021516386,0.036140673,-0.020840729
300.25516,0.019380217,0.035489783,-0.01961486
300.272,0.017489446,0.034664776,-0.018446174
300.2886,0.016669618,0.034476336,-0.021495514
300.3055,0.014295102,0.03376169,-0.02024509
300.32248,0.0118556395,0.032788295,-0.019234901
300.33923,0.011024624,0.031960938,-0.022285428
300.35562,0.008700274,0.031139988,-0.02108119
300.3726,0.006577397,0.030428939,-0.0196781
300.3892,0.00563045,0.029391872,-0.022730453
300.40594,0.0034418753,0.028385453,-0.02144678
300.42252,0.0017339471,0.027618049,-0.020125402
300.43912,0.0008544606,0.027066767,-0.022995869
300.45636,-0.0011951876,0.025859365,-0.0215551
300.47247,-0.0025896556,0.024387468,-0.020375153
300.4886,-0.0032602062,0.024403164,-0.023015356
300.50558,-0.0047135227,0.02310201,-0.021341471
300.52313,-0.0060230484,0.02207084,-0.019952027
300.5392,-0.007071966,0.022021627,-0.023176234
300.55573,-0.008565147,0.021045314,-0.021357141
300.57245,-0.009098637,0.019961381,-0.019623313
300.58856,-0.009330053,0.019455256,-0.022526268
300.60513,-0.010522332,0.018930048,-0.02064953
300.62198,-0.011249153,0.018012974,-0.0189778
300.63852,-0.011931654,0.017074266,-0.01742185
300.65524,-0.012530564,0.016009131,-0.01568319
300.6723,-0.012472605,0.016054822,-0.022943415
300.68927,-0.01295515,0.015077154,-0.021284694
300.7059,-0.012947772,0.013534563,-0.019655878
300.72275,-0.012683365,0.012589832,-0.017969899
300.73975,-0.012235659,0.011947548,-0.016290033
300.7566,-0.011971026,0.011331295,-0.014738797
300.77274,-0.0117715895,0.011141624,-0.017716497
300.78918,-0.0113995485,0.010138518,-0.015825823
300.80594,-0.011142906,0.008743694,-0.014116918
300.82263,-0.010891626,0.008474989,-0.016941547
300.83942,-0.010724265,0.0073169824,-0.015302422
300.8558,-0.010604349,0.006458131,-0.013812017
300.87228,-0.010519815,0.006103432,-0.016487887
300.88876,-0.010369634,0.004355796,-0.014824266
300.90543,-0.010127818,0.003378144,-0.013088981
300.92227,-0.010070115,0.0035553367,-0.015950603
300.93896,-0.009535936,0.0025138366,-0.014379785
300.9566,-0.009210263,0.001033623,-0.012734324
300.97272,-0.009138813,0.0013253954,-0.01601267
300.98914,-0.008488123,0.00059822167,-0.014119356
301.00577,-0.007827142,-0.0003496569,-0.012365154
301.02206,-0.00737675,-0.0013050184,-0.015160715
301.03946,-0.007160356,-0.0022045048,-0.013281362
301.0557,-0.0062389816,-0.0028130284,-0.011984119
301.07248,-0.0054595633,-0.003495492,-0.014478876
301.08923,-0.004718526,-0.00431549,-0.012875263
301.1056,-0.003921129,-0.005319569,-0.011208251
301.12256,-0.003543782,-0.0051320055,-0.013846593
301.13858,-0.0019421963,-0.0060057626,-0.012341159
301.15543,-0.0012158401,-0.0056712124,-0.014811674
301.1718,-0.00035753055,-0.0063544344,-0.013233256
301.1885,0.00096712465,-0.006851215,-0.0114499
301.20547,0.001664766,-0.007403239,-0.014269296
301.2222,0.002761434,-0.00822937,-0.012729687
301.23895,0.0038655838,-0.00868358,-0.011036555
301.25577,0.0046374085,-0.0088019315,-0.013963996
301.27264,0.006676384,-0.009561469,-0.012367138
301.28915,0.007972332,-0.010632228,-0.006274841
301.3055,0.007933354,-0.010661524,-0.01361325
301.32205,0.009091641,-0.01073354,-0.011816544
301.33884,0.010508841,-0.011020621,-0.010144701
301.35583,0.011113372,-0.010532564,-0.013141664
301.37253,0.012048117,-0.010785832,-0.011706434
301.38892,0.012966327,-0.011324623,-0.0101468805
301.40524,0.0136794625,-0.010911855,-0.01292565
301.42184,0.014948494,-0.010860867,-0.011184493
301.43842,0.0153901065,-0.011524082,-0.01409551
301.45514,0.01617526,-0.011319322,-0.012425749
301.47183,0.017233739,-0.01127831,-0.010844705
301.48846,0.017544806,-0.010947905,-0.01378857
301.50525,0.01827001,-0.011182521,-0.012152404
301.5224,0.01937332,-0.011541442,-0.0105953505
301.53903,0.020295313,-0.011575511,-0.009185252
301.5557,0.020662852,-0.011447865,-0.012087225
301.5724,0.021460176,-0.011560559,-0.010501267
301.58908,0.021799874,-0.0119661195,-0.013454625
301.60562,0.022706002,-0.012041523,-0.0118876975
301.62228,0.023380486,-0.012024874,-0.010224562
301.63916,0.02356741,-0.011613944,-0.013177759
301.65558,0.024226768,-0.011706999,-0.011658047
301.6722,0.025002485,-0.011722786,-0.009952839
301.6893,0.025454748,-0.011534504,-0.012879486
301.70575,0.025565043,-0.011546875,-0.011478056
301.72235,0.025806006,-0.011461517,-0.009792848
301.7387,0.026170954,-0.011109104,-0.012695719
301.75598,0.026377978,-0.0106399795,-0.010963223
301.77206,0.026605956,-0.010308367,-0.009650192
301.7893,0.026406502,-0.010442723,-0.012339433
301.8053,0.02626487,-0.010288315,-0.01100218
301.82196,0.026331197,-0.009613801,-0.0090889735
301.83884,0.026369847,-0.009899019,-0.012082378
301.8565,0.026463471,-0.009253836,-0.010539965
301.87234,0.026394915,-0.008585735,-0.009379993
301.88892,0.026256016,-0.008530969,-0.011981617
301.9058,0.025922818,-0.008241771,-0.010305032
301.92264,0.02560966,-0.007533556,-0.008755179
301.93915,0.02556934,-0.007161802,-0.011800678
301.956,0.024923733,-0.0064286953,-0.01009796
301.97272,0.02432862,-0.0060077365,-0.008521757
301.9888,0.024204245,-0.005843596,-0.011496939
302.00552,0.02347962,-0.005226919,-0.009632442
302.02225,0.022840401,-0.004553231,-0.008018409
302.03925,0.021911003,-0.0036406901,-0.0063951295
302.0554,0.021896563,-0.0037253825,-0.014130805
302.07257,0.02099178,-0.0028295747,-0.012296736
302.08932,0.02019889,-0.002198109,-0.01100896
302.10583,0.019372243,-0.002107513,-0.009482597
302.12262,0.018625282,-0.0012514468,-0.007863839
302.13925,0.01760948,-0.00031802955,-0.006451754
302.15512,0.01760842,-0.00038479175,-0.014033845
302.17206,0.015839804,0.0005057381,-0.007595029
302.18863,0.014983291,0.001014421,-0.0062923464
302.2054,0.014105561,0.0014727644,-0.004824314
302.22192,0.013441595,0.0014302059,-0.007971149
302.23853,0.012871652,0.0015875512,-0.0064806687
302.25607,0.012234639,0.0017124168,-0.0050348225
302.27234,0.01193918,0.0018486214,-0.008535507
302.28912,0.01086765,0.0024921203,-0.006945188
302.30594,0.009999084,0.0026984545,-0.005607479
302.32263,0.009622837,0.0025627986,-0.008804467
302.33893,0.008791787,0.0025098312,-0.0074668173
302.3555,0.008427731,0.0022913187,-0.010461631
302.37247,0.0074883318,0.0028144966,-0.009040313
302.38916,0.0066287722,0.002930461,-0.007816053
302.4055,0.0062591434,0.0028642016,-0.010962877
302.42194,0.0055069937,0.0027412164,-0.009449958
302.4385,0.0047062114,0.0027959906,-0.007974006
302.45523,0.004281198,0.0028170552,-0.011045498
302.47177,0.0036072386,0.002659722,-0.009679111
302.48843,0.0030130942,0.0027480142,-0.008128644
302.50522,0.0023687428,0.0026686543,-0.0112593565
302.5223,0.0017401024,0.0026284696,-0.009792417
302.53885,0.0009281554,0.0027533625,-0.008466983
302.556,0.0008603821,0.0033106883,-0.011508688
302.573,0.0002013086,0.0031592825,-0.0101583
302.59012,-0.0002822772,0.0030299828,-0.0087902965
302.60583,-0.0007037824,0.0025344784,-0.011978368
302.6227,-0.0014276617,0.0024807171,-0.009955044
302.63947,-0.002029729,0.0022273324,-0.008487923
302.65567,-0.0025494692,0.0019051272,-0.011571821
302.67294,-0.0029241412,0.001859687,-0.009741721
302.68912,-0.0031449401,0.0017031941,-0.008460407
302.7064,-0.003717724,0.001240355,-0.0112395855
302.7224,-0.0041508093,0.0009663959,-0.009897992
302.7397,-0.004400232,0.00058547454,-0.007962398
302.75583,-0.0046174983,0.0005157337,-0.011320202
302.77216,-0.0051312735,0.000053887918,-0.00943128
302.78937,-0.0054733907,-0.0004049386,-0.00761656
302.80576,-0.0054625827,-0.00045472468,-0.010892699
302.82254,-0.005457419,-0.0011129378,-0.009107851
302.83905,-0.0059983265,-0.0021132187,-0.0074799084
302.85577,-0.006058504,-0.0022944224,-0.010418604
302.8722,-0.006409384,-0.0028578367,-0.00873122
302.88852,-0.006832173,-0.003487107,-0.011627071
302.90518,-0.0072033666,-0.0039913952,-0.009694401
302.92206,-0.007545379,-0.004255102,-0.007966582
302.93854,-0.007740976,-0.004762976,-0.011011394
302.9553,-0.008099201,-0.0051966687,-0.009145478
302.9719,-0.008486412,-0.0059807417,-0.007411058
302.98883,-0.007964344,-0.0059466856,-0.010351532
303.0054,-0.008006646,-0.006736574,-0.008685033
303.02185,-0.008315697,-0.0071440977,-0.0068182545
303.03888,-0.008629193,-0.007663218,-0.009685086
303.0556,-0.008598435,-0.008493883,-0.008053143
303.0723,-0.008487481,-0.009286889,-0.0062598763
303.08908,-0.008623119,-0.009350292,-0.009290814
303.10565,-0.008971389,-0.010245861,-0.0075377724
303.12253,-0.009072506,-0.0111584775,-0.0056541106
303.13913,-0.008905879,-0.01126237,-0.008753678
303.15567,-0.009113649,-0.01206589,-0.0069028107
303.17242,-0.009236891,-0.01292326,-0.005053104
303.1893,-0.009338617,-0.013702855,-0.008089135
303.20575,-0.009582638,-0.014613079,-0.0064071724
303.2225,-0.009763145,-0.015439045,-0.0045516538
303.2391,-0.0096091665,-0.01588584,-0.007615587
303.2558,-0.009293528,-0.016656283,-0.005854367
303.27267,-0.009490214,-0.017345607,-0.004123152
303.28915,-0.009715473,-0.017857483,-0.0072788447
303.30576,-0.009722307,-0.018621827,-0.005452988
303.32236,-0.00958809,-0.01969801,-0.0037703032
303.33917,-0.010083547,-0.020436518,-0.0067869197
303.35574,-0.009984592,-0.020919846,-0.005193402
303.3725,-0.009668435,-0.021672532,-0.0034585106
303.38925,-0.0095561305,-0.02183906,-0.006603176
303.4057,-0.009691182,-0.022708058,-0.004997903
303.42233,-0.009673671,-0.023542263,-0.00320196
303.43866,-0.009795553,-0.024239046,-0.0015155002
303.45535,-0.0097612,-0.024707466,0.00033957954
303.47208,-0.009857687,-0.024669105,-0.007477002
