time,x,y,z
80.795494,-0.008002003,0.0014925918,0.006256748
80.81235,-0.007705041,0.0018167342,0.0061204927
80.8285,-0.007281954,0.0023146225,0.006052233
80.84546,-0.00710394,0.002895666,0.005932848
80.862305,-0.0066889953,0.0033502455,0.005823455
80.87876,-0.0063444446,0.0036400412,0.005794723
80.8953,-0.005766561,0.004674956,0.005716355
80.912025,-0.004997225,0.005156642,0.005753682
80.92865,-0.0049899686,0.005378773,0.0058093695
80.945274,-0.004444553,0.0061228126,0.005833111
80.96204,-0.003580944,0.006776492,0.0059682713
80.97867,-0.0031968441,0.006734655,0.005975861
80.99543,-0.0021208907,0.0069728484,0.0061336453
81.012,-0.0014086062,0.007171591,0.0061553735
81.02866,-0.0008091919,0.007217365,0.0062198867
81.04521,0.0003160872,0.007997706,0.0062834523
81.06202,0.0007934505,0.008211363,0.0063629653
81.07874,0.00172849,0.00890672,0.006391106
81.09541,0.0029354633,0.009293815,0.0064039426
81.11213,0.003605027,0.010044359,0.0064643784
81.129,0.004122291,0.01000018,0.00646233
81.145424,0.004932274,0.010457943,0.0063985973
81.16219,0.0058697606,0.010929964,0.00624034
81.178795,0.006245985,0.011045858,0.0061264504
81.19542,0.0069922907,0.011664227,0.0059017264
81.212326,0.007707437,0.012056344,0.0057073785
81.22883,0.008125863,0.012202939,0.0055763237
81.24559,0.008604825,0.012305607,0.0053467974
81.26207,0.008903861,0.01256707,0.0052107
81.27875,0.009389015,0.013325967,0.004917353
81.29545,0.009956072,0.013334184,0.0045558712
81.312,0.010181272,0.013348314,0.00438482
81.32866,0.01060597,0.013947381,0.0040205736
81.34555,0.011118377,0.014296727,0.0036244667
81.3618,0.011372484,0.014512362,0.003388897
81.378815,0.011786573,0.014636401,0.0028474978
81.395325,0.011928564,0.015148008,0.002117168
81.41201,0.012141437,0.01523793,0.0017948982
81.4286,0.012374736,0.01563615,0.0010663667
81.445656,0.012591845,0.015364935,0.00039289385
81.46213,0.012324361,0.015673114,0.00007877362
81.47885,0.012357734,0.015861856,-0.0005791554
81.49548,0.012406568,0.015682753,-0.0014272828
81.5121,0.012047666,0.015422457,-0.0018349438
81.52877,0.011417358,0.015469722,-0.00274058
81.54543,0.011137243,0.015098133,-0.0036939853
81.56228,0.01063022,0.014736777,-0.0042328746
81.578865,0.010040797,0.014448366,-0.0052594543
81.59544,0.009624076,0.013897375,-0.0063488483
81.61205,0.009483268,0.013698439,-0.0068450184
81.62878,0.0090269465,0.013660532,-0.0077975793
81.64527,0.008482084,0.01326691,-0.00826856
81.662155,0.008045965,0.012751402,-0.009089056
81.67843,0.007580531,0.012632934,-0.009829187
81.695335,0.007744699,0.012098286,-0.010160149
81.71219,0.007353392,0.011325779,-0.010773048
81.72876,0.006984758,0.010385508,-0.011308741
81.74551,0.0070482134,0.009859455,-0.011515311
81.762085,0.0064368937,0.009061121,-0.011975144
81.778534,0.0061222687,0.008351952,-0.012285875
81.7954,0.00551635,0.0075715985,-0.012590945
81.81207,0.005083941,0.007200544,-0.012738221
81.82894,0.0049689463,0.007074092,-0.012736528
81.84529,0.004971204,0.006719414,-0.012735643
81.86218,0.0048153675,0.0065457267,-0.012371345
81.87893,0.0046979357,0.0063799964,-0.011909984
81.895294,0.004556824,0.0063320175,-0.011212013
81.91215,0.0038328106,0.0061003645,-0.010512636
81.92889,0.003961944,0.005702118,-0.009685961
81.945274,0.003944326,0.005424836,-0.009194782
81.9619,0.003813199,0.0053025987,-0.008128603
81.97904,0.0037814968,0.004801627,-0.0069624027
81.9953,0.0036696193,0.004425302,-0.0063341293
82.01177,0.0037177003,0.0040309187,-0.0049973587
82.02883,0.0037939376,0.0039593875,-0.003635627
82.04543,0.003947426,0.0035212308,-0.0028670218
82.06202,0.004265903,0.0033310922,-0.0013313809
82.07856,0.00437335,0.002910984,0.00045066173
82.095215,0.0045448216,0.0027753846,0.0013671485
82.112465,0.0051914616,0.0027292876,0.0032190888
82.12872,0.0053556296,0.0022323334,0.0041922405
82.14541,0.005424303,0.0020202575,0.006060925
82.16211,0.0056625754,0.002071035,0.00787989
82.17887,0.0056141727,0.0017524323,0.0087695075
82.19534,0.0054248143,0.0013145986,0.010486932
82.211754,0.0056324354,0.0012159001,0.012116917
82.22878,0.0058453023,0.0011027792,0.012824923
82.24534,0.0056906147,0.0012243055,0.014254912
82.261986,0.0054787793,0.0011060352,0.015483425
82.27872,0.005634554,0.00094823656,0.016069943
82.295494,0.0056514707,0.0009823805,0.017158728
82.311905,0.0059001963,0.0014123057,0.018139716
82.32847,0.0057643913,0.0016788937,0.018586557
82.34551,0.0056883916,0.0023132863,0.019483363
82.36177,0.0052746264,0.00267813,0.020132598
82.37902,0.005355847,0.0024714605,0.020393346
82.39572,0.004975444,0.0030932208,0.020731606
82.41209,0.0042828773,0.0036009005,0.020882167
82.42874,0.004270521,0.0035533137,0.020907646
82.44567,0.004066318,0.004355012,0.020807354
82.46259,0.004123664,0.005398885,0.020826347
82.47897,0.003934106,0.0054715048,0.020801457
82.49553,0.003774424,0.0058540967,0.020704119
82.511955,0.003875881,0.006806109,0.020608895
82.528404,0.0037619397,0.006957621,0.020583479
82.54558,0.004183217,0.007834149,0.02054073
82.56241,0.0046846275,0.008408636,0.020395191
82.57889,0.004755198,0.008481622,0.020345418
82.59553,0.0050844434,0.008972245,0.020226292
82.61217,0.005204263,0.009161015,0.020109255
82.62885,0.005581254,0.009415296,0.019977633
82.645676,0.006005462,0.009686891,0.019826619
82.66216,0.0062580546,0.009902737,0.019734768
82.67839,0.0065868725,0.010211941,0.01959474
82.69527,0.0068160286,0.010740469,0.019384015
82.71206,0.0067480374,0.0106967,0.019327177
82.72868,0.006770452,0.011048605,0.019130055
82.74562,0.007066983,0.011286997,0.018879699
82.76236,0.007154989,0.011207799,0.018757122
82.77888,0.0071390974,0.011604007,0.018505957
82.79557,0.007611813,0.0116417445,0.018197892
82.812225,0.007898845,0.011329611,0.01798408
82.82887,0.007582272,0.011355579,0.01749656
82.84543,0.0074026464,0.011350769,0.01685913
82.86212,0.0074072923,0.011147874,0.016456312
82.87896,0.0073064053,0.010789459,0.01551839
82.8955,0.007107965,0.0107913185,0.014449172
82.91229,0.006980444,0.010768002,0.013935229
82.92881,0.007076077,0.010712484,0.012823152
82.945526,0.0071295784,0.010501887,0.011768074
82.96223,0.0066042845,0.00997452,0.011222372
82.979034,0.0067417696,0.01008067,0.010095599
82.99539,0.006681053,0.009924592,0.009416187
83.012115,0.006453415,0.009948164,0.00823781
83.02877,0.0061710514,0.009360439,0.006965815
83.04543,0.00630483,0.009540226,0.005613181
83.0619,0.006319787,0.009495908,0.004911735
83.078705,0.0058629066,0.009777049,0.0033722653
83.0953,0.0058931834,0.009239983,0.0026137743
83.11193,0.0056171324,0.009107593,0.00095100835
83.12875,0.00545161,0.009285896,-0.0006652249
83.145485,0.0049746,0.00900236,-0.0014489547
83.16205,0.004480733,0.008904776,-0.003123839
83.17899,0.0042923605,0.009135184,-0.0055832914
83.19572,0.0042936704,0.008706708,-0.0055825175
83.21228,0.0036216262,0.009149614,-0.0071791653
83.22868,0.003263927,0.008976685,-0.008775581
83.245476,0.0025398205,0.008592556,-0.010400292
83.26203,0.0020539663,0.008597422,-0.011939942
83.27892,0.0012416863,0.008763515,-0.013444674
83.29539,0.0012445989,0.008331027,-0.013444461
83.31213,0.00039371228,0.00802357,-0.014930496
83.329056,-0.0005524723,0.0078511,-0.017116556
83.34558,-0.00092464674,0.007428426,-0.017772049
83.362175,-0.001424666,0.007001103,-0.019110573
83.37872,-0.002123007,0.0067492356,-0.020335415
83.39544,-0.0024204405,0.0064933277,-0.020905541
83.41214,-0.0030447596,0.0066809338,-0.02208001
83.42882,-0.0032746363,0.006857181,-0.023073358
83.445625,-0.003712069,0.0065310556,-0.023549585
83.462296,-0.0042670467,0.0064256266,-0.024482276
83.478676,-0.0043520965,0.006559476,-0.025290554
83.49578,-0.00435801,0.006483771,-0.025717981
83.512054,-0.0042589596,0.006157085,-0.026405478
83.5288,-0.0042336914,0.0059873005,-0.026754724
83.54562,-0.004747441,0.006238924,-0.027249781
83.56211,-0.004969693,0.005991195,-0.027739506
83.57882,-0.0053514848,0.0054656533,-0.028187277
83.59559,-0.005364199,0.0050086286,-0.028338129
83.612175,-0.0050949813,0.0050454126,-0.028628573
83.628784,-0.0052024173,0.004901686,-0.028684838
83.64552,-0.00491069,0.0045725773,-0.028627845
83.66226,-0.0047757723,0.004653565,-0.028523529
83.678604,-0.004675905,0.00440941,-0.02842386
83.69504,-0.004170133,0.0043086875,-0.02811525
83.712585,-0.0036323932,0.0043612896,-0.027656158
83.72863,-0.0032901296,0.0040410613,-0.027360713
83.74546,-0.002945937,0.0039633564,-0.02665217
83.76283,-0.0024188163,0.004159373,-0.025843946
83.77886,-0.0018230504,0.003664207,-0.025375023
83.795334,-0.0016666579,0.0033848772,-0.024357228
83.8121,-0.0011358124,0.0037958317,-0.023195475
83.828964,-0.0008899071,0.0036887445,-0.022596108
83.84567,-0.00027201846,0.0040723667,-0.021269407
83.862076,0.00025820293,0.0041336683,-0.019775482
83.87873,0.00058551814,0.0041168686,-0.019011708
83.895775,0.0009416361,0.0040749977,-0.017386377
83.912056,0.0010576042,0.0047089276,-0.015754445
83.928764,0.0010945797,0.0045125657,-0.014937068
83.945366,0.0015110673,0.0043625035,-0.013308178
83.96213,0.0017021808,0.004674025,-0.011730455
83.97897,0.0017874738,0.0048778993,-0.01088704
83.9958,0.0016365045,0.0049993163,-0.009138983
84.0121,0.001708331,0.0049420525,-0.008285539
84.02909,0.0012581435,0.00497496,-0.0065560713
84.045845,0.001232332,0.0048908177,-0.0048964885
84.06215,0.00087309885,0.0049720476,-0.0040166546
84.07872,0.0007610606,0.0047895797,-0.0022873823
84.09551,0.00041276385,0.0047644256,-0.0005774522
84.11229,0.0001543508,0.004661278,0.00027698383
84.129,-0.00023360811,0.0047981055,0.0020215805
84.1455,-0.0006137786,0.0049099843,0.0037211487
84.162186,-0.000888833,0.0045874226,0.0045611323
84.17872,-0.001537744,0.0043523153,0.006146278
84.19551,-0.0023699573,0.004315196,0.007600999
84.21243,-0.0027541278,0.0040197214,0.008286009
84.22863,-0.0032627368,0.0038689713,0.009479566
84.24539,-0.0040687225,0.0035402947,0.010661038
84.262245,-0.0041224025,0.0033971097,0.011238119
84.278824,-0.004942369,0.0034643556,0.012275465
84.29566,-0.005758152,0.0032145665,0.013202729
84.312164,-0.006155115,0.0028334362,0.013576425
84.3286,-0.006702788,0.0031526594,0.014302848
84.345276,-0.0077837743,0.002853791,0.014934465
84.36209,-0.007959849,0.0025676452,0.015179455
84.37862,-0.008879814,0.0025239983,0.01563174
84.39539,-0.0090302145,0.0023540384,0.015816081
84.41225,-0.010045347,0.002712772,0.016067168
84.42864,-0.010837203,0.0026902575,0.01621774
84.44537,-0.010939899,0.0024986495,0.016245507
84.461815,-0.011215539,0.0024193774,0.01619907
84.47879,-0.011469783,0.002293722,0.01606744
84.495384,-0.011940001,0.002100853,0.015916258
84.512146,-0.012379775,0.0016743738,0.015539022
84.52873,-0.012568177,0.0019290092,0.015041993
84.54537,-0.012586935,0.0018095822,0.014718739
84.56242,-0.012914098,0.0021403893,0.01394898
84.579124,-0.013293513,0.002232192,0.012984645
84.59559,-0.013328604,0.0021300323,0.0124179665
84.61215,-0.013545934,0.0026113742,0.011158243
84.62893,-0.013596345,0.0029149097,0.009748523
84.645325,-0.013796046,0.0028041557,0.008117151
84.66222,-0.013724422,0.0032232753,0.0064031635
84.67889,-0.014079626,0.0036609406,0.0045574657
84.695595,-0.014080706,0.003169067,0.0045539904
84.71221,-0.014373283,0.0037296014,0.0024755846
84.72865,-0.014518503,0.0036211982,0.00033174054
84.74553,-0.0144595755,0.0046281675,-0.0018971462
84.76219,-0.01440145,0.004837626,-0.004154029
84.77875,-0.014172436,0.0053406493,-0.0064495173
84.79548,-0.014022136,0.0054626768,-0.007595145
84.812035,-0.013596681,0.0063771927,-0.009750706
84.82882,-0.013088796,0.006912793,-0.012022856
84.84534,-0.013059804,0.0065552816,-0.013174472
84.861885,-0.012854365,0.007026719,-0.015481053
84.87892,-0.0125011075,0.0076099704,-0.01779881
84.89562,-0.01225385,0.0078329975,-0.018903198
84.9122,-0.011919753,0.007861603,-0.0211651
84.92875,-0.011197452,0.0077121025,-0.023499906
84.945595,-0.011086445,0.00758095,-0.02461798
84.96217,-0.01018459,0.008106363,-0.026868671
84.979034,-0.009715626,0.007736802,-0.029077206
84.995705,-0.009481158,0.0073678913,-0.030157192
85.01206,-0.008696443,0.0073617105,-0.032110326
85.028885,-0.008410294,0.0072863437,-0.03312245
85.04559,-0.00771905,0.007391836,-0.034932133
85.0624,-0.0069000004,0.0071575935,-0.03657968
85.079056,-0.006574519,0.0069893384,-0.037326723
85.0957,-0.005829541,0.0071045463,-0.038966667
85.11232,-0.005078252,0.0068135974,-0.040444363
85.1292,-0.0049131815,0.0067775915,-0.041159566
85.14544,-0.004162451,0.0068567665,-0.042369206
85.16213,-0.0033960538,0.0070387684,-0.043457024
85.17867,-0.0028094999,0.0064509427,-0.043968573
85.195404,-0.002184472,0.0062257526,-0.044887792
85.212395,-0.001113595,0.005656092,-0.045575846
85.22875,-0.0006408844,0.0053023687,-0.045893393
85.24533,-0.00005011495,0.0053663636,-0.04636566
85.26236,0.0005656528,0.0047726966,-0.046717126
85.27885,0.00082787,0.004478218,-0.046897586
85.29578,0.0013132854,0.0044186716,-0.047070384
85.31235,0.0015509989,0.004457479,-0.047003426
85.328865,0.0020262809,0.0036043026,-0.04696561
85.34519,0.002345517,0.0035306248,-0.0466753
85.36205,0.0024840909,0.0032351324,-0.046453565
85.37905,0.0031329754,0.0033959101,-0.045930803
85.39547,0.0031545544,0.0028970256,-0.04526233
85.41227,0.0029948715,0.002556707,-0.04484038
85.42876,0.0033044417,0.0021888227,-0.044004153
85.444984,0.0032910241,0.0020782966,-0.043024313
85.46215,0.0030122115,0.0014183049,-0.042497594
85.478775,0.0030560982,0.0013088103,-0.041390155
85.49523,0.002946852,0.00057846046,-0.040777877
85.51212,0.003222372,0.00062481436,-0.0394397
85.52905,0.0031047699,0.00030002164,-0.037889093
85.54566,0.0030451333,-0.00016970275,-0.036188584
85.5622,0.0029357432,-0.0006298416,-0.035335995
85.57897,0.0029061441,-0.00040406414,-0.033566754
85.5956,0.0028373513,-0.0008917619,-0.03170111
85.61242,0.002759327,-0.0010679659,-0.030729756
85.628914,0.0024315764,-0.0012971702,-0.028801495
85.64548,0.0021355776,-0.0015257722,-0.026781527
85.66207,0.0020097182,-0.0018194704,-0.025739873
85.67894,0.0016495622,-0.0021798217,-0.023707666
85.69539,0.0012194627,-0.0025769717,-0.02155991
85.71214,0.00083283364,-0.0027200885,-0.0204848
85.728935,0.00046878328,-0.003312473,-0.018304402
85.74574,-0.00033397175,-0.0032758412,-0.016162252
85.76239,-0.00044837748,-0.0036446531,-0.015137323
85.778824,-0.0011359196,-0.0035668155,-0.013041818
85.79558,-0.001856008,-0.003406089,-0.010942373
85.81201,-0.002037307,-0.003614088,-0.009905082
85.82896,-0.0028396072,-0.003879983,-0.007918023
85.845345,-0.0035685922,-0.0043426855,-0.0059719873
85.86224,-0.0042338786,-0.0046164826,-0.005018068
85.87878,-0.0051495624,-0.004725283,-0.003155872
85.895706,-0.00589799,-0.0048650815,-0.0013931227
85.9122,-0.00626572,-0.0054813214,-0.0005378379
85.92891,-0.0075694607,-0.005819874,0.0011270851
85.94554,-0.007723278,-0.006223896,0.0019157242
85.96242,-0.008934066,-0.0062432927,0.0034855697
85.97886,-0.009883226,-0.0063184104,0.005034182
85.99553,-0.01003897,-0.006760072,0.0057606283
86.012245,-0.011296202,-0.0064265467,0.007896646
86.02869,-0.011993825,-0.0064501497,0.009228195
86.04587,-0.011996434,-0.0069880234,0.009225069
86.06231,-0.012564101,-0.0068582757,0.010474037
86.07892,-0.013151328,-0.0070023476,0.011649181
86.09566,-0.013455513,-0.0071086753,0.012775213
86.112526,-0.014023793,-0.007538221,0.013905098
86.1287,-0.014443732,-0.007576756,0.01494208
86.14573,-0.0144475745,-0.0081093935,0.01493809
86.16214,-0.014964336,-0.007481026,0.01634652
86.17885,-0.015201997,-0.007375988,0.017095115
86.195435,-0.015351007,-0.007717532,0.017422976
86.21219,-0.015835626,-0.008174869,0.017983684
86.229355,-0.01589845,-0.008118498,0.018452674
86.245804,-0.015904216,-0.008032638,0.018670907
86.26218,-0.016081547,-0.007615933,0.019027306
86.27895,-0.016234498,-0.0075167483,0.019256158
86.295456,-0.01636621,-0.0075254217,0.01934537
86.31222,-0.016646553,-0.0070388094,0.019490037
86.32881,-0.016675226,-0.0068733646,0.019529736
86.34529,-0.016994586,-0.0062198495,0.019491
86.36216,-0.016981827,-0.0053710574,0.019394936
86.378975,-0.016882703,-0.0044928044,0.019235307
86.39546,-0.016816458,-0.0040150606,0.019161317
86.412186,-0.01662785,-0.0028675066,0.018895106
86.428825,-0.016400103,-0.0027848177,0.018706478
86.44568,-0.015775437,-0.0015585088,0.018343117
86.46227,-0.015329977,0.00002880438,0.017904226
86.47886,-0.014837233,0.00031345355,0.017632954
86.49547,-0.014246038,0.0017595806,0.017073672
86.51208,-0.013902297,0.003013651,0.016498486
86.52875,-0.013592419,0.0033100806,0.016189672
86.5455,-0.0128374,0.0045761336,0.015538577
86.56192,-0.012195015,0.005769124,0.014847974
86.579056,-0.011843068,0.0060300766,0.014506527
86.59543,-0.010453529,0.0074598324,0.013784559
86.61219,-0.009451666,0.008602127,0.013034783
86.628876,-0.009274392,0.0086779045,0.012628618
86.64541,-0.008115524,0.009912951,0.011919967
86.66193,-0.0071253297,0.011004846,0.011195635
86.67872,-0.0064345486,0.011155047,0.010831111
86.69552,-0.0055467784,0.012303731,0.010111378
86.71221,-0.004621759,0.013169999,0.009435698
86.72895,-0.0039867563,0.013201747,0.009106904
86.74549,-0.0027445012,0.01391571,0.008403243
86.76235,-0.0016700639,0.015009768,0.007671572
86.77894,-0.0012710484,0.015092859,0.0072759725
86.7959,-0.00017116105,0.015614435,0.00657823
86.812325,0.001109775,0.015917448,0.0058811894
86.829,0.0017813382,0.015769323,0.0055245855
86.845695,0.0029026198,0.016015353,0.004818216
86.8623,0.0043478445,0.01601454,0.0041843723
86.878914,0.0050366437,0.015879292,0.0038834496
86.89585,0.0064524,0.01607738,0.0032278514
86.91214,0.0065029096,0.015905522,0.0028969839
86.92898,0.0076903384,0.016119212,0.0022816458
86.94559,0.008458412,0.016132701,0.0016641109
86.96228,0.009026617,0.015874583,0.0013779185
86.97841,0.009495965,0.016105155,0.0008670859
86.99593,0.010032644,0.016210014,0.00029739417
87.01227,0.010458643,0.01572636,0.000028355053
87.0289,0.010808237,0.015006894,-0.00048715796
87.04551,0.010661722,0.015095767,-0.00095883996
87.06219,0.010784312,0.014527384,-0.0012033448
87.07887,0.010770286,0.014265396,-0.0016804214
87.095566,0.010621926,0.013651632,-0.0022851424
87.11217,0.01053148,0.013171162,-0.002574682
87.12883,0.010498896,0.0128392875,-0.003142856
87.145355,0.009929713,0.012352063,-0.0036888397
87.16242,0.00977033,0.011376528,-0.0039874613
87.178825,0.009635822,0.010730794,-0.0044830227
87.19537,0.009301714,0.010458724,-0.0048929085
87.21232,0.0087957615,0.009686068,-0.005104566
87.22902,0.008383229,0.008960531,-0.0054235025
87.24555,0.0082404595,0.008539374,-0.0055902023
87.26213,0.0077521917,0.008244199,-0.0057791313
87.27866,0.006992045,0.0077635017,-0.005881302
87.29556,0.0071372837,0.007071863,-0.0058930456
87.31226,0.0067123575,0.0065922705,-0.0059740436
87.328896,0.005871212,0.00571232,-0.005947985
87.34539,0.0053442633,0.0053746216,-0.005870978
87.362015,0.004321273,0.004732492,-0.0057231802
87.379105,0.003332214,0.0039887573,-0.005494913
87.395584,0.003156752,0.003176283,-0.0053962423
87.41216,0.0016182612,0.002381883,-0.0049419017
87.42884,0.00053798966,0.0018659875,-0.00461948
87.44569,0.00053934875,0.001274982,-0.0046192706
87.46217,-0.00053489255,0.0001939353,-0.0043123364
87.478775,-0.0017032864,-0.00053186156,-0.004012296
87.4956,-0.0031769953,-0.0015140958,-0.0036775977
87.511894,-0.0044471812,-0.002419082,-0.00337936
87.52885,-0.0058865403,-0.0033281601,-0.0030866882
87.54559,-0.005885437,-0.0039317533,-0.0030883749
87.56221,-0.008012262,-0.0048743617,-0.002674152
87.57912,-0.009261541,-0.005818117,-0.0024329238
87.59563,-0.009865203,-0.0062737144,-0.0023025637
87.612114,-0.010675502,-0.006978382,-0.0020368777
87.62869,-0.01165049,-0.0075537413,-0.0018052097
87.64539,-0.011750789,-0.008108864,-0.0016686895
87.66263,-0.0125400005,-0.008673778,-0.0013586283
87.67885,-0.01333452,-0.00918881,-0.0010465578
87.69573,-0.013564618,-0.009325777,-0.0008453903
87.71229,-0.01420872,-0.009589071,-0.00040924325
87.72882,-0.014670184,-0.010086295,0.00007725281
87.74573,-0.015423785,-0.010592331,0.00029273628
87.762344,-0.015673896,-0.010298406,0.000847516
87.77891,-0.015607489,-0.010683889,0.0010954946
87.7956,-0.015750283,-0.010757264,0.0016992245
87.81223,-0.016059658,-0.010506687,0.0023242596
87.82863,-0.015783936,-0.010539857,0.0026843115
87.84567,-0.015744422,-0.010483528,0.0033644135
87.86266,-0.0155568775,-0.010339283,0.004077876
87.878845,-0.016109355,-0.010524767,0.004458627
87.89567,-0.015982227,-0.010057018,0.0051729516
87.912254,-0.015835892,-0.010002214,0.005922605
87.92901,-0.0157228,-0.010226745,0.00626835
87.94572,-0.015419334,-0.009944938,0.007034408
87.962326,-0.015350577,-0.009326242,0.007832672
87.97903,-0.014603433,-0.009292363,0.008228531
87.99548,-0.014258424,-0.008656897,0.009037208
88.01242,-0.013757072,-0.007935789,0.009843291
88.028984,-0.013668206,-0.0077589257,0.010285125
88.04529,-0.0128283035,-0.006994939,0.011190644
88.06217,-0.012236887,-0.006274643,0.012103531
88.07907,-0.012026436,-0.006271683,0.0126276845
88.09569,-0.011213722,-0.005154604,0.013602291
88.112274,-0.010066868,-0.004230614,0.014575021
88.1291,-0.00957285,-0.004287769,0.015014788
88.14528,-0.008808518,-0.0035687033,0.015945828
88.16226,-0.0077926093,-0.0025611562,0.016875079
88.179085,-0.006956983,-0.0022942168,0.017275512
88.19555,-0.0059864484,-0.0012286205,0.018140422
88.2124,-0.005310936,-0.000065669796,0.018930929
88.22886,-0.004606803,0.00036300992,0.01930144
88.245705,-0.0032799363,0.0014584394,0.019914133
88.262375,-0.0023672406,0.002543988,0.020370899
88.27878,-0.0021917326,0.0028246716,0.02057089
88.29581,-0.0010598969,0.003832325,0.020940948
88.3124,0.00019744095,0.0048977532,0.021221263
88.32889,0.00092292065,0.0050516287,0.021258695
88.34564,0.0015896376,0.006055524,0.021329837
88.36191,0.002211473,0.005806862,0.021262111
88.37916,0.002995522,0.006605591,0.020952076
88.39563,0.0037878638,0.0071331584,0.020429347
88.41228,0.0040775817,0.0072138747,0.020159068
88.428566,0.0046830806,0.0074985544,0.019460162
88.445755,0.005189253,0.0076028067,0.018577972
88.462006,0.0057144975,0.00750572,0.018101305
88.47901,0.0061920956,0.007905807,0.017049747
88.49547,0.0067900256,0.008409632,0.015977377
88.51232,0.006984826,0.00859014,0.015440976
88.5287,0.007698439,0.009061025,0.014283074
88.54566,0.008356232,0.009571116,0.013054194
88.56235,0.008267189,0.009352448,0.01242716
88.579414,0.008524737,0.009427717,0.011103425
88.595665,0.008880531,0.009554818,0.009697034
88.61219,0.0091819195,0.00950939,0.008954904
88.62884,0.009532992,0.009407066,0.007449937
88.64563,0.009488333,0.009578273,0.005905715
88.66234,0.009790814,0.008976075,0.0051125283
88.678795,0.009935918,0.0092966985,0.003492567
88.69582,0.009830818,0.009326623,0.0018100366
88.71241,0.009629422,0.008942779,0.00095892337
88.729004,0.009347414,0.008631355,-0.000771104
88.74568,0.009064965,0.008532168,-0.001608663
88.7622,0.008643529,0.00847063,-0.0032933012
88.778694,0.008364254,0.008572021,-0.004945547
88.79552,0.008064674,0.008315731,-0.006504239
88.811935,0.0076150177,0.008115358,-0.008015484
88.82862,0.007361789,0.008047986,-0.009445578
88.84573,0.007364695,0.007423157,-0.009443221
88.862404,0.00670324,0.0071076727,-0.0107571045
88.87898,0.0064175907,0.0069411383,-0.01196496
88.89563,0.006091945,0.0068833097,-0.013087708
88.912186,0.0055294703,0.00683567,-0.014067097
88.92888,0.0050386423,0.0062506874,-0.014951367
88.945595,0.0050132945,0.00566496,-0.015364294
88.96241,0.004663999,0.0050897617,-0.016107677
88.9791,0.0039251484,0.004743058,-0.016723597
88.995476,0.0037658978,0.0039991313,-0.01698015
89.012184,0.0034023807,0.003485911,-0.017502785
89.02892,0.0031060718,0.0032387653,-0.017878033
89.045525,0.002852309,0.0027869714,-0.018036604
89.06236,0.002278991,0.00223189,-0.018238746
89.07895,0.001810433,0.001617948,-0.018311925
89.095535,0.0017426703,0.0011466264,-0.018343467
89.11252,0.0012564602,0.0006374371,-0.018327521
89.129005,0.00035132308,0.00011202018,-0.018238632
89.145706,0.0001520375,-0.0005510935,-0.018165655
89.16233,-0.0002478097,-0.0012529053,-0.017974837
89.17892,-0.0010722374,-0.001777608,-0.017832492
89.19557,-0.0016419977,-0.0025681471,-0.01750158
89.21212,-0.0023200049,-0.0030922943,-0.017134076
89.22897,-0.0025091448,-0.003777831,-0.016931184
89.2454,-0.003213619,-0.0043876446,-0.016428046
89.262245,-0.004129344,-0.004677422,-0.015921932
89.27885,-0.0042278487,-0.005227904,-0.015641643
89.29547,-0.00465286,-0.005822243,-0.01508761
89.31195,-0.005135086,-0.0062357923,-0.0144960685
89.32895,-0.0055036456,-0.006639793,-0.014171217
89.345535,-0.0056798127,-0.0070536034,-0.013553541
89.362045,-0.00594675,-0.007303696,-0.012895533
89.37913,-0.006346164,-0.00795889,-0.012563916
89.39552,-0.0066991188,-0.0087815905,-0.011853013
89.41279,-0.006836458,-0.008918943,-0.011122137
89.42899,-0.006714768,-0.009578072,-0.010759151
89.44577,-0.0069479626,-0.010208636,-0.009999521
89.46217,-0.0070360075,-0.011023963,-0.0091875605
89.47882,-0.007000137,-0.011286704,-0.008812062
89.49575,-0.007119589,-0.011938412,-0.00800486
89.512405,-0.0070483414,-0.012734393,-0.0071953987
89.52881,-0.007118104,-0.013062947,-0.006782897
89.54575,-0.007113545,-0.013329448,-0.005933089
89.5623,-0.006957893,-0.01349614,-0.0050765285
89.57905,-0.0066794134,-0.013882667,-0.00466612
89.59563,-0.0069835475,-0.014193149,-0.003771399
89.612236,-0.0067190686,-0.014704949,-0.0033181515
89.628624,-0.006574945,-0.014388224,-0.0023995377
89.64549,-0.00659587,-0.014514263,-0.0015004821
89.66216,-0.0062241857,-0.014802505,-0.0005966673
89.678955,-0.006389777,-0.014828352,-0.00014384858
89.69565,-0.0060070013,-0.014472693,0.0007927475
89.71225,-0.0054138727,-0.0140851205,0.0017557674
89.728966,-0.0053119343,-0.013933651,0.0022773126
89.74562,-0.0045908773,-0.013517177,0.0032885328
89.76228,-0.004436182,-0.013713841,0.0037602016
89.779045,-0.0038302282,-0.012961439,0.004754834
89.7956,-0.0034749864,-0.012461677,0.00576152
89.812195,-0.0028666516,-0.012350255,0.0062424033
89.82893,-0.002479542,-0.011597678,0.0071692914
89.84542,-0.002137422,-0.011160889,0.008030048
89.8623,-0.0024809185,-0.01128726,0.008453477
89.87908,-0.002022396,-0.010328847,0.009207033
89.895744,-0.0016997777,-0.009345923,0.009816253
89.912125,-0.0013838772,-0.00930678,0.010032516
89.928825,-0.0013222062,-0.008128525,0.010386387
89.94544,-0.001444609,-0.007962876,0.010497203
89.96232,-0.0012968836,-0.0072264867,0.010532998
89.97873,-0.0014415606,-0.0064971247,0.010397322
89.99562,-0.0015414503,-0.0056569763,0.010105184
90.012085,-0.0015561954,-0.00579737,0.009889947
90.0289,-0.0015690739,-0.0045432835,0.00935395
90.0458,-0.0018649352,-0.003933572,0.008643526
90.06238,-0.0022260456,-0.0041117286,0.008234683
90.07907,-0.0021314293,-0.003249356,0.007357619
90.09585,-0.0021920074,-0.0024084838,0.006332786
90.11219,-0.0023936047,-0.0020932506,0.0058236322
90.12907,-0.0024486976,-0.0011145977,0.0047135754
90.145645,-0.0025419558,-0.00069188216,0.003548268
90.16232,-0.0027995263,-0.0007745719,0.0029189612
90.17895,-0.0029141398,0.0004008486,0.0016624855
90.19545,-0.0027062176,0.00031226894,0.0010290175
90.21233,-0.0032161903,0.0016036696,-0.00096354674
90.22893,-0.0029709432,0.0023267718,-0.0022935965
90.24565,-0.0029700762,0.0016841803,-0.00229445
90.261925,-0.0028850285,0.0019231411,-0.0036541221
90.27906,-0.0030524705,0.0026945807,-0.004954595
90.29567,-0.0029579687,0.003545316,-0.0062357597
90.31263,-0.0028188594,0.0037564808,-0.007454968
90.328865,-0.002545521,0.0041041984,-0.008631279
90.345604,-0.0025427297,0.0034742083,-0.008631833
90.36226,-0.0027316883,0.0038877514,-0.009740424
90.37876,-0.003111605,0.0046813344,-0.0113085555
90.39568,-0.0033771389,0.004497832,-0.011806952
90.41227,-0.003470704,0.004744915,-0.012772533
90.42887,-0.0034949235,0.005165529,-0.013699981
90.44568,-0.003235865,0.0046453406,-0.014171761
90.46224,-0.0029881832,0.004693509,-0.015059644
90.47881,-0.0034060236,0.0046835933,-0.015922546
90.495514,-0.0031027251,0.0043182485,-0.016350413
90.512184,-0.0029828735,0.004311883,-0.017211625
90.52893,-0.003021221,0.0041528554,-0.017611874
90.54573,-0.0026488756,0.004149353,-0.018449971
90.56228,-0.0024446358,0.0037510195,-0.019277047
90.57869,-0.0028622723,0.0032609666,-0.019663325
90.59563,-0.0023655873,0.0032862315,-0.020477537
90.61225,-0.001986519,0.0028439853,-0.021271542
90.62907,-0.001971401,0.0023528943,-0.021636305
90.645515,-0.0014524991,0.002026741,-0.02239695
90.6623,-0.0008770921,0.0011344856,-0.023111245
90.6789,-0.0010503099,0.00037926182,-0.023458144
90.69562,-0.0007280237,-0.00024310967,-0.024118131
90.71264,-0.00022893904,-0.0012439638,-0.024752747
90.72888,0.00013133087,-0.0020473737,-0.025091838
90.745674,0.00038413837,-0.0023029677,-0.025673779
90.76235,0.000806085,-0.0033605038,-0.026206592
90.77913,0.0010030476,-0.0040408145,-0.026435683
90.795334,0.00099256,-0.0043660738,-0.026936
90.812164,0.0012442167,-0.0047411183,-0.027390221
90.82907,0.0013340297,-0.00536429,-0.0276278
90.845665,0.0015028993,-0.0054854555,-0.027979832
90.86222,0.00169893,-0.0059135356,-0.028273227
90.879135,0.002116812,-0.00633697,-0.028445046
90.89576,0.0019863513,-0.0063630873,-0.028645469
90.912315,0.0016326187,-0.006818595,-0.02873422
90.92914,0.001982147,-0.0073374617,-0.028781345
90.94565,0.0016663577,-0.007107618,-0.028767442
90.962296,0.0015249611,-0.0075141443,-0.02873499
90.97896,0.0013165924,-0.0073376256,-0.028636655
90.99552,0.0010441572,-0.007569661,-0.02844083
91.01255,0.00082567753,-0.0076704165,-0.028321689
91.02902,0.00060484605,-0.0070567657,-0.028008988
91.0456,0.00071331876,-0.0067882524,-0.027684903
91.06218,-0.000023174016,-0.00706106,-0.027477125
91.07889,-0.00008547816,-0.0066014254,-0.027031785
91.09563,-0.00008443772,-0.0061060376,-0.026518105
91.112,-0.0003002117,-0.0061857207,-0.026258063
91.12906,-0.0006195818,-0.0056806263,-0.025639907
91.14558,-0.0008988338,-0.0053076856,-0.025034867
91.162445,-0.00093655137,-0.0050950614,-0.024707463
91.179,-0.0014197303,-0.004375539,-0.023994733
91.19552,-0.0015952288,-0.004123141,-0.023213381
91.2122,-0.0018442244,-0.004114949,-0.02277654
91.229034,-0.002261404,-0.0033397346,-0.021888347
91.245735,-0.0025391607,-0.0025030836,-0.02092916
91.26216,-0.0024653557,-0.0025478739,-0.02045944
91.27903,-0.002660559,-0.0021370694,-0.01942692
91.29565,-0.0030613758,-0.0013621317,-0.018320892
91.31229,-0.002351101,-0.0010569034,-0.017797733
91.32902,-0.0026632897,-0.0008035217,-0.016652614
91.345634,-0.0031888138,-0.00011388086,-0.015518747
91.36222,-0.0037700587,-0.000019010427,-0.014903774
91.378845,-0.0039879787,0.00016969771,-0.013717077
91.39566,-0.004396562,0.0006167032,-0.012497617
91.41256,-0.004823135,0.00042987594,-0.011869058
91.42882,-0.005479513,0.0007738628,-0.010602753
91.44564,-0.00557431,0.001320091,-0.00933326
91.46211,-0.0055639795,0.0011642509,-0.008735533
91.47911,-0.0057437355,0.0014733103,-0.00745515
91.49556,-0.005766713,0.001449016,-0.0067863627
91.51201,-0.0060352404,0.0019134851,-0.005476678
91.52904,-0.0063242307,0.0022575909,-0.0041564363
91.54597,-0.0068219723,0.0018494622,-0.0035215348
91.562195,-0.0067201764,0.0025201736,-0.0016872928
91.5788,-0.0067580915,0.0032010088,-0.0003853556
91.59543,-0.0067582265,0.0025497891,-0.0003875715
91.612305,-0.006666295,0.0033098336,0.0009107578
91.629005,-0.0069573326,0.0039150654,0.0022140152
91.645615,-0.0069110678,0.0043693776,0.0035395587
91.66221,-0.00702087,0.004485805,0.0048855296
91.67896,-0.007041689,0.0047969744,0.006218229
91.69567,-0.0070438404,0.004139177,0.0062160064
91.71251,-0.007113744,0.0046936595,0.008178095
91.72886,-0.0071177664,0.004835048,0.009555637
91.74541,-0.0069400095,0.004722884,0.010159335
91.76281,-0.0075534023,0.004517098,0.0115111135
91.779465,-0.007487074,0.004777079,0.012795758
91.795685,-0.0074063963,0.004460737,0.013497118
91.81229,-0.0070055965,0.0048507727,0.014710485
91.829155,-0.0070024664,0.005326888,0.015907427
91.84554,-0.007233691,0.005231813,0.016447848
91.86234,-0.00701367,0.005731892,0.017552672
91.87899,-0.006805382,0.0068365624,0.018365053
91.89557,-0.0065301415,0.0069135064,0.018694814
91.91258,-0.006571724,0.008628217,0.019179413
91.929184,-0.006491423,0.009061597,0.019414632
91.94557,-0.0064266063,0.010484953,0.019567797
91.96252,-0.0064081703,0.012066463,0.019463247
91.97901,-0.0067829126,0.01216352,0.0194312
91.99566,-0.0067663835,0.01340487,0.018959733
92.01219,-0.006467989,0.0146392705,0.018409306
92.029,-0.0070624636,0.015008992,0.01803497
92.04578,-0.0068251765,0.016884679,0.017207501
92.0621,-0.006587079,0.019043298,0.016257249
92.0791,-0.0062422417,0.019673657,0.015731521
92.09574,-0.0062429034,0.021431597,0.014578851
92.11242,-0.0062076496,0.022333724,0.014049724
92.12929,-0.0062140548,0.023780882,0.012773748
92.14557,-0.0058329757,0.025002282,0.011387242
92.16226,-0.0060569425,0.025983166,0.009903545
92.179146,-0.0055758366,0.026174689,0.00907054
92.1955,-0.0055050617,0.027189426,0.007499902
92.21236,-0.0054436177,0.02830358,0.0057746386
92.22899,-0.0053723836,0.028208502,0.0050334553
92.2457,-0.005403651,0.028832514,0.003321418
92.26251,-0.005337551,0.028565183,0.0016873241
92.27893,-0.005628807,0.028017415,0.00092178775
92.29574,-0.0051374477,0.027719975,-0.00071541994
92.31229,-0.005058729,0.02713635,-0.0015186607
92.32908,-0.0051176,0.026297448,-0.0031115648
92.34584,-0.004878914,0.025276655,-0.0046336264
92.362175,-0.004306919,0.024298891,-0.0054680724
92.37872,-0.0043112105,0.023683198,-0.0069836234
92.39572,-0.0042414158,0.022747561,-0.00852249
92.41234,-0.0040549664,0.021643804,-0.009264769
92.428795,-0.0035985133,0.019495683,-0.010807893
92.44565,-0.0034124749,0.018235596,-0.012288843
92.46226,-0.0036443123,0.01728381,-0.0130557
92.479004,-0.0030470467,0.015648432,-0.014545399
92.4957,-0.002817815,0.013947505,-0.016057907
92.51236,-0.0028623333,0.013398361,-0.016771866
92.52911,-0.0022331316,0.012160671,-0.018234272
92.54571,-0.0017941075,0.010736341,-0.019641582
92.56241,-0.0012867419,0.009483812,-0.02043467
92.57902,-0.00096190645,0.007905706,-0.02186895
92.59549,-0.0003405196,0.006194422,-0.023399653
92.61263,0.000661451,0.0050541232,-0.0241339
92.629196,0.0010114396,0.0033449049,-0.02570926
92.64599,0.0014720453,0.0014891758,-0.027242895
92.662445,0.0015235937,0.0003590001,-0.028006716
92.67898,0.0020207094,-0.0014951455,-0.029564999
92.695595,0.002625684,-0.0031617922,-0.031160379
92.71201,0.0022628326,-0.0040301075,-0.031925205
92.72894,0.0027246005,-0.005507585,-0.03350696
92.74602,0.0031677196,-0.00667373,-0.035027057
92.76254,0.0032305354,-0.007351042,-0.035768572
92.779076,0.0034251069,-0.008017069,-0.037172668
92.79582,0.0038230228,-0.008192054,-0.038549796
92.812256,0.0038613772,-0.008744175,-0.039058547
92.828766,0.0043587377,-0.008577858,-0.04000891
92.845894,0.00444027,-0.008449766,-0.040688686
92.86215,0.00456425,-0.008264624,-0.040991463
92.87907,0.00475668,-0.0073107327,-0.04138054
92.895676,0.004708232,-0.0069716843,-0.04147811
92.91195,0.0047034305,-0.0056886207,-0.041482713
92.928986,0.00482274,-0.0038058176,-0.041428037
92.94578,0.0046353503,-0.003316464,-0.04131864
92.96226,0.004448489,-0.0014274087,-0.041025605
92.97887,0.004105132,0.00026201695,-0.040616166
92.99555,0.0038212806,0.0026489252,-0.040010605
93.0122,0.0030461994,0.0049465164,-0.039269812
93.02947,0.0025898675,0.0074920626,-0.03839774
93.04592,0.0026028089,0.0068184496,-0.03839697
93.06225,0.0018402926,0.009319049,-0.03739028
93.07886,0.00039037198,0.013929291,-0.035549685
93.09565,0.0002704422,0.014697216,-0.034881953
93.112274,-0.00045413204,0.017318252,-0.03344261
93.12892,-0.0012528617,0.019632831,-0.031922504
93.14561,-0.0016812133,0.020420581,-0.031071384
93.16219,-0.002197202,0.022545088,-0.02939443
93.17927,-0.0028861773,0.02461967,-0.027446682
93.19583,-0.0029223412,0.025108488,-0.026589233
93.21235,-0.0032798608,0.02635288,-0.024549797
93.228874,-0.0036951646,0.026269875,-0.023532659
93.24573,-0.0042296704,0.027136834,-0.021486338
93.26239,-0.0046251165,0.02692555,-0.019423187
93.279236,-0.005168419,0.026231768,-0.018413683
93.29594,-0.00561599,0.025543699,-0.016320998
93.31252,-0.005949899,0.025096767,-0.014306078
93.32928,-0.006575205,0.023514936,-0.0122988
93.34599,-0.0067889644,0.02213036,-0.011362023
93.3626,-0.007072977,0.020241726,-0.009457809
93.37911,-0.0073801945,0.019211033,-0.00855545
93.39546,-0.0074865976,0.017202115,-0.0067301905
93.41253,-0.0075488654,0.014871922,-0.005028971
93.428955,-0.008042191,0.013175241,-0.004223316
93.44544,-0.008344975,0.011084366,-0.0027080623
93.46266,-0.0084783295,0.0081291795,-0.0012227317
93.47895,-0.008844917,0.006658413,-0.0005383328
93.495636,-0.009098827,0.003915975,0.0008979418
93.51229,-0.009398154,0.0014314107,0.0021733162
93.529106,-0.009353324,-0.00029303003,0.002752001
93.5454,-0.009460317,-0.0033150162,0.0038330972
93.562645,-0.009873343,-0.006664401,0.0049866447
93.57895,-0.009425865,-0.008145061,0.005482065
93.59538,-0.009680834,-0.011198612,0.006476225
93.61241,-0.009902713,-0.014246178,0.007412623
93.62894,-0.009566365,-0.016270032,0.0078465585
93.64569,-0.009609656,-0.019373957,0.008678329
93.66253,-0.009792538,-0.022290662,0.009482627
93.67917,-0.009831574,-0.023733614,0.009819317
93.695724,-0.009784577,-0.026712846,0.010580018
93.71237,-0.009842243,-0.0293209,0.0112461
93.72897,-0.009536927,-0.030963887,0.011597287
93.745605,-0.009352445,-0.033332925,0.0122432355
93.762024,-0.009294514,-0.035393372,0.012516549
93.77916,-0.009137418,-0.037852723,0.013133885
93.79562,-0.008995801,-0.040987607,0.013645467
93.812325,-0.008481485,-0.042474445,0.0139486585
93.82906,-0.008519701,-0.044880662,0.014432632
93.84577,-0.008105188,-0.047891267,0.014930079
93.86225,-0.00833741,-0.049326334,0.015150784
93.87926,-0.007647693,-0.05222622,0.015563455
93.8957,-0.00727651,-0.054954316,0.01584797
93.91234,-0.006893607,-0.05676855,0.015874755
93.92905,-0.006641035,-0.05954859,0.015987823
93.94567,-0.006510169,-0.06171255,0.015784914
93.96219,-0.006133636,-0.063529626,0.015724164
93.979,-0.006042825,-0.06594452,0.015298652
93.995575,-0.0061589126,-0.06874804,0.0147779845
94.01238,-0.0062593035,-0.06994369,0.0145883225
94.02908,-0.0058872867,-0.07175888,0.013970324
94.04572,-0.0053579076,-0.0738317,0.013204728
94.062256,-0.005542566,-0.07517429,0.012877286
94.07882,-0.004980446,-0.076644674,0.011954808
94.09572,-0.0042086435,-0.07800834,0.010974681
94.1122,-0.0043463404,-0.07879807,0.010528186
94.12913,-0.0036410007,-0.079024106,0.009426246
94.14597,-0.002613471,-0.0790627,0.008282963
94.16236,-0.0026843648,-0.07931367,0.0076074856
94.178955,-0.0020797872,-0.07786187,0.0063421214
94.19566,-0.0015850897,-0.07550596,0.005006532
94.21236,-0.0009856088,-0.07464424,0.0042712083
94.229,-0.0006969175,-0.07253992,0.00281798
94.24575,-0.00026059963,-0.0714544,0.0020268601
94.26244,0.00007041787,-0.06823776,0.00044002227
94.27915,0.00043146283,-0.064611346,-0.0012201719
94.295975,0.0009209705,-0.06319557,-0.0020427154
94.31231,0.001768103,-0.05986019,-0.0037297008
94.328964,0.0022637362,-0.055791017,-0.00546964
94.34568,0.0029489645,-0.050809696,-0.007217911
94.36233,0.0036462029,-0.046159606,-0.008938435
94.3791,0.0043250527,-0.041465826,-0.010648973
94.395424,0.004328491,-0.04210426,-0.010647692
94.41239,0.0048585664,-0.036633737,-0.012379298
94.42878,0.0053866925,-0.030994901,-0.014099004
94.44557,0.0055707023,-0.02637346,-0.01577272
94.46244,0.0059961695,-0.021304583,-0.017438233
94.47874,0.0056962376,-0.018618133,-0.018310143
94.495705,0.0059572924,-0.013355885,-0.019967007
94.512474,0.005925142,-0.008914147,-0.021583898
94.529236,0.0060082446,-0.0038649198,-0.023273626
94.545845,0.0061207553,-0.0014962046,-0.02406489
94.56243,0.006045283,0.0031750193,-0.025694698
94.57933,0.0057241945,0.0066393903,-0.027371347
94.59584,0.006068826,0.008297158,-0.028155597
94.61252,0.0057874164,0.012416554,-0.029922098
94.62916,0.0057339217,0.016667366,-0.031480312
94.64571,0.0058562886,0.017966866,-0.03220754
94.6624,0.005369288,0.021162216,-0.033444367
94.679115,0.005106881,0.02260576,-0.0339699
94.69571,0.0051715756,0.026105862,-0.03491886
94.712074,0.0048916135,0.028624935,-0.035703614
94.728935,0.0048197173,0.029295016,-0.036019634
94.74571,0.004209367,0.032044988,-0.036480032
94.7624,0.0038809348,0.03440659,-0.036652777
94.779076,0.0039971145,0.034974717,-0.036643215
94.795715,0.0038335377,0.036242653,-0.036467865
94.81273,0.0031797234,0.037625916,-0.036053427
94.8294,0.0027549497,0.038161837,-0.035837907
94.845894,0.002237639,0.039192095,-0.03506689
94.862404,0.0017977699,0.039420176,-0.034166396
94.87919,0.0016011032,0.039601795,-0.033620864
94.89563,0.0010611418,0.040257953,-0.032478012
94.91237,0.0007027223,0.040034123,-0.03125486
94.92905,0.0003722006,0.039234612,-0.030537175
94.94575,0.000031705084,0.038584217,-0.029099029
94.96236,-0.00020977361,0.037879147,-0.027502825
94.97898,-0.0007014202,0.03687296,-0.026622104
94.995636,-0.001113788,0.035158243,-0.024880191
95.01236,-0.0014985049,0.03335159,-0.023096792
95.02881,-0.0017378355,0.032071047,-0.022149127
95.046036,-0.0017616808,0.029990477,-0.020135203
95.06257,-0.0020590913,0.027289951,-0.018077862
95.07912,-0.0023506074,0.025549514,-0.017068323
95.09595,-0.0027062364,0.023072436,-0.014987243
95.11259,-0.0029512635,0.019884687,-0.01294349
95.12906,-0.0028389345,0.017705994,-0.011883867
95.14582,-0.0032286027,0.014310906,-0.009930327
95.16247,-0.0036008463,0.012222732,-0.008856526
95.17903,-0.003935338,0.008372024,-0.00696473
95.19561,-0.003863331,0.004298455,-0.0050242413
95.21241,-0.003875226,0.0021467928,-0.0041873297
95.22897,-0.003980801,-0.0019033389,-0.0023882275
95.2456,-0.004302984,-0.006318102,-0.0005852181
95.2624,-0.0042446307,-0.009023769,0.00018821558
95.278984,-0.004130198,-0.013623651,0.0017355208
95.29599,-0.0044524125,-0.018025411,0.0031369943
95.3122,-0.0042430777,-0.020621182,0.003831617
95.32897,-0.004840414,-0.024764922,0.0051178667
95.345604,-0.004981857,-0.028553035,0.0063224873
95.3625,-0.0049140197,-0.030634232,0.0068789064
95.3791,-0.0050728614,-0.034270085,0.007966717
95.395615,-0.0048419177,-0.03771606,0.009013195
95.41245,-0.0047246455,-0.039461076,0.0094568515
95.42894,-0.0048697204,-0.042289246,0.010372475
95.44564,-0.004616062,-0.04482329,0.011186714
95.46247,-0.0041428246,-0.046380047,0.011566877
95.479065,-0.0039815004,-0.0488914,0.012304236
95.49598,-0.0030508966,-0.050464533,0.013005581
95.51239,-0.0026229953,-0.051378258,0.013299078
95.52896,-0.0020394565,-0.05349114,0.013904677
95.54565,-0.0016626383,-0.055114586,0.014355538
95.562294,-0.0010934542,-0.055822752,0.014521986
95.57889,-0.00055199163,-0.05638129,0.014778468
95.5957,-0.0000697256,-0.05800233,0.014880416
95.61249,0.0001804466,-0.05887755,0.014880063
95.62898,0.0010658983,-0.05912881,0.014784181
95.64561,0.0011875507,-0.059210874,0.014684152
95.66207,0.0021390042,-0.05969692,0.014423578
95.67912,0.0032280348,-0.059515413,0.013812804
95.69575,0.0032237656,-0.060137756,0.013813923
95.71245,0.0039630835,-0.059612706,0.0133220665
95.729164,0.004571057,-0.05878731,0.012763755
95.74574,0.0053505483,-0.057602916,0.012157076
95.76242,0.0056177205,-0.055512965,0.011475797
95.779305,0.0056142774,-0.056119524,0.011477575
95.79579,0.0059469496,-0.054203276,0.010726056
95.81253,0.0061238096,-0.050438333,0.009470959
95.82928,0.006193091,-0.049295582,0.009011472
95.84591,0.0061012856,-0.045910608,0.008104797
95.862526,0.0060890373,-0.042636916,0.0071135466
95.879135,0.006198057,-0.041178443,0.0066235117
95.89607,0.0063863588,-0.037510984,0.005597473
95.912384,0.0066645597,-0.03387175,0.0045380075
95.92917,0.006683243,-0.031998504,0.0039521833
95.94587,0.0065363995,-0.028093465,0.0028085564
95.96245,0.0061901757,-0.02421077,0.0016275502
95.978745,0.006614893,-0.022673778,0.0010332044
95.99547,0.006357255,-0.018388994,-0.00023549788
96.01245,0.006331526,-0.014079348,-0.0015804666
96.0293,0.0062587243,-0.012510363,-0.002215909
96.045944,0.006096007,-0.00842683,-0.0036097195
96.06225,0.0059079686,-0.0042372807,-0.0050780545
96.07906,0.0056081875,-0.0023738465,-0.005797994
96.095695,0.005362564,0.0016988091,-0.0073642056
96.11256,0.0052205264,0.0053487266,-0.008945239
96.12888,0.0047608316,0.0070555797,-0.009773115
96.145706,0.004608668,0.010778343,-0.0114658065
96.162476,0.0041505033,0.013408571,-0.013304912
96.17914,0.004039566,0.014805154,-0.014212236
96.19559,0.0037170853,0.01793722,-0.016109986
96.2123,0.003486562,0.01904314,-0.017050847
96.22894,0.0029642584,0.021496955,-0.019095635
96.24574,0.0028101949,0.023808625,-0.021197109
96.26257,0.0026459415,0.02467438,-0.022179175
96.27957,0.0024982013,0.026671633,-0.024162604
96.29553,0.0024005491,0.028050002,-0.026068285
96.31255,0.002349116,0.028399259,-0.027040975
96.3292,0.002039488,0.029438736,-0.028827395
96.34572,0.0020172733,0.030149003,-0.030446956
96.36257,0.0021086757,0.030233318,-0.031239448
96.3792,0.0019813792,0.030508915,-0.032448575
96.395935,0.002033298,0.030220157,-0.033472728
96.41233,0.0018529042,0.029944021,-0.03394768
96.429184,0.0020921272,0.029509943,-0.034499343
96.44567,0.0018755428,0.028777158,-0.034947902
96.46224,0.0015021882,0.02789352,-0.034982435
96.47914,0.0016010437,0.026943948,-0.035208873
96.49573,0.001632742,0.025498634,-0.03515324
96.51228,0.0017401568,0.024644708,-0.035015743
96.52907,0.0016468108,0.023385102,-0.034645904
96.54591,0.0014734651,0.021553451,-0.034096215
96.56242,0.0014745137,0.020053009,-0.033757262
96.57906,0.001438123,0.017841157,-0.03303008
96.59568,0.0011373124,0.016515307,-0.0325594
96.61234,0.0009697007,0.014820172,-0.031560753
96.62917,0.0008442217,0.012511711,-0.030345522
96.6461,0.0007172206,0.009949771,-0.02900606
96.6624,0.00093582174,0.008513084,-0.028236927
96.67913,0.000707425,0.006345206,-0.026724251
96.69577,0.0003143257,0.004643402,-0.025881983
96.71242,0.000051354677,0.0020170165,-0.024454469
96.72919,-0.0002149362,-0.0007550094,-0.023039801
96.74579,-0.00030875957,-0.0022695782,-0.022367334
96.7623,-0.00017235303,-0.0046285996,-0.021020167
96.77914,-0.00022380354,-0.0069295424,-0.019708196
96.79585,-0.0002955499,-0.009626655,-0.018348772
96.81252,-0.0007052348,-0.01219519,-0.017227218
96.82888,-0.0007002613,-0.0127718765,-0.017227292
96.84571,-0.0009978211,-0.015214873,-0.016356613
96.862434,-0.0011432682,-0.017538005,-0.015572682
96.879234,-0.0011557393,-0.019790273,-0.014721772
96.89577,-0.0008489034,-0.021750826,-0.013795218
96.91231,-0.0011195708,-0.02395992,-0.0127149625
96.92891,-0.0008509334,-0.025114518,-0.012192739
96.94577,-0.000970806,-0.02744463,-0.0112024015
96.96248,-0.0008772916,-0.029234136,-0.01022015
96.978836,-0.00081942976,-0.030835481,-0.009343398
96.99562,-0.0009351013,-0.031811014,-0.008942273
97.01233,-0.00079009664,-0.0333398,-0.008128983
97.029015,-0.00010890876,-0.034682862,-0.007373132
97.04558,-0.0000916497,-0.03557903,-0.007004253
97.06241,0.00021328832,-0.036421664,-0.0062767062
97.07907,0.0008923879,-0.037181444,-0.005658031
97.09576,0.0011762121,-0.037845984,-0.0053539714
97.112434,0.0017408741,-0.03796927,-0.0047614565
97.12904,0.0023787061,-0.038322166,-0.0042851237
97.14544,0.0025057339,-0.038427953,-0.004073659
97.16236,0.0030504744,-0.038492214,-0.003618941
97.17908,0.0037267022,-0.03807938,-0.003171722
97.19569,0.004426249,-0.038219187,-0.0029312049
97.212364,0.004805645,-0.03766821,-0.002671017
97.22902,0.0052418048,-0.03761819,-0.0025171475
97.24558,0.0059309537,-0.03667292,-0.0022599164
97.262825,0.006473961,-0.035963,-0.0020697452
97.279045,0.006364885,-0.035784442,-0.0020208876
97.29599,0.0068696076,-0.034405835,-0.0019064791
97.3124,0.007436341,-0.03306403,-0.0018568864
97.32903,0.007819517,-0.032814592,-0.0018898111
97.345726,0.008156227,-0.031036083,-0.0020076253
97.36233,0.008365979,-0.028858656,-0.0021905785
97.37924,0.008666919,-0.028133929,-0.0022973262
97.39563,0.009165925,-0.02607612,-0.0026127363
97.41228,0.009334098,-0.023363126,-0.0029942158
97.42915,0.009278986,-0.02241671,-0.0032463293
97.44581,0.009409278,-0.019840315,-0.0036586747
97.46233,0.009340839,-0.017072838,-0.0042372514
97.47915,0.009355739,-0.015837982,-0.004531185
97.49558,0.009180898,-0.013251997,-0.0053160177
97.5125,0.008956174,-0.010553946,-0.0062909317
97.52906,0.008857417,-0.00944659,-0.006855407
97.54582,0.008587465,-0.0068873903,-0.008112007
97.56248,0.007889476,-0.0041623064,-0.009522276
97.57931,0.008102521,-0.0032529982,-0.010327982
97.595894,0.00784098,-0.0007906007,-0.011936319
97.6126,0.0075547234,0.0020010388,-0.013585654
97.62929,0.0073042144,0.0029527592,-0.01440144
97.645966,0.0068886327,0.0053144842,-0.016189994
97.66249,0.0066252477,0.0075293896,-0.018071031
97.678925,0.005947802,0.008621418,-0.019019999
97.69599,0.0054744026,0.010358755,-0.020938355
97.71272,0.0052717305,0.011360052,-0.02196098
97.72923,0.0044563864,0.01356525,-0.024020758
97.74612,0.003883201,0.01513367,-0.026163155
97.76251,0.0036766129,0.015691899,-0.027208714
97.77879,0.003145297,0.01753123,-0.029173262
97.795845,0.002801237,0.018939426,-0.03086829
97.81262,0.0031183984,0.019120654,-0.03165429
97.82901,0.0021558362,0.020021915,-0.032958113
97.84591,0.001715632,0.021155069,-0.034166396
97.862564,0.0015825582,0.021438884,-0.03469248
97.87924,0.0011340685,0.022000615,-0.03568849
97.89609,0.00016984425,0.021947782,-0.036499128
97.912796,0.0001518731,0.02243402,-0.036834203
97.929344,-0.00044502868,0.023189744,-0.037421938
97.946,-0.00071969494,0.022887014,-0.037904747
97.962524,-0.0011857277,0.02263214,-0.038076334
97.979324,-0.0016389214,0.023253819,-0.038308896
97.99535,-0.0018317691,0.023049371,-0.038309973
98.01231,-0.0021539277,0.0229063,-0.0383089
98.02898,-0.0027218284,0.022468084,-0.03820721
98.04577,-0.0029560574,0.022146216,-0.038101774
98.06257,-0.003591833,0.021961832,-0.037882544
98.07945,-0.004356433,0.021273825,-0.037500978
98.09574,-0.004698492,0.019980287,-0.03712686
98.11259,-0.005023987,0.019544479,-0.03665684
98.12907,-0.0055178297,0.018301738,-0.036085013
98.14577,-0.005508339,0.01777671,-0.03608635
98.162476,-0.006074923,0.016232278,-0.035670843
98.17908,-0.006552876,0.015536767,-0.035427924
98.19584,-0.00723614,0.014548087,-0.035031952
98.21238,-0.0073550595,0.013009654,-0.03466031
98.229095,-0.007931798,0.011992182,-0.034297697
98.24575,-0.007930184,0.0112438435,-0.034062043
98.262405,-0.0083869025,0.009869051,-0.03361543
98.279175,-0.008673481,0.008980511,-0.033116985
98.29584,-0.008912228,0.007901866,-0.032813944
98.312294,-0.0090170475,0.007269587,-0.03207982
98.32949,-0.0090219965,0.006396301,-0.031223202
98.345825,-0.009173445,0.005447271,-0.03076888
98.36243,-0.009204768,0.0043316395,-0.029824011
98.37919,-0.009047755,0.003904074,-0.02874577
98.39582,-0.008961382,0.003073883,-0.02814572
98.412476,-0.00918698,0.0025720731,-0.026940374
98.42918,-0.008876189,0.0019919612,-0.025675906
98.44586,-0.009153065,0.0013178224,-0.025003243
98.46228,-0.009018222,0.0009135098,-0.023608254
98.479126,-0.008841266,0.0006020694,-0.022181015
98.4957,-0.008718284,-0.00014634606,-0.0214044
98.51245,-0.008560116,-0.0005247387,-0.019919766
98.52908,-0.008416958,-0.00088700675,-0.018502807
98.545784,-0.0084882565,-0.0010330214,-0.017764982
98.562416,-0.0083627235,-0.0013659189,-0.016328681
98.57906,-0.0083192075,-0.0014217112,-0.015670145
98.59571,-0.008087695,-0.0015083821,-0.014361412
98.612526,-0.0077819102,-0.0013600872,-0.013013341
98.62886,-0.007782376,-0.0013108684,-0.0123910485
98.645775,-0.007467779,-0.0014660351,-0.011143802
98.66249,-0.006852303,-0.0008011426,-0.009834976
98.67895,-0.006522905,-0.000667217,-0.00921079
98.6957,-0.00619899,-0.0007735356,-0.007987027
98.71266,-0.005909246,-0.00021285347,-0.0070848945
98.72905,-0.0057845367,0.00003974144,-0.00666194
98.74602,-0.0052129515,0.0007769856,-0.0060125818
98.76249,-0.0046859775,0.0011548384,-0.0056373263
98.77878,-0.0044673667,0.0011017618,-0.005413685
98.795456,-0.004290533,0.0020379361,-0.005390294
98.81257,-0.003927419,0.0026472926,-0.0054711862
98.829315,-0.0037948461,0.002401309,-0.0056409775
98.84556,-0.0036248243,0.002861076,-0.006247714
98.862366,-0.0030562142,0.0037681246,-0.006982336
98.87914,-0.0029958577,0.003639163,-0.0074413028
98.89577,-0.0027399752,0.0041339,-0.008354922
98.91242,-0.0022400345,0.004891824,-0.009413198
98.92913,-0.0023557334,0.004996588,-0.009933727
98.9455,-0.0019922033,0.0056457813,-0.011064476
98.96279,-0.0017194846,0.006358329,-0.0122855455
98.979256,-0.0013775213,0.006557387,-0.0129654985
98.99564,-0.0009062444,0.0076184105,-0.014303352
99.01263,-0.00067485607,0.007903631,-0.014936817
99.02916,-0.00016121175,0.008725134,-0.016241405
99.04589,0.00013709885,0.009463214,-0.017640615
99.06277,0.00032739123,0.009606078,-0.018320248
99.079445,0.00058035634,0.01061728,-0.019962521
99.096306,0.0011095068,0.011667041,-0.021512797
99.112404,0.0011023851,0.011826599,-0.022269327
99.12928,0.0017340699,0.012603073,-0.02356654
99.1457,0.0022695172,0.01339248,-0.024714226
99.16233,0.00259277,0.013559476,-0.025234357
99.179344,0.0028893368,0.014202837,-0.026191598
99.196,0.0032105814,0.0150299575,-0.026974278
99.2125,0.003317915,0.015320061,-0.02729848
99.229164,0.0035380132,0.015606937,-0.027791554
99.245735,0.0038245756,0.015995437,-0.028230717
99.26243,0.003883107,0.015869148,-0.028344577
99.279274,0.0036952607,0.01579678,-0.028522
99.29586,0.003694741,0.016099589,-0.028552396
99.31256,0.003925389,0.01615644,-0.028538007
99.32913,0.0040603224,0.016369453,-0.02824588
99.34584,0.0041251048,0.01650464,-0.027863676
99.36274,0.0041744015,0.01641553,-0.027615126
99.37929,0.004497278,0.016297258,-0.0270874
99.39619,0.0044419575,0.016278345,-0.026417915
99.41259,0.004318391,0.01620663,-0.026068889
99.42886,0.004303676,0.015972223,-0.02528552
99.44599,0.004220575,0.01609833,-0.02437988
99.46246,0.0042911316,0.01561197,-0.023915874
99.47894,0.0044435514,0.015121897,-0.022939734
99.495995,0.004283262,0.014940449,-0.021951828
99.51261,0.0040772557,0.014153791,-0.020903109
99.52939,0.0035613496,0.013555642,-0.019779008
99.54589,0.0035660537,0.01307999,-0.019778162
99.56271,0.0030010259,0.012594846,-0.018551728
99.57917,0.0026444066,0.011324749,-0.017279841
99.59594,0.0024048553,0.010497676,-0.015960576
99.612526,0.0021913939,0.009773482,-0.014518373
99.62956,0.0017208757,0.008597231,-0.012959661
99.64605,0.0014737183,0.007869131,-0.0121244965
99.66257,0.00083308824,0.0071401726,-0.010541409
99.679214,0.00029139707,0.0060390956,-0.00896496
99.69578,0.00035243292,0.005402173,-0.0082123745
99.712685,-0.000036142,0.004188292,-0.0067024934
99.72926,-0.0004894058,0.0033553962,-0.005168697
99.7459,-0.0006417763,0.0022831657,-0.00447917
99.76239,-0.0009297506,0.00095439336,-0.003091053
99.778946,-0.0011536143,0.00006443105,-0.0018143532
99.79567,-0.0013764723,-0.00055847596,-0.0011124787
99.81255,-0.0017460609,-0.0018374167,0.00014167691
99.82947,-0.0019912156,-0.0031033375,0.0013560008
99.84595,-0.001864035,-0.0039244383,0.0019639197
99.8626,-0.0021040437,-0.004994622,0.0028768936
99.8795,-0.0019360915,-0.0058659553,0.003763042
99.89578,-0.0021176501,-0.006547087,0.004075711
99.91272,-0.0020463825,-0.007719313,0.004730976
99.9292,-0.0023245658,-0.007869196,0.00491054
99.94586,-0.0019166252,-0.008325469,0.0055612195
99.9625,-0.0017410199,-0.009042461,0.0061263056
99.97922,-0.0014352157,-0.009887134,0.0064084413
99.99584,-0.001372469,-0.010334199,0.006994841
100.01274,-0.0013802776,-0.010746409,0.007532006
100.02948,-0.0011254011,-0.01137058,0.0079158805
100.04591,-0.0010194205,-0.01188341,0.008541966
100.06262,-0.0007664469,-0.012847086,0.009058139
100.07945,-0.00060615,-0.013139789,0.009305965
100.09596,-0.0004370968,-0.01357636,0.009635744
100.11236,-0.0002980806,-0.014525991,0.009824669
100.12951,-0.00021629376,-0.015073528,0.009902146
100.14592,0.0002370797,-0.01527006,0.009894547
100.16257,0.0004868438,-0.01559033,0.009665099
100.17917,0.00073045195,-0.015940357,0.009655649
100.19574,0.0008150132,-0.016081013,0.009351025
100.21255,0.0011592684,-0.016050145,0.009075185
100.22935,0.0014314576,-0.016011722,0.008947345
100.24583,0.0018582799,-0.016116133,0.008574768
100.26252,0.0021378533,-0.01608792,0.008128806
100.2793,0.0021800904,-0.015981218,0.007881685
100.29584,0.0026268628,-0.015363244,0.0073737195
100.31252,0.0029182835,-0.015428645,0.0068285414
100.32886,0.0029810613,-0.015699215,0.0065160855
100.34578,0.0033030766,-0.01514169,0.005813985
100.36243,0.0037523955,-0.014506244,0.0052223206
100.37896,0.0038291125,-0.0142352665,0.0048471084
100.39588,0.004067458,-0.013835909,0.004055562
100.412506,0.004088422,-0.013442817,0.0036809307
100.42892,0.0042773006,-0.012304397,0.0027867851
100.445915,0.004347147,-0.011320834,0.0018310893
100.46256,0.004226559,-0.010988964,0.0012763506
100.479225,0.004148893,-0.0096439365,0.00014210708
100.49554,0.0042438433,-0.008102295,-0.0010183491
100.51245,0.004347777,-0.007615972,-0.0015951798
100.52906,0.0044018226,-0.0060542165,-0.0025754739
100.545906,0.0041885423,-0.0044925986,-0.0035605335
100.56262,0.004254173,-0.003955097,-0.0039885426
100.57934,0.0042357626,-0.0024085834,-0.004965646
100.595856,0.0040289685,-0.000986079,-0.0058673583
100.61253,0.004045104,-0.00037032212,-0.006345766
100.6292,0.0039493605,0.0014230066,-0.007192534
100.645775,0.003891328,0.0029839112,-0.007963519
100.66242,0.0036015888,0.003121465,-0.008391731
100.67915,0.0033587187,0.004814344,-0.009159966
100.695946,0.0032666328,0.0064440486,-0.009833543
100.71254,0.0034519963,0.0066762045,-0.010098038
100.72926,0.002909658,0.0076125236,-0.010684401
100.745544,0.002943307,0.008156706,-0.011026265
100.76254,0.0022019611,0.009532607,-0.011530556
100.77933,0.0015822684,0.010890266,-0.012104801
100.796,0.0011756398,0.01221512,-0.012571684
100.81272,0.001131032,0.012623198,-0.012637919
100.829185,0.0009535903,0.01395352,-0.012867525
100.84592,0.0006450448,0.01526671,-0.01294894
100.8628,0.00017094884,0.015563451,-0.012898763
100.879005,-0.00048765723,0.017204167,-0.012459146
100.895905,-0.00048518754,0.016808057,-0.012459175
100.91256,-0.0008079302,0.017266912,-0.0120718265
100.92945,-0.0012289071,0.01774355,-0.011543196
100.9463,-0.0015136431,0.018335883,-0.011033195
100.96242,-0.0018857658,0.018627403,-0.010470406
100.9793,-0.0021408824,0.018743906,-0.009828968
100.99592,-0.002138873,0.018336501,-0.00982937
101.01264,-0.0024576744,0.018519226,-0.009161905
101.02928,-0.0031061186,0.018882358,-0.007816287
101.04594,-0.0030363977,0.018555878,-0.007285989
101.06256,-0.003908541,0.018517165,-0.0063191853
101.07931,-0.0041637435,0.018569797,-0.0053943926
101.09577,-0.004501535,0.017927902,-0.0050058826
101.11279,-0.0045509227,0.018036725,-0.0040743425
101.12936,-0.0048844935,0.017714646,-0.0032038002
101.145966,-0.0049676984,0.017633187,-0.0027390295
101.16258,-0.0051551964,0.01690999,-0.0017530007
101.17933,-0.005263955,0.01663825,-0.0006997502
101.19591,-0.005314106,0.01618951,-0.00011836869
101.212364,-0.0054341406,0.015521945,0.0008937522
101.22919,-0.0052410653,0.014807314,0.001875566
101.245735,-0.0053624255,0.014239335,0.002335112
101.262634,-0.005220858,0.01344043,0.003203967
101.27883,-0.005315759,0.012818888,0.0036429518
101.29587,-0.0051700366,0.012203683,0.00457899
101.31247,-0.004712953,0.011444969,0.005578739
101.32921,-0.0043237284,0.011014744,0.006056325
101.34573,-0.0038398702,0.0100813145,0.007168351
101.362434,-0.0037376147,0.009396357,0.008294774
101.37924,-0.0032334735,0.008787005,0.008795736
101.3955,-0.0025373902,0.007581424,0.009922472
101.412544,-0.0020995503,0.007027776,0.01105974
101.428925,-0.001963006,0.0064821024,0.011630407
101.445984,-0.0012859822,0.0052926713,0.012594146
101.462616,-0.00077823526,0.003672627,0.013418382
101.47925,-0.00047921744,0.0033003527,0.013797647
101.49581,0.00015451678,0.002139022,0.01451759
101.512665,0.000866449,0.000860796,0.015161516
101.529305,0.0012807486,-0.00023993808,0.015400219
101.54573,0.0021465619,-0.0019823797,0.015845174
101.56253,0.0025625406,-0.0030754444,0.016200619
101.579285,0.0028043103,-0.0037426837,0.016441451
101.59568,0.0038192621,-0.0055477335,0.016834872
101.61246,0.004603458,-0.007166837,0.01707915
101.62925,0.0049361116,-0.0077769,0.017164903
101.64584,0.0060783667,-0.008936187,0.017313827
101.66252,0.0069265333,-0.010533122,0.017322136
101.679214,0.007513591,-0.011365582,0.017316267
101.69588,0.008195515,-0.012118588,0.01721867
101.712494,0.00826628,-0.012821422,0.017160822
101.729195,0.00907791,-0.013663116,0.01688655
101.745865,0.009753494,-0.01458292,0.016548026
101.762535,0.010406117,-0.014519722,0.016164819
101.77922,0.010481049,-0.01476608,0.015971053
101.79561,0.011004317,-0.0151464185,0.015523619
101.81226,0.011449195,-0.015498723,0.0152597055
101.82938,0.012044377,-0.0155857075,0.014662888
101.84589,0.012425259,-0.015656486,0.013803693
101.862625,0.012713108,-0.015977893,0.013281913
101.87914,0.012987731,-0.01575401,0.012085217
101.89569,0.013440124,-0.015865268,0.010805057
101.9122,0.013273744,-0.015757946,0.010035833
101.92922,0.013315239,-0.015111969,0.008474823
101.94594,0.013644819,-0.014783419,0.006664373
101.96245,0.014088559,-0.014831745,0.00566857
101.97913,0.014143823,-0.01376064,0.0035900432
101.99592,0.014208898,-0.013441225,0.0014817895
102.01256,0.014240751,-0.013481749,0.00037733046
102.02942,0.013982788,-0.012977004,-0.0020361147
102.04606,0.013880065,-0.011937755,-0.0043938905
102.06256,0.013434368,-0.011837416,-0.0056426697
102.07911,0.013188723,-0.010902362,-0.008324916
102.095894,0.012911167,-0.0106636025,-0.009672264
102.112724,0.012623935,-0.00966294,-0.012518077
102.12906,0.012231208,-0.008224884,-0.016891949
102.14598,0.012042847,-0.008096016,-0.018443152
102.16297,0.011662009,-0.0077576237,-0.019989595
102.17924,0.01092832,-0.0068611726,-0.02322394
102.19616,0.0103468625,-0.0054081557,-0.026485428
102.21263,0.0101866545,-0.0043861573,-0.029505208
102.22932,0.009665694,-0.0033892067,-0.03224483
102.245834,0.00967112,-0.0037241792,-0.032243297
102.26271,0.009396082,-0.0028601056,-0.034647923
102.2792,0.009116639,-0.0019164105,-0.03662257
102.29612,0.0082654,-0.0015804061,-0.038302038
102.31248,0.007383578,-0.0006808808,-0.039822396
102.32914,0.0068733008,0.00059978344,-0.04109083
102.345894,0.006880073,0.0002709523,-0.04108979
102.36244,0.0057639605,0.0010260218,-0.04245829
102.379135,0.0050607505,0.0025073078,-0.043136075
102.3959,0.004651075,0.0032217728,-0.04338914
102.41255,0.0034937724,0.0035592746,-0.043576423
102.42917,0.0026895278,0.00461746,-0.04365477
102.44563,0.0022177205,0.005177758,-0.04363139
102.462616,0.0010372867,0.0067641223,-0.04341213
102.47915,-0.000056690962,0.0075519574,-0.04311822
102.49604,-0.00029260354,0.008137869,-0.042779014
102.51249,-0.0012894311,0.009620681,-0.041998975
102.529335,-0.0023936671,0.011135947,-0.04094821
102.5461,-0.0028790957,0.011707604,-0.040375512
102.56259,-0.003780638,0.012877673,-0.039016914
102.579216,-0.0050749574,0.014054529,-0.037609935
102.59592,-0.005698874,0.014666517,-0.036815103
102.61264,-0.0068370677,0.016060343,-0.03523165
102.62932,-0.0077161468,0.016804265,-0.033522066
102.64592,-0.008180223,0.017149506,-0.032682817
102.66244,-0.0093647195,0.018477952,-0.030872472
102.67952,-0.010330896,0.019434981,-0.029146329
102.69585,-0.011008386,0.019301958,-0.028218199
102.7124,-0.012065353,0.019973425,-0.02658103
102.7288,-0.012453873,0.020073364,-0.025684975
102.74566,-0.013355444,0.021170327,-0.023994736
102.76237,-0.014385497,0.02149058,-0.022639314
102.77922,-0.014759266,0.021752914,-0.021835053
102.79585,-0.015408434,0.022049347,-0.020580718
102.812485,-0.015498459,0.022808585,-0.019345785
102.82907,-0.015806492,0.022814503,-0.018691221
102.846054,-0.01592347,0.023191772,-0.017387975
102.862564,-0.015846867,0.023439214,-0.016155252
102.87924,-0.015754422,0.023462886,-0.015451093
102.89591,-0.01586679,0.023923835,-0.013981382
102.91274,-0.015581131,0.024237903,-0.012271153
102.92925,-0.015493951,0.024067849,-0.011332554
102.9459,-0.015666468,0.024542345,-0.0094591305
102.96255,-0.015411743,0.024676913,-0.007538819
102.97908,-0.01540782,0.025049705,-0.0065097623
102.99596,-0.015285768,0.02470423,-0.0044884835
103.01256,-0.015064894,0.024820939,-0.002308968
103.029175,-0.015119235,0.02498731,-0.0012798101
103.04592,-0.014732633,0.024859848,0.0008730907
103.06257,-0.014473376,0.025024543,0.0030491531
103.07886,-0.014122687,0.025335813,0.0041680154
103.09581,-0.013527416,0.025265638,0.006398079
103.1127,-0.012923163,0.02511911,0.008717239
103.12941,-0.012681127,0.024721503,0.00988697
103.145805,-0.011873217,0.024685666,0.012172516
103.16275,-0.011155118,0.024488866,0.014427129
103.17927,-0.011232024,0.024190988,0.015616974
103.196106,-0.010494768,0.02407645,0.017919485
103.2125,-0.009707493,0.023771895,0.019055443
103.22909,-0.009071948,0.023507074,0.021261247
103.24584,-0.007849925,0.022732861,0.023503983
103.26276,-0.0072100763,0.022179173,0.024560006
103.27936,-0.0061615277,0.02150588,0.02679531
103.295616,-0.0050516175,0.02054419,0.028804924
103.31259,-0.0043564066,0.019675711,0.029803097
103.32925,-0.0032385776,0.019014543,0.031596094
103.34588,-0.0017846285,0.017998142,0.033317942
103.36262,-0.0014575975,0.017053423,0.034139767
103.37929,-0.00006507899,0.015483857,0.035642777
103.39584,0.0014439855,0.013886575,0.03715595
103.41261,0.0019030242,0.013082462,0.03784408
103.429375,0.0033613227,0.011373535,0.039219707
103.44587,0.0046288697,0.009438788,0.040419996
103.4625,0.0052285544,0.008333771,0.040958326
103.47918,0.0067392383,0.0065744845,0.041908965
103.495964,0.008223494,0.0045052688,0.04269654
103.51235,0.009007482,0.0036305068,0.042911585
103.52938,0.010276539,0.0017767908,0.04339542
103.545944,0.011312251,0.00038012935,0.043784387
103.56252,0.01226978,-0.00075522944,0.04395774
103.579384,0.012970753,-0.002644664,0.044088975
103.59603,0.013531458,-0.0040888977,0.04420844
103.61263,0.01442087,-0.005590046,0.04412716
103.6293,0.015204519,-0.007412091,0.04392881
103.64608,0.01519899,-0.007664821,0.0439308
103.6625,0.015727157,-0.009407103,0.043628264
103.679276,0.01608768,-0.010867211,0.043165963
103.69592,0.016411195,-0.0123318285,0.042632677
103.71262,0.016944492,-0.013453737,0.0419675
103.72905,0.01706903,-0.01430153,0.041168656
103.74619,0.017064026,-0.014544679,0.041170727
103.76262,0.016918069,-0.015991246,0.03977114
103.77924,0.016766481,-0.016600639,0.03927735
103.795876,0.016774941,-0.017555853,0.038166724
103.81249,0.01668709,-0.018466573,0.037021928
103.82894,0.016368989,-0.019030897,0.035832506
103.846085,0.016138062,-0.019356932,0.035213955
103.86253,0.015670404,-0.019959103,0.033901874
103.879456,0.0150577715,-0.020450981,0.0325647
103.89607,0.014548568,-0.02079812,0.031876463
103.91252,0.013953349,-0.021042252,0.030405462
103.929436,0.013234729,-0.020971753,0.028937569
103.94607,0.01283536,-0.02115389,0.028073383
103.96252,0.012005342,-0.021524092,0.02634256
103.97927,0.011189753,-0.021158695,0.024531214
103.995865,0.010903228,-0.02095773,0.023593662
104.01232,0.009957334,-0.021483347,0.02168055
104.02932,0.008753121,-0.021392535,0.019722136
104.0457,0.008305463,-0.021263149,0.018744925
104.062675,0.0071076876,-0.020944584,0.016704595
104.079216,0.0066188723,-0.020951172,0.015729629
104.09585,0.0054276814,-0.02100498,0.013758146
104.11268,0.0042698965,-0.0204421,0.011797766
104.12938,0.0034918045,-0.020178935,0.010857556
104.14563,0.002478577,-0.020270698,0.008912193
104.162506,0.0013032099,-0.019972803,0.00700276
104.17935,0.000625272,-0.01967205,0.006061134
104.19584,-0.0004217475,-0.018559108,0.0042123566
104.21253,-0.0015109202,-0.017926699,0.0023135405
104.229355,-0.0023629488,-0.017754367,0.0013017573
104.245964,-0.0035419078,-0.016437193,-0.000613924
104.26266,-0.004645563,-0.014860611,-0.0023656434
104.279205,-0.005033839,-0.014340578,-0.003206467
104.29584,-0.006028535,-0.013321038,-0.004806283
104.312935,-0.00682173,-0.012216425,-0.0063881534
104.32943,-0.0069332286,-0.011456386,-0.007141537
104.34608,-0.0077187195,-0.010552657,-0.0086227665
104.362495,-0.008537367,-0.009903521,-0.00992578
104.37934,-0.00879254,-0.009283181,-0.0105582625
104.39615,-0.009403798,-0.007614128,-0.011505008
104.41244,-0.010711251,-0.0066165975,-0.012409424
104.429276,-0.011114454,-0.006200339,-0.012869611
104.445816,-0.011818257,-0.00485167,-0.0139198685
104.46224,-0.012162412,-0.0040221415,-0.014427346
104.47959,-0.012889404,-0.0021662053,-0.015343147
104.496155,-0.013224,-0.0012877154,-0.016300501
104.51267,-0.013399063,0.0000037551451,-0.017264992
104.529144,-0.013587465,0.0012589187,-0.017745728
104.54574,-0.013895477,0.0028547635,-0.018543025
104.562515,-0.014073395,0.0041766567,-0.019314967
104.5792,-0.013897092,0.0048540854,-0.019667968
104.595825,-0.013983639,0.0069649434,-0.020379884
104.6125,-0.014127935,0.007820778,-0.020726087
104.62927,-0.014451332,0.00960651,-0.021388508
104.64593,-0.0145350015,0.0115806535,-0.021907715
104.66246,-0.014510889,0.012228135,-0.022151448
104.679146,-0.014396078,0.01398651,-0.022552684
104.696045,-0.014474741,0.01576941,-0.022942828
104.71268,-0.01447428,0.01663553,-0.023082908
104.729126,-0.01447075,0.018351732,-0.023332732
104.74607,-0.014125895,0.020183312,-0.023621103
104.7625,-0.01391394,0.020645246,-0.023783788
104.778984,-0.013334543,0.022314161,-0.024255935
104.79607,-0.0129372515,0.02420512,-0.024679787
104.8127,-0.01237458,0.02486246,-0.025004486
104.82914,-0.01141089,0.02590958,-0.02558773
104.84601,-0.010396415,0.02738992,-0.026154516
104.8625,-0.009788086,0.027992232,-0.026431317
104.87923,-0.009161972,0.028955739,-0.026835907
104.89595,-0.008325811,0.029835697,-0.027182866
104.91261,-0.007541192,0.030077005,-0.02732583
104.929436,-0.006873443,0.031226128,-0.02753781
104.945885,-0.005992751,0.03217993,-0.02745855
104.96263,-0.005489655,0.03238691,-0.027498666
104.979385,-0.0045383703,0.033491887,-0.027130615
104.99564,-0.0044371323,0.03393884,-0.02692868
105.01257,-0.0031002657,0.03507078,-0.025820147
105.029625,-0.002225015,0.03540213,-0.024620468
105.04583,-0.002222919,0.03523222,-0.024620598
105.062836,-0.0015200694,0.03593653,-0.02328728
105.07921,-0.0006384584,0.03643777,-0.02142929
105.09584,0.00027016655,0.0360775,-0.019188706
105.1126,0.0008645595,0.036495734,-0.016932504
105.129196,0.0014967944,0.03663075,-0.014640129
105.14584,0.0014979461,0.03647145,-0.014639892
105.162506,0.0025133614,0.035642456,-0.011142095
105.17963,0.0031512862,0.03538617,-0.00869925
105.19593,0.0033410199,0.03509376,-0.00753351
105.21259,0.0041282424,0.033978622,-0.0051394156
105.22955,0.0047664847,0.03317625,-0.002695571
105.245895,0.0051756892,0.032588013,-0.0014129062
105.26256,0.005800749,0.0314207,0.0010691056
105.279305,0.006210904,0.029849028,0.0035759052
105.29596,0.006599924,0.028829262,0.004817827
105.31238,0.007346012,0.027269067,0.007398945
105.329704,0.008136291,0.025438266,0.010054777
105.34625,0.008347779,0.024516435,0.011328323
105.36278,0.009086528,0.021935552,0.013844126
105.37938,0.00975467,0.019820673,0.016414212
105.39591,0.010521659,0.018140879,0.017723696
105.41272,0.011181206,0.015133284,0.02021734
105.429344,0.011943628,0.012163443,0.022729
105.44617,0.012439632,0.0101558855,0.024015691
105.46232,0.013163793,0.0067381957,0.026378592
105.4796,0.013637105,0.0037489994,0.028465088
105.49599,0.013620119,0.0023773036,0.029518593
105.512665,0.013969854,-0.00018502116,0.03142105
105.52905,0.014042133,-0.0012922357,0.032365505
105.5461,0.014260171,-0.0041466826,0.03401549
105.562515,0.014388729,-0.006758814,0.035591062
105.57908,0.014493413,-0.0078052753,0.0362908
105.5961,0.014562455,-0.010092623,0.037613153
105.61251,0.014216869,-0.012322277,0.038695186
105.62919,0.014145071,-0.013464946,0.039129995
105.64596,0.014021219,-0.015288239,0.039775427
105.66256,0.013970099,-0.01726202,0.04034679
105.67959,0.013756786,-0.018168109,0.040504746
105.69588,0.013609128,-0.019915845,0.040808856
105.712654,0.013111018,-0.021612138,0.041022487
105.7293,0.012837266,-0.022719134,0.04110596
105.74604,0.012601908,-0.024483878,0.041150905
105.76251,0.012039819,-0.025647193,0.041146
105.7793,0.01179421,-0.025965746,0.04112106
105.79606,0.011234593,-0.027050098,0.040973194
105.81285,0.010556805,-0.02816042,0.04072963
105.829384,0.009925252,-0.028298946,0.040568437
105.845764,0.009361379,-0.028484635,0.040276866
105.86272,0.008392297,-0.028941093,0.039941713
105.87919,0.007992707,-0.029256577,0.039713793
105.89607,0.0071129794,-0.029341059,0.039270304
105.91272,0.0063588577,-0.028754098,0.038910404
105.92937,0.0062249443,-0.028794583,0.038693164
105.94574,0.005446344,-0.028550912,0.038220044
105.96269,0.0045771003,-0.027778864,0.037669335
105.979195,0.0041596913,-0.02744783,0.037432827
105.99614,0.003399261,-0.026682006,0.036858156
106.01286,0.0023240172,-0.026449507,0.03608919
106.02983,0.001685423,-0.025991043,0.035730846
106.04598,0.0008303695,-0.02463359,0.034880172
106.06273,0.0004745399,-0.024179954,0.034495227
106.07945,-0.0003405412,-0.023138518,0.033674456
106.09632,-0.0012730665,-0.022078909,0.032821342
106.11289,-0.001940086,-0.021295462,0.032390743
106.129456,-0.0025772937,-0.020062363,0.031595606
106.14639,-0.0034525695,-0.018814988,0.030762233
106.1625,-0.003824887,-0.018003417,0.030320536
106.17929,-0.004893822,-0.016663047,0.029479234
106.19618,-0.0060834605,-0.014904123,0.028575977
106.2127,-0.00616864,-0.014447446,0.028179368
106.229324,-0.007382529,-0.012712702,0.027248325
106.246254,-0.008054584,-0.010916134,0.026278319
106.2626,-0.00853113,-0.009966502,0.025768526
106.27939,-0.009121796,-0.008486778,0.024651077
106.2964,-0.009996953,-0.0067866975,0.023471061
106.312775,-0.010216805,-0.005573504,0.022819217
106.32924,-0.010914798,-0.0041366452,0.021402264
106.34587,-0.011590363,-0.0034004117,0.019709827
106.36258,-0.011732136,-0.0023767685,0.018738214
106.37915,-0.011972749,-0.0009841823,0.016855111
106.3959,-0.012020846,-0.0008996545,0.01578714
106.412704,-0.011975371,0.00006553659,0.013662409
106.42911,-0.012296719,0.0013560712,0.011347108
106.44612,-0.012112302,0.0020921251,0.00878383
106.46265,-0.01183823,0.0032537386,0.0062168245
106.47908,-0.011853396,0.0041650673,0.0036929871
106.49602,-0.011853761,0.0040933234,0.0036926337
106.51246,-0.011322347,0.004995769,0.0010910939
106.529564,-0.0109593505,0.005531721,-0.0015128533
106.54593,-0.010659293,0.006052965,-0.004089817
106.5626,-0.010563712,0.0068745497,-0.0066783
106.579475,-0.010366006,0.0072911964,-0.009230211
106.59603,-0.010342748,0.0075535593,-0.010494964
106.61265,-0.010125883,0.0078057903,-0.013131021
106.629295,-0.009582979,0.008335327,-0.015764916
106.64623,-0.0093583595,0.008587644,-0.01708121
106.66265,-0.008758351,0.009345677,-0.019712975
106.67919,-0.008330941,0.009646712,-0.022314966
106.695786,-0.008310145,0.009771846,-0.023663819
106.712776,-0.007874245,0.0105956225,-0.02626567
106.72922,-0.0075632087,0.01140073,-0.028709931
106.74589,-0.007283071,0.011781946,-0.029796755
106.762535,-0.0071842414,0.0122067,-0.031987567
106.779434,-0.006703613,0.013043512,-0.03384503
106.79578,-0.0065645147,0.01344818,-0.034693744
106.81255,-0.006318319,0.014284931,-0.036184624
106.82942,-0.006296093,0.014834374,-0.037487313
106.8461,-0.00639479,0.015226128,-0.038053453
106.86262,-0.0064133266,0.016317092,-0.039213076
106.8796,-0.006535249,0.01689991,-0.039974663
106.89604,-0.0063906717,0.017305896,-0.040297575
106.912636,-0.0063768136,0.018046068,-0.040674232
106.929306,-0.006434582,0.019081848,-0.04074982
106.94599,-0.006398079,0.01930944,-0.040717002
106.96294,-0.0066631585,0.0199869,-0.040357713
106.97937,-0.0069776545,0.020172363,-0.040013794
106.996,-0.007270906,0.021325182,-0.039298538
107.01265,-0.0077385567,0.022094263,-0.038392775
107.02944,-0.007756973,0.022390231,-0.0378267
107.04577,-0.007927964,0.022627197,-0.036651544
107.06254,-0.008233018,0.02341689,-0.03509787
107.079445,-0.008161546,0.023463603,-0.034289204
107.096016,-0.008673451,0.023670195,-0.032437276
107.11233,-0.008905925,0.024176324,-0.030580956
107.12936,-0.009120114,0.024413312,-0.029549649
107.145905,-0.009383439,0.024536917,-0.027542945
107.162605,-0.00950005,0.024531683,-0.026449941
107.1795,-0.009802153,0.02458963,-0.02433582
107.195984,-0.009966624,0.024983684,-0.022013787
107.21262,-0.010094766,0.025060607,-0.020846272
107.22976,-0.01002037,0.024799637,-0.018534714
107.24609,-0.0100504225,0.02507996,-0.016207302
107.26278,-0.010060675,0.025035996,-0.015026309
107.27945,-0.009758551,0.024825502,-0.012744928
107.29622,-0.0099071525,0.024594357,-0.010476841
107.31273,-0.009644123,0.024671007,-0.009357768
107.32924,-0.009343342,0.024560738,-0.0071929493
107.34616,-0.008866059,0.024529917,-0.004946471
107.36281,-0.008187506,0.023741452,-0.0028072125
107.379326,-0.007821555,0.023388706,-0.0016618471
107.3958,-0.007157498,0.023077132,0.0005348656
107.412766,-0.006816636,0.022677148,0.0017436753
107.429184,-0.0061367247,0.021394053,0.0040062033
107.446144,-0.0053292494,0.02053959,0.006265038
107.46285,-0.0050212247,0.020556714,0.007319839
107.47924,-0.0039335135,0.019435517,0.009574055
107.49607,-0.003138853,0.018136093,0.011628623
107.51272,-0.00260397,0.017526418,0.012685914
107.52942,-0.0016377554,0.016343797,0.014666065
107.546104,-0.00087608263,0.014945777,0.016692443
107.56279,-0.00043661392,0.014032316,0.017645616
107.57914,0.00024519596,0.012056796,0.019448549
107.59616,0.0014779369,0.010451446,0.021152776
107.61258,0.002113919,0.0092100855,0.021970263
107.62937,0.003283117,0.006701259,0.02356547
107.645744,0.0046379576,0.004343029,0.025062652
107.66269,0.0055478686,0.0034575202,0.025795428
107.67952,0.006689389,0.0011173054,0.027305655
107.69662,0.008037107,-0.0016879593,0.028659372
107.71284,0.008909519,-0.0032863838,0.029414115
107.72942,0.010564396,-0.0057248613,0.030682428
107.74613,0.01197552,-0.008270764,0.03185551
107.762695,0.012446678,-0.00958654,0.032458596
107.779434,0.013896793,-0.012451438,0.033434916
107.7962,0.015361662,-0.0142350085,0.03438146
107.812614,0.016334606,-0.015821766,0.035193685
107.82935,0.01733209,-0.017590659,0.036027785
107.845894,0.017332379,-0.017575229,0.03602767
107.86266,0.018139994,-0.01884915,0.03680353
107.879456,0.019022346,-0.019660529,0.03738087
107.89617,0.019668296,-0.020874914,0.03783497
107.91261,0.019963993,-0.02123121,0.03828814
107.92932,0.020385632,-0.021779783,0.03884753
107.946144,0.020386146,-0.02175794,0.038847473
107.96242,0.02049934,-0.022546886,0.039912824
107.97969,0.020474568,-0.022445247,0.04071516
107.995995,0.02015794,-0.022711042,0.04108979
108.01272,0.019894132,-0.022665674,0.04190291
108.02962,0.019704254,-0.022796303,0.04264198
108.04605,0.019091703,-0.022877248,0.04308667
108.062584,0.018264113,-0.022624077,0.043886106
108.07972,0.017463982,-0.022431266,0.044739276
108.09614,0.016961865,-0.022221781,0.045165047
108.1129,0.01596425,-0.021998752,0.04601021
108.12956,0.014750191,-0.02148786,0.046915486
108.14625,0.013965291,-0.021251567,0.047350824
108.16262,0.012639317,-0.020655937,0.048199985
108.17923,0.011384652,-0.020232067,0.04881301
108.19607,0.010807909,-0.019618804,0.049048852
108.212814,0.009301508,-0.01888757,0.049595013
108.22951,0.00781716,-0.018661164,0.049982537
108.24626,0.007208182,-0.01796106,0.05010092
108.26283,0.00570843,-0.016695382,0.05026489
108.27913,0.0050499267,-0.016440473,0.05028713
108.2961,0.0034993717,-0.015810136,0.04998127
108.31284,0.0019623614,-0.014243536,0.04959852
108.32945,0.0010522454,-0.013671684,0.049376115
108.34602,-0.0003973313,-0.0132475225,0.048543904
108.3628,-0.0015051182,-0.0123724,0.047510423
108.37933,-0.0022322685,-0.011903358,0.04698924
108.396255,-0.0034314604,-0.010992567,0.045716345
108.41281,-0.004536317,-0.010608129,0.04435526
108.42929,-0.0051056514,-0.009912163,0.043574736
108.44605,-0.006123854,-0.008835624,0.04204925
108.463005,-0.007232694,-0.008354493,0.04037572
108.4791,-0.0076358095,-0.008296403,0.039490875
108.49571,-0.00862386,-0.00754585,0.03763411
108.512955,-0.009398409,-0.006793427,0.035654757
108.52951,-0.010024352,-0.0061147423,0.03473991
108.54594,-0.010514327,-0.0055046054,0.032737628
108.56273,-0.011066884,-0.004613314,0.030740162
108.579475,-0.01132889,-0.004106819,0.029681008
108.59584,-0.012085158,-0.0036046016,0.027608616
108.612625,-0.012729961,-0.003045938,0.025396986
108.62937,-0.013113364,-0.0028170594,0.024296083
108.646095,-0.013311676,-0.0021963813,0.02205974
108.66285,-0.013630647,-0.0014362874,0.019815283
108.67929,-0.013784711,-0.0011140982,0.018645864
108.695946,-0.014242607,-0.00088928133,0.016415242
108.71274,-0.014082816,-0.0005065833,0.015270561
108.729256,-0.014254264,0.00006032012,0.013018672
108.74573,-0.014509022,-0.00027307944,0.0108357305
108.76271,-0.014567241,0.0001564649,0.009728969
108.7795,-0.014500564,0.00024732994,0.007554213
108.79607,-0.014547724,0.00063852494,0.0054405583
108.81241,-0.014495012,0.00067121367,0.004368557
108.829605,-0.01444693,0.00037420544,0.0022756218
108.84648,-0.01410455,0.0009730899,0.00021103614
108.86291,-0.0141075235,0.00095739355,-0.0007191558
108.87936,-0.013759647,0.0012252753,-0.0025950668
108.896225,-0.013475434,0.0012797237,-0.0043779546
108.912766,-0.013232211,0.0013111021,-0.005212642
108.9296,-0.012861184,0.0019008048,-0.006904219
108.946335,-0.012579752,0.0020190524,-0.008427816
108.96279,-0.012469118,0.0017471799,-0.009166902
108.97945,-0.012266542,0.0023005214,-0.010590739
108.99609,-0.011892449,0.0030744828,-0.011925768
109.01272,-0.011732984,0.0030866822,-0.012580657
109.02937,-0.011109788,0.0031422207,-0.01390327
109.04622,-0.010672054,0.003838694,-0.01510033
109.06276,-0.010314071,0.004011412,-0.015632939
109.07949,-0.009623193,0.0046613645,-0.016638096
109.09619,-0.009264597,0.004999396,-0.017555071
109.11261,-0.009112804,0.0051065404,-0.017971905
109.12906,-0.008597944,0.005801947,-0.018788511
109.14623,-0.008181036,0.0067195096,-0.019366564
109.16257,-0.007787112,0.007159825,-0.01963103
109.17957,-0.007174696,0.0076544248,-0.020048207
109.19629,-0.006468685,0.008790466,-0.020286478
109.21252,-0.006261362,0.009114863,-0.020485546
109.22959,-0.005981242,0.009374756,-0.020824052
109.24589,-0.0059823412,0.009483807,-0.020823596
109.26264,-0.0055776876,0.010126238,-0.02126921
109.279305,-0.0049861996,0.010872613,-0.02167662
109.295944,-0.0044799526,0.011312108,-0.021996189
109.31267,-0.0040590786,0.011728973,-0.022229047
109.329575,-0.0030431557,0.012720442,-0.022258546
109.34618,-0.0027040006,0.013108806,-0.022036092
109.36268,-0.0017888211,0.013492276,-0.021286469
109.37994,-0.0011973708,0.014183752,-0.02032731
109.395775,-0.00090000656,0.014434263,-0.019739278
109.41253,-0.0005072636,0.014969436,-0.018637912
109.42942,0.0001594083,0.015625987,-0.017379276
109.44577,0.0003715652,0.015453455,-0.016671482
109.46282,0.0006846304,0.015794354,-0.015308697
109.47991,0.0011970177,0.016383506,-0.013925558
109.496086,0.0014282882,0.016543994,-0.01313284
109.51283,0.0018287967,0.016430201,-0.011627442
109.52913,0.0024847724,0.016467871,-0.010054519
109.54609,0.0028939315,0.016784206,-0.00919373
109.56264,0.0034538917,0.016447088,-0.0074568633
109.57935,0.003975362,0.015941417,-0.005551207
109.59611,0.004166563,0.016084189,-0.0045584934
109.6125,0.004683344,0.016077092,-0.0024486342
109.62929,0.005166606,0.015303844,-0.00027388116
109.646065,0.005223869,0.01480648,0.00083619094
109.662476,0.0057955636,0.0146626085,0.0030883772
109.67958,0.006157446,0.014121786,0.0053324765
109.69603,0.006269884,0.013796603,0.0065009105
109.712845,0.0066168006,0.0126186,0.0086811595
109.72934,0.007033898,0.012285848,0.0098237265
109.74597,0.007238468,0.011616631,0.012182926
109.762665,0.0079269055,0.010551054,0.014534424
109.779274,0.008059354,0.010177672,0.015771285
109.795944,0.008179519,0.009265605,0.018128395
109.81275,0.0081714885,0.008274275,0.020398907
109.82941,0.00807887,0.007995923,0.021490112
109.84619,0.008456486,0.0066750227,0.023665002
109.86283,0.008739705,0.005636973,0.025655504
109.87955,0.0088840285,0.0054733283,0.026658427
109.89595,0.008772467,0.0047332034,0.028624222
109.91265,0.008485956,0.0031220953,0.030321516
109.929474,0.008734919,0.0026932918,0.031169988
109.94587,0.0084632775,0.0016345785,0.032635704
109.9627,0.008222289,0.0002345864,0.03391944
109.979065,0.008033411,0.0000646146,0.034341626
109.99581,0.007698954,-0.0008921483,0.035221484
110.01292,0.007422883,-0.0017315168,0.03577424
110.02949,0.0073249326,-0.0021700354,0.03600745
110.04617,0.006771424,-0.0031761993,0.036349297
110.06291,0.006481871,-0.004213484,0.0366846
110.07942,0.0063997568,-0.004559354,0.03676103
110.09617,0.005999002,-0.00502945,0.036984216
110.11308,0.0056140944,-0.006355832,0.03709216
110.129555,0.0055331085,-0.006829222,0.036993664
110.1463,0.0052022715,-0.00780288,0.036818314
110.16292,0.004599434,-0.008522514,0.0364489
110.17943,0.0043452135,-0.00901037,0.036239
110.19593,0.0036740396,-0.00970569,0.035601918
110.212654,0.0036629078,-0.010191302,0.035275616
110.22951,0.0030560405,-0.010517409,0.034501947
110.24597,0.0026006147,-0.011292664,0.033614434
110.26274,0.0025888414,-0.011690634,0.03315625
110.2794,0.0018122396,-0.011907488,0.0320483
110.29582,0.0011488209,-0.011974415,0.030908508
110.31285,0.00076614914,-0.012407166,0.030345146
110.32926,0.00003806262,-0.012696867,0.02908063
110.34615,-0.0010203972,-0.01280347,0.027725644
110.362915,-0.0015499283,-0.012579374,0.026998678
110.37951,-0.002471241,-0.0128377415,0.025280142
110.3963,-0.0033897415,-0.0131975645,0.02348053
110.41274,-0.0037077544,-0.013158492,0.022454228
110.429886,-0.0041976343,-0.013096212,0.02046925
110.446014,-0.005123709,-0.0136419665,0.018301055
110.46278,-0.00557535,-0.013834894,0.017145358
110.47933,-0.0065954034,-0.013542206,0.014848466
110.49583,-0.007575142,-0.0137615865,0.012465689
110.51253,-0.0077976836,-0.013596228,0.011291189
110.52943,-0.0084573645,-0.013612797,0.008907838
110.546394,-0.00909751,-0.013483069,0.006587424
110.562935,-0.009507292,-0.013352866,0.005407311
110.57948,-0.009789056,-0.013430094,0.0029266884
110.596375,-0.00996058,-0.013203387,0.0017194897
110.612465,-0.0104113165,-0.012936044,-0.00069071114
110.6296,-0.010760245,-0.013181876,-0.0030611027
110.6462,-0.010941639,-0.013356983,-0.005451191
110.66262,-0.011269312,-0.013496277,-0.0077684238
110.67945,-0.0113968095,-0.013493643,-0.01009666
110.69613,-0.011397794,-0.013292979,-0.01009549
110.71291,-0.011558907,-0.013458567,-0.012477554
110.72952,-0.011719343,-0.013668914,-0.014822826
110.746025,-0.012227811,-0.013574311,-0.017210243
110.76283,-0.012313687,-0.013624571,-0.019714981
110.77913,-0.012632622,-0.013134011,-0.022349473
110.796,-0.01252205,-0.012938488,-0.023707395
110.8128,-0.012506509,-0.012670086,-0.026528608
110.82924,-0.012108816,-0.011854745,-0.02919187
110.84614,-0.012195192,-0.011546111,-0.030562364
110.86284,-0.012040949,-0.010987525,-0.033270705
110.87928,-0.011900129,-0.010220574,-0.03594404
110.896095,-0.011907186,-0.009488163,-0.03727921
110.91257,-0.0114881545,-0.007997024,-0.039865606
110.92903,-0.0114104,-0.0068135737,-0.042218123
110.94612,-0.011300837,-0.006038448,-0.043436766
110.96274,-0.011182376,-0.0046734563,-0.04563988
110.97941,-0.010787666,-0.0033828998,-0.047651704
110.99599,-0.010921605,-0.0026294282,-0.04854914
111.0127,-0.010877095,-0.00091556646,-0.050237052
111.02941,-0.010604903,0.00082117884,-0.05152588
111.046394,-0.010655215,0.0022181186,-0.05206337
111.063034,-0.010351409,0.0037220658,-0.052767273
111.07942,-0.010253305,0.0049344893,-0.05326192
111.09627,-0.0098692095,0.00568847,-0.05336218
111.11299,-0.0098316055,0.0072929855,-0.053333126
111.12954,-0.00973154,0.008462642,-0.05297042
111.14594,-0.009736837,0.008987433,-0.05268235
111.1627,-0.0096684275,0.010342346,-0.051870726
111.17931,-0.0094806235,0.011023877,-0.05136709
111.19647,-0.00926138,0.012276407,-0.050110754
111.212906,-0.009024361,0.013539969,-0.048600774
111.22953,-0.009055357,0.014390217,-0.047754712
111.245735,-0.008930437,0.01553155,-0.0457376
111.26274,-0.008657212,0.016393337,-0.043569792
111.279564,-0.008597488,0.017268788,-0.04251855
111.29624,-0.008701388,0.018687572,-0.040243693
111.31331,-0.008220039,0.019542826,-0.03797432
111.329384,-0.007920739,0.02046165,-0.036851857
111.34608,-0.0076756068,0.020944979,-0.03451509
111.36302,-0.007621121,0.02197134,-0.032077916
111.37941,-0.007472547,0.022761399,-0.030937094
111.39583,-0.0073511307,0.023480643,-0.028549269
111.41295,-0.0070174783,0.024150947,-0.026397211
111.42953,-0.0067915255,0.02464707,-0.025191251
111.44612,-0.0065996614,0.0253869,-0.023355205
111.46257,-0.0060515483,0.025524119,-0.021616587
111.47932,-0.0060878405,0.025728652,-0.020828765
111.49593,-0.0056024077,0.025998948,-0.019285569
111.51298,-0.0046165558,0.026330682,-0.017836293
111.52931,-0.004340374,0.026576875,-0.017269189
111.54601,-0.003579626,0.026328513,-0.015836071
111.56257,-0.0032605585,0.026471544,-0.015303775
111.57924,-0.0026690753,0.026313629,-0.014032422
111.59609,-0.0021215274,0.026103038,-0.012983
111.6127,-0.0012851448,0.025516167,-0.012061633
111.629456,-0.0010736836,0.025631452,-0.011548314
111.64628,-0.00049080007,0.025410896,-0.010762034
111.66277,-0.00007159282,0.02547944,-0.010327543
111.67937,0.00067900465,0.024779635,-0.009533235
111.69601,0.0015877819,0.02415379,-0.008762177
111.712654,0.0018839381,0.023932915,-0.0084515745
111.72936,0.002774403,0.02327564,-0.007729858
111.74605,0.0035966984,0.021939937,-0.0070648924
111.76258,0.0040157116,0.021468978,-0.006799765
111.77898,0.004515224,0.02006384,-0.006378446
111.79628,0.005512591,0.019002808,-0.0060022473
111.812744,0.005847635,0.018547222,-0.005871382
111.829445,0.0065950104,0.016464414,-0.0055930265
111.84619,0.0075053535,0.015059432,-0.0053772973
111.862686,0.007858143,0.014518249,-0.0052541937
111.87949,0.008638049,0.012725631,-0.004963329
111.89616,0.009573394,0.010281271,-0.0047783344
111.912766,0.009961946,0.009392448,-0.0046142223
111.92945,0.010595612,0.0076413755,-0.004288805
111.94602,0.0110742105,0.0049340315,-0.0040102894
111.96279,0.0112440465,0.0034116593,-0.0038391808
111.97942,0.011905624,0.0013445048,-0.0035494112
111.99593,0.012169122,-0.00074131857,-0.0032077746
112.01263,0.012250169,-0.0022742231,-0.0030280065
112.02935,0.012371533,-0.0046249875,-0.0027034576
112.04607,0.012594638,-0.006047058,-0.0023611127
112.06282,0.012624398,-0.008223203,-0.0020369608
112.079285,0.012597414,-0.010466098,-0.0018231567
112.09576,0.012597305,-0.010185863,-0.0018249436
112.112946,0.012427096,-0.011742868,-0.0015163955
112.129425,0.011784722,-0.013298645,-0.0011716873
112.14616,0.011759118,-0.01506638,-0.00078743475
112.162865,0.011310097,-0.017093968,-0.00031055394
112.179756,0.010932571,-0.018313466,0.0001980671
112.19602,0.010710792,-0.018683605,0.00051260565
112.21272,0.009976948,-0.020229643,0.0011957005
112.22937,0.0091814315,-0.02158846,0.0017982337
112.24644,0.008775478,-0.021558668,0.0021255235
112.26286,0.007889712,-0.02229341,0.002765028
112.27937,0.006780228,-0.023575727,0.0033166304
112.29607,0.006466532,-0.02357894,0.0035194252
112.31249,0.005721787,-0.023712017,0.0041299257
112.32946,0.0048723887,-0.023764962,0.0046661585
112.346016,0.004564258,-0.0240584,0.0049769296
112.36264,0.0035549693,-0.024430081,0.005520863
112.3793,0.0029320128,-0.024327518,0.005773786
112.39617,0.0021999415,-0.023631606,0.006262639
112.412964,0.0012502108,-0.023801444,0.0068768235
112.42953,0.0005643661,-0.02373721,0.007479926
112.44604,0.000031556876,-0.023302758,0.007778229
112.46265,-0.0006424086,-0.022495428,0.008432593
112.47944,-0.0008745977,-0.02227167,0.008773535
112.4961,-0.0015297219,-0.02204067,0.00954508
112.51274,-0.0024172522,-0.021038176,0.010244213
112.52937,-0.0027740595,-0.020257758,0.010705526
112.54621,-0.00322902,-0.019630661,0.011566854
112.56304,-0.003867849,-0.019117704,0.012340973
112.5795,-0.004181157,-0.018187473,0.012730696
112.59613,-0.004619414,-0.016761607,0.013479699
112.61281,-0.00510725,-0.016137386,0.014391987
112.629135,-0.0052028876,-0.01570392,0.014744692
112.64615,-0.0053610886,-0.01416844,0.015620852
112.66291,-0.0057258625,-0.013015804,0.016508348
112.67935,-0.005843645,-0.012599385,0.016971178
112.696045,-0.005828098,-0.011779373,0.017798454
112.712715,-0.005838028,-0.010590406,0.018700305
112.729416,-0.0062295226,-0.009872422,0.01919581
112.74579,-0.0058525787,-0.008750732,0.020241749
112.76251,-0.005549492,-0.007908409,0.0213222
112.7796,-0.0056173145,-0.0069818255,0.021826467
112.79611,-0.005734326,-0.005954769,0.022840526
112.8128,-0.0057703885,-0.004749124,0.023748478
112.82929,-0.0053392034,-0.003919612,0.024129475
112.84604,-0.0053737513,-0.0029324812,0.024800245
112.86271,-0.005448464,-0.0016606239,0.025370885
112.879234,-0.005232459,-0.00097548723,0.025580898
112.89602,-0.004913211,-0.00037742572,0.025923993
112.912674,-0.004785889,0.0010016892,0.026179606
112.92934,-0.0048108213,0.0014696664,0.026313642
112.94577,-0.004417237,0.0019892484,0.02641151
112.96269,-0.0039618993,0.0029283871,0.026432198
112.97933,-0.004043719,0.0033645963,0.026418857
112.99602,-0.003744179,0.0039935755,0.02636223
113.012665,-0.003183304,0.0044287173,0.026297748
113.02934,-0.0027788263,0.004501104,0.026036004
113.04619,-0.0026474379,0.0049817557,0.02569117
113.06272,-0.0023440858,0.0054434007,0.025411991
113.07937,-0.0020855244,0.0057716444,0.024873145
113.09636,-0.0017266624,0.0058969404,0.023996545
113.1127,-0.001455851,0.0060818107,0.023491992
113.129395,-0.0009946089,0.006276483,0.022412373
113.14609,-0.00060970936,0.005895577,0.021050196
113.16276,-0.00019086103,0.0062304065,0.020311488
113.179504,0.000062378596,0.006125496,0.018707361
113.19623,0.0006584619,0.0062102387,0.017078172
113.2128,0.00086889585,0.00610059,0.01613025
113.229706,0.001321413,0.0057283095,0.014300231
113.24634,0.0011089785,0.0056872806,0.012287907
113.26251,0.0014748968,0.0060907076,0.011216996
113.27955,0.0022439146,0.0052137934,0.009092543
113.29632,0.0026090557,0.0046895687,0.0069869617
113.31298,0.0027534922,0.005132606,0.005944935
113.32958,0.0032976957,0.0049385405,0.00393617
113.34613,0.0035163374,0.0037413626,0.0019282652
113.36273,0.0039195376,0.0034728383,0.0009646474
113.37952,0.004420414,0.0027981757,-0.0008636603
113.39622,0.0046583074,0.0020865975,-0.002621811
113.41292,0.0044477168,0.00058807526,-0.0044479487
113.429855,0.004696262,-0.0004275835,-0.0061832443
113.44615,0.0046951775,-0.00006115637,-0.006184169
113.46297,0.0046865446,-0.00062235043,-0.007956303
113.4794,0.0047376207,-0.0020188177,-0.009695394
113.496025,0.004805331,-0.003505675,-0.011382666
113.51257,0.004814923,-0.0045015337,-0.013192079
113.52943,0.0047914316,-0.0057766656,-0.015212358
113.54624,0.0046212617,-0.0064543746,-0.016304329
113.56284,0.004610986,-0.007913743,-0.018636236
113.57961,0.0047925357,-0.009278197,-0.021135733
113.59633,0.004902302,-0.009759921,-0.02238684
113.61293,0.0048368764,-0.011028748,-0.024999106
113.62945,0.0050840294,-0.012912427,-0.027757367
113.64618,0.0049341777,-0.013297917,-0.029269947
113.66272,0.0048837443,-0.014337527,-0.032251593
113.67929,0.0048554013,-0.01604023,-0.03552112
113.69618,0.004995666,-0.016499974,-0.03729962
113.71259,0.004970222,-0.017634016,-0.040774617
113.72949,0.0052382746,-0.01837724,-0.044105362
113.74614,0.0051290262,-0.018727867,-0.045655858
113.76277,0.0051013213,-0.019611465,-0.048694834
113.77942,0.0050466745,-0.02009106,-0.051279914
113.79596,0.004876287,-0.019953411,-0.0524286
113.81285,0.004476417,-0.019798715,-0.05425885
113.8294,0.004095129,-0.019556435,-0.05563537
113.84608,0.0036561268,-0.019450106,-0.05615639
113.862724,0.0030305549,-0.018977532,-0.056916427
113.8794,0.00199513,-0.018259136,-0.057435803
113.89607,0.0011270178,-0.017776499,-0.05755912
113.912865,0.00032672787,-0.016957132,-0.057623044
113.92943,-0.000112692935,-0.016300855,-0.05745267
113.94605,-0.0013157747,-0.015448244,-0.05697193
113.96295,-0.0022650366,-0.013796013,-0.056169488
113.979614,-0.0033153852,-0.0124466745,-0.0550229
113.99618,-0.004089014,-0.011261792,-0.05435448
114.01278,-0.0052722762,-0.00972271,-0.052782997
114.02961,-0.005912385,-0.008378508,-0.051915366
114.04628,-0.007132647,-0.006433759,-0.049964033
114.06284,-0.008148194,-0.0043279678,-0.047606144
114.079475,-0.009007292,-0.0030139715,-0.046414763
114.096176,-0.01011561,-0.00042811738,-0.04377534
114.112816,-0.011277304,0.0024772184,-0.04089016
114.12958,-0.011838071,0.0036765225,-0.03929918
114.14641,-0.013283228,0.006201991,-0.03621195
114.16304,-0.014563178,0.009261923,-0.033020232
114.17936,-0.015201667,0.010915582,-0.031427495
114.196175,-0.016391696,0.013998066,-0.028369801
114.21271,-0.017298115,0.01688591,-0.025398305
114.22948,-0.017824328,0.0184849,-0.023896402
114.246216,-0.019204937,0.021774119,-0.020945085
114.26294,-0.019750295,0.024902552,-0.018022852
114.279495,-0.020086871,0.026507657,-0.016623842
114.29607,-0.020876268,0.029538333,-0.013664191
114.312904,-0.021516135,0.032954276,-0.0107210595
114.32933,-0.0220181,0.034700576,-0.009222
114.34642,-0.022849225,0.037718244,-0.0064367363
114.3628,-0.023174781,0.039262794,-0.005053234
114.3794,-0.02346453,0.041962445,-0.0022918913
114.39606,-0.023863468,0.04443578,0.00041619022
114.41274,-0.023768561,0.045616742,0.0017077881
114.42922,-0.023545945,0.04771835,0.004346241
114.44614,-0.023497991,0.049132958,0.006926924
114.463036,-0.023013214,0.049878657,0.008214459
114.479256,-0.022633832,0.05079553,0.010748138
114.49599,-0.021873409,0.05086667,0.013088724
114.51302,-0.021716673,0.05115234,0.014218913
114.52961,-0.020799274,0.051377475,0.016408088
114.54635,-0.019719029,0.051429432,0.018366355
114.56297,-0.019359065,0.051245753,0.019413836
114.5795,-0.018301383,0.050589286,0.021279894
114.59622,-0.017366266,0.04959863,0.023091761
114.61274,-0.016948076,0.0493657,0.023949696
114.62939,-0.015808314,0.048218086,0.025503319
114.64599,-0.01473198,0.046794854,0.026913289
114.66282,-0.014156868,0.04606816,0.027527664
114.67975,-0.012930771,0.044363752,0.028638626
114.69635,-0.011814543,0.04248374,0.029702932
114.71284,-0.011221751,0.04162371,0.03011536
114.7295,-0.009913148,0.038663927,0.030937355
114.74617,-0.008963829,0.037859175,0.031235913
114.76269,-0.0070555015,0.033672247,0.03213573
114.779686,-0.0059233583,0.030245692,0.032582562
114.79642,-0.005916226,0.030685022,0.032584
114.81273,-0.0045262524,0.02762904,0.03284772
114.82964,-0.0029698736,0.024833893,0.033064093
114.84623,-0.0018126537,0.020942695,0.033208884
114.86292,-0.000555263,0.017161319,0.033213533
114.87997,0.00090919837,0.0135830855,0.03314617
114.89638,0.00091658137,0.014028573,0.033145916
114.91303,0.0021389883,0.009468266,0.032992117
114.93002,0.003973274,0.00327791,0.032673724
114.94613,0.004653028,0.0012312758,0.032532856
114.963036,0.005831672,-0.0025823514,0.032252412
114.980194,0.0071347696,-0.0070701963,0.031836405
114.996124,0.0078009665,-0.009057481,0.03163002
115.01306,0.008958751,-0.012954129,0.031135544
115.02959,0.0099569615,-0.016775694,0.030611018
115.04626,0.010230098,-0.018622816,0.030261945
115.06266,0.010834145,-0.022537885,0.02956827
115.07963,0.0117340805,-0.025802933,0.028719211
115.09621,0.01209346,-0.02726984,0.028197953
115.11282,0.012447538,-0.030734638,0.02720142
115.12943,0.012821781,-0.03385781,0.026116485
115.14613,0.013235283,-0.034636192,0.025561463
115.16282,0.013403355,-0.03705635,0.0243938
115.179504,0.013301715,-0.03959304,0.023212995
115.19616,0.013448006,-0.04080563,0.022525936
115.21282,0.013531462,-0.042829614,0.021117792
115.2294,0.013245916,-0.044344842,0.019709663
115.24631,0.0130960485,-0.044915646,0.01898052
115.26286,0.0129223,-0.046621058,0.017496534
115.27926,0.0129251,-0.046841603,0.016774181
115.29608,0.012402042,-0.048065335,0.015245803
115.31292,0.011927641,-0.04910086,0.013569083
115.32955,0.011286423,-0.048978377,0.012712072
115.34635,0.010757137,-0.04952562,0.01094101
115.36283,0.010251475,-0.05010209,0.009161555
115.37961,0.009952217,-0.049657613,0.008257677
115.396385,0.009202786,-0.049524795,0.006489509
115.4127,0.008321819,-0.04922788,0.004576363
115.42952,0.008094591,-0.04882144,0.0037166437
115.44619,0.007434511,-0.04829045,0.0019000284
115.46291,0.0064664567,-0.0474563,0.00010559352
115.47943,0.0061902283,-0.046847403,-0.0007917616
115.49618,0.005175646,-0.046304666,-0.0025943844
115.51275,0.004261041,-0.044991646,-0.004376996
115.5292,0.0037627667,-0.044170838,-0.005257516
115.54573,0.0029012514,-0.043048054,-0.0070201224
115.563034,0.0019801639,-0.042092044,-0.008877833
115.5794,0.0016608759,-0.04096799,-0.009788315
115.595795,0.0007154908,-0.039043237,-0.0115963025
115.61298,-0.00005746998,-0.03757269,-0.013449712
115.629616,-0.0005719557,-0.036470804,-0.01440316
115.64653,-0.0017753779,-0.034427423,-0.016289178
115.662735,-0.0025464843,-0.032484844,-0.018243436
115.6794,-0.0030165906,-0.031194394,-0.019174455
115.69606,-0.0037918773,-0.0291466,-0.020978391
115.712875,-0.0046308087,-0.026385128,-0.022513757
115.72962,-0.005168589,-0.024821095,-0.023229435
115.74627,-0.00609314,-0.021988211,-0.024475886
115.76289,-0.007061393,-0.019129252,-0.025398798
115.7794,-0.007333166,-0.017322708,-0.025844857
115.79623,-0.00824285,-0.01447436,-0.026615806
115.812775,-0.008681139,-0.012842098,-0.02689425
115.82957,-0.009490152,-0.009298331,-0.027351229
115.84614,-0.010138543,-0.006617414,-0.02775541
115.8628,-0.010781098,-0.00470196,-0.027829956
115.87952,-0.011877085,-0.0012070939,-0.028066935
115.89636,-0.0126844095,0.0016793729,-0.028096035
115.912506,-0.013269286,0.0033271017,-0.028170303
115.92944,-0.013707659,0.0065904204,-0.028049765
115.94595,-0.014311437,0.01025939,-0.027956616
115.9628,-0.0144051565,0.011708049,-0.027768767
115.97939,-0.015203312,0.014702115,-0.027509237
115.99625,-0.015618066,0.017823996,-0.027065586
116.01281,-0.015966197,0.019624846,-0.026740544
116.0297,-0.016561361,0.022144495,-0.026117163
116.046234,-0.016545247,0.024465887,-0.025302364
116.06282,-0.0166039,0.02584932,-0.024839377
116.079414,-0.016962888,0.028213603,-0.023798741
116.09665,-0.017271196,0.029870385,-0.02273314
116.11286,-0.017416928,0.030853355,-0.022125375
116.129166,-0.01731261,0.0324737,-0.020857647
116.14618,-0.017068824,0.033584908,-0.020184295
116.1629,-0.017165717,0.034313872,-0.01878513
116.17948,-0.01716055,0.035404272,-0.017418684
116.196205,-0.016711354,0.036015213,-0.016100561
116.21294,-0.016423443,0.03685861,-0.014794856
116.22924,-0.016042328,0.037274644,-0.013360932
116.24618,-0.016045477,0.037760936,-0.013356943
116.262726,-0.015509724,0.038004775,-0.011922608
116.27947,-0.015141056,0.037612967,-0.010453695
116.296104,-0.0148745,0.03691372,-0.008967951
116.31284,-0.014149927,0.03639869,-0.007539459
116.32947,-0.013867217,0.035455655,-0.006081593
116.34617,-0.013543455,0.03539692,-0.0052955938
116.362854,-0.01277114,0.03404209,-0.003929233
116.37954,-0.012012852,0.03275131,-0.0026704513
116.39623,-0.011716542,0.0327562,-0.0020376486
116.41282,-0.011106923,0.03149711,-0.0007811816
116.4296,-0.010215199,0.029485071,0.00027047322
116.44593,-0.00985554,0.029070133,0.0007497065
116.46275,-0.009142101,0.027849307,0.0017172365
116.47947,-0.00845084,0.025829881,0.002529365
116.4962,-0.008227483,0.024823043,0.002939458
116.51286,-0.007666407,0.02298643,0.003605761
116.529305,-0.0066315755,0.021168634,0.0042261495
116.5461,-0.0061390377,0.02028537,0.00447516
116.56301,-0.005585745,0.017338209,0.0049580513
116.57964,-0.0047033373,0.014689968,0.0052898163
116.59635,-0.004242363,0.014151555,0.0053726938
116.61293,-0.0035157981,0.011885885,0.005666875
116.629616,-0.0032903936,0.008564082,0.0058119744
116.646164,-0.0024786084,0.0075125014,0.005851893
116.66306,-0.0018321272,0.0057826717,0.005887568
116.679726,-0.0010535506,0.0031991184,0.0058805463
116.69619,-0.0005479886,0.0018065409,0.0058758864
116.71283,0.00015989461,-0.0007140446,0.00574237
116.72954,0.00029977248,-0.0013620533,0.0056492384
116.74609,0.0008673417,-0.0033480532,0.0054913717
116.76262,0.0016439976,-0.006171572,0.0052210763
116.77945,0.002361027,-0.007162736,0.005032263
116.79617,0.002914963,-0.0087438105,0.00468288
116.812935,0.0039067185,-0.010175749,0.0044532563
116.82951,0.0041729277,-0.011433336,0.0043672537
116.84609,0.0049708975,-0.013623927,0.0040008905
116.8626,0.005632939,-0.015379083,0.003540513
116.87954,0.005642148,-0.016059905,0.003255282
116.89614,0.006124392,-0.018030066,0.0025134569
116.91318,0.0062755793,-0.019641904,0.0015975093
116.92944,0.0067357337,-0.020374408,0.00103503
116.946335,0.007153477,-0.02189018,-0.00014018026
116.96285,0.007282177,-0.023586525,-0.0015242161
116.97951,0.007940988,-0.024205346,-0.0022597485
116.996254,0.008069899,-0.025404438,-0.0038718006
117.01297,0.008094492,-0.026303874,-0.005482141
117.029724,0.008022541,-0.026880378,-0.0063828174
117.04622,0.008075666,-0.028024537,-0.008225079
117.063,0.008154758,-0.028749896,-0.010243573
117.07942,0.008295871,-0.028849207,-0.011355938
117.096146,0.008633308,-0.029771619,-0.013632918
117.11314,0.008374832,-0.030130439,-0.016016858
117.12965,0.008839944,-0.030421548,-0.017273791
117.146194,0.008976796,-0.030435339,-0.019868078
117.16298,0.00857317,-0.030498805,-0.022574319
117.179344,0.008290887,-0.030526077,-0.02395905
117.19633,0.0080230525,-0.030401042,-0.026812214
117.21296,0.007644485,-0.029522443,-0.028323714
117.22961,0.007434175,-0.028941503,-0.031197459
117.246124,0.0071852435,-0.028688353,-0.033894777
117.26277,0.0072209067,-0.027955996,-0.035199203
117.279396,0.0067201834,-0.026570939,-0.037399713
117.29614,0.005990647,-0.025108935,-0.039180078
117.31295,0.0057185004,-0.024175588,-0.03988879
117.32945,0.0047187335,-0.022582931,-0.04113343
117.346245,0.003912854,-0.02079402,-0.042110812
117.3628,0.0034578573,-0.019761276,-0.042474277
117.37952,0.002416774,-0.018005526,-0.043004427
117.39577,0.0015416653,-0.01587664,-0.04317727
117.4128,0.0007361792,-0.014228585,-0.043224093
117.4293,-0.00061251555,-0.012078087,-0.043058366
117.4461,-0.0016900069,-0.009415062,-0.042649753
117.46284,-0.0018840387,-0.008001019,-0.04231462
117.4798,-0.003185774,-0.005473569,-0.04154515
117.496544,-0.004702205,-0.0026032866,-0.040511873
117.51302,-0.005607357,-0.00093757495,-0.03993443
117.52959,-0.006823341,0.0016873783,-0.038585838
117.54607,-0.00842503,0.0047256215,-0.03716729
117.562584,-0.009686573,0.0075816396,-0.035585493
117.579384,-0.009696277,0.008126287,-0.035582904
117.59618,-0.010915193,0.010941811,-0.03396742
117.61277,-0.012121909,0.013953859,-0.03220378
117.629906,-0.013539556,0.017099319,-0.030248167
117.64644,-0.014726743,0.02017477,-0.028186776
117.66299,-0.016150815,0.02366343,-0.025948996
117.679695,-0.016158063,0.02421299,-0.025944753
117.6964,-0.017876226,0.02905892,-0.022012698
117.71255,-0.019288728,0.03243059,-0.019180505
117.7299,-0.02105175,0.035915487,-0.016297285
117.746216,-0.02212604,0.037841056,-0.014834351
117.763016,-0.023450805,0.041321095,-0.011820678
117.77959,-0.025174495,0.044444147,-0.008788816
117.79633,-0.025693193,0.046311986,-0.00721989
117.81284,-0.027240358,0.049297895,-0.004209151
117.8295,-0.028492004,0.051386926,-0.0011880982
117.84625,-0.029039772,0.0525758,0.00029120833
117.86289,-0.029751552,0.054287653,0.0031741203
117.87945,-0.03038767,0.05513372,0.0059937383
117.89627,-0.0310702,0.055492755,0.0073789265
117.913025,-0.031472526,0.05598838,0.010079023
117.92928,-0.0311992,0.05649217,0.011375537
117.946144,-0.03114662,0.0563127,0.0140234595
117.96278,-0.030898152,0.05543799,0.016663138
117.97956,-0.03056395,0.05440857,0.0192988
117.99611,-0.030179178,0.054329712,0.020592166
118.01282,-0.029326139,0.052795712,0.023101944
118.02936,-0.02927353,0.05251026,0.024319166
118.04624,-0.028574701,0.050398722,0.026778774
118.06275,-0.027575685,0.048390925,0.029062117
118.07953,-0.026529253,0.04599172,0.0312516
118.096466,-0.025880229,0.04527312,0.03230486
118.11302,-0.024425535,0.042315923,0.034474216
118.12967,-0.023187157,0.039342266,0.03646107
118.14639,-0.022523085,0.038281795,0.037499018
118.16326,-0.020522758,0.035068456,0.03947413
118.17951,-0.019572081,0.033603724,0.040409014
118.19608,-0.017804613,0.029697355,0.042124137
118.21309,-0.016124543,0.026243271,0.043639224
118.2295,-0.014855971,0.024813797,0.044316884
118.24579,-0.013108159,0.020661056,0.045573685
118.26321,-0.011300493,0.016466992,0.046548
118.27957,-0.0103263715,0.014618743,0.047000434
118.29609,-0.008426878,0.011200542,0.04759833
118.31296,-0.006397127,0.007071522,0.04801679
118.32948,-0.005478857,0.0050122347,0.048190232
118.345985,-0.0035307496,0.0012963946,0.04827269
118.36307,-0.001346235,-0.002343962,0.04818063
118.37961,-0.00062730303,-0.0038408216,0.04805903
118.39636,0.0013423689,-0.008077246,0.047757454
118.41313,0.0029573136,-0.012035944,0.047231935
118.42973,0.004155733,-0.013460007,0.046921737
118.44615,0.0061614695,-0.016723873,0.046210717
118.463,0.008107258,-0.020342486,0.045406997
118.47945,0.009169095,-0.022107666,0.045023024
118.49611,0.0108783385,-0.02506963,0.044011757
118.51284,0.011512222,-0.026405815,0.04350501
118.52935,0.013340684,-0.029953688,0.042364854
118.54582,0.0151676135,-0.033166673,0.04113408
118.5627,0.015827013,-0.034710526,0.040540654
118.579575,0.01721856,-0.037472695,0.03911369
118.5961,0.018819297,-0.04097861,0.037741087
118.61279,0.019464916,-0.042070813,0.036952652
118.62956,0.020692745,-0.04486526,0.035474066
118.64612,0.021964122,-0.046870902,0.033900656
118.662766,0.02274658,-0.048001554,0.033114407
118.6796,0.023894519,-0.050465636,0.031537294
118.69626,0.024262268,-0.05183892,0.029927004
118.71271,0.02445252,-0.051925417,0.029098168
118.72959,0.025119537,-0.053096525,0.027464198
118.74661,0.025450123,-0.053911917,0.025839983
118.76269,0.02580521,-0.053984307,0.025044095
118.77956,0.026108885,-0.054132305,0.023363492
118.7965,0.02595066,-0.05392866,0.021670304
118.81325,0.025728028,-0.053417362,0.020821078
118.82952,0.025256598,-0.052739155,0.01915092
118.84637,0.025092838,-0.05179277,0.017557073
118.862946,0.024861746,-0.050921984,0.016715832
118.879486,0.024088958,-0.049582437,0.015118153
118.89632,0.023300959,-0.04769165,0.013585665
118.91293,0.022777708,-0.046744842,0.012849284
118.929504,0.021987319,-0.044969246,0.011291028
118.94614,0.021153571,-0.042912293,0.009771399
118.962814,0.019981831,-0.040546022,0.008305185
118.97957,0.018656857,-0.03839506,0.006852018
118.99641,0.018658848,-0.037797555,0.006846424
119.01298,0.017468942,-0.035331912,0.005526765
119.029724,0.015937245,-0.032625988,0.004272796
119.04666,0.014322492,-0.030242614,0.0030960378
119.06315,0.012854743,-0.027073866,0.0020372223
119.07982,0.011361327,-0.024369845,0.0011165948
119.09623,0.011361602,-0.023772456,0.001113196
119.11283,0.009648793,-0.021041447,0.00031830833
119.12945,0.0070517585,-0.016891368,-0.00078410655
119.14628,0.00604723,-0.0150586525,-0.0011233722
119.1629,0.0045005097,-0.012071338,-0.0017259588
119.17948,0.0028152312,-0.010294301,-0.0022558945
119.19586,0.0018383521,-0.008610958,-0.002588776
119.21289,0.00035351847,-0.0064067338,-0.0029689393
119.229485,-0.001401086,-0.004253315,-0.0033727537
119.24611,-0.0020144905,-0.003017267,-0.0033683244
119.26279,-0.003121641,-0.0015612573,-0.003532255
119.27948,-0.004482021,0.00019350601,-0.0034628469
119.296104,-0.005748233,0.0012641775,-0.0034004627
119.31314,-0.0071289055,0.0024049424,-0.0031607288
119.32961,-0.008315453,0.0037041928,-0.0027650727
119.34622,-0.00859095,0.004563403,-0.0025009671
119.36289,-0.009963765,0.0060342588,-0.0018622369
119.37946,-0.011247606,0.0073095285,-0.0011241466
119.39614,-0.011864728,0.007988526,-0.0006863843
119.41271,-0.012872834,0.009805472,0.000116990996
119.42957,-0.014243052,0.011078649,0.0010589701
119.44595,-0.015006516,0.0116419075,0.001571084
119.46294,-0.015801894,0.0133212665,0.002667753
119.47968,-0.016082613,0.014282093,0.0032746284
119.49615,-0.017045848,0.015717305,0.004623315
119.51254,-0.018113296,0.016101714,0.005994375
119.52966,-0.018673155,0.017255487,0.0067341947
119.54609,-0.019373668,0.01847436,0.008169335
119.56303,-0.020381397,0.018964192,0.009683715
119.579605,-0.020371618,0.019289577,0.010415995
119.59635,-0.020824425,0.019536868,0.0119176265
119.61293,-0.021255475,0.020254184,0.013563738
119.62987,-0.021296307,0.02028128,0.01443049
119.64635,-0.021202467,0.01973409,0.01608785
119.66313,-0.021013958,0.018982321,0.017662426
119.67956,-0.021528892,0.019046796,0.018442344
119.69637,-0.021240385,0.01863124,0.020000573
119.71302,-0.020746738,0.017577814,0.02149338
119.72963,-0.020335797,0.017349744,0.022140186
119.74645,-0.019976977,0.016398985,0.023610387
119.76306,-0.019746,0.015348267,0.025014454
119.77956,-0.01908965,0.014974361,0.025663985
119.79613,-0.018292075,0.013614885,0.027016964
119.812965,-0.017729577,0.012128659,0.028324313
119.82932,-0.017326022,0.01163575,0.028990164
119.84636,-0.01640713,0.010267188,0.030221738
119.86281,-0.015392577,0.008726184,0.031434532
119.8796,-0.015148018,0.008092613,0.032069746
119.896065,-0.01434601,0.0067197634,0.03327678
119.91278,-0.013639689,0.006668003,0.033867266
119.929504,-0.01307425,0.004952043,0.035055187
119.94624,-0.0121892,0.0035561481,0.036152754
119.9628,-0.011234674,0.002100445,0.03706172
119.97952,-0.010549819,0.0016495838,0.037435893
119.99633,-0.009566082,0.0003531663,0.037995838
120.01296,-0.0087891165,-0.0016697624,0.03828283
120.02988,-0.008344018,-0.0021333997,0.038301654
120.04624,-0.0074222484,-0.0036727386,0.038146786
120.06303,-0.007121152,-0.004046077,0.037988868
120.0796,-0.0060943207,-0.005836413,0.03754221
120.096375,-0.005093872,-0.0077315564,0.03688194
120.11301,-0.0048010685,-0.007903278,0.036456004
120.12959,-0.0039038898,-0.008756643,0.03552511
120.14606,-0.0028237689,-0.009761663,0.03440603
120.162865,-0.0020653547,-0.010367893,0.03386847
120.17972,-0.0010833886,-0.011564351,0.032549955
120.19642,-0.00015315399,-0.012684399,0.031239863
120.213104,-0.00028200692,-0.01278668,0.030434694
120.2295,0.0007887986,-0.01452957,0.028895505
120.24639,0.0018222608,-0.015574151,0.027209694
120.26307,0.0023442593,-0.015800841,0.026293648
120.279396,0.0033126534,-0.016777884,0.02450138
120.296326,0.0041710213,-0.0176742,0.022619212
120.31282,0.0048371246,-0.017796276,0.02172712
120.32947,0.0058331825,-0.018372742,0.019841136
120.346146,0.006986034,-0.018815653,0.018015778
120.36267,0.0067318105,-0.018986508,0.017121637
120.3797,0.0076685045,-0.019454416,0.015316213
120.39628,0.008210496,-0.019199312,0.014460079
120.412994,0.008908186,-0.019500425,0.012781139
120.42955,0.009783689,-0.020114332,0.011140102
120.44622,0.009981534,-0.020205792,0.009580135
120.46249,0.0104444735,-0.020271145,0.008089953
120.4796,0.010867197,-0.021055987,0.0066415146
120.49611,0.010869255,-0.020410236,0.0066379546
120.51296,0.011154876,-0.020531556,0.005245665
120.52949,0.0112195145,-0.020123374,0.003908311
120.54623,0.011459931,-0.020671856,0.0025997243
120.562874,0.011466812,-0.020806251,0.0013658678
120.579605,0.011843779,-0.020421337,0.00020334184
120.596054,0.011950848,-0.0200294,-0.0003482268
120.612816,0.012442952,-0.019910842,-0.0014724392
120.629654,0.012656027,-0.020001896,-0.0024913528
120.64624,0.012188297,-0.019629508,-0.0029407537
120.662926,0.012063875,-0.019429611,-0.003926329
120.67943,0.011775577,-0.020505743,-0.004808712
120.696266,0.011377895,-0.020648343,-0.0052876966
120.712944,0.01092336,-0.021509074,-0.005960984
120.72946,0.010684152,-0.021539353,-0.0066622146
120.74629,0.010556264,-0.022021245,-0.006992506
120.763016,0.010310767,-0.02331215,-0.007554831
120.77917,0.0099025555,-0.024098834,-0.007934637
120.79646,0.010023028,-0.023820473,-0.008153949
120.81292,0.009417297,-0.025227996,-0.008384474
120.82973,0.008888233,-0.026251445,-0.008641531
120.84634,0.008281309,-0.026584357,-0.008703441
120.86291,0.0076425485,-0.02745614,-0.00884659
120.87953,0.0073342146,-0.028209496,-0.008918832
120.89628,0.006886871,-0.029642604,-0.008962589
120.91302,0.0061948933,-0.03141293,-0.0089118555
120.929756,0.006449931,-0.031246971,-0.008866931
120.946396,0.005439882,-0.033128846,-0.008670952
120.96295,0.004634271,-0.03523101,-0.008511083
120.97958,0.0039672214,-0.03597051,-0.008285984
120.99612,0.0032487009,-0.036993586,-0.008104917
121.01294,0.002467678,-0.038819518,-0.0077081644
121.02959,0.0020661717,-0.03912871,-0.0075608217
121.04646,0.0016822864,-0.040483516,-0.007121941
121.062996,0.0009993035,-0.040633503,-0.006636076
121.079605,0.00019651504,-0.04036567,-0.006480667
121.0959,-0.0003058504,-0.040726382,-0.005994373
121.11338,-0.0012243469,-0.040415976,-0.0055486434
121.12972,-0.0011971791,-0.039555073,-0.005303658
121.14628,-0.0019634066,-0.03803766,-0.004861588
121.16309,-0.0026030445,-0.036813386,-0.0043832487
121.17966,-0.0026764392,-0.03607592,-0.0040087854
121.19615,-0.003101539,-0.034032505,-0.003467035
121.212944,-0.003613029,-0.031736575,-0.0028097166
121.22949,-0.004629965,-0.030029187,-0.002550475
121.24626,-0.004995543,-0.027835583,-0.0018364764
121.26296,-0.0054169735,-0.025103135,-0.0011834209
121.279816,-0.005642509,-0.023308722,-0.00087130646
121.29625,-0.006536394,-0.01994826,-0.00019564589
121.31271,-0.0067984657,-0.018445903,0.00016213763
121.3297,-0.0077272635,-0.01528586,0.0008383051
121.34624,-0.00878655,-0.011348702,0.0015341527
121.36293,-0.009436658,-0.009488414,0.0018906614
121.37951,-0.010296788,-0.0057521868,0.0025240046
121.39595,-0.011044009,-0.0022441302,0.0032076952
121.41258,-0.011394039,-0.00028177953,0.0035292003
121.42946,-0.01201999,0.0035434272,0.0042149485
121.44613,-0.013147445,0.0075063147,0.0048234398
121.462845,-0.013429291,0.009212698,0.0051241238
121.47952,-0.013828489,0.01248952,0.005704633
121.496315,-0.014029875,0.016195266,0.0063470076
121.512955,-0.014322842,0.01813958,0.006681213
121.529686,-0.014651117,0.021408886,0.0073481007
121.54614,-0.01501526,0.023863941,0.008081958
121.56273,-0.0146655245,0.025425676,0.008500318
121.579506,-0.014898807,0.028340785,0.009228835
121.59651,-0.015247231,0.030741153,0.009949465
121.61276,-0.015761528,0.032118436,0.010356735
121.62923,-0.015941931,0.03423245,0.011140405
121.64633,-0.016041378,0.037024666,0.012035652
121.66284,-0.0161954,0.038735434,0.012521603
121.67981,-0.016453872,0.040650144,0.013531764
121.69653,-0.016839782,0.042658035,0.01457038
121.71293,-0.016962644,0.044033132,0.015082238
121.729454,-0.016938804,0.046085056,0.016097803
121.74632,-0.01695332,0.046957742,0.017109843
121.76297,-0.017048774,0.04727607,0.018168787
121.77942,-0.016873438,0.047741316,0.019236524
121.79606,-0.016867392,0.04837977,0.019242017
121.81299,-0.016334524,0.047022406,0.020347336
121.829704,-0.015992545,0.04584534,0.02152512
121.84615,-0.015418531,0.04470407,0.022627108
121.862946,-0.014222311,0.04308696,0.023792636
121.87954,-0.014214671,0.04373969,0.023797484
121.89647,-0.013652482,0.041273035,0.025088228
121.912926,-0.012337428,0.037445754,0.027098449
121.92986,-0.011229344,0.035330713,0.028552162
121.94609,-0.010688411,0.033966,0.029370302
121.96293,-0.009702562,0.030676413,0.030858995
121.979706,-0.008711422,0.027453149,0.032451026
121.99641,-0.0077857217,0.026020551,0.033043366
122.01288,-0.0067717917,0.02222615,0.034459088
122.02988,-0.006056469,0.018190457,0.035760287
122.04625,-0.0050192084,0.016396118,0.036439374
122.063095,-0.00399707,0.012731099,0.037665617
122.07973,-0.0028956544,0.008371336,0.03887186
122.09648,-0.0029694624,0.006489915,0.039498147
122.11314,-0.0020053373,0.0017913389,0.04073242
122.12962,-0.0010300357,-0.0024219858,0.041927304
122.14664,-0.0005583937,-0.0040560584,0.042364623
122.1631,0.00044265753,-0.008239636,0.043268047
122.17987,0.0012002424,-0.013286131,0.04400273
122.196205,0.0018443103,-0.015430466,0.044285186
122.213135,0.0027126118,-0.019790022,0.04468495
122.22958,0.0033151114,-0.024384322,0.044926994
122.24615,0.0030366248,-0.026481068,0.04498636
122.26266,0.0035595554,-0.031114103,0.044805296
122.27974,0.0042271577,-0.035500303,0.04435599
122.296364,0.004598668,-0.03750201,0.043981366
122.31277,0.005143642,-0.042347614,0.043146707
122.32958,0.005600391,-0.044322133,0.04263737
122.34617,0.0059096664,-0.048795395,0.04146615
122.36292,0.006333762,-0.053192597,0.04008621
122.3797,0.0062858257,-0.054729447,0.03931593
122.39642,0.0064740204,-0.058443602,0.03762522
122.413025,0.0070317388,-0.06217696,0.035819173
122.42966,0.0072576306,-0.06329433,0.03479144
122.4462,0.00772009,-0.065408215,0.032762993
122.46314,0.008088647,-0.067847855,0.030562451
122.479576,0.008649686,-0.06884838,0.02945568
122.496284,0.008416435,-0.070431314,0.026975503
122.51308,0.008699101,-0.07094573,0.024543308
122.52955,0.008898524,-0.07052326,0.023195881
122.54633,0.009204233,-0.07102327,0.020562172
122.56279,0.009534804,-0.070398465,0.017749561
122.57934,0.00927865,-0.069116525,0.016346011
122.59649,0.009494154,-0.0677311,0.013402205
122.61294,0.0099635795,-0.06654109,0.01051438
122.62964,0.009909365,-0.06472065,0.008979375
122.64623,0.009613277,-0.061648007,0.006082534
122.662964,0.009517501,-0.058352467,0.0031508978
122.679375,0.009890152,-0.056649093,0.0017411667
122.69633,0.009963323,-0.053190093,-0.0010215316
122.713234,0.0101016415,-0.04871798,-0.0036785335
122.729515,0.009723172,-0.045634445,-0.004973974
122.74608,0.009355331,-0.041412294,-0.0074945414
122.762566,0.009654015,-0.03909703,-0.008726227
122.77905,0.009472939,-0.034008723,-0.011092174
122.79622,0.008958888,-0.02871695,-0.013330242
122.81299,0.008911504,-0.026002724,-0.014438481
122.82971,0.008794011,-0.020876747,-0.016518194
122.84655,0.008981968,-0.015505808,-0.018625524
122.862976,0.008467318,-0.0124502415,-0.01953231
122.87962,0.008127454,-0.007350839,-0.021557303
122.89617,0.008137146,-0.002760131,-0.023393283
122.91314,0.008079901,0.00030803613,-0.024331173
122.929665,0.008010292,0.005414561,-0.026022876
122.94641,0.007662117,0.0103403265,-0.02768534
122.962906,0.00776563,0.012703169,-0.028493911
122.97963,0.007308756,0.016750738,-0.030069428
122.996,0.006896589,0.02076433,-0.031537414
123.013176,0.0070376494,0.023084186,-0.0321075
123.02962,0.0067537962,0.026232524,-0.033380155
123.04636,0.006496541,0.028965559,-0.03426485
123.06294,0.0061937347,0.03070648,-0.03457793
123.07964,0.0060518496,0.033117857,-0.03505217
123.096436,0.0054822844,0.034335215,-0.035205767
123.11302,0.004905553,0.035360273,-0.03534494
123.129555,0.0047706333,0.036181837,-0.03519341
123.1461,0.0041250037,0.037027333,-0.034952637
123.163025,0.0037563117,0.0371278,-0.034538213
123.17957,0.0030739729,0.036673218,-0.033926923
123.196365,0.003062964,0.03732318,-0.0339281
123.2127,0.002278165,0.03674248,-0.03324753
123.229546,0.002040454,0.036630977,-0.032420114
123.246254,0.0014195988,0.03579665,-0.031488154
123.262955,0.0007937935,0.034003954,-0.03045279
123.279594,0.00034219798,0.032849003,-0.029271813
123.29628,-0.00011858834,0.032504667,-0.028690225
123.31299,-0.0006971817,0.030796934,-0.027333884
123.329956,-0.0011638138,0.029064838,-0.025957752
123.34661,-0.0012572327,0.02851129,-0.025173489
123.36301,-0.0016803181,0.026279397,-0.023627078
123.379906,-0.0024389874,0.023858534,-0.022056494
123.39631,-0.0028091604,0.022910247,-0.02120687
123.41297,-0.003196611,0.020349354,-0.019552406
123.429634,-0.0036907217,0.017872147,-0.017836206
123.44624,-0.0042100786,0.016761119,-0.017024118
123.46289,-0.0046342798,0.014300581,-0.015273599
123.47953,-0.004908538,0.011784189,-0.013556532
123.49647,-0.0050735767,0.010779976,-0.012695225
123.513,-0.0054918546,0.008101636,-0.011081234
123.529526,-0.0062447665,0.005549712,-0.009436437
123.54635,-0.0061482126,0.0049455576,-0.008690077
123.56298,-0.00679158,0.002745282,-0.0071395086
123.57979,-0.007636294,0.0012564982,-0.0056872326
123.59618,-0.007728047,0.0006585275,-0.0049624424
123.612946,-0.008346338,-0.0006561911,-0.0035343817
123.62975,-0.0084743155,-0.0024294641,-0.0021626225
123.64623,-0.009096566,-0.0022679467,-0.0014355122
123.66281,-0.009597951,-0.0031807316,-0.00010477264
123.67978,-0.009768875,-0.0035431976,0.0006078844
123.69627,-0.010029778,-0.004880654,0.0018768897
123.71289,-0.0103578055,-0.006268308,0.0032189416
123.7296,-0.010616091,-0.0062519666,0.0037878458
123.74611,-0.01095373,-0.0066611944,0.0050507053
123.76293,-0.011450559,-0.007685819,0.0062269066
123.77966,-0.011811713,-0.007710479,0.0067982916
123.79632,-0.011618817,-0.00817322,0.007989741
123.812965,-0.0118477745,-0.008269118,0.009082076
123.82967,-0.012277646,-0.007901499,0.009644843
123.8462,-0.012254755,-0.007977204,0.010766336
123.86292,-0.012227714,-0.007869076,0.011815751
123.879715,-0.012124773,-0.007134937,0.012344382
123.89636,-0.012138421,-0.006183632,0.013327388
123.91331,-0.012104288,-0.0058540516,0.014388418
123.92953,-0.011968728,-0.005023695,0.014824748
123.946236,-0.011757606,-0.00375064,0.015812656
123.963196,-0.011512253,-0.002230036,0.016703509
123.97977,-0.011560009,-0.0013091218,0.017171508
123.99637,-0.011151112,0.0006306936,0.01810416
124.01305,-0.010410901,0.0023163399,0.01898991
124.02952,-0.009825172,0.0035690255,0.019455738
124.04622,-0.009450093,0.005785181,0.020284768
124.062744,-0.009105184,0.007034605,0.0207967
124.07963,-0.008512522,0.008781878,0.021527616
124.096306,-0.007742341,0.010727737,0.022204991
124.11295,-0.0072236867,0.012984398,0.022725148
124.12984,-0.0074402536,0.014158212,0.022932788
124.14636,-0.0072424854,0.016071988,0.02324545
124.16258,-0.0069148177,0.017047241,0.023304874
124.179535,-0.006704223,0.01911274,0.023417342
124.196266,-0.0064097014,0.021078393,0.023340844
124.212975,-0.0060384413,0.022220097,0.023252059
124.22956,-0.00545265,0.023820132,0.023033427
124.24644,-0.0049209655,0.026156934,0.022743994
124.26279,-0.004782584,0.027776435,0.022587871
124.279915,-0.0043348693,0.029823074,0.022173801
124.296165,-0.003976311,0.031427123,0.021662582
124.31292,-0.0040674875,0.032500613,0.021387057
124.329544,-0.0038861597,0.034300074,0.020787004
124.34616,-0.0032325613,0.035379577,0.020068781
124.36289,-0.002951337,0.036063194,0.019638615
124.37931,-0.0025593753,0.037258044,0.01880124
124.39644,-0.0020331242,0.038111173,0.01788037
124.412796,-0.0014195906,0.038959216,0.017425327
124.429695,-0.00095721846,0.03908617,0.01641797
124.44644,-0.0004110623,0.03913893,0.015322032
124.46315,-0.00058168266,0.039592244,0.014804264
124.47945,-0.00018758094,0.039647344,0.0136994235
124.49689,0.0004282617,0.03954589,0.01257134
124.51314,0.0008981582,0.03890349,0.011477601
124.529945,0.0009834252,0.038331367,0.010411869
124.54649,0.0009868391,0.038986374,0.010411595
124.56311,0.0011877886,0.038182527,0.009361919
124.579254,0.0012892333,0.03705292,0.008325781
124.596436,0.0015008391,0.03601597,0.007328562
124.61304,0.0013622582,0.034625962,0.0063970583
124.62968,0.0014572518,0.03310165,0.0054730154
124.64646,0.001459027,0.033749238,0.0054725544
124.6631,0.0018069225,0.03107939,0.0041723447
124.67983,0.0014725893,0.029500665,0.0033688226
124.69607,0.001615816,0.02913854,0.0029889916
124.71299,0.0016324531,0.027518192,0.0022644193
124.7297,0.0019149651,0.026020993,0.0015816452
124.74645,0.0020096044,0.025629899,0.0012553455
124.7631,0.0025273887,0.023799645,0.00065662
124.77956,0.0029167987,0.022536527,0.00007731672
124.796165,0.0027671196,0.021994896,-0.00019273089
124.812874,0.0034611316,0.020363875,-0.00069347344
124.82961,0.003615906,0.018959804,-0.0011418167
124.84655,0.0037060487,0.018475916,-0.0013901008
124.86295,0.0034985319,0.01694318,-0.0017868305
124.879715,0.0037035977,0.01535299,-0.0021654454
124.896416,0.003924008,0.014875644,-0.0022864703
124.91293,0.0041763796,0.013351343,-0.0026101915
124.92978,0.0036383893,0.012771043,-0.0027607614
124.94638,0.00373709,0.011451739,-0.0029839566
124.962944,0.004023386,0.010004206,-0.0031760694
124.979485,0.004074334,0.0094671035,-0.0033040107
124.996254,0.0039261775,0.008252233,-0.0034684637
125.01281,0.0038449357,0.0068874112,-0.003571602
125.02959,0.0036928006,0.005432176,-0.0036753954
125.04636,0.00410415,0.004989239,-0.0036912716
125.06304,0.0035928555,0.004097321,-0.0037928952
125.079666,0.0032419285,0.003947445,-0.0037715426
125.09639,0.00312471,0.0026795436,-0.0038277127
125.1127,0.0032596632,0.0017025087,-0.003870728
125.12967,0.0027660304,0.0014088934,-0.003870463
125.14614,0.0025783314,0.0003951506,-0.0038323367
125.16305,0.0024344106,-0.0004004747,-0.003767867
125.179726,0.0024194445,-0.0006425778,-0.003756533
125.196365,0.0022058827,-0.0010950856,-0.0036522713
125.21303,0.0019242495,-0.0013272644,-0.0035174266
125.22962,0.0020339654,-0.0013322491,-0.003415833
125.24627,0.0019028272,-0.0022445074,-0.0032671546
125.26312,0.0017116884,-0.0020089492,-0.0030829436
125.2798,0.0012232237,-0.0019766735,-0.002961842
125.29654,0.0012034127,-0.0024364602,-0.002788159
125.31295,0.0010510375,-0.0023540996,-0.0026556526
125.32931,0.00066968735,-0.0025706764,-0.0024432205
125.34636,0.00036429308,-0.002824169,-0.0022160008
125.36313,-0.000043990698,-0.0028430051,-0.0019411367
125.379814,-0.00018634381,-0.0027675356,-0.0018230554
125.3963,-0.00034692875,-0.0027589872,-0.0015476985
125.41313,-0.00072980026,-0.0026058806,-0.0012438638
125.429504,-0.0005027081,-0.0020580655,-0.0010936143
125.44638,-0.00069003674,-0.0021900507,-0.0007594449
125.46298,-0.00088547193,-0.0017139973,-0.00043409228
125.479866,-0.001265647,-0.0012423049,-0.00028213835
125.496315,-0.0014368702,-0.000683892,0.00005164213
125.51306,-0.0018012931,-0.00013698252,0.00041462714
125.52963,-0.0015215083,0.00067199516,0.00061500486
125.54639,-0.0016707878,0.0012401871,0.0009828527
125.563034,-0.002033719,0.0019048143,0.0011428158
125.57973,-0.0025397534,0.0025770324,0.0015318886
125.59638,-0.0025243037,0.0030821604,0.0019160561
125.61307,-0.00216289,0.00398648,0.0020765257
125.62964,-0.0025301909,0.0047808997,0.0024694018
125.64599,-0.0027791946,0.0059555843,0.002842921
125.662834,-0.0026402296,0.006714968,0.0030682106
125.67967,-0.003155386,0.0076869647,0.0034594971
125.696266,-0.0033095148,0.008906805,0.0038686066
125.7132,-0.0034191585,0.009932458,0.004139101
125.72982,-0.003232505,0.010760116,0.004569389
125.74679,-0.0033436802,0.011958922,0.005027587
125.76306,-0.0037289725,0.013022164,0.005285382
125.77971,-0.003835176,0.013899858,0.0057808156
125.796524,-0.0037103996,0.01497106,0.006307945
125.81304,-0.003870281,0.015690455,0.0065570744
125.82961,-0.0036350442,0.016668925,0.0071019195
125.84659,-0.0038106325,0.018054014,0.0076759867
125.8631,-0.0034809439,0.01903976,0.007984178
125.87968,-0.0032493784,0.019819034,0.008592133
125.89639,-0.0030471685,0.021310203,0.009188703
125.913025,-0.0030370492,0.022239573,0.009817116
125.9297,-0.0031789565,0.02305672,0.010483782
125.94624,-0.0031756363,0.023689201,0.010484773
125.96277,-0.0031991377,0.02478368,0.011162349
125.97988,-0.0033284642,0.02530587,0.01185688
125.996445,-0.0033564144,0.026346833,0.012537696
126.013084,-0.0035875817,0.02688685,0.013203721
126.02971,-0.003663801,0.027102118,0.013903084
126.046425,-0.0035958933,0.02773657,0.014201753
126.063095,-0.0037748567,0.028579995,0.01485951
126.079735,-0.0037999637,0.02848969,0.015451116
126.09626,-0.0035416042,0.029110437,0.015748128
126.113014,-0.003486091,0.029446468,0.016283
126.1297,-0.0034353437,0.029459897,0.016760562
126.14648,-0.003625328,0.029916938,0.017016843
126.16307,-0.003721301,0.029796079,0.01746366
126.179504,-0.0033601238,0.029781539,0.017813783
126.19638,-0.0037595315,0.03010089,0.017997913
126.21321,-0.0037370054,0.02984106,0.018204596
126.22981,-0.003625541,0.029416263,0.018381113
126.24665,-0.0037384783,0.029532174,0.018428193
126.263054,-0.0036280544,0.029417107,0.018418143
126.2794,-0.0038006261,0.029598111,0.018382145
126.29634,-0.0037284587,0.028700301,0.0181997
126.31308,-0.0038595055,0.027716354,0.017893543
126.329704,-0.0039832676,0.027214738,0.017515892
126.3463,-0.0040670163,0.027231349,0.017327955
126.36296,-0.003767834,0.026197035,0.016844153
126.38002,-0.0036989164,0.025223056,0.01637812
126.39631,-0.003671185,0.02506452,0.01613586
126.41303,-0.003413506,0.024040243,0.015637495
126.429756,-0.0030474954,0.022489464,0.015149836
126.446304,-0.002615338,0.022316957,0.01490918
126.46321,-0.0025899431,0.021238819,0.014386485
126.47978,-0.0023027153,0.020019215,0.013858177
126.49615,-0.0022322356,0.019529132,0.013627474
126.51316,-0.0019718362,0.018450288,0.01308177
126.52972,-0.0017475375,0.018018907,0.0127595
126.54639,-0.001626234,0.016593013,0.01214825
126.56351,-0.0013380226,0.015375193,0.011545168
126.57978,-0.0008753242,0.015140603,0.011249631
126.59607,-0.00033491125,0.013828321,0.01061432
126.61338,-0.00035887424,0.012773436,0.009992418
126.62991,-0.00020694552,0.012557258,0.009731014
126.64652,0.00016678208,0.011211878,0.009138479
126.663086,0.00071510393,0.010056998,0.008547456
126.67979,0.0005586636,0.0095545035,0.0082220975
126.6965,0.0007859427,0.008260974,0.0076939743
126.71318,0.0015782283,0.0071581407,0.0071920757
126.72992,0.0019405658,0.007005413,0.0068661403
126.746445,0.002454296,0.0059176967,0.006369717
126.763374,0.0028797758,0.004873016,0.0059404904
126.779915,0.003509629,0.004866516,0.005745727
126.79643,0.0040437453,0.004315814,0.0053608064
126.812904,0.00457842,0.0034472877,0.0050172624
126.82985,0.004341559,0.0034554147,0.004870087
126.84653,0.0049415147,0.0027318217,0.004598141
126.86305,0.0056389235,0.0023799802,0.0043620053
126.87985,0.0057412414,0.0023953454,0.004251635
126.8964,0.0060986,0.0020275356,0.0041123126
126.91275,0.006805168,0.002028186,0.0040416494
126.92983,0.0071412516,0.0014733017,0.0039417148
126.94641,0.007321539,0.0012249651,0.003945391
126.96321,0.007483868,0.0010280147,0.003950788
126.9799,0.007378545,0.0009776886,0.0039954884
126.996315,0.007668196,0.0005200197,0.0040773517
127.012955,0.007596096,0.00071277755,0.004141003
127.029945,0.008283687,0.00055726717,0.0042988677
127.046814,0.00862536,0.00020649032,0.004489601
127.063095,0.009015791,0.00023344273,0.0046042595
127.07975,0.009335134,0.0003862816,0.00484421
127.09634,0.009449956,0.0002587579,0.0050794394
127.113144,0.00945082,0.0006110575,0.0052196737
127.12962,0.009602109,0.0006342342,0.0054724514
127.146194,0.009693447,0.00079967844,0.0057645217
127.162674,0.009788225,0.0010857484,0.0059166676
127.17981,0.010061595,0.0014385409,0.006205483
127.19659,0.010190117,0.0012514734,0.006499844
127.21317,0.010169283,0.0018350864,0.0066723498
127.229546,0.010300425,0.002094842,0.0070158537
127.24646,0.010423767,0.0025884018,0.007549636
127.26324,0.010425998,0.003201755,0.007546378
127.279884,0.010582463,0.0036876006,0.007903752
127.29653,0.010437307,0.0038977577,0.008230316
127.31314,0.010154514,0.004423599,0.0085140485
127.329994,0.009918803,0.0047803125,0.008728999
127.346596,0.0099213105,0.0053890254,0.008725847
127.36324,0.009667289,0.0060568145,0.008858344
127.37981,0.009171083,0.006820668,0.008912366
127.3965,0.008979037,0.007341026,0.008967292
127.413,0.008629465,0.007674949,0.009035348
127.42973,0.008549909,0.008775338,0.009114413
127.446075,0.008276136,0.009485109,0.009165851
127.46308,0.00820444,0.009763186,0.009252457
127.48002,0.0075999745,0.010373797,0.00937276
127.49663,0.0074965907,0.011119258,0.00942369
127.51329,0.006986737,0.011982574,0.00948014
127.52968,0.006771772,0.012721913,0.009547004
127.5462,0.006294581,0.013037247,0.0096003255
127.56312,0.0060083084,0.013850155,0.009620361
127.57968,0.0055096196,0.014473223,0.009625896
127.596085,0.0052029835,0.014969263,0.0096382825
127.61309,0.004866819,0.015015555,0.00961545
127.62968,0.0045392797,0.01593204,0.009562401
127.646355,0.004021613,0.016212426,0.009511086
127.662926,0.0034645598,0.016936798,0.009420478
127.679726,0.002894027,0.017000794,0.009284055
127.69638,0.0030163268,0.017394014,0.009192699
127.713,0.0023131364,0.017693102,0.009043976
127.72976,0.0015828832,0.018334117,0.0088297315
127.74649,0.0013462766,0.018504895,0.008717475
127.762856,0.0005659622,0.018534064,0.008505845
127.77981,0.00022492404,0.018921409,0.00829823
127.79647,0.000021846661,0.019246768,0.008140166
127.81321,-0.00066002755,0.019453075,0.007941039
127.82998,-0.0010369981,0.01979408,0.007766258
127.84643,-0.0010591248,0.02014441,0.0076471083
127.86279,-0.0015614827,0.02017425,0.0074736746
127.87984,-0.0018196993,0.020766795,0.0074274126
127.896324,-0.0022406797,0.02054422,0.007321055
127.91284,-0.002611082,0.020401306,0.0072040902
127.92973,-0.0030482174,0.02044477,0.0071561397
127.946236,-0.003549932,0.020636039,0.007084667
127.9631,-0.0039984826,0.020571528,0.007016632
127.97973,-0.003683723,0.020884283,0.006931507
127.99659,-0.004109907,0.02044788,0.0069100326
128.01285,-0.0043090316,0.020672001,0.0069086226
128.0297,-0.0045920345,0.020568684,0.006867612
128.04651,-0.0050636176,0.020116344,0.006841579
128.06299,-0.00568563,0.020024333,0.006825616
128.07947,-0.00609806,0.01983879,0.0067943577
128.0964,-0.00627478,0.019514471,0.0067893183
128.11284,-0.0063327937,0.019710334,0.006789689
128.12991,-0.006853396,0.019227529,0.006825917
128.14658,-0.007192767,0.018730901,0.0069061164
128.1632,-0.007700787,0.018649923,0.0070190546
128.17969,-0.007597972,0.018523205,0.007078609
128.19649,-0.008236121,0.01819351,0.007141036
128.213,-0.008866573,0.018041374,0.0071768845
128.22995,-0.009231494,0.018319113,0.0072011775
128.24644,-0.009726152,0.017913537,0.0071497546
128.26376,-0.010189214,0.017514724,0.0070078284
128.27979,-0.010281217,0.017544508,0.006915152
128.29665,-0.0108907,0.017211718,0.006673681
128.313,-0.011060397,0.017464848,0.006527006
128.3298,-0.011407148,0.016523287,0.0061558215
128.34642,-0.011849877,0.016332185,0.005700488
128.3631,-0.012229121,0.016327968,0.005484959
128.37997,-0.012489731,0.015821153,0.004979607
128.39615,-0.012429717,0.015113474,0.0045050015
128.41318,-0.012173061,0.015072808,0.0042266934
128.42967,-0.012406737,0.014479985,0.003725375
128.44637,-0.01245647,0.013902295,0.003192921
128.46321,-0.012082047,0.013655051,0.0029431966
128.47977,-0.011925819,0.013240429,0.0023942974
128.49661,-0.011853484,0.012427868,0.0019348869
128.51305,-0.011860276,0.012362017,0.0017064902
128.5296,-0.011307618,0.011506567,0.0012678606
128.54654,-0.010742536,0.0108882,0.00082679716
128.56302,-0.010647357,0.010700513,0.00058699
128.5798,-0.009931041,0.010052238,0.000118558346
128.59648,-0.009247228,0.00939435,-0.0003428671
128.61299,-0.008646602,0.009417178,-0.00062159635
128.62964,-0.008133586,0.008417477,-0.0014147339
128.6464,-0.008134239,0.008980691,-0.0014124889
128.66318,-0.007552693,0.00811601,-0.0019356492
128.68001,-0.0068830485,0.0077342386,-0.0024323678
128.69638,-0.006307529,0.007317894,-0.002972381
128.71277,-0.006058361,0.006595997,-0.0034505709
128.72966,-0.0055747717,0.006350832,-0.003949475
128.74643,-0.005575719,0.006918587,-0.0039477693
128.76309,-0.005305209,0.0062464965,-0.004408721
128.77979,-0.005071621,0.0064837593,-0.004866291
128.79645,-0.004385283,0.0062207663,-0.0053089266
128.8133,-0.0038232883,0.005946815,-0.005735555
128.82957,-0.0033040475,0.0062882337,-0.0061569717
128.84636,-0.002817509,0.00630657,-0.006336751
128.863,-0.0021599345,0.0059210723,-0.0067059686
128.87975,-0.001718775,0.005762464,-0.0070169675
128.89665,-0.002028528,0.005952755,-0.007169327
128.91325,-0.0015453375,0.005644498,-0.007418576
128.9295,-0.0012426984,0.005500041,-0.007632005
128.9466,-0.0010644567,0.0055001224,-0.007707821
128.96324,-0.0006978947,0.0052703847,-0.007850701
128.97983,-0.0003825282,0.0046426053,-0.007942424
128.9965,0.00010305511,0.005151922,-0.007991859
129.01317,0.00026330038,0.0047412394,-0.008000483
129.02966,0.00061627995,0.0045443117,-0.00800755
129.04662,0.0005898951,0.004691332,-0.007978133
129.06306,0.00076314126,0.0046696193,-0.007901796
129.07997,0.001389614,0.00428371,-0.007770538
129.09647,0.0014992037,0.0043601203,-0.0077057444
129.1129,0.0016046119,0.004150713,-0.0075388164
129.12978,0.002243898,0.0042099,-0.0072461898
129.1464,0.0028034002,0.0043553263,-0.0070794253
129.16284,0.0034951223,0.003956052,-0.0066470257
129.17976,0.003783814,0.0037251934,-0.006071343
129.19646,0.0040375106,0.0040202476,-0.0057479166
129.21307,0.004617969,0.0037807033,-0.005076069
129.22984,0.005208831,0.003486047,-0.004382616
129.24611,0.0050510103,0.0037321392,-0.0040007066
129.26291,0.005928928,0.0034974585,-0.003247629
129.27966,0.0063893385,0.0034622191,-0.002907875
129.29645,0.006731631,0.003306595,-0.0021963601
129.3131,0.007148691,0.003284181,-0.0013459274
129.32994,0.007577039,0.003660414,-0.0009355256
129.34639,0.00784603,0.0032917887,-0.0001335128
129.36313,0.008247083,0.0029345108,0.00072203536
129.37979,0.008257329,0.0030676965,0.0011860183
129.39638,0.008850688,0.0026976943,0.0020635324
129.41348,0.009176313,0.0023509634,0.0029504963
129.4298,0.008933205,0.0021218634,0.0033540002
129.44649,0.009189151,0.001356615,0.004246425
129.46321,0.009179175,0.0011903807,0.0051532765
129.4797,0.009418505,0.0014243268,0.0056187916
129.49637,0.009561523,0.0008846097,0.006547099
129.5131,0.009742765,0.0001762988,0.0075011626
129.52971,0.009880908,0.0002902416,0.008024211
129.54643,0.00985618,-0.000042275195,0.009048034
129.56302,0.009945409,-0.00049207953,0.010130553
129.57977,0.009710606,-0.00061006204,0.010694435
129.59631,0.009997055,-0.00078579865,0.011824205
129.6131,0.009930799,-0.0016599852,0.012991115
129.62982,0.009765621,-0.0013293735,0.013593478
129.6466,0.009650082,-0.0019370576,0.014827566
129.66306,0.00979402,-0.002166334,0.016075816
129.6798,0.010100683,-0.0023941144,0.016700033
129.69632,0.010148869,-0.0023965759,0.017978529
129.71306,0.009969017,-0.0027843004,0.01916447
129.7297,0.009629123,-0.0030001288,0.019737773
129.74655,0.009495521,-0.0034225225,0.020828918
129.76312,0.009382596,-0.003892894,0.021829138
129.77983,0.009681909,-0.0037377,0.022314666
129.79654,0.0096346885,-0.004271864,0.02330002
129.81314,0.009511971,-0.0044754255,0.023744144
129.82997,0.009318132,-0.0048775417,0.024642898
129.84676,0.009300062,-0.0049088583,0.025606036
129.86304,0.009448536,-0.0048688403,0.02605384
129.87946,0.0092141805,-0.005473319,0.026920121
129.89662,0.009240047,-0.005361587,0.027787076
129.913,0.009197351,-0.005188518,0.028265614
129.9298,0.009267532,-0.0051637087,0.029119162
129.94664,0.008903225,-0.0054730903,0.02999502
129.96313,0.008807368,-0.0052888216,0.030407839
129.97989,0.008746371,-0.0052448357,0.03123113
129.99678,0.008643529,-0.004828261,0.032025214
130.01324,0.008230061,-0.0045703603,0.032399137
130.02986,0.008213022,-0.0045030313,0.033086397
130.04678,0.008222499,-0.004070085,0.03369391
130.06334,0.00836362,-0.0035985382,0.033977013
130.07974,0.008113326,-0.003481626,0.034316238
130.09631,0.008129995,-0.00291596,0.03472527
130.11331,0.008025775,-0.0022113158,0.03497548
130.12956,0.0077774706,-0.0016140667,0.034898855
130.14676,0.0072857565,-0.0014453098,0.03456653
130.16333,0.007294768,-0.0009223375,0.0345645
130.17992,0.0069953827,-0.0000047387866,0.033922244
130.1963,0.00641063,0.00085238204,0.033194628
130.21315,0.005937276,0.00095925934,0.032295506
130.2298,0.0049953745,0.0015530582,0.031158669
130.24643,0.0045248815,0.0019751287,0.030526692
130.26294,0.0038964571,0.0023336916,0.029178679
130.27979,0.0032751414,0.0027765809,0.027682215
130.29637,0.0029230015,0.0028373452,0.026909364
130.31305,0.0019332581,0.0036996068,0.025281023
130.32983,0.0014466933,0.004474927,0.02356356
130.34644,0.001292595,0.0048477794,0.022678884
130.36322,0.0007420249,0.005272883,0.020824382
130.38023,0.00045193132,0.006345256,0.018926641
130.39664,0.00036808965,0.0068640863,0.017964434
130.41277,-0.0000427547,0.0077506434,0.015967581
130.42975,-0.00040361474,0.0087332595,0.013951281
130.44632,-0.00042667935,0.009222931,0.012923197
130.46301,-0.00059283,0.010313938,0.010870469
130.4797,-0.00080060755,0.011021918,0.008799362
130.49638,-0.0010393589,0.011394319,0.0077370773
130.5128,-0.0011461312,0.012560604,0.0055718804
130.5298,-0.0013887467,0.013422031,0.0034081915
130.5465,-0.0013694694,0.013773653,0.0023148253
130.56305,-0.0013465324,0.014448745,0.00008221005
130.57974,-0.0013415253,0.015217832,-0.0021064575
130.59605,-0.0015037929,0.0153034525,-0.0032462308
130.61296,-0.0014728085,0.01607864,-0.0054373373
130.6297,-0.001621396,0.016584834,-0.0076198503
130.64651,-0.0017166157,0.017135724,-0.008729496
130.66306,-0.0015495262,0.017538592,-0.010826973
130.67953,-0.0013513975,0.018299762,-0.011918651
130.69643,-0.00082727603,0.018443866,-0.013872937
130.71317,-0.00069433014,0.019088527,-0.015833437
130.7294,-0.0007143749,0.019653138,-0.0167877
130.7466,-0.0005550678,0.019848889,-0.018631235
130.76328,-0.0003145861,0.019994777,-0.020488393
130.77966,-0.000507465,0.020389134,-0.021352675
130.79626,-0.00007013466,0.020137649,-0.023191625
130.81311,0.0000075331213,0.020416765,-0.024995651
130.82962,0.0003444571,0.020576313,-0.025869763
130.84645,0.00073464424,0.020077696,-0.027641922
130.86313,0.0011346374,0.01984413,-0.029374745
130.87973,0.0009049866,0.019774036,-0.030237965
130.8965,0.0011746063,0.019069945,-0.03190357
130.91296,0.0014757175,0.018198159,-0.033562306
130.92975,0.0017079142,0.018051798,-0.03434313
130.94646,0.0019804605,0.017035957,-0.035916336
130.96307,0.002427741,0.015471084,-0.037308533
130.97975,0.0026628266,0.015024259,-0.037887838
130.9964,0.0036712508,0.013480594,-0.03895242
131.01309,0.00439258,0.012248325,-0.039653357
131.02989,0.0047697364,0.011896183,-0.039935846
131.04628,0.0057736603,0.009962704,-0.04020951
131.0632,0.0064463713,0.0083925165,-0.04029677
131.07985,0.0069741076,0.0075896704,-0.040272556
131.09666,0.007865695,0.0059127533,-0.040059842
131.11331,0.008790923,0.0043819165,-0.039689977
131.12962,0.009161932,0.003631129,-0.039458267
131.14627,0.010286769,0.0019990758,-0.038860254
131.16325,0.010414993,0.0010272627,-0.03842427
131.17982,0.011298129,-0.00037001816,-0.03742298
131.19656,0.01152514,-0.0015131291,-0.036187097
131.21323,0.01202028,-0.0014380692,-0.03552281
131.22989,0.011948295,-0.0025375448,-0.03402736
131.24677,0.012354352,-0.003394637,-0.032352604
131.2631,0.012204769,-0.003331034,-0.0314563
131.27974,0.012368833,-0.003924635,-0.029560985
131.29636,0.012312212,-0.0048355367,-0.027406009
131.3131,0.012483607,-0.0045989314,-0.026318071
131.32974,0.0125194425,-0.0045051547,-0.023923708
131.34653,0.012775436,-0.0045733177,-0.021471305
131.36293,0.012703143,-0.004613424,-0.020179586
131.37987,0.012890636,-0.0046632695,-0.017428895
131.39638,0.012634456,-0.0043795225,-0.014576787
131.41322,0.013071037,-0.0038420856,-0.013097985
131.42992,0.012664762,-0.0035595337,-0.010038675
131.44661,0.012357602,-0.0030054573,-0.0068741916
131.46324,0.011921511,-0.003046347,-0.005271529
131.48036,0.011534987,-0.0023898724,-0.0021085606
131.49654,0.010985768,-0.0026304093,0.0011334964
131.51312,0.01046191,-0.0019959265,0.004294109
131.52962,0.0093035605,-0.0018262874,0.0074667013
131.5465,0.008474403,-0.0016936003,0.010606472
131.56317,0.008476929,-0.0012436669,0.010604739
131.57988,0.007794875,-0.0012357067,0.01373446
131.59709,0.007099085,-0.0012836091,0.016911423
131.6131,0.006235373,-0.0007140502,0.020110562
131.62987,0.005396441,-0.0010708264,0.02331943
131.64664,0.005401605,-0.0006275937,0.023318216
131.6633,0.0040627783,-0.0006417267,0.028209422
131.67963,0.003320436,-0.00027964637,0.031571504
131.6966,0.00289707,0.00022788013,0.033242285
131.71318,0.002025766,0.0003329115,0.036707737
131.72983,0.0018673331,0.000745975,0.040095486
131.74654,0.0012689391,0.00090164033,0.041710902
131.7632,0.0006232823,0.0016556568,0.044736706
131.77985,-0.000016606587,0.0018767704,0.04744586
131.7966,0.000023512124,0.0022324107,0.04869353
131.81311,-0.00066053687,0.0023535,0.051081378
131.82986,-0.0015887568,0.002987539,0.053223446
131.84657,-0.002126351,0.0035010553,0.054235492
131.86305,-0.0030811029,0.0042152465,0.056003414
131.87985,-0.0041042655,0.005294496,0.057620563
131.89645,-0.0046772957,0.0059685176,0.058327492
131.91312,-0.005843967,0.0064795655,0.059417505
131.93048,-0.0072651017,0.007023004,0.060093787
131.94658,-0.007958357,0.0076169325,0.060323656
131.96318,-0.009077534,0.0076823854,0.06050751
131.97992,-0.0099505065,0.0080740135,0.060300928
131.99617,-0.010330799,0.008582309,0.060172
132.0132,-0.01100588,0.009018933,0.059712224
132.02985,-0.011574927,0.008668819,0.059013028
132.04659,-0.012117144,0.009076204,0.058586624
132.063,-0.012615515,0.009189131,0.057577837
132.08002,-0.013284474,0.008937487,0.056320615
132.0965,-0.013326011,0.008944779,0.05560325
132.11302,-0.013652913,0.008937476,0.053987585
132.12999,-0.014087243,0.009128402,0.05308719
132.14647,-0.014275899,0.008947348,0.051127117
132.1632,-0.014431309,0.008502541,0.04898923
132.17989,-0.014546913,0.00863148,0.04782214
132.19653,-0.014470281,0.009095612,0.045423884
132.21283,-0.01410278,0.008961416,0.042881504
132.22984,-0.01382514,0.008958276,0.0415461
132.24655,-0.013250879,0.009474624,0.03883576
132.26297,-0.012918491,0.009664043,0.036017206
132.27977,-0.012643224,0.009697711,0.034576762
132.2965,-0.011782212,0.009672508,0.03164605
132.31294,-0.010578381,0.010001221,0.028683722
132.32976,-0.009956296,0.010271036,0.027235616
132.34644,-0.008396058,0.010524701,0.024406347
132.36325,-0.0067054634,0.010644777,0.021730762
132.37965,-0.005782403,0.011089121,0.020432806
132.39668,-0.0038966127,0.01137815,0.017848616
132.41302,-0.0020078945,0.011384259,0.015311231
132.42992,-0.0015639098,0.011457873,0.014034004
132.44637,0.00033703237,0.01168331,0.011577979
132.46295,0.0019444203,0.011421278,0.009123477
132.47966,0.0028982398,0.011537323,0.007891016
132.49667,0.0046626963,0.01140918,0.005577281
132.5132,0.0062835324,0.01171508,0.0033621727
132.5297,0.0074866773,0.011762206,0.0023256447
132.54669,0.008980483,0.011871899,0.00026465047
132.56305,0.010737744,0.012011088,-0.0017410538
132.57985,0.011521627,0.011993143,-0.0027031084
132.59656,0.013443101,0.010990329,-0.0047016535
132.61305,0.014288436,0.010984438,-0.005706998
132.62943,0.015885746,0.010619725,-0.007553791
132.64682,0.017706037,0.010042477,-0.00928926
132.6632,0.01857411,0.009943192,-0.010131089
132.6799,0.020467186,0.008557671,-0.011694343
132.69652,0.022022588,0.007510806,-0.013306832
132.71315,0.022767719,0.0069447565,-0.014049553
132.72984,0.024377538,0.0056910072,-0.015574271
132.74644,0.026079034,0.004250499,-0.016955545
132.76309,0.027027447,0.0036548628,-0.017623808
132.77943,0.028840022,0.0016770051,-0.018839922
132.79594,0.030256111,-0.00045814348,-0.020077344
132.81305,0.031004727,-0.0012112902,-0.020609943
132.82967,0.032117642,-0.0029979537,-0.021659847
132.84634,0.033417393,-0.0048571313,-0.022528386
132.86334,0.033762302,-0.0054758755,-0.022998067
132.87994,0.034763217,-0.0073660044,-0.023841191
132.89658,0.035305478,-0.008981113,-0.024486152
132.91325,0.03577892,-0.010883265,-0.025040593
132.92978,0.036357686,-0.012253146,-0.025427707
132.94627,0.036352992,-0.01188244,-0.02543446
132.96315,0.036333285,-0.013391131,-0.02566117
132.97974,0.036303435,-0.014682423,-0.025703484
132.99675,0.035867848,-0.016109776,-0.025511485
133.0131,0.03573569,-0.017511616,-0.02512138
133.02992,0.03515045,-0.018809976,-0.024546593
133.04645,0.035145693,-0.01843832,-0.024552992
133.06306,0.03440423,-0.020478306,-0.023292203
133.0798,0.033810437,-0.021828135,-0.022194955
133.09656,0.03275566,-0.022880567,-0.020929603
133.11328,0.032185245,-0.02312121,-0.020218365
133.12976,0.03146065,-0.024119183,-0.018684065
133.14642,0.030817391,-0.024167318,-0.017889924
133.16289,0.02938834,-0.024868743,-0.016159486
133.17981,0.028185954,-0.025424588,-0.014245084
133.19643,0.027503885,-0.025435632,-0.013259021
133.21338,0.025916964,-0.02591224,-0.011162432
133.23001,0.023810262,-0.02613333,-0.008998705
133.24661,0.02280874,-0.025858788,-0.007833924
133.26309,0.0210822,-0.025777778,-0.005528473
133.27975,0.019838985,-0.025322938,-0.004342796
133.29634,0.018016,-0.025537586,-0.001968565
133.3132,0.015987402,-0.025064023,0.0003434309
133.32985,0.014928727,-0.025103787,0.0014149164
133.34666,0.012878341,-0.025182176,0.0035209265
133.36328,0.011027801,-0.024857087,0.0055606
133.37962,0.009076771,-0.02465343,0.007551952
133.39632,0.008272423,-0.024258358,0.008528786
133.41321,0.0061936737,-0.023462947,0.01037619
133.43002,0.0038764684,-0.022899117,0.012238674
133.44655,0.0025015818,-0.022636395,0.013110881
133.4634,0.000666712,-0.021965163,0.014777989
133.47964,-0.00046768936,-0.021372685,0.015572392
133.49664,-0.0024075513,-0.020585105,0.01707545
133.51314,-0.0041324124,-0.020215597,0.01850866
133.52988,-0.0050847842,-0.019531958,0.019145576
133.54663,-0.006764072,-0.018850286,0.020462522
133.56352,-0.008513555,-0.017873969,0.021648098
133.5801,-0.009258209,-0.017265461,0.022190414
133.59662,-0.010999442,-0.01616344,0.023228355
133.61322,-0.012444957,-0.015306102,0.024071522
133.62952,-0.013260426,-0.013958084,0.024462815
133.64642,-0.014779779,-0.012859795,0.025175774
133.66304,-0.015808525,-0.011110377,0.025768856
133.67987,-0.016288683,-0.009966958,0.026089502
133.6963,-0.017149702,-0.008005104,0.026730753
133.7132,-0.018005047,-0.006406224,0.027180474
133.73004,-0.018227661,-0.0053036637,0.027328111
133.7465,-0.018960565,-0.0030827085,0.027538018
133.76312,-0.01925754,-0.0019334955,0.027464429
133.77977,-0.019405473,-0.0009527105,0.02738431
133.7962,-0.01958746,0.0007952547,0.027170746
133.81317,-0.019322762,0.0020749627,0.026724344
133.82982,-0.019380933,0.002891306,0.026488762
133.8463,-0.019185388,0.0043465905,0.025915656
133.86317,-0.018804446,0.0053720637,0.025202574
133.8799,-0.018509524,0.0060624895,0.024819583
133.89659,-0.018145273,0.007503768,0.023917655
133.91309,-0.01786474,0.00810387,0.023426514
133.93001,-0.017125338,0.009560094,0.022359077
133.9466,-0.016394056,0.01062563,0.02119629
133.96335,-0.016107228,0.011362096,0.020516934
133.97984,-0.015229612,0.012563684,0.019082423
133.99658,-0.0140794935,0.0136428755,0.017612202
134.01291,-0.013398002,0.014451988,0.016901992
134.03032,-0.012251201,0.015907187,0.01531582
134.04654,-0.010745802,0.016518014,0.013556685
134.06311,-0.009964586,0.016953385,0.012697293
134.07986,-0.008448565,0.017907288,0.010834355
134.09662,-0.0068501383,0.018687094,0.008986311
134.11317,-0.0061182273,0.019138796,0.008005075
134.13002,-0.004671469,0.01978164,0.006102638
134.14665,-0.0022072662,0.020604033,0.004298122
134.16322,-0.0012305046,0.02131316,0.0034642648
134.17987,0.0005817501,0.02189124,0.0018497194
134.19649,0.0023604927,0.022260716,0.00029825972
134.21321,0.0036476369,0.022707699,-0.00044479693
134.22972,0.0062761484,0.023529539,-0.0026511578
134.24632,0.0062757516,0.023827745,-0.0026520933
134.26332,0.008233421,0.023578934,-0.004103995
134.28008,0.010173805,0.023588067,-0.0054913475
134.29645,0.012281699,0.023684818,-0.0067022187
134.31317,0.014161358,0.02335433,-0.007880704
134.32956,0.016138287,0.023211151,-0.009006726
134.34676,0.016137008,0.02350178,-0.009009087
134.36348,0.018240826,0.022631241,-0.009985543
134.38005,0.020032132,0.021885112,-0.010864823
134.3967,0.022728568,0.019979455,-0.012044171
134.41345,0.023632588,0.019250337,-0.01243181
134.42996,0.025473624,0.017833138,-0.013125116
134.44646,0.02648521,0.016824765,-0.013393302
134.46321,0.028201919,0.01505031,-0.013897343
134.47998,0.029742908,0.01283809,-0.014344232
134.49646,0.030244596,0.012117441,-0.01452601
134.51317,0.031397276,0.010495157,-0.014793916
134.53026,0.031950913,0.009031022,-0.015031043
134.54665,0.032322556,0.008090817,-0.015135392
134.56317,0.032833554,0.0061082323,-0.015370411
134.57991,0.033253357,0.004068333,-0.0154480655
134.59648,0.03314229,0.0029829731,-0.015472187
134.61307,0.033150826,0.001620347,-0.015413685
134.62987,0.033169404,-0.00072068966,-0.015304774
134.64624,0.033152595,-0.0016823811,-0.015219935
134.66313,0.033344343,-0.0035930274,-0.014815348
134.6799,0.033039987,-0.0052043004,-0.014356847
134.69656,0.03304707,-0.0064215017,-0.014066276
134.71313,0.03246303,-0.008346731,-0.013475222
134.73001,0.03177198,-0.010421776,-0.012684826
134.74629,0.03127239,-0.011327171,-0.01235171
134.76318,0.030294254,-0.012889172,-0.011675401
134.78004,0.028613988,-0.0145864915,-0.011121618
134.79659,0.028173689,-0.015612902,-0.010926261
134.81328,0.026613504,-0.01716048,-0.010523014
134.8299,0.025008308,-0.018105855,-0.0102264425
134.84668,0.024212444,-0.018949976,-0.009994359
134.86325,0.022536317,-0.020800278,-0.009696523
134.87991,0.02060889,-0.02221154,-0.009325815
134.89658,0.019198872,-0.02242818,-0.009157946
134.91344,0.017329192,-0.024025755,-0.008815576
134.92993,0.016091313,-0.024397895,-0.008639077
134.94742,0.013963149,-0.025984285,-0.00827583
134.96298,0.011508249,-0.0266133,-0.008037772
134.97995,0.01080825,-0.026946103,-0.007924916
134.99669,0.008185881,-0.027815262,-0.0077719167
135.01338,0.00599645,-0.02893539,-0.0076552727
135.03,0.0045169094,-0.028917933,-0.007593923
135.04657,0.0019636545,-0.029437501,-0.007565498
135.06323,-0.00060885964,-0.02996723,-0.007563096
135.07979,-0.0021796087,-0.030086445,-0.0076114926
135.09671,-0.0042503956,-0.030763123,-0.007664508
135.11333,-0.0066207596,-0.030730885,-0.007783908
135.13,-0.007400837,-0.031024005,-0.007776198
135.14655,-0.009814788,-0.031014375,-0.007972613
135.16322,-0.011969442,-0.031475335,-0.008403362
135.1796,-0.01317082,-0.03114332,-0.008710801
135.19638,-0.015076195,-0.031030364,-0.009408981
135.21333,-0.017283592,-0.030599259,-0.01003292
135.22993,-0.018090773,-0.030291593,-0.010290985
135.24643,-0.019800777,-0.029829929,-0.010819484
135.26328,-0.021001443,-0.028833007,-0.011214686
135.27972,-0.022031656,-0.028252846,-0.0113877095
135.29684,-0.023859467,-0.027130693,-0.011929881
135.31319,-0.025500005,-0.025539285,-0.012539432
135.32986,-0.026192283,-0.024427053,-0.012922332
135.34654,-0.027613528,-0.022517169,-0.013617772
135.36317,-0.028211769,-0.021848377,-0.014023937
135.37985,-0.029409284,-0.019498521,-0.014665659
135.39636,-0.030194024,-0.016870702,-0.015231122
135.41351,-0.030408073,-0.015622817,-0.0153989
135.43008,-0.030832447,-0.013704274,-0.015617351
135.44691,-0.031025106,-0.010574972,-0.015548582
135.46329,-0.03126704,-0.009221113,-0.015512902
135.47987,-0.031360198,-0.0064534685,-0.01539393
135.49663,-0.030794766,-0.0038552189,-0.015150808
135.51352,-0.030481376,-0.0022057642,-0.01500757
135.52994,-0.029893337,0.0002944293,-0.014656243
135.54678,-0.029333329,0.002669116,-0.014280793
135.56339,-0.028667647,0.0041192016,-0.013977093
135.57991,-0.027146064,0.0064980146,-0.01350365
135.59633,-0.025447266,0.008733727,-0.012930975
135.61324,-0.025001036,0.010121981,-0.012628492
135.62996,-0.023286952,0.012434089,-0.011930252
135.64647,-0.021800065,0.014772446,-0.011062464
135.66324,-0.0198213,0.016956085,-0.010215101
135.67996,-0.017897194,0.01946834,-0.009270903
135.69653,-0.017897923,0.019682871,-0.009268844
135.7133,-0.015936004,0.021904282,-0.008193005
135.73018,-0.014399377,0.023986168,-0.007204605
135.74695,-0.01270812,0.026092922,-0.0061609917
135.76338,-0.011307617,0.02827189,-0.00511041
135.7799,-0.009440345,0.0298817,-0.0039598104
135.79672,-0.0076720724,0.03181212,-0.0027416395
135.81346,-0.00665888,0.03311437,-0.002093956
135.83014,-0.00452072,0.034489047,-0.0008252432
135.84673,-0.0036513119,0.035036143,-0.00017907395
135.86336,-0.0019531287,0.036233027,0.0011396034
135.88008,-0.00022388647,0.037351873,0.0025126834
135.8966,0.00072501047,0.037682783,0.0031857444
135.91295,0.0025567398,0.038104404,0.0046543013
135.92993,0.0046272594,0.038499158,0.006079289
135.94656,0.005611154,0.039023567,0.00684793
135.96335,0.007698851,0.038872257,0.008286371
135.97993,0.009647426,0.03766633,0.0096228905
135.99669,0.010547764,0.037716217,0.010272762
136.01329,0.012206893,0.03716756,0.011716958
136.02995,0.014115527,0.035664026,0.01301988
136.04659,0.014765125,0.03478091,0.01367887
136.06323,0.016301576,0.03338306,0.015043886
136.07996,0.017869702,0.031173805,0.016367458
136.09651,0.018614793,0.030340983,0.01703882
136.11331,0.019943206,0.02770227,0.018210664
136.12985,0.021147687,0.025401589,0.019365223
136.14684,0.02181236,0.024334885,0.019846689
136.16351,0.022847828,0.02173564,0.020776525
136.18005,0.023870653,0.01864911,0.021640217
136.1967,0.024511233,0.017464196,0.022027593
136.2132,0.025421979,0.013963531,0.022783533
136.22961,0.025877204,0.012559111,0.023072766
136.2466,0.026593952,0.008636526,0.023649773
136.2633,0.027509186,0.004533696,0.024098057
136.27992,0.027965697,0.00091701426,0.024631398
136.29662,0.028089479,-0.00061676255,0.02479024
136.31328,0.028507832,-0.0044855094,0.025268545
136.32977,0.028700056,-0.0064311572,0.025396071
136.34651,0.029047765,-0.00953805,0.025864111
136.36337,0.028851846,-0.0121873915,0.02617417
136.37978,0.029052626,-0.013852128,0.02635908
136.39662,0.028690647,-0.01693779,0.026519982
136.41325,0.02867802,-0.019653123,0.026707033
136.43002,0.028659262,-0.020294322,0.026743991
136.4463,0.028357837,-0.0229965,0.026790773
136.46336,0.027965352,-0.024860425,0.026802167
136.47992,0.02754388,-0.025992524,0.026734045
136.49658,0.02679871,-0.027462622,0.02655699
136.51324,0.025665797,-0.029635023,0.026187075
136.53004,0.025300978,-0.030016571,0.026055705
136.54622,0.024711654,-0.031477384,0.025579648
136.56319,0.023763742,-0.032393824,0.025007347
136.57983,0.02283134,-0.032714136,0.02471146
136.5964,0.02182375,-0.033675157,0.024011863
136.61302,0.020987296,-0.034548815,0.02327124
136.63004,0.020558104,-0.034551714,0.022831347
136.64648,0.019326434,-0.035208005,0.0218831
136.66336,0.01845913,-0.035808243,0.02065259
136.67987,0.017811986,-0.035303734,0.020018388
136.69656,0.016678222,-0.035391334,0.018682294
136.71336,0.015118223,-0.035519756,0.017121037
136.72987,0.014419988,-0.03538315,0.016291188
136.74683,0.0130035095,-0.035394613,0.014683786
136.76315,0.012722708,-0.035032034,0.013803711
136.77992,0.011372723,-0.035297796,0.012170064
136.79657,0.009814368,-0.034594465,0.0103905285
136.81331,0.009230448,-0.034526467,0.009542789
136.83003,0.008186352,-0.034038186,0.0076138596
136.84668,0.007235738,-0.033672925,0.0057155127
136.86311,0.0068887495,-0.03313578,0.004766412
136.87984,0.006040668,-0.03219072,0.002846025
136.89662,0.0054145018,-0.030975044,0.0009743021
136.91339,0.0053270916,-0.030194217,0.0000746722
136.93008,0.004721229,-0.029672606,-0.0017620799
136.94662,0.0044724755,-0.02862945,-0.0035622753
136.96335,0.004644425,-0.028128615,-0.004398268
136.98001,0.004732829,-0.027102575,-0.005856368
136.99661,0.004822679,-0.025988508,-0.0072505497
137.0133,0.0046953815,-0.025599279,-0.007943877
137.03,0.0049542137,-0.024316827,-0.0093160495
137.04669,0.0051397993,-0.02326502,-0.01059109
137.06325,0.0054623676,-0.02225282,-0.011942394
137.07977,0.005722157,-0.020669747,-0.013337611
137.09665,0.0057213856,-0.020545414,-0.013338105
137.11317,0.0062527354,-0.019717604,-0.014654232
137.12994,0.006481732,-0.018588133,-0.016017847
137.14638,0.0065311748,-0.01675437,-0.017441824
137.16254,0.0062931785,-0.015156427,-0.018958697
137.17928,0.0063862666,-0.0138930585,-0.02048604
137.196,0.006034514,-0.013093664,-0.021295963
137.21312,0.005598262,-0.011408534,-0.022864014
137.22998,0.0052424334,-0.009683649,-0.024464803
137.24678,0.005070914,-0.008780931,-0.02522153
137.26352,0.0046549165,-0.007624012,-0.026716815
137.27985,0.004106974,-0.0054994286,-0.028169945
137.2965,0.0036427234,-0.0044643474,-0.02888807
137.31314,0.0027684302,-0.0028348276,-0.030532863
137.33025,0.002119255,-0.0010944126,-0.03203633
137.34657,0.0018306371,-0.00011188278,-0.03273599
137.36314,0.001236222,0.0014424328,-0.034044236
137.38019,0.0004576743,0.00284962,-0.03521987
137.39633,-0.00013127542,0.0033962661,-0.035808317
137.41316,-0.000962403,0.004766713,-0.036901917
137.42998,-0.0018087398,0.006226474,-0.037956692
137.4469,-0.0021318125,0.0067916918,-0.038423464
137.46341,-0.0032689443,0.007435255,-0.0395036
137.4801,-0.004769027,0.008562949,-0.04070184
137.49641,-0.005114205,0.008775231,-0.041301433
137.51335,-0.0065602167,0.009967764,-0.04245617
137.52975,-0.007561435,0.010618215,-0.04337451
137.54666,-0.008213995,0.011162826,-0.043787017
137.5633,-0.009057974,0.012073041,-0.044357445
137.57993,-0.009664665,0.013026346,-0.044660673
137.59686,-0.010069761,0.013532072,-0.044634312
137.61322,-0.010647187,0.013948078,-0.044376604
137.63014,-0.010663955,0.01444222,-0.043773364
137.6467,-0.01047609,0.014781787,-0.04327296
137.66331,-0.010360559,0.014868482,-0.04217609
137.68011,-0.010232642,0.014894785,-0.04069726
137.6965,-0.009760678,0.015405461,-0.039910052
137.71298,-0.009336637,0.015196564,-0.03816631
137.73004,-0.009142146,0.015631214,-0.037164364
137.74727,-0.008491808,0.015413823,-0.03513852
137.76367,-0.007603159,0.015318109,-0.03285346
137.77989,-0.007435473,0.01508274,-0.0316318
137.79643,-0.0068133418,0.015226696,-0.029017396
137.81317,-0.005995563,0.014472009,-0.026345288
137.82999,-0.0053677214,0.0140404655,-0.024978288
137.84645,-0.004364039,0.013875278,-0.02213449
137.86328,-0.0032595035,0.013216073,-0.019160865
137.87985,-0.002652818,0.012505647,-0.017593438
137.89651,-0.0018512515,0.011739156,-0.014497989
137.91318,-0.0010887379,0.01062232,-0.011303666
137.93005,-0.0009649932,0.009898625,-0.009730795
137.94643,-0.00029178336,0.008054267,-0.0065922607
137.96321,0.00053944415,0.006439685,-0.0035563593
137.97984,0.0009374486,0.006030566,-0.0019774726
137.99663,0.0015681676,0.0043198927,0.0010790146
138.01352,0.0023960038,0.0018841259,0.0042393287
138.02992,0.0024974437,0.0009903731,0.0058120526
138.04677,0.0032371185,-0.0011570316,0.008989093
138.0635,0.0038093582,-0.0032682603,0.012220655
138.08011,0.0039144075,-0.004458239,0.013842612
138.09677,0.0047274525,-0.006598016,0.017166909
138.11331,0.0057449653,-0.008290039,0.020536473
138.12976,0.0059771375,-0.009223302,0.022268644
138.1469,0.006701532,-0.011337057,0.025732031
138.16353,0.007240188,-0.012204712,0.02749385
138.17996,0.00805596,-0.013885728,0.031113962
138.19652,0.0089569045,-0.015342896,0.03487534
138.21336,0.009370256,-0.016193109,0.036795173
138.23,0.010342867,-0.018230814,0.04069085
138.24689,0.011048179,-0.019726632,0.044530388
138.26353,0.011594853,-0.020454198,0.046365954
138.27997,0.01217834,-0.022304798,0.04973285
138.29683,0.01262628,-0.023922637,0.052726958
138.31339,0.012769782,-0.024288703,0.05412598
138.33,0.013532963,-0.02552538,0.05677922
138.34645,0.013779448,-0.026394032,0.059351288
138.36314,0.013981423,-0.027331877,0.061598726
138.37987,0.014373637,-0.027772892,0.063626476
138.39653,0.014374949,-0.02773154,0.06362616
138.41331,0.014429357,-0.028369438,0.06553753
138.42986,0.014350283,-0.029036425,0.06719382
138.44649,0.014574573,-0.029545585,0.06870959
138.46364,0.014635225,-0.029710606,0.0700639
138.47995,0.014569268,-0.029695202,0.0711841
138.49655,0.014570466,-0.029661259,0.07118381
138.51323,0.014521208,-0.029190812,0.07218567
138.52994,0.0144597525,-0.028639585,0.07295372
138.54681,0.014232066,-0.02743252,0.073502
138.56303,0.0140885385,-0.02681243,0.073526
138.58008,0.014141914,-0.025143728,0.07342467
138.59654,0.014238431,-0.023735218,0.07319022
138.61324,0.014236242,-0.022787943,0.073115274
138.62988,0.013999764,-0.021281695,0.072670996
138.64665,0.013775885,-0.020048443,0.07229658
138.6629,0.013632933,-0.017996747,0.07153735
138.68015,0.013460512,-0.016230144,0.0706123
138.69667,0.013584241,-0.0151603855,0.07002692
138.71327,0.013717273,-0.013028849,0.06874727
138.73016,0.01386974,-0.010611572,0.06732826
138.74661,0.013606511,-0.009512482,0.06658602
138.76295,0.013714575,-0.007494858,0.06504073
138.78001,0.013745095,-0.0050283703,0.06328288
138.79686,0.013877105,-0.0036174317,0.0623874
138.81331,0.013753277,-0.0016465446,0.060414106
138.82983,0.013766532,0.00087682327,0.05826824
138.84663,0.013630263,0.00209514,0.057175443
138.8635,0.013413197,0.00405574,0.0548016
138.88025,0.013215711,0.0058636386,0.052249566
138.89705,0.013374569,0.0068225656,0.05090938
138.91356,0.0135266865,0.008923144,0.04826717
138.9303,0.013574009,0.010516508,0.04547282
138.94682,0.0133278305,0.011092988,0.04396777
138.96315,0.013201556,0.011914787,0.040922116
138.97989,0.0127937235,0.013495812,0.037569743
138.99692,0.01301543,0.0138118705,0.03585665
139.01346,0.012597581,0.014446167,0.032227904
139.02989,0.01224139,0.015238508,0.028536912
139.04654,0.012112554,0.015930414,0.026710445
139.06331,0.012064387,0.01606589,0.023025945
139.07965,0.0121270055,0.01655236,0.021134693
139.09654,0.012295436,0.016623642,0.017529381
139.11325,0.01200477,0.016652653,0.013817116
139.13005,0.012216192,0.016838921,0.011928346
139.14685,0.012688508,0.01691581,0.008130596
139.16354,0.01250984,0.016121361,0.0042889793
139.18013,0.012256433,0.016037427,0.0023861772
139.19669,0.012164937,0.015434717,-0.0014168104
139.21323,0.012574423,0.014144276,-0.0052364697
139.23015,0.012770654,0.013610858,-0.0071124453
139.24664,0.012981933,0.0120694265,-0.010835693
139.26343,0.013567615,0.010571288,-0.0145309735
139.28026,0.013628783,0.009915652,-0.016329776
139.29657,0.01456204,0.008026133,-0.019894483
139.31342,0.015571564,0.0062626954,-0.023392227
139.32999,0.016006287,0.005504485,-0.025009641
139.3468,0.017094998,0.0033195585,-0.02829121
139.3632,0.017956663,0.0012586814,-0.031241195
139.3801,0.018560015,0.00046229348,-0.032679714
139.39638,0.019737912,-0.0015843459,-0.035410844
139.41327,0.020901097,-0.0034825436,-0.03796188
139.43001,0.02139699,-0.0043691876,-0.039214786
139.4469,0.022230266,-0.0060657766,-0.041496728
139.46317,0.023468582,-0.007179397,-0.04359216
139.48029,0.024428543,-0.0079964325,-0.044509396
139.49663,0.025494343,-0.009558738,-0.046216976
139.51353,0.02657144,-0.01103599,-0.04755554
139.5301,0.027038973,-0.0112715885,-0.04814226
139.54669,0.02809512,-0.012278873,-0.04904319
139.56325,0.028534098,-0.012894483,-0.049454298
139.57996,0.028971646,-0.014280547,-0.050210413
139.59657,0.029365513,-0.015015018,-0.050732166
139.61322,0.029226191,-0.01542336,-0.05095572
139.62953,0.029491771,-0.016203528,-0.051223304
139.64684,0.029212598,-0.01741451,-0.05148955
139.6633,0.029046783,-0.017782379,-0.05155365
139.68016,0.028895779,-0.018350039,-0.05175533
139.69652,0.02879958,-0.019141657,-0.051688727
139.71304,0.028242845,-0.019476999,-0.051662114
139.72993,0.027680235,-0.02002746,-0.05137626
139.74675,0.02679638,-0.02018494,-0.05113955
139.76338,0.026275268,-0.020549718,-0.050962172
139.78,0.025342012,-0.020839522,-0.050534226
139.79657,0.02391726,-0.021482982,-0.0500156
139.81342,0.022687906,-0.021311196,-0.049412698
139.83005,0.021431498,-0.022087751,-0.04870839
139.84677,0.020359427,-0.022698201,-0.047807172
139.86333,0.020360721,-0.02275303,-0.047806576
139.87988,0.018795948,-0.02300246,-0.046677347
139.8967,0.017364383,-0.023610158,-0.04549974
139.91347,0.015672812,-0.024069032,-0.044117022
139.92996,0.013928876,-0.024450332,-0.04253274
139.94696,0.011817646,-0.02439838,-0.040834345
139.96335,0.0108639775,-0.024605153,-0.03994019
139.98004,0.009067982,-0.024400525,-0.03813063
139.99684,0.0073278393,-0.02402067,-0.036142036
140.01329,0.006384518,-0.023625616,-0.03508832
140.02995,0.0045044464,-0.022866078,-0.032891586
140.04655,0.0035464521,-0.022572285,-0.031775545
140.06334,0.0013077152,-0.022259843,-0.029523915
140.0799,-0.00094257103,-0.021281539,-0.027230596
140.0967,-0.0020286867,-0.021106916,-0.026048644
140.11333,-0.0042304904,-0.020504588,-0.023885084
140.12993,-0.0065667327,-0.01985486,-0.021708291
140.14662,-0.008215431,-0.019461494,-0.02073873
140.16345,-0.010599397,-0.018199379,-0.018878484
140.17992,-0.01289096,-0.01669101,-0.016969653
140.19742,-0.013821855,-0.016097138,-0.016037127
140.21353,-0.015623614,-0.014675205,-0.0140582165
140.2299,-0.017549532,-0.01302493,-0.012043075
140.24638,-0.018540023,-0.012814597,-0.011053099
140.26317,-0.02000528,-0.011245709,-0.0090480475
140.28021,-0.0215291,-0.010065153,-0.007023063
140.29668,-0.022098172,-0.009116919,-0.006038367
140.3132,-0.023236213,-0.007867616,-0.004120255
140.32994,-0.02443584,-0.00658388,-0.0021870486
140.34647,-0.025280338,-0.005823246,-0.0012580934
140.36351,-0.026110714,-0.0037497084,0.00057408656
140.38004,-0.026890034,-0.0020114544,0.0023146428
140.39665,-0.02729609,-0.0015876845,0.0031161786
140.41336,-0.02810632,0.0000697397,0.004735011
140.43004,-0.028726663,0.0023128155,0.0061979606
140.44661,-0.028697578,0.0031758703,0.0069518266
140.46349,-0.02924991,0.0046872627,0.008306046
140.47987,-0.02975087,0.0057905884,0.008981544
140.49646,-0.029949268,0.007631542,0.010286675
140.51338,-0.030178282,0.010012562,0.011416668
140.53015,-0.030560125,0.010643395,0.0119798165
140.54669,-0.030915651,0.012489112,0.0129446
140.56316,-0.03108795,0.01431785,0.013834146
140.58014,-0.031229077,0.015090917,0.014197588
140.59686,-0.03159842,0.01680575,0.014660255
140.61336,-0.031626094,0.01858616,0.014964356
140.63014,-0.031583507,0.019564841,0.01508016
140.6468,-0.031091806,0.020746803,0.015151419
140.66312,-0.030517254,0.021535411,0.015184884
140.6796,-0.03029612,0.021893078,0.0151237035
140.69672,-0.029660163,0.022817569,0.015021209
140.7133,-0.029078452,0.023768589,0.01475316
140.7301,-0.028532585,0.024278784,0.01465579
140.74683,-0.02780346,0.024432477,0.014196347
140.76352,-0.026983932,0.025075924,0.013571347
140.77982,-0.026471017,0.025629627,0.013287867
140.79652,-0.025285892,0.026031341,0.012546696
140.81339,-0.023720955,0.026275441,0.011804832
140.83002,-0.023479031,0.026506295,0.011407509
140.8466,-0.02210469,0.026501773,0.0106398435
140.86363,-0.020632792,0.026401771,0.00986857
140.87956,-0.019653976,0.02633119,0.00938546
140.89676,-0.018168526,0.026647078,0.00852246
140.91373,-0.016503187,0.026858184,0.007635969
140.9299,-0.015968876,0.027182724,0.007254054
140.94644,-0.014130379,0.026917798,0.006431229
140.96324,-0.013287727,0.026749227,0.00603945
140.97984,-0.01148988,0.026605666,0.0052337395
140.99689,-0.0097566005,0.026566515,0.0043550385
141.01349,-0.008037865,0.026208786,0.0033686336
141.03008,-0.006993776,0.025771314,0.0029244584
141.04703,-0.005256854,0.02555195,0.0018432274
141.06345,-0.0040447516,0.02520126,0.001367229
141.08017,-0.0020098926,0.02478844,0.00031853488
141.09685,-0.00007373046,0.023984011,-0.0006704401
141.11333,0.00055035274,0.023396002,-0.0011810156
141.13019,0.0026596037,0.022184115,-0.0022613788
141.14664,0.004607194,0.020197785,-0.0033013101
141.16328,0.005606028,0.019621698,-0.0038904601
141.18001,0.007492474,0.017863039,-0.004913736
141.19638,0.009464822,0.01598812,-0.005966294
141.21329,0.010274578,0.014643452,-0.006458433
141.23012,0.013205394,0.011417351,-0.007903735
141.24678,0.014988565,0.008833495,-0.008861223
141.26328,0.014989128,0.008688337,-0.008860087
141.28004,0.0166896,0.0058007254,-0.00971874
141.29674,0.0182804,0.0028362388,-0.010580807
141.31334,0.020141192,0.000004053173,-0.011343059
141.32997,0.021860361,-0.0031494116,-0.0120558385
141.34673,0.021861129,-0.0032995108,-0.012054123
141.36331,0.023315953,-0.0068278145,-0.012758655
141.37999,0.025126649,-0.011065965,-0.013883203
141.39653,0.025532812,-0.0124165835,-0.014268308
141.41324,0.026317986,-0.015546787,-0.014908781
141.43028,0.026876742,-0.01774883,-0.015683303
141.44682,0.027100882,-0.019026814,-0.015985794
141.4633,0.027545981,-0.021548212,-0.016651936
141.47992,0.027125392,-0.024116658,-0.017282855
141.49713,0.026949944,-0.025202747,-0.017621912
141.51297,0.027008137,-0.027050018,-0.018265162
141.53008,0.026929451,-0.028763698,-0.018799327
141.54709,0.026932629,-0.030610584,-0.01916877
141.56348,0.026831698,-0.031248663,-0.019384686
141.57985,0.026377006,-0.032601193,-0.019703692
141.59666,0.026131967,-0.033368133,-0.019818684
141.61325,0.025520293,-0.034540597,-0.019916935
141.6306,0.02483003,-0.035163645,-0.020018978
141.6469,0.024471091,-0.035568915,-0.019901948
141.6636,0.023760302,-0.03627114,-0.019624958
141.67987,0.023081705,-0.03690716,-0.019138958
141.69666,0.022714028,-0.03707812,-0.018827217
141.71329,0.022040512,-0.037404012,-0.018209781
141.72978,0.020971045,-0.037842087,-0.017510947
141.7466,0.020439604,-0.0378298,-0.01716368
141.76338,0.01962348,-0.037579007,-0.016450737
141.78,0.019227205,-0.03725969,-0.015626429
141.7967,0.018781412,-0.03688935,-0.015134109
141.81335,0.018055504,-0.036248438,-0.014067348
141.82979,0.01765787,-0.035767514,-0.013512042
141.84679,0.016822223,-0.034877673,-0.012303876
141.86319,0.01597612,-0.03371275,-0.011060914
141.87987,0.01533499,-0.032348856,-0.009759496
141.89664,0.015180387,-0.03150561,-0.009099887
141.91328,0.014567881,-0.03010859,-0.0077873245
141.93005,0.014065317,-0.029577876,-0.007140384
141.94662,0.013331804,-0.027681692,-0.005811359
141.96332,0.012799479,-0.026075887,-0.0044736145
141.97987,0.012477738,-0.02494625,-0.003807662
141.99652,0.011509328,-0.022976287,-0.002422403
142.01324,0.01122457,-0.021191543,-0.0010468091
142.0301,0.010807462,-0.020025322,-0.0003348551
142.04639,0.010412168,-0.017563911,0.001132885
142.06355,0.009694602,-0.015726604,0.0025590598
142.0801,0.0093959775,-0.014911599,0.0032145022
142.0965,0.008454691,-0.012898693,0.004415335
142.11334,0.0074819797,-0.010803392,0.005438394
142.12996,0.00698371,-0.01007087,0.005895923
142.14638,0.006008135,-0.007646953,0.0067333505
142.1633,0.0046954104,-0.0053037214,0.0075289123
142.17998,0.003985829,-0.0042480794,0.0077910274
142.19653,0.00268506,-0.0023649246,0.008179981
142.21353,0.001437366,-0.000100823294,0.008187838
142.23001,0.0007195283,0.0006135925,0.008138741
142.24663,-0.0006310289,0.0029587639,0.007822963
142.26366,-0.0021800671,0.0047255927,0.007319736
142.27988,-0.0029066682,0.0056420444,0.007021391
142.29652,-0.004114819,0.007408013,0.0063346145
142.31342,-0.0055689826,0.009536177,0.005626527
142.32993,-0.0062067755,0.0101254685,0.005269269
142.34665,-0.007614744,0.011547043,0.00439421
142.3633,-0.008680962,0.012697094,0.0035152463
142.38008,-0.009154547,0.013221911,0.0030546237
142.39664,-0.010179682,0.014259365,0.0019530915
142.41327,-0.010509663,0.014612866,0.0014238034
142.43019,-0.011446021,0.015561849,0.0002833818
142.4467,-0.012216396,0.016373878,-0.0009184175
142.463,-0.012460981,0.016578477,-0.0015504056
142.48007,-0.012867023,0.017326692,-0.0027564424
142.49663,-0.012992368,0.017813742,-0.0038929114
142.5133,-0.013107322,0.017846346,-0.004447972
142.53018,-0.012894164,0.018065445,-0.0054498157
142.54681,-0.012478903,0.018351624,-0.006390288
142.56335,-0.012317868,0.018274935,-0.0067456374
142.58005,-0.011355147,0.018285392,-0.00738253
142.59703,-0.010482106,0.018145198,-0.007746531
142.61333,-0.00975916,0.01805962,-0.007816155
142.63039,-0.008994718,0.017758522,-0.007869806
142.64644,-0.007598599,0.017086767,-0.007781583
142.66362,-0.0066128043,0.016386455,-0.00753726
142.67976,-0.005268101,0.0155620165,-0.0072064623
142.69661,-0.0037236875,0.014207213,-0.006799795
142.71367,-0.003722884,0.013968814,-0.0068002506
142.73012,-0.0020339082,0.012323594,-0.006271914
142.7468,-0.00073480036,0.010892595,-0.0057869786
142.7635,0.0008800643,0.009282087,-0.0051630205
142.77997,0.0023837206,0.0076960865,-0.004513491
142.79701,0.0038404996,0.0058827107,-0.0038245753
142.81308,0.004792494,0.0050042733,-0.003451367
142.82985,0.0064810454,0.004077415,-0.002590594
142.84668,0.008311273,0.002920979,-0.0015910545
142.86339,0.008740977,0.0023446204,-0.0010726232
142.87988,0.010401501,0.0009317545,0.00003551946
142.89708,0.012242564,-0.00003427307,0.0011260774
142.91379,0.0130501855,-0.0007603535,0.001742076
142.93024,0.014869443,-0.0021525808,0.0029297362
142.94678,0.016181214,-0.0031639684,0.0041877576
142.96344,0.01667274,-0.0038630832,0.004834382
142.97998,0.017898671,-0.0047875885,0.0059838006
142.99655,0.018532667,-0.0054015047,0.0065471106
143.01352,0.019746035,-0.006706837,0.007537547
143.03014,0.02069243,-0.007420439,0.008492843
143.04677,0.021342115,-0.0077208844,0.008929638
143.0633,0.021802552,-0.009006833,0.009570993
143.07997,0.02253262,-0.009763974,0.010045005
143.09677,0.022427527,-0.010190771,0.010220937
143.11333,0.022793496,-0.011044544,0.010440322
143.12994,0.023193143,-0.011626097,0.010594374
143.14668,0.023334602,-0.011950126,0.010668315
143.16351,0.023947576,-0.012862532,0.010774143
143.18033,0.02409145,-0.013243355,0.010864744
143.1969,0.02390331,-0.01340527,0.010901534
143.21333,0.024032364,-0.014115695,0.010915456
143.2302,0.023563713,-0.013889769,0.0109157115
143.24678,0.02358265,-0.014111789,0.010865725
143.2635,0.02369465,-0.0143637145,0.010667121
143.27989,0.02361375,-0.014389521,0.010576764
143.29689,0.02343229,-0.014429547,0.010483443
143.313,0.02286422,-0.014671943,0.010217093
143.32996,0.022136213,-0.014945255,0.0097328685
143.34665,0.02168724,-0.015433136,0.009412072
143.36343,0.02049971,-0.015094046,0.008587027
143.38011,0.019502873,-0.015476685,0.007515535
143.39659,0.019107597,-0.015307205,0.006932575
143.41359,0.017935967,-0.015440285,0.005729687
143.43005,0.017099885,-0.0154795395,0.0050791875
143.44698,0.01582208,-0.015567564,0.0036859012
143.46376,0.014097964,-0.015652074,0.0021766142
143.48009,0.013297596,-0.015690485,0.0013371826
143.49644,0.011215072,-0.015664067,-0.00039132338
143.51328,0.009708641,-0.015419119,-0.002290276
143.52975,0.009145764,-0.0154930465,-0.0032533957
143.54654,0.0073250807,-0.0154333785,-0.005268953
143.56335,0.005477237,-0.015454138,-0.0073279883
143.5804,0.004641575,-0.0152154965,-0.008387394
143.59705,0.002897404,-0.0147473505,-0.010479317
143.61359,0.0012077189,-0.014214552,-0.012676919
143.62979,0.00007702491,-0.014259335,-0.013770248
143.64699,-0.0017968994,-0.0133356815,-0.016073775
143.66348,-0.0024208059,-0.012964105,-0.01721384
143.68018,-0.0042720945,-0.012230985,-0.019622708
143.69705,-0.006577156,-0.011109231,-0.022105644
143.71336,-0.007644417,-0.010830811,-0.023278564
143.72984,-0.009492717,-0.009146679,-0.02575018
143.74663,-0.011621207,-0.007801784,-0.028141428
143.76352,-0.013397473,-0.0065502916,-0.030485276
143.77994,-0.014367525,-0.006107637,-0.031636443
143.7967,-0.015691292,-0.004426135,-0.03377616
143.81335,-0.016102254,-0.0036467377,-0.03479594
143.83012,-0.017420853,-0.0022483848,-0.036777273
143.84663,-0.018767327,-0.00088800193,-0.0388077
143.86366,-0.02041616,0.0005142257,-0.04096711
143.87999,-0.021480964,0.0010606719,-0.04214188
143.89667,-0.023206407,0.0022993425,-0.04465323
143.91333,-0.024293803,0.0029085467,-0.04602354
143.93011,-0.025620399,0.0045739315,-0.048769563
143.94667,-0.026752017,0.005819379,-0.051276848
143.96336,-0.027083093,0.0060784123,-0.05251814
143.98003,-0.02778255,0.007046475,-0.054842364
143.99692,-0.02805462,0.0087771155,-0.05663568
144.01347,-0.028093245,0.009188932,-0.057435837
144.03018,-0.028161274,0.010035064,-0.058643896
144.04697,-0.027779497,0.010914022,-0.059625044
144.0636,-0.027506158,0.010949499,-0.05993985
144.08,-0.027025448,0.01238058,-0.06026358
144.09683,-0.026253004,0.013091487,-0.06025673
144.11337,-0.025391337,0.014319142,-0.05987025
144.12999,-0.02444312,0.014928105,-0.059256718
144.14667,-0.024433542,0.014608735,-0.05926034
144.16331,-0.02320119,0.015507265,-0.058326937
144.17998,-0.021759417,0.015815118,-0.05723333
144.19658,-0.020344965,0.015930198,-0.05589397
144.21329,-0.018898077,0.016544525,-0.05432958
144.23004,-0.01729369,0.016617814,-0.052486714
144.2471,-0.015354574,0.016809946,-0.050367963
144.26384,-0.01440024,0.016743263,-0.049116652
144.28035,-0.012080505,0.016577609,-0.04634614
144.29692,-0.010067002,0.016388992,-0.04330815
144.31334,-0.009190348,0.01605122,-0.041697025
144.33012,-0.006944682,0.01608372,-0.03836562
144.34682,-0.0059254435,0.01590223,-0.036558867
144.36327,-0.0036619168,0.015202871,-0.03282842
144.38028,-0.0015879489,0.0143576935,-0.028933585
144.39693,-0.00060372526,0.014047448,-0.026985588
144.41336,0.0011609012,0.013699058,-0.022975134
144.42998,0.002653924,0.013107871,-0.018952707
144.44666,0.0035124978,0.012512301,-0.016971253
144.46349,0.004415376,0.0116129685,-0.0129219005
144.47975,0.005746833,0.011168775,-0.008993925
144.49638,0.0059674093,0.010774462,-0.0070778504
144.51355,0.006816325,0.009358601,-0.0032765204
144.52992,0.007071086,0.008389197,0.00030021893
144.54651,0.007364696,0.0077804965,0.002037143
144.56322,0.0073693194,0.0067624054,0.0054057734
144.57986,0.0074063847,0.0055030417,0.008626395
144.59668,0.0074293055,0.00464277,0.01022895
144.61342,0.007336884,0.0036720466,0.013231464
144.63011,0.0074383453,0.0027639423,0.016197508
144.64699,0.0070195394,0.0022298475,0.017631296
144.66327,0.0069619208,0.0010165174,0.020457065
144.68008,0.006756275,0.00010434029,0.023188801
144.69638,0.006636327,-0.0006108692,0.02442232
144.71352,0.006237265,-0.0016711882,0.02682694
144.73035,0.0055941804,-0.002560887,0.028967816
144.74686,0.0054748366,-0.0034573278,0.02999008
144.76337,0.004863256,-0.0042992686,0.03178072
144.78032,0.004052856,-0.004982758,0.03263964
144.79639,0.0034272103,-0.006170461,0.034259316
144.8135,0.0024264464,-0.0066161994,0.035698522
144.82997,0.0018489485,-0.007612948,0.036379337
144.84668,0.0007577918,-0.00791843,0.037568703
144.86359,-0.00066055486,-0.0093161985,0.038503382
144.87997,-0.0012229302,-0.010186861,0.038829934
144.89642,-0.0028483863,-0.011359794,0.039233916
144.91383,-0.0042810696,-0.0122310715,0.039319582
144.92989,-0.005211307,-0.013129373,0.03931401
144.94669,-0.0066864197,-0.014088526,0.039022468
144.96332,-0.008042177,-0.014960652,0.038492866
144.98003,-0.008978115,-0.015372034,0.038179956
144.99678,-0.010301197,-0.015892679,0.03735523
145.01355,-0.011713613,-0.016631525,0.0363916
145.03015,-0.012800483,-0.017084606,0.035776034
145.04677,-0.014191005,-0.017101912,0.034495044
145.06342,-0.015539651,-0.017285796,0.033119407
145.08025,-0.01612471,-0.017650327,0.03231842
145.09703,-0.017218033,-0.01734684,0.030727705
145.11317,-0.018494068,-0.016960673,0.02906616
145.13017,-0.018728852,-0.016943112,0.028194975
145.14671,-0.020444917,-0.016541474,0.026373472
145.16335,-0.021288056,-0.015600752,0.024395304
145.18018,-0.022025516,-0.015522418,0.023368698
145.19696,-0.022821095,-0.014467331,0.021213384
145.21329,-0.023237456,-0.013173919,0.019024884
145.23018,-0.023394603,-0.012686486,0.017919192
145.2467,-0.023887876,-0.011621548,0.015727423
145.26334,-0.024560805,-0.0110629555,0.0145941945
145.28003,-0.025004245,-0.0093420055,0.012433375
145.29678,-0.02532572,-0.0077022924,0.010224476
145.31322,-0.025369978,-0.0069453944,0.009132989
145.33026,-0.025349947,-0.0056714164,0.006860897
145.34724,-0.025365697,-0.0032163283,0.00464419
145.36331,-0.025001513,-0.002191472,0.003522876
145.38016,-0.024625672,-0.000014603543,0.00128456
145.3965,-0.024051253,0.0022119118,-0.0008852552
145.41351,-0.023896888,0.00345478,-0.0019601614
145.42982,-0.0232113,0.0059434706,-0.004015886
145.44687,-0.02127262,0.009751487,-0.00705892
145.46353,-0.021271251,0.009349944,-0.0070632086
145.48013,-0.020492602,0.011327552,-0.009047496
145.49669,-0.019350186,0.013734479,-0.011023477
145.51332,-0.018220644,0.0155197205,-0.012828169
145.52992,-0.017151656,0.01735078,-0.014598509
145.54688,-0.01589894,0.019134613,-0.01636867
145.56364,-0.015895654,0.018729797,-0.01637192
145.58022,-0.014656963,0.020476263,-0.018092765
145.59682,-0.012578485,0.022208594,-0.020693786
145.6133,-0.011859088,0.022594532,-0.02147849
145.63,-0.010216444,0.023187252,-0.023064489
145.64641,-0.009337426,0.023187792,-0.023774624
145.66345,-0.0077673984,0.02319378,-0.025078733
145.68034,-0.006009289,0.02324393,-0.026293632
145.69687,-0.00404906,0.02273282,-0.02735867
145.71344,-0.0033768634,0.022197185,-0.027858945
145.73016,-0.0017658514,0.021251729,-0.028801292
145.7466,-0.0010315015,0.020590622,-0.029255496
145.76343,0.0011374932,0.019323178,-0.030159406
145.78023,0.003125849,0.017757548,-0.031022834
145.79683,0.0040637134,0.016247822,-0.031439304
145.81361,0.0059349355,0.014127315,-0.032258235
145.83025,0.0077825547,0.011527796,-0.032996375
145.84694,0.008655843,0.0100934,-0.03336644
145.8636,0.010662541,0.0070975367,-0.034121152
145.88051,0.01285082,0.003170329,-0.03481504
145.89671,0.01364396,0.0012455742,-0.03517425
145.91344,0.015549206,-0.0024208208,-0.035818648
145.93025,0.01773471,-0.0067594396,-0.03646892
145.94705,0.018504765,-0.009050879,-0.03683292
145.96327,0.020153519,-0.013204164,-0.0372023
145.98032,0.021441465,-0.017390668,-0.037513833
145.99683,0.022160817,-0.01933729,-0.03763564
146.01353,0.02323793,-0.022453098,-0.03760879
146.03032,0.024009367,-0.025167242,-0.0375484
146.04698,0.02458456,-0.026602723,-0.03738124
146.06311,0.025159346,-0.029203823,-0.037082847
146.08008,0.025385361,-0.031750467,-0.036687735
146.09698,0.025073525,-0.03308149,-0.03647912
146.11359,0.025023865,-0.035131272,-0.035941277
146.1302,0.024512604,-0.036811188,-0.035385333
146.14764,0.024109868,-0.038238637,-0.03502689
146.16362,0.023448458,-0.03972578,-0.0344177
146.18001,0.02316787,-0.040134314,-0.03401022
146.19702,0.02183297,-0.041508287,-0.03313137
146.21367,0.020518871,-0.042097807,-0.032026917
146.23022,0.01964283,-0.042189986,-0.03073274
146.24683,0.019020746,-0.042382464,-0.030033404
146.26343,0.017794902,-0.042767808,-0.028559342
146.28003,0.01715683,-0.042892028,-0.02772334
146.29659,0.015961012,-0.043051254,-0.026035195
146.31357,0.014423192,-0.042006698,-0.024178298
146.32996,0.013607045,-0.042182535,-0.023164585
146.34657,0.011986774,-0.041441865,-0.021063099
146.36325,0.010472877,-0.04052916,-0.018756084
146.37978,0.009595149,-0.04012775,-0.017632898
146.3967,0.007992498,-0.039007343,-0.015191553
146.41342,0.0059358366,-0.037557628,-0.012752601
146.4299,0.0052747945,-0.036992554,-0.011487135
146.44669,0.0037793142,-0.035334833,-0.008972579
146.46352,0.0022203478,-0.033898048,-0.006381968
146.48024,0.0013016,-0.03313173,-0.0051418063
146.4968,-0.00066820363,-0.03159042,-0.0025901608
146.51341,-0.0028817032,-0.029297968,-0.00007810353
146.53015,-0.0036622249,-0.028335962,0.0011310169
146.54675,-0.005270401,-0.026452623,0.003500812
146.56346,-0.006940069,-0.0242977,0.005834456
146.58026,-0.008093343,-0.023252942,0.00700767
146.59683,-0.0097589325,-0.020944843,0.009276905
146.6135,-0.011150217,-0.018448297,0.011494556
146.63004,-0.011993424,-0.017672336,0.012592462
146.64685,-0.013535074,-0.014819907,0.014716882
146.6634,-0.015285906,-0.012039475,0.016784374
146.68019,-0.01583544,-0.01089834,0.01772075
146.69643,-0.01746075,-0.00862265,0.01949688
146.71349,-0.018196914,-0.0074313954,0.020281626
146.7305,-0.019819364,-0.00477252,0.021822182
146.74718,-0.02114057,-0.0022344464,0.023144636
146.76357,-0.022004992,-0.00133971,0.023742203
146.77988,-0.023229176,0.0013159844,0.024773536
146.7966,-0.024489935,0.003688052,0.025622807
146.81343,-0.02509883,0.004778429,0.02594821
146.83041,-0.026226254,0.0073863748,0.026543057
146.8467,-0.027068287,0.009978017,0.027015263
146.86354,-0.02812356,0.012403238,0.027295869
146.88046,-0.029151358,0.015165021,0.027410988
146.89702,-0.030136703,0.017855873,0.027310265
146.91342,-0.030143186,0.017394813,0.027303478
146.93033,-0.030928181,0.020474749,0.027001938
146.94672,-0.031672876,0.024747362,0.026253639
146.96353,-0.031788517,0.025772447,0.026040897
146.98012,-0.03208202,0.028471999,0.02551208
146.99683,-0.031836566,0.030691855,0.024956755
147.0133,-0.03155656,0.031598393,0.024616232
147.03033,-0.031010663,0.033770036,0.024076093
147.04698,-0.030567717,0.035759818,0.023477502
147.06366,-0.029852802,0.036048878,0.023100091
147.08011,-0.02880657,0.03759952,0.022380346
147.09656,-0.028331587,0.03822061,0.022022193
147.11314,-0.026853373,0.04002089,0.02131474
147.12997,-0.02523796,0.040702388,0.02061347
147.14644,-0.024144014,0.041025247,0.020272925
147.16333,-0.022436801,0.041912746,0.019505624
147.18019,-0.020678587,0.042867832,0.018759802
147.1968,-0.020019006,0.04275299,0.018353645
147.21349,-0.018164951,0.04254664,0.017514663
147.22981,-0.01612055,0.04276644,0.016624799
147.24669,-0.014930297,0.042929366,0.016180946
147.26329,-0.012704269,0.043281656,0.015369383
147.2801,-0.010290977,0.043045092,0.0145222945
147.29694,-0.009128714,0.042439405,0.014077657
147.31354,-0.0067326236,0.042198975,0.013272483
147.3298,-0.0042861486,0.042108048,0.0124387415
147.34666,-0.0033198032,0.04116218,0.011929786
147.36362,-0.00043086658,0.040090434,0.011022004
147.38017,0.0026681623,0.03925883,0.010140878
147.39679,0.004192034,0.03876504,0.009659441
147.41342,0.0070959614,0.037091434,0.008835927
147.43028,0.009923096,0.035276018,0.007987917
147.44695,0.011731327,0.034333136,0.007657027
147.46361,0.014452824,0.032405257,0.0069288327
147.48036,0.017340474,0.029747685,0.006285372
147.49704,0.018634284,0.027833927,0.005981801
147.51337,0.022246808,0.025038749,0.0054406105
147.53012,0.023784945,0.02327385,0.0051410585
147.54668,0.026957748,0.020481398,0.004688053
147.56355,0.02979839,0.017192412,0.004232641
147.57999,0.031215498,0.0154946,0.0041372813
147.59691,0.033711433,0.0129961725,0.0038427128
147.61356,0.036088895,0.010498053,0.0036160236
147.63002,0.036901265,0.008651389,0.0035252348
147.64674,0.03884349,0.0058878767,0.0033600784
147.66344,0.040401705,0.0035197698,0.0032073196
147.6802,0.04127117,0.002256487,0.0031402581
147.69685,0.042645656,-0.0002451127,0.003041046
147.71315,0.043757144,-0.0027360672,0.003009761
147.73027,0.044263326,-0.0038656632,0.0029829103
147.74686,0.04478714,-0.0059730895,0.0028773758
147.76353,0.045315363,-0.007957212,0.0026737086
147.77994,0.04560853,-0.009556934,0.0025366321
147.797,0.045334402,-0.011610891,0.0021045695
147.81361,0.045044042,-0.013460823,0.0016941734
147.83034,0.045078926,-0.014182209,0.0014926167
147.84702,0.0447205,-0.016060354,0.0010600248
147.86325,0.044061698,-0.01731652,0.0005996571
147.88017,0.043543726,-0.01820801,0.0003690757
147.89699,0.042679295,-0.019517316,-0.0000805731
147.9135,0.041643593,-0.02047425,-0.00057911867
147.93028,0.04086241,-0.021302253,-0.0008301926
147.9468,0.03931752,-0.022087958,-0.0013537
147.96346,0.037696507,-0.022449562,-0.0019151025
147.98009,0.03721857,-0.023298485,-0.0021967813
147.99681,0.035303444,-0.02413122,-0.002851147
148.01366,0.033242926,-0.02459201,-0.003554747
148.03009,0.032061443,-0.024837282,-0.003972026
148.04697,0.030068513,-0.025254477,-0.004901057
148.06343,0.028721046,-0.025590701,-0.0054202285
148.07999,0.025895279,-0.025519155,-0.006499979
148.09703,0.022813259,-0.02565307,-0.007719062
148.11357,0.021890605,-0.02602654,-0.0083433725
148.13023,0.018613826,-0.025566114,-0.009666191
148.14717,0.015704663,-0.025269037,-0.011056608
148.16356,0.013868723,-0.025150321,-0.011804804
148.1799,0.011041163,-0.024367979,-0.01314911
148.19699,0.007643341,-0.023533534,-0.014450245
148.21341,0.0061159353,-0.023096401,-0.015080284
148.23003,0.0029792343,-0.021939063,-0.016300892
148.24686,-0.0010933398,-0.020032015,-0.01802781
148.26358,-0.0010885851,-0.020559283,-0.018028075
148.28021,-0.0038250803,-0.019216528,-0.019113867
148.29718,-0.0064126416,-0.018051673,-0.020165699
148.31346,-0.009531432,-0.016687844,-0.021137966
148.33005,-0.012314896,-0.01494951,-0.022042561
148.34679,-0.012308991,-0.015472114,-0.022045521
148.36351,-0.014779688,-0.014351593,-0.022976702
148.3802,-0.01699505,-0.012977773,-0.023885928
148.39659,-0.019470474,-0.011213204,-0.024833305
148.41338,-0.021740682,-0.009709483,-0.025821535
148.43,-0.023850443,-0.007973498,-0.026880292
148.44685,-0.025959916,-0.0063890605,-0.027961643
148.46352,-0.026768792,-0.0056580803,-0.028470939
148.48018,-0.028310424,-0.0032481593,-0.029484104
148.49648,-0.029114371,-0.0024044185,-0.029914055
148.51343,-0.030313516,-0.0004240309,-0.030640488
148.53032,-0.031638753,0.0017031534,-0.031280868
148.54692,-0.031897407,0.002570374,-0.031510923
148.56354,-0.032904293,0.0043275217,-0.031893782
148.58008,-0.033432934,0.006491838,-0.03216712
148.59677,-0.033335395,0.0072552906,-0.03216705
148.61362,-0.033350497,0.009266804,-0.032116055
148.63016,-0.033372708,0.011776755,-0.031809002
148.64691,-0.033506636,0.012560213,-0.031509187
148.6633,-0.03302378,0.014326226,-0.030668622
148.68018,-0.03238742,0.01691085,-0.029399933
148.697,-0.031959504,0.017483884,-0.028734116
148.71332,-0.031008856,0.019450841,-0.027145995
148.7305,-0.030168261,0.021209428,-0.02542727
148.7468,-0.02950936,0.022059713,-0.02454218
148.76373,-0.028356723,0.023873698,-0.022732748
148.78009,-0.028316412,0.024314528,-0.0218313
148.79681,-0.027056478,0.025954148,-0.019879494
148.81349,-0.025725637,0.027211905,-0.017792119
148.82994,-0.02497485,0.027520072,-0.016761389
148.84677,-0.023880534,0.028995603,-0.014696211
148.86351,-0.022719586,0.029693319,-0.012554504
148.88042,-0.021729747,0.030025562,-0.011452088
148.8971,-0.020648012,0.03110527,-0.009218607
148.91342,-0.019117264,0.031662498,-0.0068764724
148.93019,-0.018845616,0.03161295,-0.0057841353
148.94667,-0.01733374,0.032245878,-0.0035608397
148.96364,-0.015991908,0.03284417,-0.0013317479
148.98018,-0.015189152,0.032763347,-0.00029900734
148.99684,-0.013988903,0.032658312,0.0018127355
149.01337,-0.012841563,0.032357726,0.003851062
149.02986,-0.012128624,0.03221573,0.0048578964
149.04677,-0.010887619,0.031753123,0.0067812456
149.06343,-0.010478787,0.031191409,0.0077790087
149.08046,-0.009083274,0.031302087,0.009671528
149.09676,-0.0077981493,0.030280752,0.011676146
149.11371,-0.0063625625,0.029694183,0.013636696
149.12996,-0.0059548635,0.028839178,0.014597202
149.1469,-0.00493005,0.02796381,0.016596097
149.16371,-0.004035694,0.026700532,0.018557927
149.18015,-0.003632223,0.025847837,0.019538736
149.19688,-0.0026085426,0.024805406,0.021447003
149.21346,-0.0016480905,0.023480354,0.023292115
149.22998,-0.0011356258,0.02219744,0.024148524
149.24686,-0.00013781167,0.02065953,0.025795506
149.26343,0.0010102792,0.018816052,0.027074972
149.28012,0.0012739851,0.017476425,0.027553996
149.29686,0.002125368,0.015510155,0.02832178
149.31374,0.002885973,0.013313591,0.028837461
149.33,0.0037232016,0.01194942,0.029040074
149.34666,0.0046632737,0.009805606,0.029255716
149.36353,0.0053583384,0.0075903283,0.02940007
149.38008,0.005501065,0.0066039544,0.029404953
149.3968,0.0061787893,0.004425876,0.029273791
149.4135,0.006701033,0.0032409376,0.029176274
149.43045,0.007073651,0.0011496614,0.028844817
149.44655,0.007466683,-0.00021990358,0.028315242
149.46365,0.0074429195,-0.0017399098,0.028034162
149.4803,0.007878896,-0.0039023238,0.02728635
149.49677,0.007947116,-0.00557328,0.026500337
149.51346,0.007872124,-0.0063621467,0.026090067
149.53015,0.007905546,-0.008082736,0.025161065
149.54666,0.0081275655,-0.009825358,0.02414811
149.56374,0.008448198,-0.011065467,0.023604095
149.58012,0.008417646,-0.012216523,0.022504508
149.59677,0.00831315,-0.013324186,0.02128424
149.61366,0.00842787,-0.014465928,0.020028736
149.63023,0.00845772,-0.01568012,0.018705672
149.64674,0.008279994,-0.016138915,0.017226983
149.6635,0.008275123,-0.016705252,0.017229341
149.6801,0.008014798,-0.017803255,0.015696796
149.69698,0.007501745,-0.018613368,0.014064667
149.71365,0.0071813287,-0.018952262,0.012344593
149.7304,0.007211576,-0.01888873,0.010589398
149.74698,0.0069106994,-0.019363418,0.008869692
149.76314,0.006603419,-0.01945509,0.008014975
149.78001,0.006673755,-0.019062642,0.0063919723
149.79707,0.006059912,-0.018929426,0.0047514956
149.8135,0.006722901,-0.019017948,0.0039830157
149.83057,0.006690958,-0.018913392,0.002371204
149.84694,0.006370471,-0.01835089,0.0007383709
149.86414,0.0061805467,-0.01834196,-0.000029687788
149.88028,0.005797408,-0.01778048,-0.0015792719
149.89714,0.0052559813,-0.016710036,-0.0030726532
149.91368,0.0049187103,-0.016909333,-0.0038106064
149.93019,0.004391218,-0.01620727,-0.005240998
149.94656,0.0043465253,-0.015570539,-0.00588393
149.9633,0.0038860382,-0.014776391,-0.0072739916
149.97993,0.0037768458,-0.013462543,-0.008647651
149.99696,0.0034894967,-0.013196014,-0.009259263
150.01357,0.0031696456,-0.012043653,-0.010494483
150.03009,0.0025901143,-0.011144073,-0.0116930995
150.04698,0.0019569371,-0.010729222,-0.012245288
150.06325,0.0012764308,-0.0095644845,-0.013292555
150.07964,0.0008076575,-0.008315922,-0.014328245
150.09647,0.00052570755,-0.008044373,-0.014788274
150.11342,0.00036601693,-0.006740802,-0.01569586
150.13019,-0.00010313948,-0.005614999,-0.0165552
150.14696,-0.00060630037,-0.0056058755,-0.016982175
150.16362,-0.0011076602,-0.0047447896,-0.017752763
150.18018,-0.0014997505,-0.0034638923,-0.018472435
150.19688,-0.0017393165,-0.0033280253,-0.018830026
150.2135,-0.0020569358,-0.0021990223,-0.019501382
150.23033,-0.0023126218,-0.0014726974,-0.020144228
150.24677,-0.0021028183,-0.001174044,-0.020416802
150.26353,-0.0024004679,-0.00015735885,-0.021019097
150.2802,-0.0026337735,0.0005642606,-0.021563804
150.29666,-0.003215613,0.00047173823,-0.021811
150.31377,-0.003452487,0.0011529728,-0.022297397
150.33012,-0.0040502055,0.0014171137,-0.022717273
150.34682,-0.004599968,0.0013841148,-0.022942377
150.36346,-0.004764154,0.0020404316,-0.023332307
150.38013,-0.0047534835,0.0020113396,-0.023549402
150.39651,-0.0049532102,0.002325237,-0.023837492
150.4138,-0.0053496757,0.0033482523,-0.024031674
150.43024,-0.0051728096,0.0033778013,-0.024085434
150.44693,-0.005339887,0.003752703,-0.024205728
150.46342,-0.005585419,0.0041782865,-0.024216764
150.4802,-0.0060929446,0.004010553,-0.024164906
150.49686,-0.006579886,0.0043611876,-0.024051534
150.5135,-0.006531969,0.004881087,-0.023852197
150.53029,-0.0066222516,0.0045908266,-0.023752524
150.54675,-0.0069466555,0.0042941766,-0.023490783
150.56358,-0.0074723917,0.0047252215,-0.023123939
150.58014,-0.007156661,0.0044632335,-0.02292256
150.5969,-0.007663575,0.004374757,-0.022462027
150.61353,-0.0077070715,0.00438732,-0.021944545
150.63023,-0.008147772,0.003931313,-0.021649593
150.6467,-0.008249082,0.003819017,-0.021069527
150.66339,-0.008246574,0.003949297,-0.020443033
150.68,-0.008150984,0.003491727,-0.020090874
150.6968,-0.008136814,0.0036558292,-0.019356107
150.71333,-0.008036648,0.0032617357,-0.018575532
150.73,-0.008156015,0.002993777,-0.01817777
150.74707,-0.007878414,0.002653929,-0.01729399
150.76369,-0.0074875606,0.0023782712,-0.01633289
150.7804,-0.0070208544,0.0020666262,-0.015814632
150.7968,-0.006752571,0.0017745051,-0.014822061
150.81358,-0.0063250707,0.0015607009,-0.013817637
150.83014,-0.0065473705,0.0009923002,-0.013284415
150.8467,-0.0062414836,0.0006541084,-0.012284758
150.86348,-0.0059943735,0.00015687947,-0.011794472
150.88033,-0.005618485,-0.0004226901,-0.010693824
150.89696,-0.00520311,-0.0011500835,-0.009537114
150.9137,-0.0047983006,-0.0015809911,-0.008924613
150.93054,-0.0042938185,-0.0019568652,-0.007601364
150.94754,-0.0036239997,-0.0024852343,-0.006225148
150.96367,-0.0038117308,-0.002908801,-0.0055094315
150.98016,-0.003309525,-0.003287555,-0.0041313716
150.99655,-0.0028395937,-0.0035235255,-0.0027240058
151.01338,-0.0024180776,-0.0037762013,-0.0012775906
151.02982,-0.0021336672,-0.004243904,0.00021670772
151.0468,-0.0018675498,-0.004196177,0.0017220846
151.06357,-0.001868173,-0.004819264,0.001721583
151.08011,-0.0016785064,-0.005608454,0.003304421
151.09686,-0.0017477493,-0.0059637404,0.004846847
151.1137,-0.0013466664,-0.005845959,0.0063441307
151.13037,-0.001177263,-0.005762067,0.0078003374
151.14699,-0.0012665003,-0.0056631234,0.009211111
151.16374,-0.0015739866,-0.006002951,0.009877621
151.1802,-0.0016313599,-0.0056754304,0.011139619
151.19695,-0.0017398885,-0.0056123845,0.012249146
151.21358,-0.001645207,-0.0061801476,0.012738847
151.23015,-0.0017969388,-0.006195302,0.013624857
151.24664,-0.0019119381,-0.0056992215,0.01441201
151.2633,-0.0020555754,-0.006234641,0.01477538
151.28004,-0.0022345718,-0.0066384,0.015339842
151.297,-0.002114618,-0.006423483,0.015854696
151.31392,-0.002476635,-0.0066817417,0.016021991
151.33023,-0.0026039672,-0.0063275993,0.016273981
151.34665,-0.002690215,-0.0065376638,0.016292091
151.36377,-0.0029675392,-0.0062456764,0.016340233
151.38022,-0.0034967975,-0.0061427476,0.016184974
151.39651,-0.003513261,-0.006259119,0.01601194
151.41342,-0.004043217,-0.0059174784,0.015604762
151.43018,-0.004649742,-0.0061942018,0.015008442
151.44678,-0.0043436415,-0.0060487413,0.01467052
151.46376,-0.0044876453,-0.005772123,0.01382611
151.48022,-0.004769033,-0.005855699,0.0128373895
151.49696,-0.004843825,-0.006083916,0.012347821
151.51364,-0.004950825,-0.0057660635,0.011186109
151.53036,-0.0052661984,-0.005237347,0.009942905
151.5468,-0.0057907323,-0.005444849,0.009299747
151.56317,-0.0061635966,-0.0052500665,0.00791082
151.58023,-0.00648455,-0.0045980485,0.0064421888
151.59695,-0.0067201154,-0.0045652254,0.005631887
151.6136,-0.0067135384,-0.0039975215,0.0040400024
151.63,-0.006734228,-0.0033547417,0.002405628
151.6468,-0.006420772,-0.0033708115,0.001534757
151.66331,-0.0065140445,-0.0029143563,-0.00026314933
151.67993,-0.0064520338,-0.0019503828,-0.0020270818
151.69696,-0.00627083,-0.0018198314,-0.002890257
151.71355,-0.0058103995,-0.0011111888,-0.0047427933
151.73026,-0.005991889,-0.0005166539,-0.006617551
151.74734,-0.0059934934,-0.00026027756,-0.007518698
151.76369,-0.0057404637,0.00047559757,-0.009363066
151.78027,-0.0054042083,0.00043173632,-0.010291834
151.79745,-0.0055185235,0.0013248803,-0.01203037
151.81383,-0.005151105,0.002476728,-0.013726815
151.83037,-0.004713782,0.0032413672,-0.015362117
151.84697,-0.0048179245,0.0031534052,-0.01618575
151.864,-0.0045348075,0.004276017,-0.01775266
151.87999,-0.0039789723,0.0044965004,-0.018552376
151.89697,-0.0033933646,0.005582818,-0.020095218
151.91377,-0.0031751413,0.0064867223,-0.021585677
151.9305,-0.0029130497,0.0066217147,-0.022288112
151.94696,-0.0024680845,0.0075686383,-0.023692677
151.96408,-0.0019325882,0.008617073,-0.02507344
151.98015,-0.0018905945,0.008582959,-0.025802683
151.997,-0.0015323975,0.009432808,-0.027117709
152.0137,-0.0016298778,0.0104509685,-0.028349726
152.03036,-0.0010951363,0.010333761,-0.02894678
152.0471,-0.0010584589,0.01072751,-0.030117638
152.06328,-0.0010155333,0.011063529,-0.031226456
152.0803,-0.0013076238,0.010879415,-0.03176739
152.09691,-0.0012070157,0.011324165,-0.032782946
152.11356,-0.0012573513,0.011524921,-0.033762462
152.13022,-0.0012675801,0.011295379,-0.034208577
152.14688,-0.0011534117,0.011570917,-0.035036027
152.16353,-0.0012098004,0.011726135,-0.03574799
152.1802,-0.0011109835,0.0115158055,-0.03604392
152.19653,-0.0010400644,0.0118936375,-0.036581807
152.21349,-0.0011310609,0.01190839,-0.036927834
152.23026,-0.0015099504,0.011704563,-0.037063
152.24698,-0.0014317359,0.011944867,-0.037247006
152.26382,-0.0014187652,0.011825837,-0.03729698
152.28038,-0.0014247049,0.0114024645,-0.037250746
152.29694,-0.0011993882,0.011287403,-0.03703544
152.31367,-0.0012889308,0.010689894,-0.03685027
152.33023,-0.0013145875,0.010410131,-0.036402147
152.34676,-0.0014926394,0.009919585,-0.03584027
152.36356,-0.0019227334,0.009248316,-0.03551362
152.38037,-0.002054311,0.009053921,-0.03481165
152.39717,-0.0023868687,0.008530499,-0.033982564
152.4138,-0.0025519717,0.007868538,-0.033551715
152.43034,-0.0029458776,0.0077320943,-0.032069944
152.44711,-0.0032200264,0.007204355,-0.030960152
152.46373,-0.003210118,0.0065629813,-0.03096139
152.48041,-0.0035626658,0.0056635556,-0.02969979
152.497,-0.0038536487,0.0056591737,-0.028363971
152.51349,-0.003936614,0.0050311694,-0.026941976
152.5301,-0.0043575834,0.0045306683,-0.02547136
152.54704,-0.004349535,0.0038942853,-0.025473079
152.56366,-0.004287729,0.0032494015,-0.024022626
152.57997,-0.0045673717,0.003247149,-0.021873195
152.59714,-0.005421429,0.002704015,-0.02039073
152.61346,-0.0055069407,0.0016256458,-0.019643381
152.63068,-0.0061875787,0.001491624,-0.018213201
152.64682,-0.006367425,0.0011752765,-0.016807478
152.66367,-0.006720017,0.00028715067,-0.016122108
152.68001,-0.0069998126,-0.00076771417,-0.014750887
152.69666,-0.00697964,-0.00091405696,-0.014037615
152.71358,-0.007698032,-0.001755585,-0.012719936
152.73021,-0.0080455085,-0.0028155686,-0.011437094
152.74692,-0.008638251,-0.003554551,-0.010794606
152.76382,-0.0087240245,-0.004359114,-0.00954428
152.78008,-0.008874564,-0.005187691,-0.008314553
152.79703,-0.008765786,-0.0058349096,-0.007696282
152.81364,-0.008586647,-0.006958672,-0.006463541
152.8296,-0.00846474,-0.007864091,-0.0051691565
152.84671,-0.008597179,-0.008584375,-0.0045691356
152.8636,-0.008474806,-0.009021728,-0.003290438
152.88043,-0.008337181,-0.00985426,-0.0020157187
152.89685,-0.008441754,-0.010526712,-0.0014006898
152.91362,-0.008517697,-0.011067932,-0.00012062341
152.93022,-0.008504715,-0.011606732,0.0011715498
152.94667,-0.008083542,-0.011996775,0.0018740717
152.96358,-0.007941922,-0.0126191005,0.0032042963
152.98047,-0.007805887,-0.013112474,0.0045301183
152.99715,-0.00813339,-0.013471487,0.005254985
153.0135,-0.00803954,-0.013392238,0.006669763
153.03043,-0.0077729435,-0.013848255,0.008082165
153.04643,-0.008010124,-0.014458401,0.008769117
153.06335,-0.007505508,-0.013836846,0.010209982
153.0803,-0.0072354865,-0.014042703,0.010906703
153.09697,-0.0071786246,-0.013660496,0.012386072
153.11363,-0.0069497265,-0.013315186,0.013885583
153.1303,-0.006390066,-0.013332976,0.014687117
153.14682,-0.0060734404,-0.012546591,0.016167015
153.1636,-0.0057394607,-0.011911205,0.017710272
153.1806,-0.0063078864,-0.011990879,0.018483846
153.19704,-0.005897858,-0.011319051,0.020075047
153.21356,-0.005474032,-0.01050704,0.021598896
153.23029,-0.0055479086,-0.01065508,0.0222954
153.24695,-0.0052352245,-0.010219719,0.023701685
153.26364,-0.004979568,-0.009899597,0.02495644
153.28036,-0.0043154126,-0.010004831,0.02554788
153.2971,-0.0040622326,-0.009113482,0.026687225
153.31381,-0.004116599,-0.00874306,0.027740505
153.3304,-0.003940129,-0.008677468,0.028274218
153.34691,-0.0035808038,-0.0076262862,0.02924522
153.3634,-0.0030041805,-0.0067369114,0.030222658
153.38045,-0.003270787,-0.0067773843,0.030689389
153.39682,-0.0027927763,-0.0059288447,0.03160038
153.4138,-0.0021747977,-0.004910305,0.032446504
153.43034,-0.002301634,-0.0046627615,0.03277315
153.44688,-0.0021763467,-0.0032366046,0.03334199
153.4639,-0.002070318,-0.0022250824,0.03365267
153.48013,-0.0018903567,-0.002343056,0.033688284
153.49689,-0.0016633162,-0.0013043103,0.033668514
153.51436,-0.00167205,-0.00033997354,0.03352165
153.53024,-0.0013493625,-0.00016899429,0.033354703
153.54698,-0.0011880969,0.0010210685,0.032848693
153.56342,-0.0016376112,0.001248598,0.032482736
153.58017,-0.0014385051,0.0019233049,0.031537287
153.59683,-0.0014977093,0.002678696,0.030399296
153.61351,-0.0014208502,0.0031864964,0.029031238
153.63022,-0.0012721845,0.0032356807,0.028260792
153.64694,-0.0013191039,0.004026177,0.0266365
153.6637,-0.0011945184,0.0040091635,0.025763208
153.6799,-0.0012300153,0.004248292,0.023824872
153.69724,-0.0008446588,0.004779272,0.021698771
153.71362,-0.001262667,0.0045142174,0.020586964
153.73022,-0.0010541865,0.0044061295,0.018308608
153.74657,-0.00063245284,0.0048459647,0.015934296
153.76369,-0.0007036636,0.0045976755,0.014636219
153.78062,-0.00028164126,0.004544881,0.012091359
153.797,0.00014146406,0.004843924,0.00945915
153.81378,0.0008575017,0.0048307017,0.008141762
153.83073,0.0013000055,0.005146855,0.005415822
153.84682,0.0017491204,0.005426003,0.002633777
153.86354,0.00185685,0.0054967515,-0.00013939869
153.88039,0.0022688252,0.0055962903,-0.0028947834
153.89676,0.0026173044,0.005536924,-0.005567048
153.9137,0.0026190584,0.0048960205,-0.005566146
153.93022,0.0031168389,0.004471633,-0.008162615
153.94731,0.0035103047,0.0043331957,-0.010674035
153.96376,0.003997246,0.0036403406,-0.013089976
153.9804,0.0041974094,0.003187972,-0.015428024
153.99709,0.0043256967,0.0027679068,-0.016561277
154.01369,0.004781361,0.0020858427,-0.018797485
154.03032,0.0054741637,0.001062173,-0.020984521
154.04697,0.0062531387,0.0005616169,-0.022036048
154.06363,0.006653458,-0.0006209761,-0.02410185
154.08023,0.0069501773,-0.001402968,-0.02610076
154.09683,0.007225307,-0.002080093,-0.027030395
154.11343,0.00785699,-0.002685288,-0.028938422
154.13052,0.00792135,-0.0031765406,-0.030755872
154.14706,0.0077224215,-0.0038595404,-0.03168369
154.16364,0.0076905047,-0.0044406997,-0.03340272
154.1802,0.007914369,-0.0047615007,-0.035106454
154.197,0.008133575,-0.0052412855,-0.035949644
154.21338,0.007796159,-0.0055423183,-0.03755249
154.23077,0.0076316874,-0.0056103473,-0.039087538
154.24683,0.007998588,-0.0060710916,-0.03980477
154.26363,0.007898441,-0.0060714893,-0.04119964
154.28056,0.0079598855,-0.0061568078,-0.042511094
154.297,0.007808794,-0.0064402805,-0.043016527
154.31378,0.0078010084,-0.00628822,-0.043937378
154.33012,0.007685795,-0.0060535483,-0.044497523
154.34682,0.0074099563,-0.0063954648,-0.044732764
154.36354,0.0073091164,-0.0063553504,-0.044910684
154.37999,0.0073635834,-0.005692572,-0.044855725
154.39705,0.007353001,-0.0058812574,-0.044784386
154.41367,0.007152132,-0.005733125,-0.04445835
154.43015,0.0063798563,-0.0054174545,-0.043915406
154.44717,0.006487164,-0.0054572304,-0.043603823
154.46376,0.0061530047,-0.0052056652,-0.04287293
154.48015,0.005791936,-0.0050468477,-0.041919194
154.49702,0.005464875,-0.005030539,-0.04137316
154.51358,0.0049834163,-0.0045675067,-0.040229905
154.53004,0.0043671825,-0.004759803,-0.039600536
154.54681,0.0036623525,-0.004548121,-0.038250756
154.5637,0.003171067,-0.0047262763,-0.036764894
154.58035,0.0024713888,-0.004506394,-0.03520217
154.59702,0.00175163,-0.0045711044,-0.034378897
154.61366,0.0011222375,-0.004030052,-0.03263713
154.63039,0.00066921464,-0.003950765,-0.030786237
154.64691,0.00020649236,-0.004140106,-0.02989828
154.66374,-0.00050016853,-0.003935208,-0.028004032
154.67976,-0.00045083108,-0.004053576,-0.027043648
154.69687,-0.0015963069,-0.0039465153,-0.025116801
154.71353,-0.0022683851,-0.003932337,-0.02317005
154.73027,-0.002423805,-0.004340308,-0.022134626
154.74661,-0.0028006388,-0.003995998,-0.020203926
154.76381,-0.0034294394,-0.004038469,-0.018323865
154.7803,-0.0043943073,-0.0044873385,-0.017382344
154.79678,-0.005074435,-0.004713001,-0.015536049
154.8137,-0.005512387,-0.004421317,-0.013775741
154.83012,-0.005455655,-0.0049577537,-0.012986146
154.84648,-0.006500237,-0.005178664,-0.011346656
154.86357,-0.0073318616,-0.0046887915,-0.009890137
154.88017,-0.006939378,-0.0047206474,-0.009100338
154.89697,-0.007517465,-0.004016673,-0.007875602
154.9136,-0.008037142,-0.00347259,-0.0065788478
154.93015,-0.008453296,-0.003274258,-0.0059747607
154.94696,-0.008840945,-0.002100039,-0.0048152995
154.96356,-0.00917572,-0.0010241107,-0.0037226332
154.98036,-0.009839425,-0.0009252052,-0.0032259272
154.99702,-0.0102047315,0.00012321013,-0.002179367
155.01381,-0.010367447,0.0014572833,-0.0012468059
155.03033,-0.010576281,0.0017834273,-0.00080842467
155.0468,-0.01135737,0.0027663263,0.0000762462
155.06352,-0.011312689,0.0026705235,0.0004994648
155.08023,-0.011651442,0.0037832574,0.0012821095
155.09709,-0.012193207,0.005551422,0.0019873546
155.11394,-0.012654526,0.005924182,0.0023322003
155.13045,-0.012992384,0.007116364,0.0029584805
155.14696,-0.013288461,0.008747535,0.0035334362
155.16331,-0.012792141,0.009450976,0.0037827422
155.1803,-0.013391861,0.011745889,0.0042594536
155.19691,-0.013273075,0.014256039,0.0046662115
155.21364,-0.013345954,0.016916364,0.005052014
155.2304,-0.012990078,0.020051824,0.005355333
155.2472,-0.012458107,0.023321958,0.0057645715
155.26372,-0.012459956,0.022663327,0.005760446
155.28029,-0.011561243,0.025870996,0.006048182
155.29718,-0.0107399365,0.028789595,0.0063732355
155.31364,-0.009835831,0.031114418,0.006695395
155.3303,-0.009383405,0.03326142,0.0070416136
155.34692,-0.009130087,0.03486623,0.007352749
155.36353,-0.009052571,0.035166904,0.007577565
155.37987,-0.008549813,0.03600692,0.007846902
155.39706,-0.007975469,0.03608967,0.008090744
155.41348,-0.00825247,0.035921294,0.008257524
155.4304,-0.0077372654,0.035883434,0.008452518
155.44753,-0.00714347,0.03531784,0.008711898
155.46384,-0.0069732773,0.034994584,0.008754281
155.47998,-0.0067304736,0.033837993,0.0089586675
155.49736,-0.0066565042,0.033492133,0.009053285
155.5137,-0.006449689,0.03232247,0.009072036
155.53069,-0.006580341,0.0309283,0.009138533
155.54704,-0.006338177,0.030187672,0.009096941
155.56372,-0.005822773,0.028892227,0.009042069
155.5803,-0.00522324,0.027339786,0.008912388
155.59697,-0.0050289487,0.026216514,0.008745221
155.61346,-0.0043340065,0.02388484,0.0084800925
155.63022,-0.0036835915,0.021579308,0.008114331
155.64677,-0.0030194325,0.020224392,0.007880449
155.66345,-0.0025252295,0.017776383,0.007485048
155.68033,-0.0019639567,0.015076395,0.00704235
155.69687,-0.0021376824,0.013293917,0.006894471
155.71402,-0.0012450845,0.0110082915,0.0064100227
155.73045,-0.00046736325,0.008299391,0.0059857527
155.74695,-0.00029721635,0.0063385116,0.0057633203
155.76375,0.00011991699,0.0031419445,0.0053693736
155.78055,0.00050450466,0.00014348674,0.005017117
155.7969,0.0013325572,-0.0016334805,0.004774808
155.81367,0.0018793556,-0.0053292424,0.0043410836
155.83028,0.002130793,-0.008933635,0.003943294
155.84686,0.002787087,-0.010935989,0.0036999339
155.86363,0.0028961278,-0.014023749,0.0032515621
155.88046,0.0033135135,-0.017412588,0.0027379734
155.89706,0.003393065,-0.019636098,0.0025162215
155.91368,0.0036562472,-0.022653835,0.0019957977
155.93034,0.0031697797,-0.025023788,0.0014717779
155.94716,0.0030427852,-0.026616462,0.0012245971
155.96375,0.0029666384,-0.029596824,0.0006509614
155.98029,0.0028699273,-0.03206097,0.000115248054
155.99692,0.0029818702,-0.033596527,-0.00018035955
156.01357,0.0033052044,-0.03576117,-0.00071069173
156.03036,0.0030684583,-0.037185125,-0.0010519146
156.04712,0.0029551985,-0.03978083,-0.0016630064
156.06374,0.00272292,-0.041411288,-0.0022665157
156.08043,0.00315194,-0.04254465,-0.0026069277
156.09695,0.0028421932,-0.044375096,-0.0032905797
156.11359,0.0025258525,-0.04598543,-0.004014215
156.1303,0.0026492923,-0.04688506,-0.004357414
156.1472,0.0020420018,-0.047332793,-0.005124824
156.1637,0.0020534028,-0.048016913,-0.0058904965
156.18056,0.0019791313,-0.048772056,-0.006263822
156.19711,0.0015699392,-0.04929739,-0.0070639537
156.2136,0.0013753133,-0.04865937,-0.007823845
156.23029,0.0008798333,-0.04875787,-0.008288552
156.24692,0.00044378327,-0.048462823,-0.009099219
156.26373,-0.00023736598,-0.047258966,-0.009947009
156.2803,-0.00012289279,-0.046881977,-0.010353549
156.29707,-0.00031199143,-0.045201663,-0.011208854
156.3136,-0.00020024429,-0.04340972,-0.012058815
156.33005,-0.00053955946,-0.042531267,-0.012484985
156.34721,-0.0008658484,-0.040712655,-0.013290161
156.36394,-0.0008537129,-0.038247395,-0.014027763
156.38037,-0.0007130435,-0.037345443,-0.014475505
156.39737,-0.0004211186,-0.03486482,-0.015214
156.41368,-0.00090933323,-0.03251193,-0.015962498
156.43018,-0.0006174141,-0.031511534,-0.016373169
156.44708,-0.0005581786,-0.030694077,-0.016743638
156.4638,-0.00050171994,-0.025634144,-0.017972752
156.4803,0.0000074307554,-0.024631811,-0.018344175
156.49701,0.00043972518,-0.021546839,-0.019145424
156.51361,0.000043928027,-0.020394249,-0.019543078
156.53047,0.0004500658,-0.017339125,-0.020268735
156.54686,0.0006707303,-0.014099871,-0.020985153
156.56374,0.0006903659,-0.013062788,-0.02130921
156.58028,0.0008735197,-0.01024026,-0.021923402
156.59709,0.0012103542,-0.00729685,-0.022502435
156.61386,0.0014274977,-0.00445974,-0.022859346
156.63042,0.0015552521,-0.0022049984,-0.023164045
156.64684,0.0017912949,0.0005227123,-0.023339659
156.66365,0.0017986656,-0.00010984677,-0.023338951
156.68027,0.0022473924,0.0025797635,-0.02331897
156.69705,0.0024909377,0.0047189738,-0.023259068
156.71371,0.002135099,0.0066447905,-0.023080522
156.7303,0.00269115,0.008558745,-0.022693465
156.74698,0.0028885244,0.010248818,-0.022259649
156.76323,0.0028956553,0.009607598,-0.02225868
156.7802,0.0026174297,0.010937643,-0.021503812
156.797,0.0024657191,0.011772804,-0.02095781
156.81355,0.0029890111,0.011577978,-0.020614324
156.83032,0.002802871,0.011862773,-0.019987652
156.84688,0.0025144888,0.011663069,-0.019607348
156.86368,0.0018404379,0.011348385,-0.018946195
156.88043,0.0018195813,0.0109019205,-0.018164178
156.89714,0.0007616777,0.010540277,-0.017349618
156.91364,0.00039384048,0.009651728,-0.016941216
156.93037,-0.00010724056,0.009088049,-0.016113361
156.947,-0.0004399287,0.008235839,-0.015633747
156.96347,-0.0008737776,0.007112156,-0.014726134
156.9807,-0.001449023,0.0057320804,-0.013849279
156.99713,-0.0013901358,0.0048839403,-0.01331995
157.01384,-0.0020633829,0.003361029,-0.012361317
157.03018,-0.002616019,0.001539382,-0.011322777
157.04704,-0.0027238857,0.00045060847,-0.010852846
157.0637,-0.0026062892,-0.0015266396,-0.009730559
157.0802,-0.003251258,-0.003595389,-0.008696643
157.09705,-0.003705977,-0.0052670427,-0.008003631
157.11362,-0.00407744,-0.00771098,-0.0069121895
157.13031,-0.004000116,-0.010728949,-0.0057096444
157.14728,-0.004661405,-0.012870689,-0.0050874567
157.16374,-0.0050536036,-0.016493501,-0.0038442009
157.1803,-0.00504852,-0.020499306,-0.0025320575
157.19681,-0.0048877415,-0.023108557,-0.0019681451
157.21375,-0.0054732114,-0.027589304,-0.00068520353
157.23073,-0.0058594523,-0.032184344,0.00056054874
157.2468,-0.0056593907,-0.035005853,0.0012087305
157.26334,-0.0059353923,-0.04011769,0.0024910634
157.28004,-0.006566443,-0.045646023,0.0036888781
157.29724,-0.007192378,-0.0490391,0.0043650647
157.31393,-0.00752057,-0.0541189,0.005451016
157.33064,-0.0074846833,-0.060112122,0.006602206
157.34717,-0.007876002,-0.0631386,0.0070281955
157.36378,-0.008053225,-0.06848188,0.008129215
157.38055,-0.008330826,-0.0731079,0.00910696
157.39702,-0.00836904,-0.07575263,0.009629176
157.4137,-0.008559845,-0.080108315,0.01041645
157.4302,-0.008569934,-0.08211855,0.010882776
157.4474,-0.008210745,-0.0847188,0.011611477
157.46397,-0.00812895,-0.08672629,0.012273891
157.48027,-0.008140675,-0.08715654,0.012666502
157.49677,-0.00773636,-0.08771355,0.01336266
157.51376,-0.007263253,-0.08751274,0.014053554
157.5303,-0.0070280316,-0.087590426,0.014338456
157.54712,-0.0068312315,-0.0863825,0.0149567155
157.5639,-0.006543036,-0.08465945,0.01556961
157.58028,-0.006612437,-0.08371819,0.015806379
157.59686,-0.006207954,-0.0805503,0.016376495
157.6137,-0.0057541886,-0.07750712,0.016905846
157.63033,-0.004988341,-0.07643661,0.01723443
157.64722,-0.004641438,-0.072714575,0.017738678
157.66394,-0.0039534015,-0.06865499,0.018215468
157.68045,-0.004037959,-0.06706501,0.018395334
157.6968,-0.0033745086,-0.06345486,0.018757137
157.71368,-0.0025186127,-0.059475873,0.018997846
157.73036,-0.0024071636,-0.057586588,0.019046325
157.7471,-0.0018962984,-0.05310435,0.019097092
157.7637,-0.0012726315,-0.0494271,0.018968198
157.78058,-0.0005982332,-0.0476615,0.018866722
157.7972,0.00032470434,-0.042740896,0.018606804
157.81348,0.00045051594,-0.04073546,0.018448737
157.83041,0.0011030516,-0.036863852,0.018130058
157.84697,0.0018175602,-0.032277912,0.017719587
157.86388,0.0028279556,-0.027823478,0.017189017
157.88042,0.0036607059,-0.025929607,0.016961439
157.89697,0.004272859,-0.021857169,0.01638988
157.91351,0.0042766286,-0.020019175,0.016093597
157.9304,0.0049856356,-0.015451424,0.0154571
157.9469,0.0059261937,-0.010981839,0.014752437
157.96388,0.0063322345,-0.009256043,0.0143830795
157.98032,0.0068632085,-0.0054652817,0.01356763
157.99713,0.0074462416,-0.0009181597,0.012842017
158.01367,0.008058704,0.00094070734,0.012446345
158.03024,0.008705122,0.004724871,0.01171793
158.0471,0.009263164,0.0090340655,0.010971395
158.06378,0.008958143,0.010903711,0.010655996
158.08028,0.009346167,0.015037033,0.009925073
158.0972,0.009470279,0.01847681,0.009222165
158.11368,0.009412144,0.021815455,0.008520588
158.13023,0.008951386,0.02571953,0.007857635
158.14749,0.008525508,0.028544076,0.007195672
158.16383,0.008523086,0.027905272,0.0071982876
158.1804,0.008497545,0.030448044,0.0065254555
158.19736,0.008528523,0.033111386,0.005801842
158.21385,0.008787255,0.034624707,0.005080288
158.23035,0.008652803,0.03611796,0.004404593
158.24707,0.008618808,0.03745639,0.0036896036
158.26384,0.008395005,0.038065173,0.0033043919
158.28038,0.008065531,0.039090816,0.0026249462
158.29723,0.007838771,0.039271932,0.0019662348
158.31393,0.0077192737,0.03919814,0.0015944471
158.33032,0.007380679,0.039676007,0.0008982516
158.34702,0.006768448,0.039240647,0.0002893471
158.36342,0.00649814,0.03841454,-0.00011973986
158.38052,0.0058907634,0.037550744,-0.00083568087
158.39714,0.0056704995,0.036689702,-0.0012135081
158.41402,0.0053077,0.036446337,-0.0019048279
158.43045,0.004693774,0.03528157,-0.0025696175
158.44661,0.0043148487,0.034329277,-0.00286216
158.4636,0.0037482646,0.03272043,-0.0034936394
158.48029,0.0031267344,0.03090675,-0.0039517325
158.497,0.0028086607,0.029631857,-0.0042696996
158.51372,0.0020140072,0.027153466,-0.0047451267
158.5303,0.0007596953,0.0251557,-0.0052487603
158.54669,0.0006690761,0.023597538,-0.0054611936
158.56352,0.00009722611,0.020755328,-0.0059347753
158.58044,-0.0008038135,0.017288493,-0.0063546505
158.59705,-0.001281282,0.0156037845,-0.0065595973
158.61375,-0.001938257,0.012118697,-0.007011547
158.63016,-0.0022322508,0.008696149,-0.0074913492
158.64706,-0.0026114262,0.0069145826,-0.0077582616
158.66365,-0.0031185017,0.004249729,-0.00815846
158.68045,-0.0032798187,0.00034745518,-0.008617696
158.6972,-0.003403849,-0.0017908111,-0.0089083165
158.71344,-0.0038897002,-0.0047976244,-0.009427497
158.73026,-0.004497727,-0.007715706,-0.009981699
158.74716,-0.00412623,-0.009826945,-0.010248134
158.76346,-0.0045484346,-0.013193491,-0.0108674625
158.78029,-0.0045787925,-0.015030693,-0.011134825
158.79701,-0.0043003983,-0.017403124,-0.011694448
158.813,-0.0041386476,-0.020350678,-0.012209161
158.8301,-0.004154852,-0.022180019,-0.012458173
158.84692,-0.004082371,-0.024792638,-0.0128404135
158.86383,-0.003776161,-0.026946016,-0.01307788
158.88036,-0.0036011187,-0.028206103,-0.01327152
158.89694,-0.0034721424,-0.030748092,-0.013432763
158.91354,-0.003253327,-0.03334489,-0.013543431
158.93036,-0.0028748563,-0.034759656,-0.013576222
158.9471,-0.0028163819,-0.036497634,-0.013585514
158.96361,-0.0024813195,-0.038897164,-0.013534493
158.98026,-0.0022524595,-0.040540222,-0.013415983
158.997,-0.0017265828,-0.042516664,-0.013221752
159.01358,-0.0011973445,-0.044068396,-0.012876052
159.03035,-0.0014642582,-0.04532501,-0.012758116
159.04715,-0.0008690017,-0.04747837,-0.01242201
159.06381,-0.00018981803,-0.04874341,-0.012118575
159.07993,0.0002948669,-0.0495176,-0.0119644245
159.09698,0.0009734377,-0.05042877,-0.011610912
159.11354,0.0012962606,-0.051566664,-0.011123622
159.13031,0.0015511735,-0.052122913,-0.010938124
159.14699,0.002157939,-0.052363027,-0.010474175
159.16354,0.0022246297,-0.052397743,-0.010265029
159.18045,0.0029595313,-0.052081477,-0.009686403
159.19734,0.0034196123,-0.051890712,-0.009108511
159.21388,0.0039725797,-0.05148836,-0.008808509
159.23032,0.004566017,-0.050300308,-0.008208956
159.24707,0.0050407145,-0.04934298,-0.00756752
159.26372,0.0055654934,-0.048800636,-0.007217814
159.2803,0.006294566,-0.046681292,-0.006500507
159.29681,0.006516396,-0.044538952,-0.0058379723
159.31369,0.0065408843,-0.04385381,-0.0055073146
159.33023,0.0077077723,-0.040106397,-0.0046044453
159.3471,0.0075456877,-0.039042596,-0.0042886003
159.36357,0.007980952,-0.03809459,-0.0040533138
159.38028,0.008172683,-0.03515117,-0.0035457714
159.39677,0.008642698,-0.03208769,-0.0030452956
159.41368,0.00910492,-0.030972831,-0.002736957
159.43027,0.009502971,-0.025610793,-0.002087764
159.44643,0.009503607,-0.026191467,-0.0020850115
159.4636,0.010150579,-0.022475334,-0.0016718374
159.47998,0.010521974,-0.019416852,-0.0012855151
159.49709,0.010935161,-0.015450821,-0.0009512378
159.51369,0.011185457,-0.011876456,-0.000682238
159.53041,0.011557094,-0.009038674,-0.00042393483
159.54701,0.011556891,-0.005598567,-0.00022935602
159.56361,0.0115568815,-0.0061756545,-0.00022601949
159.5804,0.011656044,-0.0009698638,-0.000018123199
159.59717,0.011353093,0.0016440479,0.00012780691
159.61342,0.011163895,0.0028798433,0.00018722429
159.63036,0.0112939,0.005697498,0.0002635714
159.64708,0.011028876,0.00834924,0.00037311402
159.66377,0.010866702,0.009266911,0.0004452798
159.68042,0.010613198,0.011075509,0.00051727763
159.69699,0.010637809,0.011789553,0.00058263884
159.71327,0.01034663,0.013729452,0.0006092189
159.73035,0.0099475505,0.015342713,0.0005269932
159.7469,0.009913714,0.015633306,0.0005824756
159.76367,0.009344582,0.017348753,0.00051120546
159.78001,0.009005114,0.01850986,0.00039434654
159.7969,0.008450184,0.019001337,0.00038568012
159.81383,0.0079650525,0.020062465,0.00026464384
159.83046,0.007199106,0.02090785,0.000112577065
159.84683,0.0067118327,0.021180699,-0.000010244974
159.8639,0.005678589,0.021800986,-0.00017916127
159.88072,0.004925766,0.02246967,-0.00046139696
159.89697,0.0046172985,0.02260269,-0.0005705229
159.9137,0.0036083516,0.023323175,-0.00084680325
159.93044,0.0026619737,0.02369689,-0.0011231855
159.94696,0.002239995,0.023434194,-0.0012534672
159.96375,0.00121247,0.023916744,-0.0016393933
159.98041,0.000009139866,0.024135185,-0.002030722
159.997,-0.00075667276,0.023666346,-0.0022196993
160.0137,-0.0015645684,0.023151644,-0.002693492
160.03015,-0.0026064217,0.02294041,-0.0031230284
160.04716,-0.0030105675,0.022473022,-0.0034224517
160.06375,-0.003786979,0.021636918,-0.0039241626
160.08037,-0.004599382,0.02061277,-0.0044368673
160.09702,-0.0046746666,0.019680325,-0.0046999604
160.11375,-0.0054532965,0.01857443,-0.005275455
160.13037,-0.0063866246,0.016943637,-0.0059279315
160.14702,-0.00674157,0.015740506,-0.006131157
160.16388,-0.0074694916,0.014125685,-0.0068066274
160.18024,-0.008088942,0.012991735,-0.0071612243
160.1968,-0.008839029,0.011039493,-0.007870779
160.2138,-0.009279302,0.008764379,-0.008585439
160.2303,-0.0094023375,0.007446595,-0.008971218
160.2468,-0.010061434,0.0052319216,-0.009736081
160.2639,-0.010746341,0.0029571531,-0.010558294
160.28067,-0.010671844,0.0015785788,-0.011022612
160.29715,-0.011207367,-0.0005828523,-0.011964589
160.31403,-0.011772305,-0.002972347,-0.01291657
160.33044,-0.012407476,-0.0044040955,-0.013368286
160.34682,-0.012452999,-0.006705655,-0.014369647
160.36406,-0.012726193,-0.009160384,-0.0153304925
160.38046,-0.012943305,-0.010477604,-0.015911391
160.39699,-0.013267482,-0.012400239,-0.016853299
160.41368,-0.013492879,-0.014317885,-0.01791723
160.43034,-0.013622947,-0.015443691,-0.018452715
160.44696,-0.013677031,-0.017297456,-0.019685213
160.46365,-0.013760847,-0.01878985,-0.020840393
160.48053,-0.0136661995,-0.019894315,-0.021517217
160.49687,-0.013768892,-0.021630293,-0.022949109
160.51366,-0.013906416,-0.022903126,-0.024374677
160.5304,-0.013968222,-0.02377169,-0.025142107
160.54704,-0.014131895,-0.024792489,-0.026656516
160.56342,-0.01406872,-0.02525891,-0.028213976
160.58035,-0.013989521,-0.025912495,-0.028991725
160.59726,-0.013789109,-0.025901092,-0.030507108
160.61389,-0.013636298,-0.025857097,-0.032061983
160.63045,-0.013245541,-0.026409771,-0.032813292
160.6471,-0.0128306905,-0.025861328,-0.03426515
160.6637,-0.012347658,-0.025316881,-0.035501037
160.68037,-0.012490005,-0.02505478,-0.036059227
160.69696,-0.012081478,-0.024142666,-0.0371086
160.71373,-0.011689479,-0.023147948,-0.038186472
160.73065,-0.011553213,-0.022560904,-0.038766
160.74698,-0.010962684,-0.020789033,-0.039700843
160.76393,-0.010497795,-0.020188894,-0.040103704
160.78043,-0.00978899,-0.01846288,-0.040853947
160.79704,-0.0090149045,-0.0162597,-0.04140794
160.81389,-0.0089895995,-0.015320613,-0.04164713
160.8305,-0.008437586,-0.012882449,-0.041994177
160.84703,-0.007938961,-0.01022367,-0.042305976
160.864,-0.0071406146,-0.009241229,-0.042366087
160.88026,-0.0065432317,-0.0046357797,-0.042572483
160.89713,-0.005967269,-0.0017738898,-0.04264406
160.914,-0.005955795,-0.0023132125,-0.04264585
160.93048,-0.0051928414,0.00065966183,-0.04258674
160.94691,-0.0043037063,0.0037293178,-0.042299125
160.96362,-0.0035397701,0.0065806177,-0.041740622
160.98047,-0.0028659,0.009888647,-0.04103652
160.99706,-0.0018812065,0.013343271,-0.040139228
161.01373,-0.0018706279,0.012816024,-0.04013984
161.03049,-0.0013413067,0.017502768,-0.038611624
161.04692,-0.00092514505,0.020635167,-0.03771247
161.06374,-0.0005546323,0.022194725,-0.037234537
161.08032,0.00005358032,0.025061056,-0.036168545
161.09694,0.00078590674,0.027592883,-0.03497824
161.11365,0.0012696132,0.028948884,-0.034365423
161.13034,0.0017124265,0.031475466,-0.032971337
161.14728,0.0021199256,0.03336068,-0.031502225
161.16386,0.0023498486,0.033932816,-0.030783249
161.1805,0.0026937914,0.036260553,-0.029325902
161.19678,0.0028465325,0.03688933,-0.028543422
161.21375,0.0031218894,0.038484048,-0.027102146
161.23038,0.0034763126,0.03944758,-0.025601434
161.24696,0.0038756067,0.03992805,-0.024834339
161.2635,0.0040211463,0.040723443,-0.02322216
161.28012,0.0043670638,0.041191246,-0.021719605
161.297,0.0046884487,0.041166566,-0.020968147
161.3138,0.005117987,0.04142246,-0.019468788
161.33058,0.00516417,0.041206554,-0.018276041
161.34705,0.005273675,0.040883522,-0.017660549
161.36382,0.005377144,0.040339388,-0.016795823
161.38048,0.0054980144,0.039299224,-0.016256923
161.39748,0.0053137704,0.038531862,-0.01616269
161.41383,0.005672843,0.03714876,-0.01605405
161.43039,0.0059403596,0.03568864,-0.016155442
161.4471,0.006138187,0.034782775,-0.016283862
161.46373,0.006040204,0.033061452,-0.016708314
161.48042,0.0064586364,0.03090071,-0.017222146
161.497,0.006507611,0.02977139,-0.017573273
161.5136,0.0068242624,0.027791124,-0.01823397
161.53096,0.006955611,0.025345573,-0.018988585
161.5477,0.0074528083,0.02365403,-0.019376332
161.56386,0.007734231,0.021723447,-0.0203102
161.5807,0.0077957427,0.019279126,-0.02131164
161.59705,0.0077474467,0.017578602,-0.021779954
161.61386,0.008024831,0.014819831,-0.022908693
161.6305,0.007909326,0.012790461,-0.024116294
161.64696,0.007552292,0.011419128,-0.02466917
161.66356,0.0074621476,0.00888934,-0.025774289
161.68074,0.007645965,0.006164238,-0.026673079
161.69719,0.0076865978,0.004942085,-0.02714176
161.71385,0.007690521,0.0030516617,-0.027831772
161.73048,0.007573021,0.00075137336,-0.028156368
161.74724,0.007582392,-0.0007727701,-0.028369091
161.76392,0.0072842436,-0.0027537355,-0.028697744
161.7803,0.0066827647,-0.004094948,-0.028812572
161.79675,0.006360712,-0.0059694364,-0.028886357
161.8138,0.0054529314,-0.008097415,-0.029061435
161.83022,0.0053738197,-0.009129534,-0.029027294
161.84712,0.0049350457,-0.010459207,-0.028992226
161.8639,0.0045950543,-0.012015018,-0.028888263
161.88048,0.0044221515,-0.013194432,-0.028813245
161.89708,0.0039228047,-0.01442077,-0.028753461
161.91405,0.0034599616,-0.01549055,-0.02854815
161.93034,0.0031322332,-0.015887221,-0.028409692
161.94696,0.0027290813,-0.017053803,-0.028020078
161.96382,0.0021727376,-0.017804004,-0.027534654
161.98056,0.0015179784,-0.018488113,-0.02735713
161.99696,0.0010676929,-0.018381013,-0.026890533
162.01389,0.00041071724,-0.018595574,-0.026529895
162.0304,0.00021010153,-0.01893321,-0.026207706
162.04692,-0.0005048378,-0.019252686,-0.025884923
162.06386,-0.0010463552,-0.01880909,-0.025470028
162.08035,-0.0010986514,-0.018732874,-0.025279688
162.09729,-0.0018945276,-0.018687448,-0.024752129
162.11365,-0.0024146498,-0.018083572,-0.024358412
162.13042,-0.0029860279,-0.018004553,-0.024065178
162.14677,-0.0037384355,-0.016988754,-0.023639906
162.16354,-0.0038370974,-0.01701737,-0.023437262
162.18057,-0.0043679425,-0.01580952,-0.02313927
162.19716,-0.004977017,-0.0142605845,-0.022731738
162.21394,-0.005371161,-0.012404646,-0.02216237
162.23051,-0.005883648,-0.011925999,-0.021913948
162.24721,-0.006250632,-0.009955443,-0.02122025
162.26387,-0.0062866216,-0.009191053,-0.020942446
162.28046,-0.0070476243,-0.0066649523,-0.020268453
162.29704,-0.007825962,-0.004798805,-0.019585583
162.31383,-0.00823313,-0.00377493,-0.019250792
162.33067,-0.008740907,-0.0016093086,-0.018622447
162.34741,-0.009321164,0.0009982517,-0.017998189
162.3638,-0.010036738,0.0029736364,-0.01739275
162.38052,-0.010778732,0.0048982543,-0.017042007
162.3973,-0.010971196,0.007773356,-0.016845232
162.41385,-0.010967168,0.0072994367,-0.016847774
162.43056,-0.011594058,0.009344677,-0.016660037
162.44714,-0.01184591,0.011564007,-0.01645069
162.46341,-0.012144676,0.014057719,-0.016141301
162.48035,-0.01239066,0.016449442,-0.015732352
162.4971,-0.012546499,0.018745102,-0.015339262
162.51376,-0.012491373,0.019457884,-0.015122365
162.53043,-0.01243567,0.021715803,-0.014654922
162.54712,-0.012590129,0.024057528,-0.014117105
162.56384,-0.012687626,0.02498642,-0.013815866
162.58052,-0.0129578365,0.027467104,-0.013233833
162.5971,-0.0131212855,0.028122764,-0.012923386
162.61386,-0.013331737,0.030457979,-0.012307737
162.63025,-0.013195903,0.032199632,-0.011709623
162.64699,-0.013003322,0.034011044,-0.011077185
162.66371,-0.012717621,0.03435231,-0.01076155
162.68022,-0.012314681,0.035980552,-0.010076502
162.6972,-0.012486628,0.036306906,-0.009782958
162.71387,-0.012164102,0.037599523,-0.009172797
162.73042,-0.011724173,0.038543485,-0.0086594755
162.74718,-0.0115709985,0.038602505,-0.008471262
162.76389,-0.011074687,0.039429326,-0.008098077
162.78017,-0.01026879,0.04042083,-0.0075820917
162.7969,-0.009941177,0.040455114,-0.0072758524
162.814,-0.009157551,0.04048779,-0.006602099
162.83054,-0.008631577,0.040995102,-0.00575477
162.84663,-0.00823882,0.04090876,-0.005290698
162.86398,-0.0072751627,0.040282954,-0.004270267
162.88051,-0.0063843434,0.03975434,-0.0031059233
162.89703,-0.006382233,0.03938486,-0.0025184422
162.9137,-0.0057921913,0.038602337,-0.0012322882
162.93053,-0.0049566044,0.03743296,0.00008040041
162.94707,-0.0044745337,0.0366293,0.0007446403
162.96376,-0.0037869595,0.035318308,0.0021361068
162.98044,-0.003143561,0.034231458,0.0034889136
162.99722,-0.0026506092,0.033146832,0.0041313493
163.01392,-0.002077182,0.031072736,0.005404871
163.03036,-0.0014021097,0.029631903,0.0066235377
163.04704,-0.00089313876,0.028531566,0.0072906325
163.06375,0.00037090716,0.0267495,0.008583103
163.08046,0.0016788181,0.024608124,0.00999938
163.09686,0.0017576743,0.023453206,0.010719065
163.11388,0.002808772,0.02109825,0.012248528
163.13033,0.0036703756,0.019712055,0.012961979
163.1471,0.004585689,0.016956178,0.014494925
163.16406,0.0053889295,0.0141776195,0.01603826
163.18036,0.006359339,0.01152124,0.01755902
163.1971,0.0071270964,0.0096386215,0.018284783
163.21405,0.00828461,0.006332574,0.019646205
163.23083,0.008472891,0.004320325,0.020288972
163.24709,0.009855161,0.00094168383,0.021545537
163.26427,0.011200107,-0.0023990152,0.022857215
163.28067,0.011778126,-0.0041777906,0.02343979
163.29723,0.013026118,-0.008414593,0.024519846
163.3138,0.014263783,-0.012738539,0.025280667
163.3306,0.015094378,-0.014879135,0.025564332
163.34708,0.016304148,-0.018776856,0.026048984
163.36371,0.017936602,-0.023249347,0.026541727
163.38045,0.019177772,-0.02546325,0.026732253
163.397,0.020718087,-0.028751407,0.027096385
163.41347,0.021594888,-0.031896733,0.027295038
163.43048,0.021988215,-0.033590883,0.02734908
163.44711,0.022683969,-0.035999756,0.027296402
163.4643,0.023276614,-0.03829067,0.027268954
163.48047,0.02375527,-0.039715584,0.027140753
163.49739,0.024085881,-0.04153146,0.02695361
163.51405,0.02422534,-0.043515883,0.026559195
163.53027,0.024353512,-0.044659328,0.026276477
163.54721,0.024305658,-0.045579266,0.025612753
163.56387,0.024248298,-0.04639593,0.024812354
163.5808,0.024149163,-0.046909943,0.024406549
163.59755,0.023891997,-0.047875702,0.023310516
163.61371,0.023715027,-0.04845688,0.02209519
163.6304,0.023681972,-0.048567303,0.02141804
163.64731,0.023383634,-0.04813777,0.02004355
163.664,0.022755718,-0.048066165,0.018438347
163.6807,0.022654261,-0.0481797,0.017560376
163.6976,0.021884356,-0.046709873,0.015720066
163.71352,0.021191277,-0.04620721,0.014691198
163.73015,0.020130252,-0.045223437,0.0125513505
163.74739,0.018884765,-0.043803737,0.010265786
163.76375,0.018549254,-0.042818014,0.00912648
163.78047,0.01707622,-0.040980317,0.0065971827
163.7972,0.016113365,-0.038823497,0.0040346156
163.81383,0.014600762,-0.036655795,0.0014036689
163.83043,0.013236639,-0.034016766,-0.0014225174
163.8471,0.011647991,-0.03171355,-0.0043867473
163.8638,0.011648818,-0.032114327,-0.004384393
163.88074,0.010176472,-0.029395225,-0.00743206
163.89728,0.00878959,-0.027066724,-0.010577269
163.91379,0.0070214267,-0.02403527,-0.013726469
163.93039,0.0054461514,-0.02108334,-0.01694116
163.94693,0.0037102164,-0.018631939,-0.020135086
163.96375,0.0027309174,-0.017213507,-0.021753697
163.98033,0.0008035522,-0.01372337,-0.024969347
163.99722,-0.00085130247,-0.011207342,-0.028288277
164.01358,-0.0015426477,-0.01013732,-0.0299717
164.03049,-0.0034427922,-0.0069125993,-0.033311523
164.0468,-0.0041128355,-0.005530432,-0.03501415
164.06389,-0.005698624,-0.0025574905,-0.03853234
164.08044,-0.007299243,0.00027238482,-0.042084947
164.09702,-0.00905657,0.0032443947,-0.045780245
164.11382,-0.009839913,0.004850668,-0.04759884
164.13048,-0.011465458,0.007868677,-0.051332902
164.14706,-0.012269568,0.00873128,-0.053191
164.16383,-0.013765543,0.011629618,-0.05678276
164.1802,-0.01541651,0.015180349,-0.06020828
164.19687,-0.015960261,0.016352737,-0.06172242
164.21373,-0.017287103,0.019561352,-0.064586766
164.23032,-0.018785892,0.023154339,-0.06680799
164.24712,-0.019617347,0.024567302,-0.06776246
164.26361,-0.020832235,0.027602982,-0.069517896
164.28044,-0.022213835,0.0308999,-0.07085496
164.29724,-0.023123907,0.0322876,-0.07155283
164.31392,-0.024459891,0.035606243,-0.07249947
164.33061,-0.025582574,0.0386182,-0.07296627
164.34732,-0.0258004,0.03973175,-0.07298994
164.36357,-0.026753034,0.04237795,-0.07280844
164.38055,-0.026824152,0.043458104,-0.0724496
164.3974,-0.027442507,0.04563261,-0.07150264
164.41385,-0.027849054,0.048176415,-0.07018851
164.43042,-0.028360952,0.048998576,-0.06938671
164.44713,-0.028781036,0.05110477,-0.0674807
164.4636,-0.028931547,0.0528107,-0.06533499
164.4804,-0.029162772,0.053787816,-0.064166814
164.49745,-0.029051598,0.055437,-0.061605107
164.51385,-0.029068632,0.05648769,-0.058808174
164.53065,-0.029025001,0.05681909,-0.057292096
164.54724,-0.028814545,0.05768558,-0.054282434
164.5644,-0.028366558,0.058533072,-0.05106701
164.58026,-0.028290521,0.05885707,-0.049451638
164.59714,-0.027907569,0.05944031,-0.045883104
164.61389,-0.027160162,0.059641894,-0.042413782
164.63045,-0.026869027,0.059798412,-0.04070933
164.64706,-0.025903255,0.060225148,-0.03715289
164.6639,-0.024991771,0.059777256,-0.033647113
164.6803,-0.024319498,0.059679735,-0.03189418
164.69708,-0.023414416,0.0596165,-0.028424436
164.71371,-0.022089036,0.059171487,-0.024900077
164.73041,-0.021348845,0.058876604,-0.023171248
164.74725,-0.019730568,0.05781017,-0.019632192
164.76382,-0.018380657,0.05683296,-0.016071877
164.78064,-0.017422238,0.056516524,-0.014243712
164.79723,-0.015656875,0.05489317,-0.010524154
164.81363,-0.01497206,0.053681288,-0.008681331
164.83049,-0.013299745,0.052411817,-0.0049744453
164.84718,-0.0111699505,0.05132269,-0.0012436121
164.86378,-0.00939535,0.049026776,0.0024640283
164.88043,-0.007939066,0.047527168,0.0043092165
164.89688,-0.0061107106,0.04583523,0.007922678
164.91386,-0.005459831,0.044869192,0.0097571425
164.93045,-0.0036234176,0.042562444,0.013231587
164.94708,-0.0017714722,0.039885685,0.016626487
164.96384,-0.0004993045,0.038797192,0.018233242
164.98053,0.0016632716,0.03650845,0.021528855
164.99687,0.0035619305,0.03347479,0.024628974
165.01398,0.0045489664,0.031893514,0.026208824
165.03072,0.006476829,0.02892131,0.029196328
165.04736,0.008378685,0.026552798,0.032094643
165.06435,0.010314767,0.023443734,0.034777228
165.0806,0.012023299,0.020163937,0.03725949
165.09726,0.0120172445,0.019839037,0.037261434
165.114,0.013974121,0.016738556,0.03944881
165.13045,0.01560334,0.013908766,0.041463137
165.1472,0.016758833,0.010611418,0.04315442
165.16386,0.018235711,0.007668373,0.044672012
165.18037,0.019593459,0.0041821,0.0460407
165.19753,0.019585896,0.0038574713,0.04604367
165.21384,0.020793753,0.0007143225,0.047134932
165.23048,0.022487557,-0.0036923594,0.048635244
165.24715,0.023080582,-0.005531155,0.049067073
165.26361,0.024011722,-0.008465662,0.04970697
165.2805,0.025287643,-0.011481947,0.050311122
165.29732,0.025661841,-0.013118148,0.05053494
165.31364,0.026396846,-0.016372038,0.050961666
165.33044,0.026888909,-0.019474244,0.05128087
165.34714,0.026944099,-0.02098921,0.051398005
165.36385,0.027344333,-0.023849718,0.051510636
165.3807,0.027257195,-0.026545238,0.051522605
165.39696,0.027487503,-0.028192071,0.051514927
165.41379,0.027453888,-0.030348612,0.05136314
165.43073,0.027371448,-0.032367717,0.05110314
165.44707,0.02699822,-0.033314094,0.05086598
165.46384,0.026341343,-0.03468284,0.050400108
165.48047,0.026026737,-0.03536547,0.050016537
165.49698,0.025069399,-0.036731426,0.049401227
165.51361,0.024328705,-0.037871614,0.04855698
165.5304,0.023350872,-0.0387302,0.04765125
165.54698,0.022997472,-0.03897796,0.047164176
165.56386,0.021759339,-0.039630044,0.046103314
165.58083,0.020485265,-0.03989055,0.04496335
165.59744,0.01967059,-0.040051375,0.044373788
165.61417,0.018369311,-0.040191,0.04309576
165.63037,0.017541345,-0.040381353,0.04243451
165.64738,0.015958155,-0.039915495,0.04105765
165.66379,0.014666224,-0.039229803,0.03953723
165.6806,0.014037699,-0.03912393,0.038838938
165.69708,0.01252701,-0.03831147,0.037409883
165.71378,0.011311473,-0.03774112,0.036079336
165.73064,0.009671889,-0.036399253,0.034565642
165.74736,0.00918573,-0.036186952,0.03376347
165.7638,0.0076976186,-0.0353453,0.032046102
165.78062,0.0066537545,-0.0350139,0.031128306
165.79701,0.0049036657,-0.03369313,0.0292985
165.81383,0.0031733986,-0.032747775,0.027300358
165.83064,0.0021272686,-0.0322392,0.02626902
165.84694,0.00033131806,-0.030984709,0.02408823
165.864,-0.0012848406,-0.029467067,0.021954369
165.88081,-0.0018918528,-0.0288145,0.020889524
165.89723,-0.0033902216,-0.027551308,0.018666502
165.91396,-0.0049686763,-0.02582472,0.016439656
165.93082,-0.0066118366,-0.024040405,0.014149911
165.94681,-0.007489852,-0.023370989,0.013051108
165.96379,-0.008729826,-0.022094354,0.010815385
165.98068,-0.009542483,-0.021569742,0.009686629
165.99706,-0.010837945,-0.019695941,0.007431402
166.01402,-0.012287239,-0.01807148,0.0051488588
166.03047,-0.012611226,-0.017398888,0.003970788
166.04695,-0.01352112,-0.015720317,0.001707002
166.06403,-0.014724961,-0.013869733,-0.00067583326
166.08038,-0.015400507,-0.012978637,-0.001862939
166.09718,-0.016336568,-0.011357979,-0.0042565404
166.11375,-0.016916817,-0.009157907,-0.0065714167
166.13057,-0.017235762,-0.008280529,-0.0077098673
166.14702,-0.017942717,-0.0065365955,-0.010055846
166.16365,-0.018331585,-0.004631199,-0.012446373
166.1804,-0.018623656,-0.0035640562,-0.013631735
166.19719,-0.01904105,-0.0011104532,-0.015857155
166.21419,-0.019238701,0.0008225635,-0.018119806
166.23085,-0.019250453,0.0016047073,-0.01921295
166.24753,-0.01926639,0.004327453,-0.02142096
166.2638,-0.019586649,0.0058403383,-0.022509161
166.28067,-0.019225392,0.008622015,-0.02464654
166.29724,-0.01939806,0.010879103,-0.026879698
166.31383,-0.01909613,0.012176606,-0.027912483
166.33072,-0.019011442,0.015263253,-0.030061642
166.34737,-0.018826267,0.017933551,-0.031955864
166.36392,-0.018597027,0.018819062,-0.032913473
166.38063,-0.018338664,0.02140424,-0.034698647
166.39723,-0.01752519,0.024025828,-0.03636147
166.41394,-0.017241362,0.026306923,-0.037956197
166.43042,-0.016371489,0.02813657,-0.039483618
166.44727,-0.015254395,0.030072613,-0.0408912
166.46378,-0.015249157,0.02981638,-0.04089316
166.48012,-0.014136651,0.03204428,-0.04206691
166.49721,-0.012867255,0.032947123,-0.04298952
166.51381,-0.011835643,0.034623083,-0.0436975
166.53047,-0.010727078,0.036508944,-0.04426232
166.54715,-0.009892363,0.037972827,-0.044863675
166.56404,-0.009338547,0.03857739,-0.045070857
166.58043,-0.008063119,0.03998731,-0.045535978
166.59743,-0.0069772247,0.041236393,-0.045873508
166.61382,-0.0063199596,0.04134466,-0.046037663
166.63057,-0.0053741653,0.04180437,-0.046366114
166.64728,-0.0044389353,0.042250495,-0.046782345
166.66396,-0.0036303906,0.042198323,-0.047029994
166.68063,-0.0021376743,0.042442333,-0.04763279
166.69724,-0.0010224525,0.042576108,-0.04847075
166.71388,-0.00035405773,0.042816114,-0.04879239
166.73044,0.00088720553,0.043353297,-0.049522795
166.74728,0.0025183607,0.043193046,-0.050351527
166.76367,0.003039109,0.042736836,-0.050906025
166.78056,0.0042512626,0.042665564,-0.0521391
166.79706,0.0046500983,0.042481273,-0.05286076
166.81393,0.005975292,0.04202749,-0.0543757
166.83037,0.0067986962,0.04148035,-0.05610895
166.84714,0.007385695,0.041017883,-0.057113077
166.86375,0.008493109,0.040644053,-0.059231617
166.88072,0.009281237,0.039889216,-0.06166959
166.89725,0.009602866,0.03929411,-0.063006274
166.91388,0.010328738,0.03889538,-0.06602784
166.93065,0.010979443,0.03795856,-0.06941843
166.94722,0.01145054,0.037555993,-0.07117689
166.9639,0.012181528,0.03618989,-0.07481711
166.98035,0.013303012,0.03566355,-0.0781506
166.99693,0.013616371,0.035547044,-0.07972305
167.01355,0.014086656,0.03448408,-0.08252313
167.03064,0.014591487,0.033966877,-0.08453257
167.04706,0.014624934,0.033872664,-0.08520305
167.06395,0.014324179,0.03341639,-0.08600272
167.08063,0.01390697,0.03261072,-0.08643531
167.09766,0.013356786,0.032406487,-0.0866831
167.11359,0.012535677,0.031632926,-0.0866793
167.13069,0.0117270565,0.030889563,-0.08669548
167.14722,0.011292723,0.030381748,-0.08653215
167.16382,0.010174704,0.029409062,-0.085995115
167.18059,0.008943116,0.028502034,-0.08510682
167.19727,0.008651814,0.027910985,-0.08460286
167.21375,0.0074846586,0.026583184,-0.0833607
167.23099,0.0062927683,0.025794284,-0.081650436
167.24724,0.0057079447,0.02528748,-0.08069953
167.2639,0.004623183,0.023961954,-0.07851442
167.28062,0.0035899635,0.023591258,-0.077338174
167.2975,0.002433036,0.022180539,-0.07475325
167.31393,0.0012469824,0.021055125,-0.07188644
167.3304,0.00067101227,0.020516688,-0.07045572
167.34727,-0.00081211317,0.018916287,-0.06733001
167.36398,-0.0026421216,0.017764168,-0.06410043
167.38008,-0.0032194112,0.017100751,-0.06241419
167.39648,-0.0049899854,0.015898338,-0.059217513
167.41331,-0.006641853,0.014384819,-0.056007635
167.43002,-0.00749129,0.013958787,-0.054433715
167.44649,-0.008871121,0.012719157,-0.051184535
167.46327,-0.010045262,0.011923303,-0.047935233
167.48,-0.010672581,0.0114117125,-0.046345275
167.49806,-0.0116873095,0.010415154,-0.043048326
167.51326,-0.012341395,0.01009022,-0.04148475
167.52989,-0.013062354,0.009978424,-0.03815009
167.54639,-0.013847211,0.009366269,-0.034713715
167.56314,-0.0136902565,0.009058957,-0.03296904
167.57982,-0.014226486,0.008647077,-0.029277
167.5966,-0.014551212,0.008587225,-0.025393996
167.61311,-0.01505679,0.008422463,-0.02340518
167.62978,-0.015604526,0.008155061,-0.019411312
167.64648,-0.015773045,0.0081054745,-0.015420218
167.66315,-0.01605572,0.008120582,-0.013430499
167.67984,-0.016197007,0.008314033,-0.009387593
167.69653,-0.01642661,0.008416758,-0.005380361
167.7132,-0.016121192,0.008366319,-0.0034030206
167.72995,-0.016468424,0.008988536,0.00053145457
167.74666,-0.016193585,0.009014274,0.0044332803
167.7631,-0.01606223,0.008922684,0.0063811312
167.77982,-0.0154883955,0.009006201,0.010218265
167.7965,-0.015215317,0.0093784,0.014154736
167.81325,-0.014900461,0.009130011,0.01794864
167.82993,-0.014444248,0.009298492,0.021734163
167.84648,-0.013965672,0.009541506,0.025402192
167.86339,-0.013967741,0.009375717,0.025400968
167.87985,-0.013155582,0.009611813,0.029047856
167.89658,-0.01239948,0.009396069,0.03270344
167.91316,-0.011556629,0.0095885545,0.036297277
167.92992,-0.010981767,0.009827788,0.03978938
167.94649,-0.010985039,0.009665329,0.039788626
167.96346,-0.009898334,0.009391265,0.043229774
167.97983,-0.008359128,0.009946454,0.04811669
167.99658,-0.007909814,0.010089783,0.04966283
168.01306,-0.007273277,0.010388845,0.052624512
168.02988,-0.0063617625,0.010260639,0.055203345
168.04666,-0.004809083,0.010219415,0.057411317
168.06343,-0.0043105027,0.0102032805,0.05832813
168.07996,-0.0029537773,0.010285011,0.060089316
168.09648,-0.002223857,0.009586619,0.0607612
168.1132,-0.0008766614,0.008964097,0.061776776
168.13013,0.0004730714,0.008738411,0.06244866
168.14656,0.0014635988,0.008181579,0.06272036
168.16698,0.0029379725,0.0069485367,0.06275868
168.18146,0.0045425687,0.0061641727,0.06270896
168.19807,0.004946791,0.005699251,0.062440902
168.21432,0.0068217358,0.004181535,0.06200302
168.23073,0.008468032,0.0025659774,0.061205693
168.24706,0.008853614,0.0020703427,0.060758654
168.26353,0.010151622,0.00089679565,0.059541292
168.28006,0.011188488,-0.0006916319,0.057992812
168.29655,0.011528128,-0.0010808114,0.05698053
168.3133,0.012546413,-0.0024734668,0.054691516
168.32996,0.013390868,-0.0036873173,0.05221716
168.34647,0.013771644,-0.0044059036,0.050869524
168.36313,0.01430168,-0.0060128504,0.047992125
168.37997,0.014675701,-0.0075121364,0.045025863
168.3966,0.014778854,-0.008344398,0.04335634
168.41322,0.015358614,-0.009920336,0.040111557
168.42989,0.015488761,-0.011513618,0.036807373
168.44643,0.015716918,-0.012365162,0.035138994
168.46312,0.015659945,-0.013589042,0.03169139
168.47997,0.015573667,-0.014767638,0.02818251
168.49661,0.015687704,-0.01558199,0.026368728
168.51321,0.015839431,-0.017066427,0.022861706
168.52994,0.01569704,-0.01736887,0.021059576
168.54674,0.015489569,-0.018239161,0.017678978
168.56322,0.0150703415,-0.019760355,0.01420867
168.57979,0.014665941,-0.020346366,0.012433086
168.59662,0.014083628,-0.020712573,0.008874081
168.61327,0.0133197615,-0.021591077,0.0051691043
168.62997,0.013056109,-0.022341564,0.0032657725
168.64645,0.012451198,-0.023681277,-0.00072320615
168.66342,0.012137623,-0.02386636,-0.004709027
168.67996,0.011712619,-0.02418208,-0.0068145767
168.69656,0.01128835,-0.02541119,-0.010798857
168.71326,0.010643988,-0.026438253,-0.014895819
168.72986,0.010296041,-0.026536295,-0.016957331
168.74661,0.009757087,-0.026992703,-0.021158397
168.76321,0.009331679,-0.02784916,-0.025457786
168.7799,0.009077416,-0.028275548,-0.02775103
168.79681,0.008548455,-0.028536007,-0.032095
168.81322,0.008061136,-0.028273521,-0.036213838
168.82988,0.007596196,-0.028493082,-0.038152665
168.84659,0.0067579597,-0.028663717,-0.041888434
168.86317,0.00621042,-0.027833821,-0.045347333
168.87984,0.0055994266,-0.02694454,-0.046967424
168.89653,0.0048531736,-0.026349852,-0.04986332
168.9133,0.0046842825,-0.026251897,-0.05138176
168.93,0.003299027,-0.025036855,-0.05401798
168.94675,0.0021603745,-0.022859927,-0.056402516
168.9634,0.00083712663,-0.021313569,-0.058689255
168.98016,0.0004752854,-0.020349832,-0.059656437
168.99696,-0.00048294725,-0.01775518,-0.061303895
169.01347,-0.0017689585,-0.015420399,-0.062490445
169.02992,-0.0029253548,-0.014079078,-0.06316115
169.04668,-0.004110453,-0.0109549,-0.06399789
169.06322,-0.004985428,-0.00901237,-0.06438655
169.08002,-0.0062503847,-0.0059496756,-0.064544484
169.09663,-0.008042727,-0.0029693772,-0.06450144
169.11325,-0.008497557,-0.0015589921,-0.06417125
169.13005,-0.010242797,0.0016829604,-0.06339725
169.14653,-0.011914322,0.00452823,-0.06215259
169.16333,-0.012959167,0.0058074123,-0.06136805
169.18,-0.014312583,0.00874401,-0.059570685
169.19667,-0.015586227,0.01209967,-0.057479024
169.21335,-0.01608802,0.01349734,-0.05629804
169.23,-0.018041527,0.017618135,-0.052489106
169.24667,-0.01899103,0.020417172,-0.04967862
169.26332,-0.018989092,0.020340066,-0.049679283
169.28015,-0.019925235,0.023064196,-0.046709076
169.29662,-0.020822309,0.025076149,-0.043472648
169.31328,-0.021831172,0.027805261,-0.0401691
169.32999,-0.022457866,0.030833216,-0.036575995
169.34671,-0.022456516,0.030761333,-0.03657674
169.36336,-0.023394423,0.03263743,-0.032919206
169.38004,-0.024138268,0.03612822,-0.02755492
169.39667,-0.024396567,0.038627442,-0.024142697
169.41333,-0.024365978,0.039305832,-0.02243939
169.43001,-0.02445998,0.040991496,-0.01921005
169.44664,-0.024326848,0.04317292,-0.016129903
169.46338,-0.024143327,0.043759707,-0.014653621
169.4801,-0.024059203,0.0453054,-0.0121171195
169.49689,-0.023319887,0.046583608,-0.009957023
169.51395,-0.022768116,0.047180418,-0.008970002
169.53076,-0.021758158,0.04864878,-0.007283381
169.54677,-0.021125313,0.049425147,-0.0064025703
169.56325,-0.019776791,0.049781624,-0.0049811387
169.57974,-0.018244578,0.050640054,-0.0036405413
169.59648,-0.017667515,0.051262125,-0.003092027
169.61324,-0.015992448,0.05119323,-0.002039791
169.62979,-0.014296275,0.050985977,-0.0013262226
169.64806,-0.013397316,0.05093879,-0.00096720696
169.66321,-0.011639646,0.05111605,-0.00029739866
169.6798,-0.009730129,0.051005587,0.00016998862
169.69656,-0.008737298,0.050508693,0.00046489702
169.71332,-0.007133928,0.049890123,0.0006428616
169.72997,-0.0047771293,0.049950328,0.00094346167
169.74655,-0.0039399406,0.049498633,0.0010328658
169.7632,-0.0016119648,0.04814853,0.0013150611
169.78,0.00033908378,0.047476985,0.0017159047
169.79672,0.0014489474,0.04708154,0.001955696
169.8133,0.0034112055,0.045953453,0.0022237967
169.82997,0.0052896747,0.044702698,0.0026673875
