time,x,y,z
45.038536,0.0015458582,0.011877548,-0.018615747
45.055603,0.0015096347,0.00992374,-0.019600451
45.072174,0.0012163481,0.0089730015,-0.016993145
45.08891,0.0012628813,0.0071082744,-0.017824737
45.10608,0.0017906936,0.005094906,-0.018628836
45.123226,0.0018927098,0.0042629857,-0.016022783
45.139473,0.0021948374,0.0027253656,-0.016699012
45.156036,0.002587139,0.001031747,-0.017716719
45.173733,0.002939157,0.00016074468,-0.015394268
45.189793,0.0031702283,-0.0015293467,-0.016010847
45.205994,0.0037735319,-0.0026948112,-0.017199585
45.223827,0.0040119886,-0.003157767,-0.015049551
45.24009,0.0046542557,-0.004638416,-0.015669651
45.258064,0.005570775,-0.0057142978,-0.01685797
45.272724,0.006010099,-0.0061671073,-0.014172928
45.290756,0.006421519,-0.006678521,-0.01594323
45.308327,0.0073206727,-0.0073526367,-0.016600836
45.324272,0.007841761,-0.007691254,-0.014088362
45.340965,0.008844117,-0.00842271,-0.015473815
45.35704,0.009623864,-0.008566492,-0.016608858
45.37534,0.009850825,-0.008879253,-0.014638356
45.391914,0.010387466,-0.009426715,-0.015243312
45.40858,0.011585968,-0.009625949,-0.016421426
45.426033,0.01204996,-0.009591862,-0.0142516745
45.442673,0.013100132,-0.009341469,-0.015177436
45.459114,0.01390994,-0.009203682,-0.016290883
45.475155,0.014374009,-0.009406914,-0.01435017
45.492332,0.015355491,-0.008829568,-0.015585886
45.508846,0.016026122,-0.008026189,-0.016536035
45.52529,0.016405666,-0.007691265,-0.014496949
45.541256,0.0175243,-0.0074148304,-0.015702154
45.56014,0.018145604,-0.006281886,-0.016926628
45.57545,0.018326646,-0.0054523246,-0.014069104
45.592377,0.018768141,-0.003896491,-0.015395089
45.60949,0.019142278,-0.0028702044,-0.016283026
45.625195,0.019680334,-0.001667211,-0.013881097
45.64253,0.019984368,0.0010793299,-0.015130475
45.659042,0.020439068,0.0037419908,-0.015830535
45.675926,0.02034925,0.0045528947,-0.013612709
45.693005,0.020790003,0.007387558,-0.014304245
45.709568,0.02080529,0.010832726,-0.014905012
45.7267,0.021158405,0.012431609,-0.012610574
45.743904,0.021613171,0.015386682,-0.01314202
45.759632,0.021585358,0.019148832,-0.013565641
45.77583,0.021439824,0.021434285,-0.011498664
45.794003,0.020937366,0.02544603,-0.012189333
45.810608,0.020466253,0.029018383,-0.012220999
45.82729,0.020072933,0.030782659,-0.009848581
45.843594,0.019290213,0.034548763,-0.010288427
45.860954,0.018542452,0.03851555,-0.010829158
45.87867,0.018370098,0.040185895,-0.008197165
45.89375,0.018145347,0.041989073,-0.005463958
45.91121,0.016937984,0.04756823,-0.009064284
45.92726,0.016256679,0.049729932,-0.006364089
45.943584,0.015174383,0.05339095,-0.0068326145
45.961586,0.014024346,0.05662225,-0.007227543
45.97864,0.013164671,0.05856881,-0.0043344246
45.99505,0.011683367,0.062486578,-0.0044430327
46.011,0.00960428,0.06803595,-0.0076641873
46.027733,0.009437058,0.068059444,-0.0027509402
46.044792,0.0081841545,0.07327968,-0.0061441218
46.06271,0.0067844717,0.07604943,-0.0066621634
46.079426,0.0065757753,0.07606793,-0.0011767042
46.094578,0.0059852516,0.0784869,-0.0019974494
46.11265,0.004818786,0.08096818,-0.0032198885
46.128838,0.0036010658,0.083648734,-0.003635151
46.14543,0.002850959,0.08539626,-0.0047809524
46.162598,0.0022177454,0.08714869,-0.0058898306
46.17954,0.0019913018,0.087154135,-0.0006965528
46.196392,0.0007724243,0.0893724,-0.0049088253
46.212738,0.0006102346,0.09038747,-0.0061087194
46.228947,0.0002822953,0.090152204,-0.0043522203
46.246193,-0.00022509957,0.09069957,-0.005823253
46.262875,-0.00045947175,0.090698496,-0.0006586172
46.276047,-0.00068568613,0.09069744,0.004326196
46.28778,-0.0008762837,0.090770654,0.00507491
46.304554,-0.0011443145,0.091124356,0.002172244
46.3212,-0.0013639445,0.090590484,0.00074683514
46.337868,-0.0014663448,0.08999023,0.0024647927
46.354786,-0.0012753413,0.08965793,0.00090951426
46.37196,-0.0012132076,0.08882066,-0.00066463026
46.388996,-0.0011105705,0.08851501,0.0010456883
46.405865,-0.0013094773,0.086966544,-0.00066068606
46.422836,-0.0010097281,0.08556422,-0.0024795914
46.438766,-0.00096323295,0.08452966,-0.00093947153
46.45528,-0.00075202173,0.08241261,-0.003097698
46.472645,-0.00032083574,0.08032326,-0.0050877924
46.488914,-0.00018822489,0.07913418,-0.0034770537
46.50546,0.00019378941,0.07692011,-0.0055960044
46.52185,0.00005344266,0.07583509,-0.0042304303
46.53915,0.00060179917,0.07331989,-0.0063902168
46.555767,0.00089448265,0.072022535,-0.00485072
46.57221,0.0011969944,0.06975829,-0.006923842
46.589146,0.0017156819,0.06725639,-0.009069483
46.605476,0.0024951978,0.064238146,-0.01105041
46.622166,0.0026254854,0.06272333,-0.009762756
46.63894,0.0033955574,0.06030898,-0.011755444
46.655365,0.003973422,0.05732834,-0.013629706
46.672268,0.0042114486,0.055883646,-0.012254896
46.68895,0.004708239,0.052827243,-0.013985567
46.70537,0.005356874,0.049946725,-0.015671186
46.722275,0.005483983,0.048551697,-0.014190847
46.739532,0.0058981124,0.045566827,-0.015676739
46.75565,0.0062205996,0.04233919,-0.016959883
46.771725,0.0066295927,0.041181277,-0.015490815
46.788692,0.007434767,0.038852744,-0.016968839
46.805454,0.0076964805,0.03564408,-0.018061204
46.822422,0.008001747,0.034129944,-0.016313301
46.83893,0.008423619,0.031283133,-0.017237792
46.85557,0.008681295,0.028519802,-0.018281411
46.87282,0.0086794095,0.027720213,-0.016398925
46.888493,0.009046467,0.025109066,-0.017053207
46.905716,0.009411379,0.022632245,-0.018077841
46.921783,0.009552806,0.02158942,-0.015929664
46.938854,0.0100171175,0.019698506,-0.016729943
46.955612,0.009988892,0.017622197,-0.017118836
46.97188,0.010060738,0.01666648,-0.0150366565
46.98891,0.010181359,0.014453158,-0.015552909
47.005287,0.01030683,0.013465103,-0.013366385
47.021873,0.0104176635,0.011746362,-0.01382726
47.038563,0.010428915,0.010026364,-0.014220933
47.05557,0.010818856,0.009270566,-0.012119488
47.072025,0.0108748395,0.00794253,-0.012346965
47.088554,0.011027575,0.006677343,-0.012689691
47.105255,0.011175411,0.005947683,-0.010629082
47.121876,0.01158675,0.0045260955,-0.010872908
47.13854,0.011765249,0.0031280536,-0.011112766
47.15555,0.011867269,0.002464048,-0.009010707
47.171623,0.011771349,0.0017829093,-0.009071667
47.188908,0.01198736,0.00054322684,-0.009415391
47.20489,0.011936796,0.00028171937,-0.007093664
47.221767,0.011979286,-0.00053938804,-0.0074246544
47.238308,0.012187505,-0.0012380198,-0.0075400877
47.255184,0.011963696,-0.001974279,-0.005395657
47.27183,0.0118850805,-0.002402775,-0.0054551363
47.288532,0.011613498,-0.0025857836,-0.005599646
47.305164,0.011818193,-0.0030462323,-0.0034594191
47.32175,0.011681618,-0.003444834,-0.0036275066
47.33847,0.011603058,-0.0035802943,-0.0037594396
47.355206,0.01140623,-0.0038584543,-0.003875695
47.371574,0.011414245,-0.0038337705,0.00043463576
47.388783,0.011512475,-0.0040748147,0.00014758401
47.405037,0.011517029,-0.0041392036,0.00007712967
47.421528,0.011174457,-0.0038543516,-0.00027251878
47.4389,0.011246778,-0.0039389986,-0.0005228492
47.455276,0.011470708,-0.0037776292,-0.000570478
47.47184,0.011478467,-0.0037537762,0.0035833637
47.48841,0.011302893,-0.0032048987,0.0033073104
47.50522,0.011297878,-0.0016836683,0.0008222406
47.521816,0.01068951,-0.0005876787,0.0005501032
47.53846,0.010172525,-0.00033577514,0.0024527693
47.555954,0.009157413,0.0014556816,0.002093332
47.572044,0.008573872,0.0032760534,0.001924125
47.58862,0.008391966,0.003944528,0.0036503703
47.605164,0.007508829,0.005879101,0.0031796328
47.621677,0.0070196744,0.006808844,0.0049389875
47.638165,0.0057725944,0.008828824,0.0043550013
47.655334,0.0048800125,0.010974595,0.0037285544
47.672653,0.0036948067,0.013432767,0.0032241968
47.688644,0.0027988104,0.014098417,0.005091804
47.705246,0.0017708819,0.016493618,0.004221024
47.722313,0.00045242687,0.019048354,0.0034250212
47.738865,-0.00012277931,0.02045302,0.0051447446
47.755337,-0.0009452042,0.023036536,0.004280453
47.772194,-0.0023848428,0.025293438,0.0034019982
47.78899,-0.0031854354,0.026274372,0.0050546587
47.805412,-0.004670877,0.028642671,0.0042412425
47.822292,-0.0052584405,0.029955197,0.0057343477
47.83851,-0.0064849253,0.032275874,0.0049041794
47.855415,-0.008243297,0.0345252,0.0038748106
47.872356,-0.010088166,0.037096456,0.0030098197
47.888794,-0.010743075,0.038487047,0.004690448
47.905197,-0.0124090575,0.041061122,0.003761415
47.921883,-0.01340216,0.042427376,0.005292091
47.938393,-0.015501704,0.045428768,0.004426118
47.955338,-0.017592361,0.04792769,0.0035745206
47.971928,-0.018720638,0.049162496,0.005186016
47.98924,-0.020917961,0.051740326,0.004419859
48.005505,-0.022909353,0.054095224,0.0038407017
48.021824,-0.023314275,0.055655085,0.0053673177
48.038765,-0.02547125,0.057743672,0.0046947245
48.055534,-0.026941692,0.05982476,0.00417213
48.072285,-0.027921364,0.060425457,0.0058824588
48.088757,-0.028425895,0.06191766,0.005387476
48.105457,-0.029766545,0.06327027,0.004940748
48.12202,-0.030506575,0.0639914,0.006649398
48.138515,-0.03140041,0.065388195,0.0062636747
48.15485,-0.031744678,0.06604164,0.00798281
48.171783,-0.03204269,0.06657436,0.0076556043
48.18843,-0.033079643,0.06763461,0.007506291
48.20518,-0.03371356,0.068413354,0.0072845845
48.221756,-0.033723664,0.06807461,0.009033594
48.238655,-0.033875633,0.06805394,0.008836703
48.25511,-0.03428702,0.06849821,0.01060962
48.271748,-0.03436895,0.06887057,0.01038362
48.288372,-0.033822674,0.06894995,0.01015917
48.305386,-0.033781353,0.06893502,0.00985933
48.321785,-0.03389064,0.069049895,0.011593806
48.33856,-0.034034934,0.068922654,0.011152603
48.35517,-0.033691987,0.06866508,0.012726071
48.37195,-0.03304725,0.06835106,0.012165869
48.38853,-0.033032503,0.06807319,0.011556702
48.405384,-0.032891113,0.06773995,0.012956171
48.421944,-0.03231118,0.06695807,0.012311093
48.43834,-0.03150852,0.066282876,0.011550106
48.45495,-0.031284228,0.065697,0.012860298
48.47172,-0.030682366,0.06493906,0.011994787
48.488323,-0.030113867,0.06426738,0.011124206
48.504963,-0.029860754,0.06407821,0.012408162
48.52167,-0.028917497,0.06300959,0.011380137
48.53832,-0.02807317,0.062007524,0.010288235
48.555016,-0.027749296,0.061240777,0.011572433
48.571594,-0.0269105,0.059846155,0.01039437
48.58814,-0.026202396,0.058491934,0.009210777
48.60492,-0.025537971,0.05795366,0.010336178
48.62153,-0.02444173,0.056601577,0.009157736
48.63813,-0.023642933,0.05512041,0.007963872
48.654995,-0.023385033,0.05404596,0.009013962
48.671947,-0.02215418,0.05261763,0.00778057
48.68827,-0.02120728,0.05203351,0.008898569
48.704945,-0.020694382,0.050492577,0.007607923
48.72182,-0.01895181,0.048238482,0.0040734955
48.73832,-0.01903371,0.048206143,0.007470686
48.75514,-0.017812934,0.04678431,0.0062233317
48.77161,-0.016687578,0.045440413,0.0050258017
48.788074,-0.015322355,0.04389349,0.0037657311
48.804474,-0.013799852,0.042148765,0.0025742846
48.821438,-0.01274805,0.040920485,0.0014238867
48.838215,-0.012816481,0.04089918,0.004767855
48.85489,-0.011401593,0.03895629,0.003671679
48.87157,-0.010062873,0.037024707,0.002595045
48.888344,-0.00889494,0.035371315,0.0015544555
48.9049,-0.0074658385,0.033663366,0.00055709184
48.921524,-0.0064460095,0.03187134,-0.00045283558
48.938286,-0.0060576024,0.03057503,0.00069359184
48.954952,-0.0051363725,0.028655464,-0.00019533045
48.971672,-0.003994461,0.026797146,-0.001059085
48.988304,-0.0031786368,0.026450682,0.00014228135
49.004948,-0.002468859,0.024767863,-0.00062812597
49.021603,-0.0016017943,0.02323693,-0.0013334445
49.03835,-0.0009567178,0.022702336,-0.000103296465
49.05496,0.00007804129,0.02100536,-0.00079150137
49.071766,0.0009089534,0.019314233,-0.0014653971
49.08821,0.0010060497,0.01824982,-0.00006514822
49.104954,0.0018758862,0.016728412,-0.0007289721
49.12193,0.0025427395,0.015511606,-0.0011534699
49.138687,0.0030651558,0.014813714,0.00024998517
49.15531,0.003002464,0.013670538,-0.0001407299
49.171764,0.0031190724,0.013228239,0.0011986503
49.18857,0.0037959497,0.012206746,0.000735894
49.20518,0.0038856657,0.0112374555,0.0004426216
49.222004,0.0036252022,0.010722459,0.0017182182
49.238533,0.0032703434,0.010070921,0.0014030045
49.255066,0.0034156318,0.009470337,0.0010793767
49.271786,0.003330411,0.009398338,0.0023467315
49.28864,0.003003515,0.008870386,0.0020297384
49.305233,0.0022957423,0.008535936,0.0016898635
49.32199,0.0019790628,0.008364126,0.0029436676
49.338753,0.0018046346,0.008008087,0.0025454846
49.35545,0.0012420588,0.007804383,0.0021438967
49.37216,0.0006421462,0.007550985,0.0033860484
49.38812,0.000048424434,0.0073687406,0.002903431
49.405365,-0.0011339671,0.007353353,0.0022806954
49.422005,-0.001597247,0.0074326945,0.0035759292
49.438694,-0.0024072411,0.007393575,0.0029851398
49.45508,-0.0031896073,0.0076880367,0.002456779
49.472088,-0.0033336512,0.007657163,0.0034628422
49.489212,-0.0038242552,0.007956947,0.0029508022
49.506245,-0.004087523,0.008005345,0.0024464196
49.522346,-0.0040989253,0.007999504,0.005297014
49.53878,-0.0038971214,0.008112448,0.0027893388
49.55558,-0.0038202526,0.008181203,0.0020553514
49.571968,-0.0038499439,0.00855511,0.0031367855
49.588726,-0.0027789783,0.008347853,0.002373687
49.60589,-0.0015399419,0.008490233,0.0016634333
49.621964,-0.0010599646,0.008829309,0.0028363669
49.638916,-0.0005477376,0.008966312,0.001946571
49.65544,0.00010663462,0.009359044,0.0013136582
49.672165,0.0006329226,0.009395872,0.0022579893
49.688606,0.0012320329,0.010141708,0.001526775
49.705273,0.00077478256,0.011028116,0.00079160166
49.722004,0.00075987674,0.011504275,0.0016762591
49.738327,0.0012250507,0.011812132,0.00096031476
49.755215,0.0013097267,0.012267293,0.0018048798
49.7719,0.00084224757,0.013083297,0.001034995
49.788704,0.00094166916,0.014018816,0.0002629166
49.805202,0.0006410303,0.014242983,0.0011497391
49.82213,-0.00003654992,0.015182999,0.0003149524
49.838276,-0.0006435571,0.015869943,-0.00045991762
49.855286,-0.0014033903,0.016667327,0.0003434492
49.87173,-0.0021127248,0.017596403,-0.00044346187
49.88879,-0.0026997745,0.018395575,-0.0013083839
49.905247,-0.003497393,0.018841928,-0.00037425992
49.921883,-0.0046633543,0.019894827,-0.0012386586
49.938713,-0.005634023,0.020873928,-0.0020466738
49.954887,-0.006128889,0.021806234,-0.0011394871
49.971756,-0.0075185923,0.023147063,-0.0020542128
49.98829,-0.009513698,0.024356026,-0.00274038
50.005093,-0.010745045,0.024568532,-0.0019593106
50.021786,-0.012379367,0.026043024,-0.0026691225
50.03828,-0.012937346,0.026834508,-0.0018860219
50.054897,-0.014896346,0.027993975,-0.0026510754
50.071674,-0.016599163,0.029197192,-0.003378206
50.08897,-0.018022502,0.030488538,-0.0040717046
50.105087,-0.019020915,0.030896071,-0.0031306795
50.121777,-0.020556515,0.0317859,-0.0038884003
50.138447,-0.022269294,0.032880515,-0.0045157745
50.154922,-0.023735737,0.033998463,-0.0051076612
50.171955,-0.024760688,0.03506735,-0.0057013556
50.188484,-0.024801774,0.035038233,-0.003355715
50.20492,-0.026428178,0.036059264,-0.00394085
50.221718,-0.02774897,0.03674488,-0.0045606536
50.238144,-0.02901328,0.037462007,-0.005118617
50.254692,-0.030108582,0.03833088,-0.0056132707
50.27161,-0.030915834,0.038733482,-0.0060976166
50.288895,-0.031501636,0.039226487,-0.005208058
50.30482,-0.03241332,0.03954731,-0.005536341
50.32256,-0.033088278,0.040276784,-0.0060637547
50.33839,-0.033878338,0.040214684,-0.005006176
50.354996,-0.03437848,0.040633164,-0.0055372384
50.371384,-0.035132483,0.04084416,-0.0059307492
50.38801,-0.035398014,0.04141001,-0.0050777555
50.404846,-0.036209594,0.041839354,-0.0055137295
50.421696,-0.03684127,0.0419403,-0.0058704517
50.438515,-0.03733583,0.04164666,-0.0049675857
50.455105,-0.038252912,0.04190228,-0.0053148135
50.472103,-0.03952964,0.042672712,-0.005605914
50.488422,-0.03999452,0.04304377,-0.0047301995
50.50548,-0.041180365,0.043433506,-0.004997237
50.52202,-0.042569865,0.04381172,-0.005224165
50.5385,-0.0437173,0.044205807,-0.004309818
50.55487,-0.044925362,0.044260763,-0.004546916
50.5721,-0.046107672,0.04440865,-0.0036390729
50.588284,-0.048122484,0.044809643,-0.0037363344
50.605595,-0.050205596,0.045400605,-0.0039511225
50.621998,-0.052180253,0.045421734,-0.00395944
50.638695,-0.052998982,0.045322374,-0.003100914
50.655716,-0.05562407,0.04596922,-0.0031971678
50.672134,-0.05668731,0.045684572,-0.002257306
50.68834,-0.059630718,0.04614403,-0.002378551
50.704967,-0.061446168,0.045855775,-0.0024795644
50.72186,-0.06229596,0.04556916,-0.0016706013
50.73863,-0.06424251,0.04551591,-0.0016459865
50.75551,-0.0655181,0.044921856,-0.0016926203
50.771915,-0.066200845,0.045195535,-0.0007829379
50.788536,-0.06724014,0.044665985,-0.0008094122
50.805172,-0.068278566,0.044329304,-0.0008717822
50.822453,-0.06916568,0.043972414,0.000100879304
50.83784,-0.06995542,0.043885436,0.00012419147
50.854843,-0.07040857,0.04348367,0.00091644283
50.87175,-0.07145246,0.042870477,0.0009070295
50.888466,-0.07239744,0.042386144,0.0009116809
50.905815,-0.073311694,0.041752767,0.00090846576
50.921806,-0.07359795,0.042114615,0.0018134802
50.938892,-0.07453486,0.041296177,0.0017281597
50.95564,-0.07560259,0.04102243,0.0017498187
50.972294,-0.07601377,0.040848717,0.0025446583
50.98919,-0.076115735,0.040184673,0.0025889457
51.005455,-0.07570949,0.039602667,0.0024490617
51.022354,-0.07600989,0.03935117,0.0033354165
51.03918,-0.07602284,0.03883897,0.0032831274
51.05544,-0.07619413,0.0386728,0.0041021
51.072018,-0.07516175,0.03814952,0.0040475163
51.088768,-0.07486304,0.037384883,0.0039287964
51.10543,-0.075089395,0.036858086,0.0048866356
51.122173,-0.07447362,0.03618855,0.0047927503
51.139076,-0.07453541,0.035919603,0.0048078382
51.155415,-0.074408196,0.035341926,0.0056872466
51.172237,-0.07455075,0.034613468,0.005644831
51.188683,-0.07396133,0.03392064,0.0058149095
51.205418,-0.0733667,0.03339298,0.006461831
51.221817,-0.07230725,0.032449484,0.006574226
51.237816,-0.07116991,0.031610843,0.0065735667
51.255154,-0.0706611,0.031548146,0.007282699
51.271523,-0.06898694,0.030563798,0.0074913134
51.288044,-0.06735969,0.029398939,0.0075036837
51.304844,-0.06669692,0.028622925,0.008338455
51.321465,-0.06502284,0.02799877,0.008404613
51.338814,-0.064040825,0.02718224,0.008505724
51.35522,-0.06335542,0.026250592,0.0094204135
51.371895,-0.061844587,0.025950925,0.009386676
51.388702,-0.06062283,0.025220767,0.009643817
51.404934,-0.059800036,0.024477063,0.01027731
51.421684,-0.05830407,0.023900986,0.010307855
51.43885,-0.05606877,0.023216134,0.010438075
51.454666,-0.054842535,0.022993125,0.011036486
51.47203,-0.05280572,0.02234923,0.0109785935
51.488293,-0.05152046,0.021590574,0.011589943
51.505,-0.04866645,0.02075369,0.011527705
51.52178,-0.045462772,0.019973751,0.011458954
51.538383,-0.042732347,0.019592542,0.0113307955
51.555584,-0.039417878,0.019049667,0.011239507
51.572002,-0.03563169,0.01861427,0.011208768
51.588394,-0.03564289,0.01859276,0.012415008
51.605186,-0.032114346,0.018317588,0.0122418655
51.62158,-0.02897064,0.017532144,0.01209505
51.638325,-0.025225433,0.016879482,0.011909102
51.655025,-0.021715624,0.016280921,0.011712829
51.67177,-0.018466245,0.01569877,0.0115056615
51.68847,-0.018475303,0.01568814,0.012658043
51.70506,-0.015065148,0.015205156,0.012412277
51.72216,-0.009548795,0.014767412,0.011504838
51.738846,-0.00793973,0.014247981,0.011923089
51.75488,-0.0045035356,0.013698315,0.01163749
51.771717,-0.0014846884,0.01367644,0.011323157
51.78854,0.000086763954,0.013896763,0.011701724
51.80512,0.00320885,0.013966391,0.011357573
51.821453,0.005989001,0.0140981,0.010999905
51.83832,0.0072796415,0.013989972,0.011308149
51.85522,0.010175832,0.013864372,0.01092623
51.871746,0.013025483,0.013638511,0.010509301
51.88843,0.014343216,0.013816557,0.010749172
51.905083,0.016600652,0.013695079,0.010284698
51.921974,0.018943174,0.01367089,0.009805149
51.93855,0.019980693,0.013175729,0.010023632
51.954662,0.021947753,0.013154759,0.009481943
51.97182,0.023394618,0.013511158,0.0089369565
51.98825,0.024117231,0.013853436,0.00912361
52.005062,0.025710894,0.014125973,0.008530407
52.021873,0.02713546,0.01438257,0.007962454
52.038265,0.02750364,0.014249718,0.00812375
52.05498,0.028496608,0.014552159,0.0074712266
52.07165,0.02903429,0.015373758,0.0075958543
52.08843,0.02969391,0.01575977,0.0069553675
52.10496,0.029536273,0.01601852,0.0063618417
52.121567,0.029352453,0.01612606,0.0063804234
52.138348,0.029069183,0.01678234,0.005786557
52.154976,0.02893857,0.0175728,0.0051519177
52.171757,0.028303662,0.018034488,0.00517089
52.188282,0.026734147,0.018923376,0.004521452
52.205,0.026505485,0.019689377,0.0045047607
52.22158,0.02584418,0.020519702,0.003900001
52.23826,0.024739197,0.020991892,0.0032070612
52.25493,0.023180213,0.02196755,0.0025356303
52.27184,0.022474285,0.021849087,0.0025541119
52.2885,0.021369966,0.022562321,0.001889614
52.304996,0.019303415,0.023170242,0.0012566984
52.321693,0.018209696,0.023717366,0.0012613413
52.338345,0.016672252,0.024255479,0.0006236649
52.354942,0.015015237,0.024865065,-0.0000063183215
52.37166,0.014148389,0.025275985,-0.00003963821
52.388325,0.011946206,0.02613183,-0.0006737962
52.40535,0.010172326,0.026709294,-0.0013487763
52.421623,0.009114023,0.026826499,-0.001341747
52.438313,0.006776985,0.027469538,-0.0020193432
52.454628,0.005498167,0.028302172,-0.002055193
52.472065,0.0029873187,0.0288555,-0.0027167452
52.48824,0.00040206223,0.029574545,-0.0033387821
52.505127,-0.00079648895,0.029952997,-0.0034065943
52.521652,-0.0036331012,0.03079526,-0.0040369676
52.5384,-0.006221744,0.03083224,-0.004704482
52.55512,-0.0075861034,0.03147703,-0.004710564
52.571793,-0.010065452,0.031633478,-0.005418919
52.58849,-0.01273242,0.0317665,-0.006008683
52.605446,-0.0142536005,0.032311007,-0.0060348148
52.62183,-0.017585333,0.032186344,-0.006614109
52.638454,-0.019173095,0.032290947,-0.0066583194
52.65529,-0.022826908,0.032900807,-0.007250389
52.671886,-0.026876125,0.033339266,-0.007764036
52.688507,-0.031017719,0.033565667,-0.008252863
52.70535,-0.033257235,0.033507574,-0.008373007
52.72193,-0.037223443,0.033841025,-0.008856576
52.738976,-0.041538734,0.034224346,-0.009417312
52.755653,-0.04403298,0.03472147,-0.009517261
52.77186,-0.048850622,0.034774233,-0.010093974
52.78858,-0.053334486,0.034720894,-0.010645316
52.805237,-0.055523388,0.034732137,-0.010767406
52.821907,-0.060168806,0.034660295,-0.011224179
52.838657,-0.06461397,0.03466666,-0.011628409
52.855385,-0.06651259,0.03449725,-0.011645724
52.87247,-0.0710012,0.03446858,-0.0118589355
52.889267,-0.075344734,0.034714647,-0.011952994
52.90533,-0.07958078,0.034366224,-0.011970645
52.922405,-0.08385807,0.03412555,-0.011982383
52.938957,-0.08386076,0.034118168,-0.011808895
52.95549,-0.08826113,0.034010366,-0.011787381
52.972206,-0.09212946,0.033657253,-0.011699225
52.98883,-0.095498174,0.033645175,-0.011645566
53.005146,-0.098937064,0.033450413,-0.011561069
53.02198,-0.10223648,0.03248942,-0.011453578
53.038177,-0.10223809,0.032484785,-0.011362234
53.055054,-0.10627553,0.032014444,-0.011360656
53.072227,-0.10815384,0.031400077,-0.011325023
53.0886,-0.10899215,0.03117525,-0.011252885
53.105324,-0.11007412,0.030617943,-0.011162766
53.121857,-0.110877894,0.030096976,-0.010995771
53.13845,-0.110975005,0.029164271,-0.010848077
53.155704,-0.1110976,0.028445791,-0.010632959
53.172115,-0.11100001,0.027942367,-0.010394098
53.188526,-0.110741936,0.028156126,-0.010309733
53.205204,-0.10980753,0.02685801,-0.009988342
53.222054,-0.10880015,0.026088705,-0.009663903
53.23847,-0.1081394,0.02538726,-0.009495034
53.25534,-0.10612074,0.024678819,-0.0091021005
53.272114,-0.10446319,0.023839708,-0.00864646
53.28866,-0.10349689,0.023465715,-0.008444112
53.30564,-0.101204515,0.022674816,-0.007986451
53.322304,-0.09887484,0.0220025,-0.007531943
53.338856,-0.097347446,0.021725599,-0.0073504727
53.355373,-0.09466163,0.021017488,-0.0068643456
53.37176,-0.09326184,0.02046882,-0.006680361
53.38855,-0.08995401,0.019577699,-0.006173246
53.405277,-0.08648219,0.018592797,-0.0056768884
53.422062,-0.084740244,0.018656764,-0.0055340007
53.438656,-0.08113796,0.017850924,-0.0049734125
53.455143,-0.07745021,0.016892053,-0.0043911543
53.471855,-0.07540765,0.01650819,-0.0042097424
53.48842,-0.071249254,0.015873136,-0.003641354
53.505436,-0.06699975,0.015366942,-0.0030834274
53.52216,-0.06488787,0.014672744,-0.0029768578
53.538544,-0.060679123,0.014288318,-0.0024423369
53.555355,-0.055839017,0.013709189,-0.0019376038
53.57172,-0.05347524,0.013727562,-0.0019211848
53.588226,-0.04863036,0.013301355,-0.0014815164
53.605324,-0.04395894,0.013215623,-0.0011159512
53.621727,-0.041492127,0.012777262,-0.0011568349
53.638226,-0.0368136,0.012850737,-0.00087672414
53.6549,-0.03236072,0.012766436,-0.00064352225
53.671543,-0.03000841,0.012443347,-0.0007013959
53.688324,-0.025207695,0.012073531,-0.00048352708
53.70528,-0.02070709,0.0120996665,-0.0003690225
53.721607,-0.018506,0.0122815175,-0.00048573155
53.738075,-0.014254195,0.012178528,-0.00040061248
53.754772,-0.011850804,0.011849302,-0.00059122336
53.771576,-0.007801934,0.011951841,-0.0005408659
53.788223,-0.0039860983,0.0125103425,-0.000552125
53.804752,-0.0018957455,0.012669991,-0.00079222023
53.821423,0.0019493585,0.0129904505,-0.00083818135
53.838264,0.0038430593,0.0128548825,-0.0010883191
53.85487,0.007583394,0.012825316,-0.0011589183
53.871532,0.011120093,0.01285556,-0.0012301801
53.888447,0.014368341,0.012917394,-0.0012779322
53.905056,0.015698059,0.0133225145,-0.0016423629
53.92152,0.018837685,0.013489326,-0.0017744177
53.938385,0.022112867,0.013519801,-0.0019149808
53.95458,0.023566915,0.013660142,-0.0023170423
53.971447,0.026080616,0.013924758,-0.002437741
53.98826,0.028746352,0.01425921,-0.0025870004
54.00476,0.030104969,0.01414028,-0.0029928284
54.021397,0.03176499,0.014518326,-0.0031149606
54.03833,0.033527948,0.014847305,-0.003258097
54.054962,0.03440209,0.015503867,-0.0036459945
54.071537,0.036299765,0.015998611,-0.0037611932
54.08858,0.037399262,0.016208325,-0.003843205
54.10529,0.03784615,0.016677149,-0.004281999
54.12132,0.038818333,0.017216511,-0.0043102126
54.138393,0.039461188,0.01740099,-0.004303208
54.155186,0.039839625,0.017480267,-0.0047828895
54.171993,0.03990261,0.017848281,-0.0048100306
54.188175,0.040013094,0.018497594,-0.004814269
54.2051,0.04004615,0.018373072,-0.0052391174
54.22187,0.0394966,0.018551666,-0.005220568
54.238586,0.038798697,0.019347427,-0.005172643
54.25534,0.03840093,0.019799111,-0.0055683106
54.272423,0.03735303,0.020538565,-0.0055006137
54.28873,0.036909085,0.020957086,-0.0059308927
54.305405,0.035865705,0.022088477,-0.0057950914
54.321762,0.034434713,0.022687929,-0.0056631872
54.338825,0.033125576,0.022976153,-0.005445143
54.35568,0.031754453,0.02342135,-0.0052611646
54.371677,0.02999018,0.024082161,-0.0049391706
54.38916,0.030001117,0.024068056,-0.0058668735
54.40576,0.028512476,0.024598863,-0.0055729
54.422165,0.026582021,0.025056269,-0.0053512612
54.438934,0.0242646,0.025790669,-0.0050047296
54.45544,0.022051333,0.026151802,-0.0045503546
54.472324,0.02040744,0.026711417,-0.0041894503
54.488747,0.01984614,0.027246002,-0.004552065
54.505527,0.018246954,0.027736612,-0.004110399
54.522175,0.016734086,0.028343733,-0.0036462632
54.538692,0.016330255,0.028574143,-0.003968016
54.55593,0.014730826,0.02950049,-0.0034053095
54.571884,0.013274165,0.030038662,-0.00289809
54.58848,0.012351505,0.030561594,-0.0031212738
54.605286,0.011226014,0.030706864,-0.002514726
54.622383,0.009692382,0.031195661,-0.0019264427
54.63862,0.008892828,0.0311349,-0.0022046184
54.655262,0.0073802695,0.031582456,-0.0015276703
54.672695,0.005880778,0.031656623,-0.0009010199
54.688824,0.005209034,0.032172486,-0.0012058545
54.705257,0.0033440187,0.032403838,-0.000508506
54.72246,0.0013193267,0.03279272,0.0001806709
54.73877,0.0007079529,0.032766536,-0.000132031
54.75502,-0.00041452402,0.033234194,0.00054660137
54.77206,-0.001241547,0.03302164,0.000289932
54.788906,-0.0027842517,0.033133548,0.00089071586
54.805763,-0.0040785354,0.033073127,0.0015048529
54.821476,-0.004692888,0.033312622,0.0011408338
54.839092,-0.005730048,0.033264045,0.0018109473
54.85496,-0.007111474,0.033106912,0.002303167
54.87198,-0.008020841,0.032938387,0.0020084174
54.888634,-0.009565323,0.032590155,0.0024724638
54.905537,-0.010740868,0.032295197,0.00298787
54.92226,-0.011245848,0.031997412,0.0025307387
54.938854,-0.012915361,0.031590063,0.0029991735
54.955345,-0.014604456,0.031188523,0.0034956944
54.97213,-0.015506921,0.030969378,0.0029647849
54.988598,-0.017517665,0.030487934,0.0033827194
55.00524,-0.019627407,0.03018028,0.003706435
55.02219,-0.020826144,0.030263973,0.0030959279
55.038322,-0.022813642,0.029890355,0.0033174446
55.054943,-0.024779115,0.02945919,0.0035501507
55.07171,-0.026215043,0.028751323,0.0029429134
55.0891,-0.028931383,0.028450882,0.0030321826
55.105778,-0.03126469,0.028011939,0.0030681344
55.12206,-0.032254267,0.028107235,0.002332931
55.138554,-0.034597673,0.027872223,0.0024575898
55.155144,-0.037021436,0.027538637,0.0025869587
55.17192,-0.038552552,0.026793227,0.0019343507
55.188553,-0.040844265,0.026450373,0.0019729927
55.205544,-0.04336314,0.026290296,0.002082635
55.221886,-0.044790752,0.02622049,0.0013437584
55.238514,-0.04756348,0.02574211,0.0015121098
55.2551,-0.04876546,0.02551314,0.0007797291
55.27178,-0.05130915,0.02503444,0.0010182421
55.28833,-0.053918663,0.025056578,0.001305473
55.305275,-0.055372443,0.024549725,0.0006476446
55.321648,-0.058614913,0.02427392,0.0009762477
55.33843,-0.061505146,0.024371648,0.0013746739
55.35503,-0.062656365,0.024657382,0.00073125056
55.3718,-0.06566165,0.024753377,0.0011445228
55.388252,-0.06892135,0.024989843,0.0016228566
55.40517,-0.06993658,0.024755232,0.0010043901
55.4217,-0.07305401,0.02495391,0.0014940604
55.4383,-0.075988024,0.024659831,0.0020874357
55.454998,-0.07721753,0.024725107,0.0014194535
55.471863,-0.08006115,0.024995917,0.001995787
55.488262,-0.082257144,0.025090203,0.0025599096
55.50514,-0.083408386,0.025108399,0.001938723
55.521652,-0.08593856,0.025093036,0.0025158038
55.538284,-0.0879079,0.02490286,0.0032374822
55.554996,-0.08876722,0.024611615,0.0026484507
55.571877,-0.08997051,0.024385845,0.0033248258
55.58855,-0.0912673,0.024216298,0.003978192
55.60501,-0.091876164,0.024570923,0.0033323276
55.621677,-0.09247125,0.024450205,0.0040003383
55.63849,-0.09242978,0.024172116,0.0033179016
55.655098,-0.09258931,0.023829302,0.0050769723
55.67198,-0.09197522,0.023480995,0.005553247
55.688457,-0.09195196,0.023572784,0.0035597433
55.705063,-0.09052616,0.023262618,0.003903499
55.72193,-0.08888615,0.023090964,0.004237724
55.738747,-0.087455966,0.02305644,0.00454033
55.755264,-0.08492447,0.022547642,0.0048207724
55.772102,-0.08180936,0.022219991,0.005133611
55.788555,-0.08178647,0.022304522,0.0030687116
55.805542,-0.07823013,0.02165479,0.0033291802
55.822315,-0.07256293,0.020840345,0.0047165668
55.838684,-0.07005006,0.02077748,0.0038122693
55.855362,-0.06478503,0.02008526,0.0040648007
55.87219,-0.06069854,0.019530175,0.004287559
55.88868,-0.058581475,0.019616757,0.00330001
55.905685,-0.053206697,0.019020433,0.003499136
55.92216,-0.048011854,0.018429885,0.0036512923
55.939,-0.045592736,0.01827563,0.0026743005
55.955517,-0.04045694,0.017976914,0.0028090272
55.972023,-0.035085313,0.017372655,0.003037475
55.988895,-0.032303635,0.016869888,0.002074705
56.005394,-0.026627228,0.01620866,0.0023042422
56.022938,-0.02119454,0.015597015,0.0026283825
56.03884,-0.01855529,0.014826194,0.0015306874
56.055225,-0.013116658,0.014146736,0.0019680765
56.072014,-0.0079129515,0.013747667,0.0022947786
56.089127,-0.005424263,0.013999071,0.0013010603
56.105736,-0.0009336343,0.013371279,0.00154917
56.12233,0.0029095863,0.013050195,0.0019003318
56.138977,0.0051740236,0.012749248,0.0009169016
56.155506,0.009378715,0.012626978,0.0012793563
56.17183,0.011279983,0.01221039,0.00034642895
56.18884,0.014548478,0.01216728,0.00077123113
56.20552,0.017813219,0.012030691,0.0011192814
56.22216,0.01974318,0.012132749,0.00016928087
56.238823,0.022457622,0.012121936,0.00062478986
56.25597,0.024721336,0.01223086,0.0011172591
56.27216,0.025894055,0.012621209,0.00002664418
56.28879,0.027648402,0.012752204,0.00063475844
56.30575,0.028987572,0.013399195,0.0010804946
56.322136,0.029543024,0.013504768,0.000117723925
56.338627,0.030382073,0.014382658,0.0006791034
56.355305,0.031028412,0.014932345,0.0013508804
56.371834,0.031075394,0.015466468,0.00043042804
56.388504,0.030444274,0.016748859,0.0011447584
56.405296,0.029827729,0.01806686,0.0018393634
56.422306,0.029244944,0.01820778,0.0009505609
56.438354,0.028020442,0.019545676,0.0016139371
56.455437,0.026305594,0.020859625,0.0024778857
56.471867,0.025267856,0.021538634,0.0015019928
56.48831,0.023565462,0.022959834,0.002333398
56.505074,0.02180615,0.024220346,0.0031672982
56.52209,0.020708581,0.024602078,0.0022897613
56.538673,0.018324021,0.026180355,0.003065176
56.555424,0.015823748,0.027583132,0.0039372365
56.571888,0.014431822,0.028821485,0.003074726
56.588585,0.011422947,0.030547839,0.003994494
56.60481,0.009905387,0.03132333,0.0031397508
56.62174,0.0066247797,0.033021983,0.004098386
56.638603,0.0046958905,0.034149904,0.003214003
56.655357,0.0015191255,0.03604322,0.004060732
56.671696,-0.0022160015,0.038057104,0.0049541523
56.68837,-0.0060167415,0.039339717,0.005916586
56.70531,-0.007643752,0.04037037,0.00496559
56.72244,-0.010882028,0.04161513,0.00577116
56.738632,-0.014216022,0.04313714,0.0065718614
56.755238,-0.016086895,0.043714717,0.005686103
56.771954,-0.01926936,0.04500015,0.0064987256
56.788418,-0.022214364,0.046108823,0.0073680617
56.80526,-0.02348011,0.04689424,0.006343766
56.821922,-0.026372751,0.04788394,0.007158145
56.838486,-0.028606156,0.048778277,0.007963044
56.855328,-0.029556863,0.04887839,0.006902618
56.871765,-0.031630922,0.049811274,0.007580462
56.88831,-0.032439366,0.05064898,0.006480869
56.905106,-0.034227297,0.051319923,0.0071068727
56.92153,-0.03544043,0.051657077,0.00772677
56.93841,-0.0367318,0.051934905,0.008452045
56.954945,-0.037360217,0.051518455,0.0071388795
56.971886,-0.038068634,0.05225593,0.0077496124
56.98822,-0.03830338,0.052440636,0.0064229895
57.0052,-0.03866856,0.052194767,0.0070459032
57.02177,-0.038661364,0.05179529,0.0074576032
57.038273,-0.0383502,0.051653653,0.007871933
57.055225,-0.037585825,0.05138999,0.008371782
57.071995,-0.03651747,0.050924014,0.008774238
57.088432,-0.0364402,0.050979104,0.0057464004
57.105164,-0.03541497,0.050412387,0.006198328
57.121685,-0.033767946,0.04980996,0.006666664
57.13844,-0.03163278,0.04827935,0.0071245907
57.15502,-0.029763246,0.047320273,0.007453722
57.171585,-0.027370982,0.0461628,0.007957873
57.188316,-0.025873391,0.045110554,0.006635241
57.205227,-0.023387484,0.043569036,0.007089132
57.221786,-0.02145146,0.042166732,0.0076076086
57.2383,-0.020208132,0.041447695,0.0062454618
57.25506,-0.018436935,0.03990761,0.006832483
57.27175,-0.01730672,0.03934944,0.0054295743
57.288525,-0.015379787,0.037877165,0.0059666056
57.30503,-0.013695755,0.03642388,0.006495641
57.32181,-0.012000742,0.03492822,0.007016178
57.338497,-0.0116641065,0.033921912,0.0056533036
57.35507,-0.010440335,0.03241912,0.006116305
57.3719,-0.009397719,0.031189406,0.006619847
57.38847,-0.009070023,0.030368976,0.00527084
57.405052,-0.008118336,0.028937057,0.005776367
57.421707,-0.007489177,0.028567985,0.0044274903
57.43845,-0.006599814,0.027284667,0.0049458602
57.455074,-0.0063481308,0.026203534,0.005459537
57.47228,-0.005847153,0.02466602,0.0060149287
57.488525,-0.0055266107,0.024060998,0.0044983807
57.505207,-0.0051079597,0.023176406,0.0051246113
57.52187,-0.005178816,0.0228311,0.0037273604
57.538635,-0.0049289777,0.021887047,0.004240356
57.555065,-0.004569631,0.021112334,0.004841682
57.57205,-0.004415722,0.02096165,0.003481483
57.588856,-0.004917327,0.020534206,0.0040446892
57.605328,-0.00516768,0.020358924,0.004682469
57.621853,-0.005758004,0.020351829,0.0033950254
57.638866,-0.006440522,0.02048568,0.004159983
57.655296,-0.0074453563,0.020822354,0.0048377174
57.67245,-0.008082877,0.02098823,0.0036236094
57.68925,-0.0106408335,0.02216289,0.0042969338
57.705383,-0.013271816,0.02319947,0.0051686657
57.722,-0.014273128,0.023272943,0.0039004802
57.738934,-0.01688974,0.024235537,0.0048212195
57.75588,-0.018153705,0.024506465,0.0033826542
57.772,-0.02126721,0.026240103,0.0042402823
57.788876,-0.02404033,0.027330449,0.0052357214
57.80544,-0.025063686,0.028163094,0.0038526529
57.822086,-0.027908659,0.029687863,0.004791429
57.83888,-0.031301223,0.03153435,0.0057492955
57.85568,-0.03286708,0.032379836,0.004339148
57.871864,-0.035372358,0.033964947,0.005250634
57.88875,-0.037969347,0.03596439,0.0062986924
57.90556,-0.041390326,0.037941158,0.0071783
57.922314,-0.04278659,0.038860105,0.005888077
57.938873,-0.045054756,0.040192768,0.0067598275
57.955677,-0.047748983,0.042306013,0.0077507826
57.972374,-0.049309775,0.043031752,0.006345825
57.988815,-0.051875703,0.04473609,0.0072561014
58.005844,-0.05324894,0.04602278,0.008200221
58.0224,-0.053982798,0.04689317,0.0067669596
58.038795,-0.055573575,0.04833769,0.007713585
58.0555,-0.056092847,0.049143776,0.006370893
58.071907,-0.056785822,0.049790356,0.0072842296
58.088646,-0.057196517,0.05021768,0.008305576
58.105675,-0.057556465,0.050521422,0.006950057
58.121876,-0.057509396,0.05147415,0.007838236
58.13873,-0.0570099,0.051615663,0.008970637
58.15519,-0.056938965,0.05154877,0.0076498436
58.171997,-0.056471862,0.051512137,0.008803086
58.18941,-0.05590301,0.051569432,0.009973295
58.205105,-0.054964397,0.052157674,0.00848434
58.22144,-0.05367598,0.051680166,0.009947037
58.237976,-0.053032488,0.051534217,0.008697727
58.25504,-0.051969625,0.05132213,0.009949312
58.271236,-0.05026838,0.051225055,0.01106294
58.28793,-0.049276635,0.05113227,0.009809472
58.304752,-0.04665087,0.0503192,0.013461931
58.321354,-0.044532076,0.049874686,0.014562545
58.337975,-0.044434972,0.04996045,0.010688763
58.354992,-0.04209393,0.049146675,0.011844825
58.371456,-0.03979161,0.04896366,0.012798834
58.38814,-0.037657592,0.048193254,0.01382674
58.40536,-0.03516821,0.04699701,0.014791388
58.421474,-0.032522008,0.046311352,0.015565015
58.43822,-0.032433346,0.046373576,0.011738053
58.4547,-0.029928964,0.045851454,0.0125287
58.471294,-0.026497345,0.0437833,0.015713299
58.488987,-0.02511278,0.043837287,0.01408764
58.50545,-0.022567049,0.04309382,0.014471817
58.522,-0.020067498,0.04213751,0.015083767
58.538616,-0.018708995,0.04162659,0.01335846
58.555405,-0.01657257,0.041287765,0.0138850715
58.571888,-0.014088032,0.040728636,0.014295271
58.588665,-0.012768737,0.04046908,0.012498864
58.605297,-0.010045579,0.03937302,0.012840731
58.62188,-0.007871919,0.038834754,0.0132070705
58.6388,-0.006698576,0.0385533,0.011312669
58.655075,-0.0041572996,0.03739976,0.011532589
58.67162,-0.0017463086,0.036302686,0.011904811
58.68836,-0.0006756648,0.03562537,0.010011847
58.705093,0.0016906704,0.03444472,0.010203578
58.721947,0.0041711456,0.03336221,0.010384654
58.73818,0.0053612934,0.03314002,0.0083789425
58.7548,0.0075186593,0.032332074,0.008647696
58.77174,0.008363041,0.031625707,0.00664801
58.788116,0.010361312,0.030676648,0.0067149764
58.805107,0.012609204,0.029738778,0.007007758
58.82161,0.0135111315,0.029531699,0.005003185
58.838177,0.015293572,0.028828487,0.005290889
58.854813,0.017250903,0.027881088,0.0056343637
58.87145,0.01830534,0.027797824,0.0036872702
58.888203,0.019860249,0.027707582,0.00401337
58.90514,0.021376658,0.02739474,0.0043155737
58.9218,0.021905305,0.026909797,0.0022744548
58.93838,0.023035645,0.026514815,0.0026107419
58.954937,0.024277098,0.026319401,0.0030268894
58.97212,0.024946094,0.026355382,0.0010656683
58.988037,0.025884766,0.026040755,0.001320254
59.00508,0.026720688,0.025864067,0.0019773901
59.02158,0.02654282,0.025334122,-0.000095849704
59.038536,0.027128559,0.025484882,0.00041785193
59.055206,0.028010044,0.025593719,0.0008655064
59.071575,0.028421912,0.025975164,-0.0010575117
59.0883,0.028925907,0.02637696,-0.00042059546
59.104935,0.02909785,0.026501115,0.00017805093
59.121628,0.029028669,0.026665943,-0.0016861372
59.138145,0.029326838,0.02674933,-0.0009973063
59.154785,0.029541032,0.0269724,-0.0028262837
59.171688,0.02929237,0.027374374,-0.0020344418
59.188126,0.028977131,0.02750952,-0.001266624
59.20469,0.028558597,0.02724121,-0.0030378904
59.2213,0.027960261,0.02749684,-0.0021474427
59.237972,0.027884047,0.027569437,-0.0013417805
59.254784,0.028029796,0.028174214,-0.0029878668
59.271606,0.027728202,0.028227061,-0.002146912
59.28874,0.02748291,0.02824486,-0.0012412217
59.304928,0.027059099,0.028341018,-0.003068661
59.321846,0.026581379,0.028968103,-0.0020324695
59.338562,0.02583236,0.029874211,-0.0010978756
59.3552,0.02545749,0.029675856,-0.0029510795
59.371933,0.024638304,0.03051904,-0.0019921635
59.388428,0.023655346,0.031143038,-0.0010185282
59.405052,0.023502853,0.03177497,-0.0028298039
59.422184,0.022499172,0.032436077,-0.0018304569
59.43918,0.021861807,0.032689687,-0.0009849682
59.45509,0.021234123,0.033100627,-0.0029085835
59.472366,0.020037713,0.033726845,-0.0016560372
59.48862,0.019752542,0.033909775,-0.0036533552
59.50522,0.01870569,0.034329697,-0.002470368
59.521725,0.017476166,0.034969784,-0.0013923339
59.538513,0.016206643,0.035628915,-0.0003261781
59.555584,0.015449588,0.035885,-0.0021537212
59.57196,0.014413709,0.035889547,-0.001230554
59.58923,0.012817021,0.03653418,-0.00006998052
59.605423,0.012224217,0.036777,-0.0020809392
59.62238,0.010722266,0.037105534,-0.00084310526
59.638905,0.009366475,0.03730492,0.00015355175
59.655544,0.00848036,0.037197445,-0.0016154421
59.6724,0.0066167363,0.03736595,0.0023681072
59.68868,0.006707001,0.037350174,-0.0024606988
59.70562,0.0050158496,0.037714712,-0.0012934977
59.72242,0.0035815237,0.0374779,-0.00033243664
59.739388,0.0019806367,0.037548464,0.0006474079
59.755684,0.0004421031,0.037490826,0.0015315709
59.772175,-0.0007715434,0.037597865,0.0026390776
59.789143,-0.00068156846,0.03759988,-0.002146673
59.80579,-0.0019208096,0.037474807,-0.0013171564
59.822803,-0.0039094705,0.037723035,0.0025125353
59.8388,-0.0044488385,0.03770779,0.00044878974
59.855457,-0.0054199463,0.03755531,0.0014962195
59.87236,-0.0063544028,0.03773698,0.0023069007
59.889957,-0.0070111305,0.037733756,0.0002084508
59.905804,-0.0076847677,0.037707638,0.00068627135
59.92207,-0.008769196,0.037497945,0.0017077171
59.938828,-0.009417464,0.03745471,-0.0002657926
59.95538,-0.010609754,0.03744166,0.00040921115
59.971893,-0.011524297,0.03707409,0.0011108291
59.98922,-0.011959755,0.037108194,-0.0009739365
60.00525,-0.01251715,0.03679903,-0.0005271483
60.02204,-0.013212517,0.03674459,0.00031711522
60.038914,-0.013267085,0.036880992,-0.0018829085
60.055294,-0.013883397,0.036404334,-0.0012805415
60.07222,-0.014266252,0.036765393,-0.00051808794
60.088856,-0.014561445,0.036877763,-0.0027587295
60.105186,-0.014786537,0.03702846,-0.0020090665
60.12198,-0.015425593,0.03669817,-0.0010822593
60.138676,-0.015597054,0.03683836,-0.0032131975
60.155243,-0.016183876,0.036345217,-0.002326937
60.17189,-0.016227372,0.03642717,-0.0044171116
60.1887,-0.01680478,0.036343843,-0.003591427
60.2056,-0.01711728,0.035927776,-0.0027255886
60.221973,-0.017074985,0.03587056,-0.0048869164
60.23867,-0.017144924,0.035162225,-0.003802169
60.255215,-0.017168818,0.03472923,-0.002778073
60.27189,-0.01722367,0.03412756,-0.0047712675
60.288506,-0.017463256,0.033887863,-0.0037093929
60.304985,-0.017227525,0.033065364,-0.0026180344
60.32182,-0.017081285,0.032911856,-0.004559363
60.338455,-0.016925167,0.031983968,-0.0035101615
60.355186,-0.016887933,0.03148556,-0.0023536833
60.371983,-0.016270157,0.031326942,-0.004425021
60.38866,-0.015806047,0.030603778,-0.0033095884
60.40555,-0.014938998,0.029677007,-0.0021754145
60.421875,-0.014768355,0.029410133,-0.0041667535
60.43874,-0.014229346,0.029220574,-0.0029459188
60.455353,-0.013315248,0.028319161,-0.0017976399
60.471992,-0.01246653,0.028199682,-0.003786522
60.488686,-0.012170739,0.027877135,-0.002514563
60.505592,-0.011506068,0.027948506,-0.0012483239
60.522,-0.011372445,0.027553314,-0.003330828
60.53867,-0.010756488,0.027056651,-0.0019118419
60.555607,-0.010333503,0.026933836,-0.0006014298
60.571728,-0.00957794,0.027190963,-0.0026926608
60.58852,-0.008798643,0.02708228,-0.0011312749
60.605465,-0.007939663,0.026777891,0.000179655
60.621876,-0.0077170436,0.026783459,-0.0018812967
60.638393,-0.006890836,0.02684485,-0.00036786112
60.655388,-0.006375042,0.026909787,-0.0023104881
60.67174,-0.0054328116,0.02676309,-0.0009948575
60.688732,-0.0044718725,0.026808623,0.00054429926
60.70505,-0.004649508,0.027002238,-0.0015327887
60.721767,-0.0038238734,0.027583018,0.0000063183284
60.73871,-0.0025677707,0.027432205,0.001468528
60.755035,-0.0017658772,0.02743692,-0.00057385705
60.771786,-0.0008259097,0.027843697,0.0009895664
60.78838,0.0002509645,0.028150242,0.002372666
60.805412,0.00084521185,0.028250705,0.00044860216
60.82154,0.0021372754,0.027559794,0.0017897737
60.8382,0.003188598,0.027413936,0.0033713055
60.855644,0.00354138,0.027468456,0.0015224494
60.871723,0.0042322804,0.02711643,0.0026774062
60.88851,0.005286653,0.026577624,0.0043953634
60.90517,0.0063260603,0.026290404,0.0023256685
60.92173,0.0074726087,0.026377298,0.003814437
60.93847,0.008341165,0.026117522,0.005331609
60.955006,0.0083941,0.025718244,0.0032455267
60.971653,0.009661818,0.02582964,0.004786588
60.988594,0.010986327,0.026133826,0.006256098
61.005,0.011882832,0.026083287,0.004081442
61.02203,0.013417338,0.026304249,0.005605775
61.03839,0.015072272,0.02667261,0.006834659
61.055225,0.016431076,0.027149877,0.008301396
61.07174,0.01783874,0.027557228,0.009598404
61.088703,0.017915038,0.027507577,0.004052823
61.105103,0.019257594,0.027686331,0.005285003
61.12189,0.020478377,0.027778542,0.0066467733
61.138466,0.021466935,0.027767582,0.00786454
61.155212,0.022185037,0.0277997,0.00910819
61.1719,0.02308428,0.02764513,0.010220582
61.18877,0.023162184,0.027579393,0.004560824
61.205635,0.024513487,0.028063947,0.009058238
61.2219,0.025349842,0.028534234,0.010066905
61.238426,0.026022218,0.028637387,0.007895233
61.255295,0.026738387,0.02870605,0.008952581
61.27192,0.027509961,0.029154222,0.009883723
61.288822,0.027679762,0.029174464,0.0075157005
61.305225,0.028405968,0.02952723,0.008321235
61.32227,0.029144619,0.029827442,0.009340482
61.338806,0.02932759,0.029938871,0.006803196
61.35531,0.029726818,0.030428754,0.00772649
61.372055,0.03019269,0.030922098,0.008660259
61.388912,0.031182034,0.031161427,0.006187539
61.405437,0.031425882,0.03158279,0.007010142
61.422043,0.031722866,0.03212996,0.007959562
61.438824,0.031927858,0.032246355,0.00549513
61.455257,0.032369748,0.032945067,0.0063642086
61.472202,0.032774914,0.033575114,0.0073244446
61.4889,0.03246123,0.033837337,0.00478177
61.505733,0.03279235,0.03450791,0.00564442
61.522713,0.033145227,0.03501769,0.006495309
61.539238,0.03378893,0.03529989,0.003960035
61.55576,0.033723168,0.036163945,0.004998549
61.572414,0.03389139,0.036213227,0.002630062
61.58891,0.034020215,0.036814183,0.003662647
61.60579,0.034076475,0.037732948,0.004830201
61.622314,0.034266237,0.03756954,0.0023251143
61.6387,0.034182344,0.037657164,0.0035044395
61.65613,0.03379128,0.037648268,0.0046813264
61.672127,0.03387361,0.03755783,0.002010576
61.68894,0.03366933,0.03704383,0.0033110438
61.70543,0.03345234,0.035893496,0.0044726683
61.722057,0.03298173,0.034900375,0.0021267345
61.73864,0.032707974,0.033449106,0.0032730736
61.755245,0.032308612,0.031775318,0.0044639767
61.77216,0.032510415,0.030812463,0.002037011
61.789207,0.032238014,0.029185515,0.0030224214
61.806145,0.03170661,0.02704036,0.0040319953
61.822556,0.03092074,0.025642049,0.0014113176
61.838863,0.0306846,0.022960365,0.0026291506
61.855595,0.030019714,0.0199837,0.0039207614
61.87223,0.029488644,0.018138587,0.0014107642
61.88889,0.02855007,0.015065084,0.0025435446
61.905838,0.027488932,0.011907214,0.003614213
61.922035,0.027315589,0.010548291,0.0010327647
61.938606,0.026411196,0.007380327,0.0022298885
61.955273,0.025466166,0.0041071316,0.0033654617
61.97196,0.024443863,0.0019030815,0.0007703525
61.988377,0.023397619,-0.0018373708,0.0018675008
62.00555,0.022981515,-0.0035589277,-0.00055293704
62.021946,0.021474287,-0.0064350963,0.00031269377
62.03859,0.020054156,-0.009830354,0.0014181496
62.0552,0.019419651,-0.011178077,-0.0011057565
62.07191,0.018315172,-0.013545798,-0.0001153384
62.088383,0.01714645,-0.015298712,0.00076605263
62.10517,0.016156519,-0.016227584,-0.0017632733
62.121742,0.0150429215,-0.017783154,-0.0009376122
62.138325,0.01411533,-0.018698817,-0.000059725684
62.15517,0.013295876,-0.018963646,-0.0026600107
62.171776,0.012190799,-0.0195054,-0.0019499883
62.18863,0.011326464,-0.019912435,-0.0011418848
62.205185,0.011205674,-0.019855822,-0.0039178985
62.221878,0.010252945,-0.019259011,-0.0031150265
62.238613,0.0093842605,-0.01876401,-0.0023670618
62.25537,0.008993884,-0.018516019,-0.0051520867
62.272156,0.008377305,-0.01788074,-0.004480944
62.288303,0.0079522375,-0.016751993,-0.0038307451
62.305325,0.0073908046,-0.01597102,-0.006444568
62.321877,0.0069975615,-0.014678643,-0.0059298472
62.338898,0.0065929815,-0.013525483,-0.0052441526
62.355095,0.006728492,-0.012713979,-0.00820862
62.37195,0.006416988,-0.011069115,-0.007456087
62.388767,0.0061160824,-0.00957419,-0.006970755
62.405136,0.0056152004,-0.0086727785,-0.009896631
62.421974,0.005350492,-0.006978426,-0.009254934
62.438774,0.0050637717,-0.0051918062,-0.0087940805
62.455063,0.0046944693,-0.0034142695,-0.008323918
62.472454,0.004583085,-0.0018244676,-0.007646388
62.48853,0.0045771087,-0.0018395744,-0.0142331645
62.505123,0.004520233,0.00002183604,-0.013494732
62.522156,0.0046289633,0.0017556371,-0.012932625
62.53888,0.00472349,0.0032635666,-0.012552843
62.5551,0.0050027585,0.004940084,-0.012067289
62.571796,0.005481872,0.0066907387,-0.011356692
62.58847,0.006111358,0.0073680584,-0.014254354
62.605133,0.006754463,0.008737702,-0.01371229
62.621975,0.007289987,0.0105284965,-0.013124179
62.638557,0.007400451,0.0113724,-0.016063008
62.65535,0.007984689,0.013024905,-0.015370823
62.672325,0.008921588,0.01446214,-0.014746543
62.689194,0.009270177,0.015054077,-0.017726613
62.70492,0.009900756,0.016545324,-0.017108437
62.72191,0.010669031,0.017705686,-0.016032424
62.738792,0.010796061,0.018292166,-0.018954588
62.75608,0.011641148,0.019219356,-0.018237533
62.772285,0.012495357,0.020399967,-0.017620035
62.789154,0.013433369,0.02085496,-0.020226417
62.805782,0.013939923,0.021983285,-0.019450173
62.822884,0.01417502,0.022747837,-0.018478919
62.838947,0.014355638,0.022905026,-0.021482758
62.855064,0.014759808,0.023420423,-0.020205144
62.871964,0.014924943,0.023515183,-0.022746067
62.889557,0.01524017,0.023323929,-0.021770397
62.90605,0.015240896,0.022743255,-0.020992499
62.92243,0.015630247,0.021970917,-0.023652302
62.9388,0.0153169455,0.020829758,-0.022229057
62.955627,0.014735749,0.019150501,-0.020825254
62.972683,0.014320325,0.01827898,-0.023439229
62.988735,0.014222444,0.016916873,-0.022175284
63.00574,0.013970456,0.015240587,-0.020482961
63.022243,0.013509996,0.014047179,-0.023078134
63.0385,0.013062315,0.011897656,-0.021423593
63.055885,0.012820555,0.01029945,-0.019639716
63.072308,0.01304273,0.009771517,-0.022366036
63.08895,0.01228279,0.0075605926,-0.02059195
63.10586,0.011704338,0.005589672,-0.018877331
63.122086,0.0114720985,0.0048716683,-0.021309543
63.138756,0.010907737,0.0036370454,-0.019281417
63.155476,0.0101505965,0.0020552347,-0.017438801
63.17214,0.010055387,0.0007993006,-0.019760063
63.18892,0.009718091,-0.00013366445,-0.017853053
63.205666,0.009272435,-0.0010863685,-0.015917268
63.22191,0.008590313,-0.0015174426,-0.018302573
63.239017,0.008067688,-0.002678108,-0.016120268
63.256126,0.0076719327,-0.0037748758,-0.014356508
63.27231,0.0078350715,-0.0040730936,-0.016804991
63.28883,0.0072770636,-0.0051755146,-0.014631052
63.305965,0.0071022487,-0.0064638285,-0.012596996
63.322186,0.006644896,-0.0068858983,-0.015026344
63.338936,0.006280951,-0.0076180855,-0.012877206
63.355434,0.0066368645,-0.008403015,-0.010922839
63.3724,0.0068652765,-0.008722216,-0.0131139215
63.38935,0.0069274334,-0.008927613,-0.0112622855
63.40554,0.0073539834,-0.008670914,-0.009327624
63.42224,0.0072554294,-0.008995754,-0.011562374
63.43898,0.008313168,-0.0085016675,-0.009552718
63.4557,0.0089721875,-0.0086797355,-0.007612959
63.47225,0.009099416,-0.0084016705,-0.010053973
63.488586,0.00950816,-0.008225532,-0.008044857
63.505432,0.010036232,-0.008152544,-0.01038215
63.522022,0.010715006,-0.007778508,-0.008506964
63.538883,0.011491095,-0.007462967,-0.0065617594
63.555542,0.01154038,-0.007154683,-0.00909804
63.572037,0.012514619,-0.0068975734,-0.007245936
63.58866,0.013477823,-0.0064625107,-0.005341813
63.604782,0.014195169,-0.006466612,-0.0077800346
63.621956,0.015245072,-0.0059808246,-0.0057427576
63.638508,0.016564202,-0.0051601143,-0.0041507552
63.655216,0.017008776,-0.00492921,-0.00665286
63.672012,0.018287849,-0.0042677214,-0.0049067214
63.688637,0.019747706,-0.0034927835,-0.0032247612
63.705368,0.020727508,-0.0034397373,-0.0057762247
63.721954,0.022019837,-0.002767559,-0.0041370387
63.7387,0.023724582,-0.0017650144,-0.0024526846
63.755276,0.02464765,-0.0014892834,-0.005061843
63.7721,0.025884733,-0.0008521852,-0.0034158414
63.788605,0.027141193,-0.00025538413,-0.0018302912
63.80541,0.02757138,0.0003669823,-0.0043693725
63.82203,0.029020606,0.0010710433,-0.0028322109
63.83849,0.03071673,0.0021306167,-0.0011944118
63.85529,0.03233775,0.002645796,0.00043859187
63.87204,0.0337252,0.003465474,0.0019433798
63.88863,0.033737347,0.003348503,-0.0049933596
63.90535,0.035602327,0.004242991,-0.0033890065
63.922054,0.037334736,0.004880462,-0.0018787914
63.93874,0.038906865,0.0055991714,-0.00037690278
63.95528,0.04036703,0.00642558,0.0011241563
63.9714,0.042178947,0.007384924,0.0027408334
63.988266,0.042203277,0.007243285,-0.003970552
64.005005,0.044730373,0.008675687,0.0017501981
64.021965,0.046798736,0.009933978,0.0032915664
64.03872,0.04783496,0.010022366,0.00046210317
64.05524,0.049331818,0.010709559,0.0019854025
64.07199,0.050842017,0.011463833,0.0035534261
64.08871,0.051604804,0.011910756,0.0007993928
64.105316,0.053129744,0.012272607,0.002245228
64.12214,0.053922556,0.012648151,0.0037361362
64.13851,0.054620918,0.012394421,0.00084983173
64.15526,0.055465344,0.013084279,0.0023669198
64.17187,0.055318005,0.013071816,-0.0005087325
64.18861,0.0552539,0.013158733,0.0009164264
64.20492,0.0554473,0.012774482,0.002334855
64.22162,0.055584703,0.012673522,0.0038608722
64.2385,0.055568576,0.012233661,0.0010298692
64.255,0.05585271,0.012286949,0.0023541152
64.271866,0.056044843,0.011986715,-0.00042390582
64.288506,0.055895828,0.011811152,0.0008897791
64.30503,0.055556454,0.011501963,0.0023022974
64.32176,0.055512473,0.01113177,0.0037655502
64.33851,0.055053618,0.011033598,0.0009050938
64.35523,0.054506432,0.010835895,0.002230038
64.37175,0.054337785,0.010427582,-0.0007300113
64.38833,0.05392157,0.0100139165,0.00059421366
64.405075,0.05340288,0.009646166,0.0018299064
64.421906,0.053015318,0.00973634,-0.0011653549
64.43853,0.05234788,0.00905482,-0.00012572124
64.45561,0.051837087,0.008888841,0.00095223065
64.47208,0.051979464,0.008461363,-0.0022453384
64.48856,0.051070392,0.008055969,-0.0011816137
64.50519,0.050194442,0.0077413553,-0.000057345704
64.521935,0.05001909,0.007340031,-0.0031603253
64.538635,0.049520697,0.007214002,-0.0021675024
64.55537,0.048703194,0.0072671464,-0.0012303032
64.57193,0.048786238,0.0067274477,-0.0043530534
64.58869,0.048176553,0.0065377145,-0.0034230752
64.6052,0.047492567,0.006248923,-0.0026482607
64.621956,0.04733216,0.0062950943,-0.0056768297
64.639046,0.045973703,0.0061499756,-0.0048592347
64.6554,0.0451548,0.0057668095,-0.004251126
64.67221,0.044851944,0.005408785,-0.007231747
64.688675,0.04365802,0.005199604,-0.0064844685
64.705505,0.042251315,0.004824881,-0.005584495
64.72237,0.04189852,0.004438803,-0.008837289
64.73873,0.04015463,0.004008044,-0.008172825
64.75543,0.03821788,0.0035412144,-0.007277083
64.772285,0.03696185,0.00383314,-0.010493673
64.78868,0.034933843,0.003658513,-0.009795424
64.80531,0.032183643,0.0029703274,-0.008821167
64.82243,0.030662006,0.0020144258,-0.012062623
64.838615,0.028134296,0.001421286,-0.011376726
64.855896,0.025857016,0.00065863586,-0.010299553
64.87238,0.024336716,0.0005601681,-0.013755565
64.888954,0.020834973,-0.00069040776,-0.01274658
64.905556,0.019334586,-0.0011164253,-0.015840137
64.922325,0.016791943,-0.0021741276,-0.014825371
64.93922,0.013832229,-0.0032826005,-0.013824362
64.95581,0.012158095,-0.00363544,-0.017046347
64.97232,0.009517869,-0.004661919,-0.015835004
64.98945,0.006707898,-0.0056899707,-0.014558827
65.0058,0.0053973156,-0.005890068,-0.017803285
65.022285,0.0027683852,-0.006674316,-0.01641118
65.039406,0.00028868127,-0.007458924,-0.015109065
65.05587,-0.00069228763,-0.00798783,-0.018286597
65.072174,-0.0032797905,-0.009060707,-0.01689765
65.0887,-0.0057565,-0.009711327,-0.015360685
65.10537,-0.0071427296,-0.010085776,-0.018267132
65.12232,-0.009629746,-0.010848288,-0.016872918
65.1387,-0.010938031,-0.011493635,-0.019918507
65.15516,-0.013352358,-0.012393798,-0.01823474
65.17209,-0.01605369,-0.013040186,-0.01653506
65.18875,-0.018575141,-0.013563004,-0.015086695
65.20536,-0.01958393,-0.013030296,-0.017856248
65.22194,-0.021516224,-0.013648937,-0.016194187
65.23875,-0.0229578,-0.01400443,-0.014424975
65.2558,-0.023532778,-0.014439001,-0.017328938
65.27224,-0.024644181,-0.014667903,-0.015834898
65.28942,-0.025185183,-0.014826638,-0.0140358815
65.30567,-0.025622524,-0.015060967,-0.012573615
65.322075,-0.025990091,-0.0152770905,-0.010708502
65.33894,-0.02604567,-0.015182866,-0.017965086
65.355446,-0.026123846,-0.015413369,-0.016380582
65.37276,-0.025531368,-0.015705574,-0.0146404365
65.38964,-0.024928885,-0.015714599,-0.013261888
65.406006,-0.024314513,-0.015630562,-0.01173531
65.42282,-0.023364197,-0.015800757,-0.009964535
65.43876,-0.02279725,-0.0151722925,-0.012936294
65.45542,-0.02186208,-0.015250209,-0.010961648
65.47211,-0.020298533,-0.015186737,-0.00926364
65.48874,-0.019339498,-0.015283158,-0.012160625
65.50552,-0.017751252,-0.015033391,-0.010342557
65.522095,-0.01581005,-0.014934174,-0.008726421
65.53912,-0.014754155,-0.015494635,-0.011454143
65.55534,-0.012358381,-0.015538872,-0.009826739
65.5723,-0.009698088,-0.01543875,-0.0078029917
65.58884,-0.0085889315,-0.015354258,-0.01079452
65.60528,-0.006029127,-0.015325466,-0.008925814
65.62224,-0.0031228191,-0.015565648,-0.0070038624
65.63869,-0.0018044637,-0.015270858,-0.009932087
65.655304,0.0009834901,-0.015280243,-0.007995915
65.6725,0.0037600636,-0.015355155,-0.0061528045
65.688805,0.0050073117,-0.016133277,-0.009134722
65.70569,0.0077890623,-0.016256472,-0.0071048825
65.72223,0.010834158,-0.016269054,-0.00529833
65.73864,0.012056197,-0.016443674,-0.008037583
65.756,0.01496563,-0.016545486,-0.00605604
65.772064,0.016274769,-0.016298387,-0.009063076
65.78879,0.019008128,-0.01679249,-0.0069707735
65.80514,0.022110878,-0.017382316,-0.0048815976
65.82212,0.02312521,-0.017957872,-0.0075802575
65.83872,0.0261527,-0.018670216,-0.005674964
65.855446,0.028701674,-0.019099738,-0.0035339473
65.87234,0.029836278,-0.019166363,-0.0063686883
65.88848,0.032084785,-0.019610077,-0.004369859
65.905846,0.03401836,-0.020256853,-0.002119613
65.921776,0.035016466,-0.020892954,-0.005189964
65.938835,0.03675097,-0.021223955,-0.0028355944
65.955345,0.038248684,-0.021529779,-0.0010463867
65.97231,0.038900137,-0.022022042,-0.003747958
65.98867,0.0400962,-0.02206081,-0.0020043193
66.00548,0.04141856,-0.02199972,0.00012756542
66.02203,0.04181319,-0.022133505,-0.0027687636
66.03832,0.042975392,-0.022260357,-0.0008359201
66.055275,0.043595996,-0.022256687,0.001226606
66.072845,0.044015847,-0.022567933,-0.0017920748
66.08862,0.04480627,-0.022568295,-0.00037596625
66.1055,0.04506533,-0.022563374,0.0017551827
66.122604,0.045184445,-0.022222595,-0.0013148973
66.13873,0.04520761,-0.022023007,0.00013633024
66.15533,0.045264833,-0.022071192,0.0018757763
66.17206,0.045269437,-0.021880513,-0.0010078381
66.18895,0.045007188,-0.021953847,0.0004229977
66.205696,0.0448252,-0.021364277,0.0017756829
66.222725,0.044957925,-0.021302242,-0.0012886078
66.23866,0.044731807,-0.02070566,-0.00006598934
66.25622,0.044607826,-0.019898463,0.0016886424
66.2728,0.044457044,-0.019928483,-0.001869082
66.2893,0.044804536,-0.019346585,-0.00051062444
66.30557,0.044652976,-0.019328378,-0.003584399
66.32192,0.044314183,-0.018588383,-0.0021256544
66.33904,0.04424251,-0.018176945,-0.00074608636
66.3562,0.04384942,-0.017370638,0.00025191312
66.372314,0.043533325,-0.017371645,-0.0031846785
66.389046,0.043136384,-0.01689953,-0.0017315462
66.40563,0.0429491,-0.016572738,-0.004997757
66.42205,0.042504143,-0.01611915,-0.0037952515
66.438705,0.0419611,-0.015389996,-0.002555814
66.45584,0.042131145,-0.015190055,-0.005784922
66.472336,0.041519914,-0.01457705,-0.0049239416
66.489136,0.0406447,-0.013563812,-0.0037844318
66.505936,0.04011106,-0.0135742845,-0.0070479363
66.52228,0.039121043,-0.012693062,-0.006110896
66.53883,0.0378165,-0.0117007205,-0.0048612747
66.556015,0.037138116,-0.010881553,-0.008113217
66.57239,0.035347477,-0.009941187,-0.00722631
66.58914,0.033766795,-0.008929234,-0.005957272
66.60613,0.03280186,-0.008542412,-0.009305447
66.622345,0.030796032,-0.0072896504,-0.008303298
66.63883,0.02857932,-0.0061342632,-0.0069989283
66.65591,0.027464163,-0.005849389,-0.010194254
66.67205,0.02545167,-0.0051309457,-0.009248313
66.6889,0.02313225,-0.0039868206,-0.00789817
66.706314,0.020556267,-0.0027442775,-0.006781048
66.72273,0.018368576,-0.0015699171,-0.0058342735
66.73921,0.018362414,-0.0016393564,-0.013396747
66.75568,0.015696608,-0.00068695616,-0.012049566
66.77219,0.012970035,0.00044535342,-0.01066702
66.78886,0.0104399035,0.0017687158,-0.009239218
66.805664,0.007901782,0.0030651803,-0.007900464
66.822586,0.0053021377,0.0040743668,-0.0066254055
66.83912,0.0053179874,0.0040536113,-0.014436236
66.85571,0.0016004733,0.0055851806,-0.008585872
66.87221,-0.00071004,0.0067313123,-0.0071284035
66.88899,-0.0021351264,0.0072735874,-0.010247205
66.90572,-0.004402822,0.008449687,-0.008948214
66.922356,-0.006124136,0.009674078,-0.0075612655
66.93907,-0.0067202193,0.010364828,-0.010808972
66.955666,-0.008524316,0.011185914,-0.009353347
66.97212,-0.010323023,0.011994567,-0.008009164
66.98888,-0.010681717,0.012628541,-0.011003564
67.005356,-0.011723493,0.012931222,-0.009653498
67.02203,-0.012728318,0.013088268,-0.008184842
67.038765,-0.013382752,0.01302435,-0.011259676
67.05553,-0.01444477,0.012738501,-0.009915192
67.07227,-0.014808741,0.012362128,-0.008526928
67.08893,-0.014907733,0.012417075,-0.011719382
67.1055,-0.014968419,0.011725961,-0.010268962
67.12235,-0.015232185,0.01106759,-0.008743526
67.13876,-0.015321228,0.010771701,-0.01200899
67.155396,-0.014955247,0.009680867,-0.010378909
67.172264,-0.014566328,0.0086629195,-0.008909569
67.18866,-0.014696683,0.008032853,-0.012105771
67.20604,-0.014207162,0.0070168027,-0.010516359
67.22243,-0.013596352,0.0056374557,-0.009334023
67.23866,-0.013214941,0.004989736,-0.012367299
67.25548,-0.01260379,0.004042438,-0.0106544895
67.272255,-0.012160244,0.002992385,-0.009135416
67.288704,-0.011531777,0.0029511228,-0.01226926
67.30512,-0.010635525,0.0018544147,-0.01058798
67.321785,-0.010595594,0.0008588474,-0.013527128
67.3388,-0.00971679,0.000005892061,-0.0118174935
67.355415,-0.008892715,-0.0010828795,-0.010294501
67.372246,-0.008370156,-0.0017580723,-0.013274731
67.388695,-0.007475788,-0.0028753972,-0.011605911
67.40505,-0.006809314,-0.0039204643,-0.009838985
67.42249,-0.0059729726,-0.0042167054,-0.012560502
67.438736,-0.0052566174,-0.0050134626,-0.011239907
67.455925,-0.004764746,-0.0054777716,-0.0092747435
67.47229,-0.004834752,-0.0059030717,-0.012441618
67.48848,-0.004329913,-0.0062080687,-0.010534771
67.50522,-0.0036664857,-0.0064464877,-0.008510135
67.521736,-0.0038887477,-0.006262397,-0.011536422
67.538864,-0.0035588176,-0.0063892026,-0.009668642
67.55537,-0.0034292312,-0.0068728835,-0.008045432
67.57218,-0.0029557787,-0.0069240825,-0.010947203
67.588394,-0.0028028835,-0.0071513164,-0.009220411
67.605034,-0.0024734084,-0.007163108,-0.0072808997
67.62206,-0.0023962313,-0.00689164,-0.010273559
67.6387,-0.0022852411,-0.006620227,-0.0087339785
67.65498,-0.0022077519,-0.0065850387,-0.011671082
67.67188,-0.0022098362,-0.005518856,-0.009758765
67.68851,-0.002094436,-0.004538401,-0.008056347
67.70558,-0.0017423563,-0.004249806,-0.006209121
67.72206,-0.0017250751,-0.0041823243,-0.009453631
67.7388,-0.0012233921,-0.003596817,-0.007572346
67.75519,-0.0011268944,-0.0034669486,-0.010597116
67.77158,-0.000525811,-0.0033460292,-0.008711165
67.78839,0.00039989015,-0.0036195659,-0.0067974026
67.80504,0.00092284335,-0.00370518,-0.0098603545
67.821495,0.0017799297,-0.0039413935,-0.00813757
67.8382,0.0025837647,-0.004842122,-0.0062598167
67.855225,0.0029501861,-0.0055654966,-0.009346501
67.87182,0.0038788207,-0.0066894656,-0.007814915
67.888374,0.005090812,-0.007263008,-0.006056894
67.90528,0.0056029162,-0.007871129,-0.009098403
67.92191,0.0065660644,-0.009227895,-0.0075833574
67.93919,0.007917184,-0.010501422,-0.0059383963
67.95577,0.008652158,-0.011070396,-0.00930101
67.97228,0.009656814,-0.011685051,-0.0076400163
67.98859,0.011043986,-0.013023758,-0.005943416
68.005066,0.011556835,-0.014114584,-0.008839893
68.02217,0.0124623915,-0.015176266,-0.0071449783
68.03942,0.013368466,-0.016391454,-0.005724094
68.055374,0.0142174885,-0.0170495,-0.0091005135
68.07232,0.01532938,-0.018493215,-0.007163131
68.08898,0.016132237,-0.019841187,-0.005721336
68.105446,0.016476782,-0.020150164,-0.008838306
68.12226,0.017221568,-0.02067274,-0.0072555346
68.13927,0.01840751,-0.021727439,-0.005852526
68.15615,0.019024719,-0.022556197,-0.0044259853
68.172386,0.01951979,-0.022747345,-0.0031132551
68.1892,0.019432845,-0.022821685,-0.010745369
68.20582,0.020324195,-0.023476088,-0.009358327
68.22271,0.021186462,-0.024977509,-0.007840223
68.23924,0.021625517,-0.0253992,-0.006543938
68.25552,0.02226331,-0.02555529,-0.0051677297
68.27194,0.022733843,-0.02630889,-0.0036425712
68.28862,0.022605894,-0.026472418,-0.006846985
68.30571,0.023269935,-0.026721623,-0.00554845
68.322784,0.023720326,-0.027014209,-0.004494196
68.33935,0.024049897,-0.027056918,-0.008040536
68.35643,0.024164263,-0.027477888,-0.0068156733
68.37293,0.024488598,-0.027741745,-0.005926507
68.38911,0.024069501,-0.02798345,-0.0092236055
68.40648,0.024221687,-0.027860677,-0.007919182
68.422485,0.024467036,-0.027795853,-0.007203608
68.43864,0.025102844,-0.027803065,-0.010272123
68.455956,0.025396222,-0.02756441,-0.009026468
68.47246,0.025525177,-0.02703757,-0.008345369
68.48864,0.025284907,-0.026766364,-0.011732656
68.50564,0.025447244,-0.026231583,-0.010552693
68.522385,0.025513524,-0.025758611,-0.014182071
68.53907,0.025144963,-0.024413263,-0.013270539
68.55556,0.024942668,-0.023204492,-0.012333015
68.57233,0.025130056,-0.022595886,-0.015698126
68.58899,0.024821801,-0.020843921,-0.014755778
68.60556,0.024335263,-0.018916227,-0.013723327
68.62245,0.023403758,-0.01709091,-0.012654716
68.63921,0.022917286,-0.016391115,-0.016141182
68.65533,0.02250157,-0.014767503,-0.015170532
68.67232,0.022123361,-0.01390048,-0.018289698
68.68887,0.021280833,-0.011657398,-0.017361706
68.70528,0.020545384,-0.009437679,-0.016199725
68.72209,0.020125996,-0.008038151,-0.019483604
68.73939,0.019404057,-0.005430054,-0.018408263
68.75554,0.018628063,-0.0022070808,-0.017494224
68.77242,0.017940897,-0.00049984443,-0.020633409
68.788994,0.016824024,0.0023897302,-0.019503634
68.80604,0.015837148,0.0050643855,-0.018161079
68.82285,0.015613839,0.0066326433,-0.02162367
68.83887,0.014737415,0.009758489,-0.020274425
68.85532,0.014125726,0.012442745,-0.018429976
68.87189,0.013254709,0.013621698,-0.021613233
68.88868,0.012671041,0.015988829,-0.019955765
68.90532,0.011940122,0.018078815,-0.018323183
68.92222,0.011913078,0.018794304,-0.021429436
68.93855,0.011524638,0.020406138,-0.01977871
68.955315,0.010711994,0.020525698,-0.022592342
68.97193,0.010357764,0.02055747,-0.02073626
68.98855,0.009633168,0.020257017,-0.018748494
69.005554,0.008751868,0.018926753,-0.016729698
69.02214,0.008194204,0.017816482,-0.019786624
69.038795,0.0074154614,0.015970405,-0.017704152
69.05537,0.0064100698,0.013757806,-0.015624577
69.0721,0.0059309625,0.012774978,-0.018412028
69.08872,0.004431077,0.0104650725,-0.016302474
69.105385,0.0033878526,0.0092867175,-0.019109959
69.121574,0.0018965724,0.0066891895,-0.016892724
69.13877,0.0005268454,0.0037217413,-0.0144715095
69.155174,-0.00021347265,0.002265358,-0.0174889
69.17221,-0.0017348136,-0.00042444599,-0.015165911
69.18867,-0.0030528768,-0.0033322917,-0.013147114
69.20533,-0.0039688093,-0.004867699,-0.015836999
69.222115,-0.005131266,-0.007576857,-0.013635859
69.23932,-0.0061511905,-0.010106237,-0.0115237245
69.25565,-0.007057474,-0.0111243995,-0.014634073
69.272194,-0.008325478,-0.013631527,-0.012321559
69.288605,-0.008509834,-0.0146782575,-0.0151075125
69.305595,-0.009737062,-0.016917769,-0.012863997
69.321945,-0.010955029,-0.019021086,-0.010935074
69.338615,-0.012084463,-0.020961186,-0.008728837
69.35525,-0.013454311,-0.021824803,-0.01157872
69.37199,-0.014717227,-0.023881141,-0.009467302
69.38912,-0.015408555,-0.02549288,-0.00736386
69.40545,-0.016009336,-0.026345488,-0.010488566
69.4225,-0.017298305,-0.027872209,-0.008169698
69.43868,-0.018391464,-0.029371783,-0.006250955
69.45519,-0.018515252,-0.030294614,-0.008909206
69.47205,-0.020470265,-0.0315441,-0.0017532237
69.48934,-0.020595312,-0.031462822,-0.009684459
69.50522,-0.02183557,-0.03239079,-0.00788188
69.52212,-0.02284791,-0.033291068,-0.005435349
69.53929,-0.023542495,-0.034091238,-0.0034548193
69.55575,-0.0245474,-0.034648623,-0.001594398
69.57201,-0.025335457,-0.034663044,0.0005287948
69.58945,-0.025467861,-0.03456612,-0.0071134274
69.60567,-0.02622986,-0.035289835,-0.0054970738
69.622406,-0.026761651,-0.035563868,-0.0032964775
69.63882,-0.027071059,-0.035502475,-0.0013609799
69.65579,-0.02742078,-0.035515036,0.0006583289
69.67216,-0.0274894,-0.035441674,0.0023924669
69.68902,-0.027275806,-0.03551822,-0.0004293676
69.705475,-0.027318938,-0.035207253,0.0012921281
69.72194,-0.027174002,-0.034754846,0.003163532
69.73951,-0.027805205,-0.034474257,0.00021942375
69.75574,-0.027709404,-0.03420853,0.001489666
69.77247,-0.027222833,-0.03351632,0.0033925131
69.788994,-0.027084904,-0.033312943,0.0002472577
69.80562,-0.027203886,-0.03247129,0.0019072255
69.8219,-0.027193109,-0.031480614,0.0034478444
69.838646,-0.027122207,-0.030990416,0.00046399728
69.855484,-0.026808124,-0.030200789,0.0018342556
69.87238,-0.026466088,-0.028996205,0.003017565
69.88913,-0.02632499,-0.028702665,-0.00032140853
69.90572,-0.02548341,-0.027362663,0.0008116226
69.92262,-0.024332037,-0.026012167,0.0020654697
69.93924,-0.023899652,-0.025150677,-0.0013748424
69.955666,-0.022717193,-0.023883099,-0.00027047028
69.97236,-0.021701213,-0.022426305,0.0010496798
69.9891,-0.021490635,-0.021655153,-0.0023910683
70.005745,-0.020646142,-0.019850982,-0.001256991
70.02239,-0.019510191,-0.018075768,-0.00014365073
70.03946,-0.01903265,-0.017543817,-0.003465941
70.05596,-0.017819071,-0.015709685,-0.0025605105
70.072876,-0.016976124,-0.01412284,-0.0014026407
70.08916,-0.016458072,-0.013346927,-0.0048618945
70.10528,-0.015618786,-0.011646871,-0.0036184997
70.12197,-0.014940936,-0.011181872,-0.0067131654
70.138535,-0.013629575,-0.009699782,-0.005711323
70.15628,-0.012430086,-0.0081340745,-0.004639208
70.172585,-0.011911757,-0.0071746027,-0.008510284
70.18925,-0.011151673,-0.0057777963,-0.0072969096
70.20492,-0.009747834,-0.004621787,-0.006207399
70.222984,-0.0091492785,-0.004213154,-0.009113499
70.23919,-0.008204113,-0.0031044804,-0.008686858
70.25586,-0.0073125735,-0.0019305748,-0.0073793316
70.272415,-0.006831806,-0.0015171015,-0.010706937
70.28973,-0.0056397105,-0.00034915472,-0.009549501
70.30645,-0.0046980623,0.0008794121,-0.008747655
70.32284,-0.004288531,0.0011001109,-0.012070613
70.339386,-0.003430105,0.0022403507,-0.010834096
70.355286,-0.0025791267,0.0029163675,-0.009680105
70.37226,-0.002318285,0.003121286,-0.012591743
70.388626,-0.0014526125,0.004066326,-0.011640331
70.405624,-0.0008287845,0.004547854,-0.014773186
70.422035,0.00014203513,0.005355724,-0.013747192
70.43863,0.0012413623,0.006285985,-0.012368212
70.45557,0.001636501,0.0069838413,-0.011076191
70.47225,0.002174891,0.0070274463,-0.0143558895
70.48856,0.0031785977,0.008284396,-0.013074227
70.50562,0.003863118,0.009010151,-0.011543794
70.52218,0.00395865,0.009598162,-0.014897422
70.53871,0.004472109,0.0102280695,-0.013492029
70.5555,0.005158016,0.010217722,-0.016565854
70.5721,0.005677607,0.010865933,-0.015225578
70.58883,0.0060390513,0.01117104,-0.013747195
70.6054,0.0061113015,0.011661196,-0.016897509
70.6221,0.0063362955,0.011985474,-0.015312267
70.638695,0.00681691,0.012360821,-0.013690976
70.655334,0.007068247,0.012585645,-0.016781272
70.67168,0.0073502846,0.01268746,-0.015081811
70.68868,0.0074096057,0.012838594,-0.013154221
70.70532,0.007353844,0.012937922,-0.016344743
70.721954,0.0070723724,0.013000287,-0.014522583
70.73872,0.0071131242,0.013198064,-0.012653826
70.75554,0.007226169,0.012901752,-0.015618936
70.77207,0.007156182,0.012767888,-0.013809613
70.78883,0.0071869376,0.013131242,-0.0119145755
70.805405,0.006933618,0.013449129,-0.014742627
70.82219,0.0070581418,0.013411568,-0.012816762
70.838905,0.0071389712,0.01320276,-0.010949964
70.8554,0.007371847,0.013329002,-0.013853336
70.87195,0.007580534,0.013521276,-0.0119156055
70.8891,0.007249157,0.0136221275,-0.009874859
70.90535,0.0073412056,0.01398157,-0.008134398
70.92185,0.0077177575,0.014810661,-0.0060379757
70.939,0.0077739875,0.014781018,-0.013649881
70.95548,0.007849107,0.015219733,-0.01195134
70.9722,0.008167791,0.015648955,-0.009910692
70.98897,0.00867365,0.016488072,-0.0079643605
71.00524,0.008726626,0.01720473,-0.006145266
71.02191,0.008732668,0.017159471,-0.0040018465
71.03855,0.0088440925,0.017374348,-0.006858727
71.05524,0.008909613,0.017867357,-0.0048932577
71.072,0.008491051,0.018309725,-0.0029199598
71.08861,0.008955333,0.01810314,-0.0058529414
71.10534,0.0085063465,0.018030947,-0.0038930215
71.12202,0.008199524,0.01848551,-0.001944019
71.13859,0.007968668,0.018543128,-0.004877617
71.15511,0.007243665,0.018585274,-0.002871046
71.17169,0.0061359783,0.018548602,-0.0008481798
71.18837,0.005861429,0.018305073,-0.0037361276
71.205086,0.004769281,0.018092867,-0.0018011777
71.22193,0.0038324809,0.017997595,0.00002902809
71.23865,0.0029372915,0.018029952,-0.0029158772
71.25541,0.0014562623,0.017384574,-0.0011266712
71.27217,0.00049645436,0.017082786,0.00063425465
71.28894,0.00006725693,0.017018992,-0.0023592631
71.30533,-0.001253017,0.016623277,-0.00067400973
71.32204,-0.0022937031,0.016381199,0.001185685
71.338806,-0.0027154507,0.016271863,-0.0018008405
71.355415,-0.0030542277,0.016149959,-0.00010794477
71.37203,-0.0033596435,0.015646668,-0.003005294
71.38869,-0.004350624,0.015089645,-0.0012288672
71.40543,-0.005252986,0.01467845,0.00052053586
71.422386,-0.00582819,0.014902458,-0.0024536543
71.43882,-0.0064617447,0.014335157,-0.0008743
71.45557,-0.0076547675,0.013812532,0.00092000206
71.47229,-0.007799679,0.013115266,-0.0020802505
71.488914,-0.008670652,0.012814467,-0.0004434013
71.505585,-0.009201775,0.013103822,0.0011892387
71.521965,-0.00973534,0.013092927,-0.0017953278
71.538826,-0.010682169,0.012865971,-0.00007778422
71.55561,-0.011296691,0.0121829,0.0013805357
71.57219,-0.011956862,0.011948421,-0.0016358157
71.58887,-0.012942107,0.011679013,-0.000034332257
71.605865,-0.014137089,0.011420645,0.0014109887
71.6224,-0.015066487,0.011060768,-0.001647124
71.63901,-0.016464196,0.010697735,-0.0001727971
71.656166,-0.017866867,0.0101782335,0.001401569
71.672585,-0.018563652,0.010033164,-0.0019101172
71.68945,-0.020240407,0.009670941,-0.00030589668
71.70568,-0.021674555,0.009353604,0.0011544524
71.72179,-0.02245341,0.009306219,-0.0016652789
71.73876,-0.024330873,0.009066992,0.000123384
71.75568,-0.027022036,0.008572247,0.0015565025
71.772835,-0.028551579,0.008481799,-0.0015245687
71.789185,-0.029642854,0.008638411,-0.004736781
71.805916,-0.031837564,0.0087567065,-0.0030425861
71.82244,-0.03478761,0.008606186,-0.001543963
71.8395,-0.03796978,0.008572861,0.00008839918
71.85636,-0.040786117,0.0085658105,0.0014420596
71.87234,-0.04194588,0.008934429,-0.0016653645
71.889465,-0.044847578,0.008875944,0.00014824937
71.90579,-0.046081707,0.008642187,-0.0030939886
71.922325,-0.048458282,0.008594719,-0.0014463902
71.93858,-0.0504078,0.00871371,0.00013013154
71.95591,-0.052425984,0.008745792,0.0018346644
71.9723,-0.05373693,0.0094512375,-0.0014380766
71.98881,-0.056078136,0.009504854,0.00026837664
72.00546,-0.05815712,0.009744843,0.0019753498
72.02218,-0.05923248,0.009943705,-0.0009647859
72.038795,-0.062085662,0.010558987,0.0007078609
72.05564,-0.063363895,0.010831554,-0.002183401
72.07215,-0.06566128,0.011271453,-0.0005165108
72.08869,-0.06754455,0.011749104,0.0012734677
72.10568,-0.06890253,0.0122725675,-0.0014998397
72.122154,-0.07141722,0.01262708,0.00012954918
72.13872,-0.073221184,0.013526003,0.0020124202
72.1555,-0.074553356,0.014039141,-0.0007266373
72.17207,-0.07606432,0.014772785,0.0010856751
72.18869,-0.07773529,0.015376628,0.0029423223
72.205414,-0.07850879,0.016007323,0.00022655872
72.222084,-0.08033597,0.016697882,0.0021209163
72.23873,-0.081362575,0.017543165,0.00409388
72.25547,-0.081903696,0.01806853,0.0013705324
72.27213,-0.08295865,0.018573495,0.0033819187
72.288765,-0.08397768,0.019030282,0.0052917427
72.30545,-0.084319316,0.019618733,0.0025893173
72.32208,-0.084904015,0.020073403,0.004559119
72.33919,-0.085054725,0.020874375,0.006446868
72.35545,-0.084872134,0.021581115,0.008023409
72.3723,-0.08427191,0.022331415,0.010072181
72.38873,-0.084187806,0.022645194,0.0026243895
72.405655,-0.0830469,0.02363454,0.004533154
72.42212,-0.08098349,0.024636243,0.0060808356
72.438934,-0.07872392,0.025066648,0.007862155
72.4555,-0.076447755,0.025980247,0.009431233
72.472176,-0.07366473,0.026520101,0.011016637
72.48861,-0.07193873,0.027056256,0.008088588
72.50542,-0.0688718,0.027742883,0.009675291
72.52199,-0.06539839,0.028571874,0.010973051
72.53863,-0.063392006,0.029141676,0.008029321
72.55541,-0.059270702,0.029504253,0.009362793
72.57229,-0.055178642,0.029949998,0.010589808
72.58878,-0.05316524,0.029956127,0.007463765
72.605286,-0.048798297,0.030335747,0.008707638
72.622475,-0.044199724,0.030287627,0.009886658
72.63882,-0.0418048,0.031028679,0.0065270565
72.65522,-0.037510153,0.03127647,0.007698282
72.672676,-0.032680698,0.031390645,0.008773209
72.689445,-0.030351562,0.03105178,0.005262868
72.70589,-0.025979845,0.031100195,0.005993693
72.72199,-0.020884434,0.031269792,0.006894394
72.73889,-0.018240795,0.031559188,0.0038479285
72.75521,-0.013486744,0.031421423,0.0044249543
72.77239,-0.008501098,0.031346206,0.005158134
72.788994,-0.0055895867,0.03158679,0.0015699276
72.8062,0.00014795066,0.031422835,0.0021759612
72.82228,0.005906772,0.031069653,0.002537593
72.83864,0.008656782,0.030410372,-0.0005803332
72.855644,0.015229047,0.029923504,0.000091676826
72.87222,0.0187347,0.03005726,-0.0033840714
72.88856,0.023989417,0.029658988,-0.0028064142
72.905846,0.029175151,0.029217606,-0.0020889377
72.92233,0.032316532,0.028418088,-0.0056834035
72.93885,0.0380608,0.028016387,-0.004948465
72.95598,0.042686757,0.027300593,-0.0041780747
72.97295,0.047961105,0.026549244,-0.0036251347
72.989075,0.05088626,0.025961865,-0.0070356624
73.0053,0.05563917,0.025628237,-0.0059372
73.02207,0.05767102,0.025421787,-0.008936115
73.038734,0.062121682,0.024744272,-0.008106817
73.05611,0.066596635,0.02412465,-0.007209328
73.07242,0.06873268,0.023581663,-0.010588529
73.08908,0.072449796,0.022892179,-0.00947626
73.10567,0.0756246,0.022347119,-0.00837591
73.122475,0.077870354,0.021731013,-0.011423774
73.139084,0.08160643,0.02068442,-0.0102864
73.15569,0.08449349,0.019611308,-0.008964708
73.17239,0.08580912,0.018862423,-0.011919043
73.18927,0.08811017,0.018129332,-0.010532366
73.205635,0.09019722,0.01731801,-0.009284576
73.222725,0.090674914,0.016633663,-0.011917784
73.23901,0.09137547,0.016067937,-0.010636961
73.2564,0.09167806,0.015408871,-0.009019395
73.27262,0.09204991,0.015661443,-0.01203246
73.289055,0.09206314,0.015204974,-0.010276227
73.30571,0.09110609,0.015066787,-0.008597794
73.32282,0.09056397,0.015176518,-0.011345375
73.33924,0.089686915,0.015078411,-0.009898041
73.35569,0.08887578,0.014596821,-0.012487707
73.37246,0.087330446,0.014568663,-0.010734973
73.389336,0.08545299,0.014793889,-0.0090947235
73.405716,0.08469875,0.015060894,-0.011783315
73.42212,0.0826845,0.015225312,-0.009931055
73.43913,0.07997318,0.015419282,-0.0080398135
73.4556,0.07870438,0.015768975,-0.010817124
73.47235,0.07622409,0.016066538,-0.008959884
73.488785,0.07325462,0.016569298,-0.0071950997
73.5056,0.07170645,0.016635854,-0.009726168
73.52231,0.068857975,0.017263407,-0.007994839
73.53929,0.065781586,0.01771543,-0.00605357
73.556175,0.06411087,0.017721457,-0.008848173
73.57286,0.060680177,0.018115474,-0.0069331382
73.5893,0.057572532,0.018386107,-0.004989372
73.60587,0.056180973,0.018815096,-0.007383876
73.622444,0.052485697,0.019443046,-0.005318732
73.63972,0.048740763,0.020319033,-0.0032748738
73.65555,0.04641315,0.020016493,-0.0059730085
73.67207,0.04280811,0.020830562,-0.0035643957
73.68897,0.03867375,0.02187873,-0.0013680327
73.70572,0.03444104,0.02306672,0.0006915788
73.722565,0.030373218,0.024403311,0.0027906736
73.73957,0.025969582,0.02586968,0.004867842
73.755646,0.02606095,0.025777757,-0.0022029446
73.7727,0.021991696,0.027382355,0.00023205348
73.78916,0.017927615,0.028867763,0.002245941
73.805435,0.013840225,0.03071857,0.004446892
73.822136,0.009704424,0.032056168,0.006704148
73.83927,0.009815214,0.032022376,-0.00021202464
73.85572,0.003868862,0.03404994,0.006229133
73.87218,0.000085205844,0.03546188,0.008406033
73.88865,-0.0017287164,0.036075845,0.0061227265
73.90558,-0.0054245954,0.03726464,0.00827828
73.92255,-0.009285718,0.03823837,0.010130188
73.938965,-0.010880178,0.039274413,0.0075948094
73.95558,-0.014637361,0.040665273,0.009720875
73.97198,-0.018030168,0.042353738,0.011573271
73.98833,-0.019798603,0.042900022,0.009337027
74.005554,-0.023361871,0.044644188,0.011311975
74.02233,-0.026867002,0.046399444,0.0128039755
74.03874,-0.027972847,0.04740737,0.01030505
74.05533,-0.0299909,0.04839955,0.012026861
74.072075,-0.03272124,0.050039966,0.013662758
74.08874,-0.033858538,0.050249603,0.011002169
74.10536,-0.035591062,0.051602103,0.012481191
74.12212,-0.036960028,0.052187886,0.013997101
74.138824,-0.037348192,0.05289204,0.0112298755
74.155426,-0.03929338,0.053762145,0.012597373
74.17226,-0.040314663,0.05416825,0.013930659
74.18911,-0.040351335,0.05444287,0.011103373
74.20563,-0.04091104,0.055039536,0.012269512
74.22216,-0.04143923,0.055666532,0.013545667
74.23878,-0.041631564,0.05578458,0.010844454
74.255455,-0.041550543,0.05549509,0.012036272
74.27204,-0.041111983,0.055698667,0.00924206
74.28871,-0.04111039,0.055377033,0.010415954
74.305504,-0.041148663,0.055181745,0.011549425
74.32196,-0.041103162,0.055025473,0.008687035
74.33862,-0.04000808,0.054507423,0.009825476
74.355255,-0.0391408,0.05416017,0.010845666
74.372,-0.038666178,0.05427762,0.008042055
74.38879,-0.03767535,0.054059733,0.008987111
74.40525,-0.036832463,0.052970074,0.009934916
74.4222,-0.0360133,0.052689914,0.007138344
74.43849,-0.034652635,0.05213668,0.00797726
74.45531,-0.0335428,0.051568437,0.0090681175
74.47204,-0.032699127,0.050851587,0.0061358646
74.48867,-0.03088872,0.04955847,0.007083225
74.50536,-0.02901093,0.048887566,0.008008962
74.52207,-0.028248878,0.048340317,0.005194442
74.53868,-0.026159856,0.047192242,0.0061018635
74.55556,-0.0234953,0.04585785,0.007048257
74.57217,-0.022112498,0.04548554,0.004124798
74.58851,-0.01960058,0.04432812,0.005034346
74.605095,-0.01884191,0.04336741,0.00235455
74.621994,-0.016414508,0.041811373,0.0033467726
74.63869,-0.013890048,0.04053175,0.004201564
74.65545,-0.011892279,0.0399945,0.0013830547
74.67252,-0.009442909,0.038700026,0.0023566978
74.68884,-0.006535092,0.037437208,0.003223927
74.70558,-0.005130972,0.03647392,0.00060722296
74.72206,-0.0018104855,0.034870114,0.0016485103
74.73874,0.00071289664,0.033194788,0.002868817
74.7555,0.0018246818,0.03243182,0.00017512668
74.7721,0.004850154,0.0305921,0.0012679872
74.789085,0.0077972147,0.028447999,0.0024085154
74.80548,0.009445111,0.027552856,-0.00032026527
74.82219,0.011938401,0.025683437,0.0009499269
74.83901,0.014386613,0.023965118,0.0022811822
74.855705,0.015934603,0.022709839,-0.0004507188
74.87228,0.018701294,0.02095803,0.0009351755
74.888916,0.020820599,0.019593036,0.0024932276
74.905426,0.022469591,0.018717283,-0.00013047847
74.922226,0.025159687,0.016659087,0.0014820768
74.93894,0.027427634,0.015068749,0.0029643942
74.95591,0.028509106,0.014574773,0.0004639523
74.97227,0.030875783,0.013199486,0.0019114886
74.98909,0.033367846,0.011721832,0.003552963
75.00581,0.03379105,0.010980008,0.0011608327
75.0226,0.03572638,0.009944166,0.0026556046
75.03918,0.037318394,0.0087288115,0.004226688
75.05579,0.038921326,0.008168917,0.0018546081
75.07216,0.040565573,0.0071038357,0.0035217938
75.08897,0.042038646,0.0062416024,0.005233145
75.10555,0.043536793,0.0053944984,0.0067463727
75.12225,0.044856794,0.0046741157,0.008445755
75.13987,0.045890253,0.0038414905,0.009997266
75.15608,0.045902777,0.0036874758,0.0032875082
75.17243,0.047098283,0.0032523833,0.004999074
75.18975,0.048365813,0.0029175887,0.006749595
75.20626,0.048964377,0.0024174107,0.00821128
75.22212,0.04964505,0.0018917836,0.009857797
75.23918,0.049650528,0.0017427397,0.0038549681
75.25567,0.051038813,0.001239704,0.009369981
75.272316,0.051665403,0.0010021687,0.011094228
75.28899,0.051134914,0.0007426441,0.008835831
75.30545,0.051235702,0.00087995455,0.010479287
75.32243,0.051625594,0.0012814407,0.01220576
75.33906,0.051731065,0.0014266017,0.009792353
75.355606,0.05174534,0.0018944792,0.011399615
75.372154,0.051468417,0.0026247127,0.013019619
75.389145,0.051503636,0.002650884,0.010734556
75.40554,0.051654078,0.003661388,0.012230247
75.42235,0.051291637,0.004493224,0.013903838
75.43937,0.050742302,0.004844149,0.011549931
75.45563,0.050153688,0.00604726,0.01297433
75.47233,0.04949419,0.0068756314,0.014693214
75.489044,0.049543444,0.0075784116,0.012360742
75.50548,0.04863313,0.008991107,0.013928289
75.522255,0.047337934,0.010338291,0.015588441
75.538864,0.047165807,0.010943136,0.013192635
75.556175,0.046309453,0.012158201,0.014770944
75.57301,0.045025993,0.013579694,0.01596734
75.589096,0.04437228,0.014253885,0.013577487
75.60555,0.0431322,0.015475619,0.0151959
75.62219,0.0421119,0.016903512,0.016716572
75.6388,0.041283313,0.01746407,0.014323404
75.65541,0.03998346,0.0190599,0.015764393
75.67203,0.039796922,0.01974496,0.013393899
75.68875,0.038557738,0.021039886,0.014801344
75.70547,0.037230667,0.022591187,0.016152695
75.72286,0.03627844,0.023345534,0.013829456
75.73883,0.034866218,0.02480186,0.014906793
75.755585,0.033586185,0.026859349,0.016515987
75.77226,0.032759123,0.0278122,0.01413504
75.78878,0.031111915,0.02944839,0.015442118
75.805565,0.029530976,0.031296633,0.016714789
75.82222,0.029089998,0.032184843,0.014284663
75.838936,0.027442481,0.034296,0.015494027
75.8554,0.025813807,0.036121197,0.016769912
75.87206,0.025204096,0.03667363,0.014372576
75.88922,0.02372936,0.038856074,0.015587842
75.90592,0.022540512,0.041135214,0.016500264
75.92231,0.021989884,0.04241724,0.014029527
75.9389,0.020936694,0.04441399,0.015222259
75.95533,0.019840898,0.04646771,0.016294073
75.972084,0.01912875,0.047338728,0.013964619
75.988846,0.017964544,0.049354322,0.014968975
76.00572,0.016997077,0.05133239,0.016001774
76.02222,0.016382014,0.05168729,0.013439166
76.03874,0.015931686,0.054104596,0.014519624
76.05542,0.014845912,0.057024386,0.015627181
76.0722,0.014289201,0.05799164,0.01315718
76.08866,0.013242512,0.060018674,0.014187297
76.105576,0.0126505485,0.061141685,0.01185081
76.12196,0.012174352,0.06395308,0.012793228
76.138756,0.011381568,0.066542596,0.013939226
76.155235,0.01107478,0.06709914,0.011354233
76.17176,0.010515643,0.06940194,0.012339763
76.18854,0.0098352255,0.07114721,0.0132551035
76.20508,0.009362683,0.07232399,0.010711622
76.22174,0.008834203,0.073821485,0.011578831
76.23839,0.008437869,0.07533152,0.012309527
76.25535,0.008721091,0.07604458,0.009875962
76.27198,0.008628977,0.07747577,0.010541241
76.28872,0.008640415,0.0789884,0.011416535
76.30541,0.008222827,0.07964612,0.008874142
76.32199,0.008547492,0.08123873,0.009704312
76.33868,0.008129111,0.08279792,0.010580494
76.35562,0.008291303,0.08321998,0.008041837
76.371994,0.008402093,0.08491594,0.008826174
76.38849,0.008562219,0.085752636,0.009798554
76.406044,0.008822415,0.08582317,0.0073043844
76.42299,0.009140099,0.08638982,0.007918263
76.439125,0.00937501,0.08629984,0.0052949693
76.45536,0.009423409,0.08634864,0.006405239
76.47232,0.009595849,0.085678145,0.0075528636
76.489685,0.009792197,0.0846978,0.008361027
76.50563,0.010103608,0.08330828,0.00906891
76.522705,0.010307232,0.08171125,0.010221565
76.53923,0.010543646,0.08168093,0.0044367667
76.55554,0.011019061,0.07977505,0.005342097
76.572784,0.011428378,0.07742874,0.0063358564
76.58938,0.0114528965,0.07502673,0.00702762
76.605545,0.011632642,0.07235911,0.007896316
76.62239,0.011590571,0.06925768,0.00881279
76.63889,0.012246313,0.06760586,0.006452015
76.655815,0.012783423,0.06408693,0.0073208045
76.67239,0.013194318,0.0605435,0.008130698
76.689156,0.012987822,0.05870764,0.0058247484
76.70538,0.013707758,0.055347633,0.006617954
76.72268,0.014298236,0.05118553,0.007599491
76.73912,0.014987799,0.04933387,0.0049949316
76.75581,0.01589206,0.045597635,0.0058654724
76.773094,0.016505241,0.041886777,0.0066529517
76.7897,0.017085508,0.04025529,0.004070245
76.8056,0.017742487,0.036486484,0.0048067826
76.82312,0.018449582,0.032313302,0.005800024
76.83917,0.018575365,0.030701749,0.0031608196
76.85565,0.019086082,0.02725554,0.004104383
76.87242,0.019680217,0.023484107,0.0049588555
76.88915,0.020659484,0.021613149,0.0025939338
76.90552,0.021452658,0.01847243,0.0033812074
76.92249,0.022347491,0.015394798,0.0042810976
76.93919,0.022453273,0.013887313,0.0019008497
76.95596,0.02315222,0.01067558,0.0027323836
76.97298,0.023909772,0.007399285,0.0035433413
76.9897,0.024874074,0.0057103666,0.0011917191
77.00595,0.025721544,0.0029435381,0.002068033
77.02232,0.026022265,0.0012727249,-0.000055254994
77.03934,0.0268651,-0.0018321398,0.0010001335
77.05591,0.028060572,-0.0042276564,0.0018371008
77.07263,0.028093599,-0.0054128068,-0.000325212
77.08922,0.028757129,-0.008011892,0.0006333243
77.10579,0.02971744,-0.010501083,0.0016768123
77.122116,0.030495463,-0.011479036,-0.00045319702
77.13915,0.031180175,-0.013812464,0.00071386143
77.155945,0.03174209,-0.015961995,0.0016286023
77.172455,0.03216637,-0.017157333,-0.00049194234
77.18916,0.033189353,-0.018913712,0.00063866883
77.20578,0.03400813,-0.02049529,0.001766194
77.2224,0.033684257,-0.021325134,-0.00023876183
77.2392,0.03424982,-0.022965869,0.0009710311
77.25558,0.035263546,-0.023940917,0.0022088531
77.272415,0.035892837,-0.02463985,0.00032570423
77.28893,0.036379594,-0.025605205,0.0015931549
77.30563,0.036741637,-0.026231658,0.0029257308
77.32228,0.03709329,-0.026634606,0.0009797153
77.33911,0.03795641,-0.027355112,0.002383813
77.35577,0.037802707,-0.027879283,0.00037491767
77.37231,0.038680512,-0.028226294,0.001792818
77.3891,0.039189976,-0.028261311,0.0032459842
77.40584,0.039831735,-0.028220689,0.0046177227
77.42233,0.04014821,-0.028523708,0.0027078995
77.43895,0.04117705,-0.028421829,0.004240427
77.45573,0.04129921,-0.028068734,0.0056713764
77.472336,0.0417001,-0.027688373,0.0038508803
77.489044,0.042311464,-0.027406638,0.0052698688
77.505516,0.042871505,-0.027282614,0.003463749
77.52228,0.043198004,-0.02690404,0.0049408497
77.53888,0.043473497,-0.02643137,0.006363278
77.55553,0.043383867,-0.025739951,0.0045794565
77.572296,0.04351535,-0.024980988,0.0060421918
77.5893,0.043695286,-0.024433617,0.0074293828
77.605835,0.04421232,-0.024405314,0.005541849
77.622765,0.044489153,-0.023702743,0.0070294286
77.638954,0.045022033,-0.022800086,0.008358783
77.65556,0.04518831,-0.021887772,0.0067551984
77.67225,0.045769695,-0.020802252,0.008149509
77.68883,0.046108082,-0.01943148,0.009488858
77.7056,0.046555735,-0.018561015,0.0077529717
77.72238,0.04716377,-0.016534979,0.00904057
77.7387,0.047645982,-0.014588612,0.010321369
77.75525,0.04759627,-0.013576951,0.008579314
77.772064,0.048228487,-0.0115472535,0.009860472
77.78895,0.049047265,-0.008914001,0.011038825
77.805626,0.04953571,-0.008114295,0.009104488
77.822205,0.0500888,-0.0057903803,0.010252079
77.83884,0.0506197,-0.0029706603,0.01143213
77.85535,0.051031124,-0.00016007572,0.012513292
77.87207,0.051498044,0.0025082845,0.013505063
77.88867,0.05150378,0.002382489,0.008621442
77.90554,0.051924888,0.005262184,0.009585906
77.92203,0.052420896,0.008106971,0.010455826
77.93879,0.052972786,0.010935381,0.011355088
77.95527,0.053015858,0.01298994,0.0121045755
77.972,0.053768393,0.015853815,0.012905072
77.988846,0.053806357,0.015724104,0.008084335
78.00522,0.05423532,0.019654082,0.011521333
78.02205,0.054381203,0.021757113,0.012249413
78.03873,0.054293983,0.02287374,0.010141295
78.055504,0.054297216,0.025186302,0.010671429
78.0721,0.05436726,0.027218213,0.011115456
78.08884,0.054186236,0.027727136,0.008945094
78.105545,0.05382733,0.029558668,0.009284071
78.12208,0.053454556,0.03161991,0.009545491
78.139114,0.053122144,0.03243847,0.0073158173
78.15551,0.05245829,0.033587664,0.007402012
78.17245,0.051828966,0.03489831,0.0075831907
78.18882,0.051338755,0.03549446,0.005220509
78.205475,0.05050468,0.036962282,0.005266531
78.222275,0.04961851,0.037935454,0.0053604553
78.23903,0.049091328,0.038119897,0.0029243089
78.25549,0.04797765,0.038503226,0.002930444
78.27259,0.046744823,0.038818385,0.0030378103
78.28887,0.045836907,0.038692493,0.0006118137
78.305916,0.043624014,0.03817455,0.00078576134
78.32234,0.041546103,0.03742158,0.0007075967
78.33908,0.0407758,0.03730178,-0.001422768
78.355484,0.038780484,0.036333174,-0.0013706529
78.372246,0.03635338,0.034806132,-0.001092843
78.389275,0.03528051,0.03390789,-0.0033177922
78.40587,0.033002708,0.03205974,-0.003193074
78.422646,0.031838663,0.0311132,-0.0053221826
78.43834,0.029299885,0.029584693,-0.005044235
78.45504,0.026299464,0.027166259,-0.004402535
78.47213,0.024734074,0.025887314,-0.006471121
78.48889,0.022068022,0.023306154,-0.0061439318
78.505615,0.019003484,0.021046769,-0.0056643104
78.52237,0.017238447,0.019404545,-0.0076767206
78.538895,0.013194996,0.015757171,-0.007147021
78.555885,0.009568096,0.0124338735,-0.006449332
78.57241,0.007855165,0.0108762,-0.008421817
78.58916,0.0044313674,0.008201419,-0.0076696454
78.60549,0.00088279427,0.0051006866,-0.006761887
78.622246,-0.00038291074,0.0031428772,-0.008547178
78.63924,-0.0033057097,0.0009244986,-0.0076321196
78.65586,-0.005882575,-0.0012179327,-0.0067856973
78.67271,-0.0068968004,-0.0022136057,-0.008571786
78.68911,-0.009237315,-0.0043992028,-0.0076688193
78.7054,-0.010919605,-0.0061417227,-0.0066858795
78.72277,-0.011922123,-0.0061871842,-0.008257306
78.73952,-0.013516266,-0.0078128725,-0.0075158975
78.756294,-0.014454706,-0.009279751,-0.006601891
78.77249,-0.01530937,-0.009821215,-0.00826373
78.78954,-0.015955733,-0.010554148,-0.007149883
78.80578,-0.016595716,-0.011096735,-0.0062324414
78.822754,-0.016770527,-0.012107703,-0.007749583
78.83905,-0.017174874,-0.012923977,-0.0067415605
78.85588,-0.016957954,-0.013350319,-0.0055436776
78.872475,-0.01741948,-0.013142898,-0.0071304124
78.889854,-0.01718459,-0.013938232,-0.0059423065
78.905754,-0.017217599,-0.014104321,-0.0076034525
78.92238,-0.016709499,-0.014372668,-0.0062489132
78.93897,-0.015952744,-0.014595871,-0.005073343
78.95576,-0.015271365,-0.014869962,-0.006547077
78.972496,-0.014809167,-0.0152818635,-0.0054092156
78.98911,-0.013722044,-0.015463039,-0.0042417976
79.00585,-0.0133986855,-0.01556523,-0.005707271
79.02236,-0.012495866,-0.015565855,-0.004524052
79.03912,-0.011580577,-0.015968038,-0.0032625569
79.05582,-0.011074527,-0.015902525,-0.0047375686
79.07214,-0.009878735,-0.016155748,-0.0035734973
79.08939,-0.008540383,-0.015967766,-0.0023158707
79.10586,-0.0075277197,-0.016325308,-0.0039424286
79.12236,-0.0062458953,-0.01666161,-0.00016606002
79.13925,-0.004308268,-0.016620751,0.001107293
79.15598,-0.004342373,-0.016611965,-0.0029947793
79.172325,-0.0031956027,-0.016618812,-0.0017504512
79.18913,-0.0013546464,-0.016870633,-0.00048953446
79.205666,0.00071037153,-0.016898729,0.0006660907
79.22251,0.0027853604,-0.016362438,0.0019395598
79.23915,0.0027523518,-0.016368004,-0.0020938758
79.25572,0.004468787,-0.016343487,-0.0008815749
79.272285,0.006433565,-0.01651907,0.00030136152
79.2889,0.009071152,-0.016256174,0.0015653749
79.30547,0.011338374,-0.016230222,0.0028920288
79.32214,0.01333134,-0.016267275,0.0040881387
79.33951,0.014860255,-0.016219847,0.002783748
79.35548,0.017643977,-0.015810521,0.0037863567
79.37249,0.020515488,-0.01556988,0.0051333266
79.3893,0.021184837,-0.015070709,0.0037695863
79.40554,0.023513058,-0.014496185,0.0048395977
79.42198,0.026261298,-0.013634529,0.0061278045
79.4392,0.027960405,-0.013637766,0.004814255
79.4563,0.030192986,-0.013100103,0.005783597
79.472496,0.032866754,-0.012351556,0.0067839446
79.48905,0.033845816,-0.011652445,0.0054444927
79.50545,0.036715236,-0.010728532,0.0065160976
79.522644,0.03931535,-0.010074447,0.0075307246
79.53871,0.04059699,-0.009634892,0.0059998995
79.55581,0.043174554,-0.008975645,0.0070412275
79.57237,0.046066903,-0.008563273,0.007743284
79.58876,0.04718262,-0.008051108,0.0063360436
79.60549,0.049396858,-0.0074318233,0.0071591316
79.62222,0.052186016,-0.0065395543,0.007853945
79.639465,0.053208545,-0.0066463538,0.0063079237
79.65535,0.055873685,-0.0063833124,0.0068124277
79.6721,0.05672776,-0.0057287468,0.005445813
79.68874,0.059388302,-0.005089573,0.005997404
79.70533,0.06189577,-0.004515776,0.006551276
79.72197,0.062601246,-0.0040444024,0.004944143
79.738625,0.06467059,-0.0034328506,0.005472265
79.75561,0.06680433,-0.0032604956,0.005893164
79.77213,0.06736088,-0.0029235247,0.0042072753
79.788826,0.0694778,-0.002077744,0.0046610115
79.8054,0.07134144,-0.0016465675,0.0049959924
79.82204,0.07236564,-0.0018673837,0.003352719
79.838684,0.0738205,-0.0014019454,0.0036806613
79.85509,0.07536437,-0.0011006049,0.0040015443
79.87221,0.07599673,-0.0005539882,0.0024393757
79.889496,0.07702545,-0.00035343456,0.0026590219
79.90617,0.077847235,-0.00011869917,0.0027834668
79.92228,0.07823003,-0.00021089416,0.0011635416
79.939415,0.07869218,0.000101261154,0.0015351601
79.95636,0.07895349,0.00010808731,0.0016999447
79.97172,0.07914116,0.00054490793,0.000032195003
79.988594,0.07910365,0.0004199646,0.0005688362
80.005516,0.078568645,0.00027627972,0.00075407553
80.02219,0.0781953,-0.00041613838,-0.000955168
80.03929,0.077567406,-0.00039951826,-0.000619984
80.05603,0.07625503,-0.000555751,-0.000414353
80.07239,0.075761475,-0.00041248515,-0.0019444136
80.08884,0.07421076,-0.00072167057,-0.001514421
80.10631,0.072810814,-0.00092186156,-0.00116106
80.12197,0.07194633,-0.001377311,-0.002797129
80.13931,0.07004146,-0.0015705915,-0.0022159535
80.1567,0.06825025,-0.0020193525,-0.0018965658
80.172615,0.06718083,-0.0021011357,-0.003441917
80.18916,0.06492206,-0.0028016919,-0.0028264786
80.20599,0.06356223,-0.00272848,-0.004135589
80.222565,0.06112339,-0.0031417517,-0.0037032291
80.23922,0.059617937,-0.0032608921,-0.0031236846
80.25614,0.05832016,-0.0041245767,-0.0045100977
80.27298,0.055934932,-0.004375773,-0.0039858217
80.289185,0.053607736,-0.004348329,-0.0034003165
80.30591,0.052216418,-0.00454721,-0.0046557346
80.32269,0.04992318,-0.0047486536,-0.0040293867
80.33911,0.047792867,-0.0054145246,-0.0034150332
80.35615,0.046640653,-0.005393903,-0.0046539293
80.37238,0.044542704,-0.0055529037,-0.004059079
80.38885,0.042124804,-0.0056983046,-0.0033003087
80.405685,0.040760282,-0.0058890395,-0.004512571
80.42239,0.038003236,-0.0061491844,-0.0038362693
80.43987,0.034888078,-0.006460012,-0.003117733
80.456116,0.033239815,-0.0065185823,-0.004489653
80.472824,0.030744843,-0.006689839,-0.003642435
80.490135,0.028070867,-0.006810269,-0.0028897966
80.50634,0.026512757,-0.0069960775,-0.0042215474
80.52232,0.023799533,-0.0071942722,-0.0033963495
80.53921,0.022798643,-0.0072692647,-0.004433983
80.55635,0.020041313,-0.0075603547,-0.0037304694
80.572754,0.01731967,-0.008165992,-0.0031131567
80.589294,0.01497659,-0.008653618,-0.0023196407
80.606285,0.012610489,-0.0087682605,-0.0015674619
80.62314,0.0100548575,-0.008697954,-0.00094642205
80.63947,0.010041497,-0.008713124,-0.003987226
80.65592,0.008218301,-0.008775368,-0.0031581519
80.67259,0.006650071,-0.008571999,-0.0023003644
80.68964,0.0039928546,-0.008336033,0.00028336444
80.70586,0.0035140424,-0.008630579,-0.0009130335
80.72248,0.0023616722,-0.008546366,-0.00013762795
80.739136,0.0014828955,-0.008468226,-0.0012763465
80.75565,-0.000009752498,-0.008583622,-0.000639091
80.77237,-0.0016159165,-0.008880222,0.000008225478
80.78957,-0.0019396291,-0.008783258,-0.0011033325
80.805695,-0.0031098796,-0.00894487,-0.00061506336
80.82241,-0.004226634,-0.009104133,-0.000013470639
80.839615,-0.004544467,-0.00955432,-0.0011066775
80.85564,-0.0060975295,-0.009681165,-0.00072193827
80.87287,-0.0067487247,-0.010065985,-0.00008917001
80.888954,-0.007410444,-0.010146197,-0.0013731328
80.90557,-0.008536863,-0.010658661,-0.00082637666
80.92234,-0.010090733,-0.010962881,-0.00045556715
80.93901,-0.01048096,-0.011363167,-0.0016614725
80.95584,-0.011442724,-0.011623284,-0.0013567187
80.97266,-0.013115546,-0.012433721,-0.0011163554
80.98893,-0.013988982,-0.012647832,-0.0023192686
81.005714,-0.0146361645,-0.013074892,-0.002017109
81.02243,-0.0148751065,-0.01340406,-0.001775879
81.03904,-0.015645687,-0.013763763,-0.0030486786
81.05581,-0.016886797,-0.014476518,-0.0028406691
81.0723,-0.017320843,-0.01464616,-0.0040577673
81.08881,-0.017791698,-0.014800301,-0.0038437028
81.105385,-0.017967798,-0.015003443,-0.003534292
81.12204,-0.01823956,-0.015048223,-0.004632957
81.138756,-0.018465636,-0.015285956,-0.004330715
81.15551,-0.01758706,-0.015293367,-0.0040369085
81.17224,-0.017077483,-0.015266897,-0.005206163
81.188805,-0.016284691,-0.015626458,-0.004847816
81.20533,-0.015697883,-0.016042007,-0.0044637183
81.22206,-0.015116792,-0.015590087,-0.0054884776
81.23847,-0.013780192,-0.015731055,-0.0050222566
81.25542,-0.012892334,-0.015968384,-0.0045205825
81.272156,-0.012229877,-0.01630676,-0.0055405777
81.28878,-0.011229187,-0.016581757,-0.0050738305
81.30561,-0.010110344,-0.01678579,-0.0046647643
81.32225,-0.00920074,-0.016848547,-0.0056031994
81.338715,-0.008421708,-0.01733658,-0.0051179524
81.35564,-0.00832996,-0.017800957,-0.004516865
81.372086,-0.008523346,-0.017803444,-0.005513017
81.38886,-0.007805542,-0.018457847,-0.0048498544
81.40547,-0.007399194,-0.019073496,-0.0041924673
81.42222,-0.0077370573,-0.01965586,-0.005059917
81.43865,-0.006792287,-0.020297388,-0.0043798615
81.45586,-0.00521042,-0.020894855,-0.003610834
81.472046,-0.0047700126,-0.021057585,-0.004576999
81.48879,-0.004078387,-0.02181116,-0.0037271732
81.50539,-0.0042321132,-0.0221136,-0.0045770057
81.522255,-0.002938782,-0.022247035,-0.003705495
81.5391,-0.001560934,-0.022396319,-0.0029237552
81.555695,-0.0000931773,-0.022481577,-0.0020900865
81.57212,0.0007720415,-0.023074858,-0.0028223696
81.58877,0.0028603768,-0.023048854,-0.0019264015
81.60527,0.0040398845,-0.022484286,-0.0026279276
81.622185,0.006419024,-0.02247999,-0.0017664132
81.63872,0.00901124,-0.022794412,-0.00096437614
81.65532,0.010380753,-0.023037395,-0.0016565769
81.672005,0.013641251,-0.022944104,-0.0008405029
81.68869,0.01677211,-0.022982107,-0.00006109708
81.70548,0.018075863,-0.02301589,-0.0008160728
81.72217,0.021609573,-0.022985317,-0.00009739752
81.73913,0.025016148,-0.023041721,0.00060722034
81.75552,0.026765132,-0.022709927,-0.00017256486
81.77224,0.030090917,-0.022410613,0.0005108999
81.78921,0.03373035,-0.022229146,0.0010846978
81.80552,0.03574827,-0.022637792,0.00026621515
81.822174,0.03952109,-0.022334343,0.000858086
81.838844,0.04333239,-0.021907879,0.0013512509
81.85555,0.04500687,-0.0217047,0.00050597603
81.8721,0.048755966,-0.021477152,0.0009443687
81.888885,0.052417137,-0.02169397,0.0013678089
81.9056,0.054210905,-0.022152144,0.00047380553
81.92241,0.057828594,-0.022179501,0.00082995003
81.93886,0.061051894,-0.022120334,0.0011127178
81.95573,0.06423942,-0.021963786,0.0013804717
81.97238,0.066888936,-0.022050863,0.0016145499
81.98901,0.066866584,-0.022117827,-0.000389358
82.00587,0.07001483,-0.02194281,-0.00010039707
82.022224,0.07267464,-0.02184964,0.000050020375
82.03927,0.075060986,-0.021412602,0.00025702166
82.05612,0.07726455,-0.021277713,0.00033971728
82.07233,0.079290345,-0.02120364,0.00040286235
82.089,0.07927018,-0.02127789,-0.0014709168
82.10574,0.08203505,-0.021572037,-0.00042922242
82.121796,0.08350465,-0.021313427,-0.0003896361
82.13867,0.08403977,-0.020847145,-0.0011908573
82.156105,0.08507211,-0.020740816,-0.0011231898
82.17251,0.08603041,-0.020320011,-0.0010793755
82.189,0.086566664,-0.020851059,-0.0019220498
82.20583,0.08713296,-0.02067359,-0.0017528443
82.22296,0.08759719,-0.020437397,-0.0015697995
82.2393,0.08777916,-0.019694477,-0.0023845753
82.2562,0.08773138,-0.019508556,-0.0021727262
82.27316,0.087218896,-0.019090367,-0.0019902645
82.288864,0.08730521,-0.019382253,-0.002739393
82.30582,0.086506665,-0.01906507,-0.0024455448
82.323006,0.085564986,-0.019002337,-0.0021910565
82.33919,0.08497883,-0.018514575,-0.0029482043
82.35589,0.0838257,-0.018156704,-0.0025782762
82.37301,0.08223289,-0.017733373,-0.0022443053
82.3891,0.08116734,-0.017952323,-0.0029663693
82.40611,0.07919136,-0.01762869,-0.002495857
82.42275,0.077460386,-0.017262915,-0.0021054908
82.43932,0.07617461,-0.017174346,-0.0027344658
82.45602,0.074210085,-0.01692548,-0.0022815063
82.47268,0.07186577,-0.016909944,-0.0018497144
82.48915,0.0707583,-0.016376331,-0.0023934096
82.50573,0.068248644,-0.015945641,-0.0019451192
82.52262,0.06578388,-0.015567413,-0.0014790153
82.539246,0.06451544,-0.01611451,-0.0021163556
82.555725,0.061722614,-0.015763316,-0.0016651006
82.572495,0.060142018,-0.014979206,-0.002213886
82.589226,0.057942808,-0.014900832,-0.0017932313
82.60577,0.05542135,-0.014750833,-0.001377114
82.62248,0.05395218,-0.014940487,-0.0019182763
82.63897,0.05166327,-0.014641478,-0.0014544708
82.65593,0.04945756,-0.014379231,-0.000996404
82.67258,0.048292983,-0.0147975795,-0.0015600779
82.6891,0.04558651,-0.014747019,-0.0010956397
82.70595,0.04348865,-0.014558962,-0.0006143404
82.722374,0.042517312,-0.014100166,-0.0011011047
82.73907,0.04051268,-0.014280432,-0.0006066996
82.75599,0.038213734,-0.014748372,-0.00014550443
82.772316,0.037040096,-0.01511715,-0.000644787
82.78931,0.035066713,-0.015353565,-0.00016106121
82.80582,0.032941796,-0.015472965,0.00024779126
82.822754,0.03192066,-0.015647257,-0.00021387242
82.83919,0.029796552,-0.01569021,0.00018335177
82.85575,0.027867837,-0.016121035,0.0005716913
82.872284,0.027107937,-0.016326888,0.00013220782
82.88924,0.025169145,-0.01657767,0.0004742945
82.905685,0.023956403,-0.016599266,-0.000010192731
82.92225,0.021912644,-0.016608788,0.00033397268
82.93905,0.020298278,-0.016837712,0.0007279744
82.95578,0.018187335,-0.016961899,0.001101949
82.97243,0.017303217,-0.01669334,0.00064321555
82.98898,0.015806388,-0.016791746,0.0010148425
83.00587,0.01433082,-0.016854353,0.0013633586
83.02221,0.013387044,-0.016589707,0.00093718985
83.03915,0.011678885,-0.016807474,0.0013122166
83.05551,0.010972354,-0.016893415,0.000854684
83.072296,0.009522545,-0.016895097,0.0011865657
83.08899,0.0078485655,-0.016912227,0.0014879198
83.10556,0.007138872,-0.017134592,0.0010489498
83.12232,0.0061517563,-0.017284771,0.0013617444
83.13892,0.0051246434,-0.017560827,0.0016576762
83.15541,0.004573792,-0.017629981,0.0012530166
83.17213,0.0038912487,-0.017576123,0.0015553851
83.18883,0.0031523874,-0.017515482,0.001831857
83.205734,0.0028099215,-0.017158132,0.0014550424
83.22206,0.0023500328,-0.017249027,0.0017064941
83.238655,0.0018868792,-0.01739319,0.0019867825
83.2556,0.0019481048,-0.017702494,0.0016349831
83.272224,0.0019921924,-0.017896805,0.0018919493
83.28899,0.0018590392,-0.017917788,0.0021614216
83.305565,0.0020247928,-0.017563345,0.001829749
83.322266,0.0023454668,-0.017688181,0.0021090843
83.338684,0.002703069,-0.017716758,0.0023484235
83.35559,0.0032517174,-0.018339362,0.0020665133
83.37212,0.0040914747,-0.018038377,0.0029336917
83.3889,0.0040832222,-0.018040393,0.0020153748
83.405624,0.0050048768,-0.018269023,0.0022786062
83.42227,0.0063608773,-0.018330725,0.0025937841
83.43916,0.007632642,-0.018315729,0.0028644197
83.45565,0.009233332,-0.018505257,0.0030529995
83.472206,0.010917493,-0.018768562,0.0033435584
83.48896,0.010909707,-0.01877336,0.0025016607
83.50563,0.012776502,-0.019208841,0.002799786
83.522484,0.014533163,-0.019784661,0.0030287446
83.538994,0.01649801,-0.02037326,0.0032429013
83.55559,0.018426977,-0.020819422,0.0035109806
83.57234,0.020168968,-0.021157369,0.0037829052
83.58942,0.021426927,-0.02172932,0.0035251633
83.606064,0.023658557,-0.021849453,0.0037708106
83.62252,0.025336966,-0.022251362,0.0040193233
83.63978,0.026429506,-0.022493688,0.00379962
83.65587,0.028644333,-0.02317635,0.004017477
83.67228,0.03100489,-0.02369731,0.004289529
83.68959,0.03211057,-0.023595428,0.0041013593
83.70598,0.033998527,-0.024432167,0.004309493
83.72253,0.036410563,-0.025104845,0.004572246
83.73913,0.037623562,-0.025825717,0.004379417
83.7559,0.039840702,-0.026685044,0.004630727
83.77254,0.04135489,-0.02723523,0.0048904736
83.78924,0.042337522,-0.027769944,0.004729668
83.80594,0.04409212,-0.028098783,0.00501233
83.8225,0.04553745,-0.028597979,0.005295286
83.839066,0.046316262,-0.028279379,0.0051765875
83.85588,0.04764104,-0.028760493,0.0054490706
83.87255,0.049320187,-0.029195443,0.005760403
83.8894,0.05014943,-0.02973899,0.0056280964
83.90592,0.051285572,-0.03005384,0.005947688
83.92245,0.051977705,-0.030333793,0.006237618
83.939316,0.052838773,-0.030502446,0.0061707594
83.95579,0.05391411,-0.031160487,0.0064826915
83.973206,0.054585665,-0.03176565,0.006792104
83.989456,0.054746237,-0.032149855,0.006727414
84.00542,0.05509174,-0.03223169,0.0070866463
84.02363,0.056209505,-0.032483887,0.00748202
84.03954,0.056235544,-0.032330174,0.007385399
84.05583,0.056524917,-0.032598205,0.007708062
84.0727,0.056433093,-0.03278293,0.0076786936
84.089134,0.056644026,-0.03279998,0.00790118
84.10583,0.056705933,-0.032909613,0.008117515
84.122475,0.056485232,-0.032444533,0.007972487
84.13921,0.056446295,-0.032747056,0.007985715
84.15579,0.056103677,-0.032560375,0.007883106
84.17249,0.05614852,-0.032466356,0.0076680933
84.18972,0.055145245,-0.0323987,0.007415628
84.205795,0.053947397,-0.03240348,0.0070526428
84.22263,0.053758495,-0.032627005,0.00683202
84.239136,0.052629046,-0.032630004,0.006423267
84.25582,0.051404905,-0.033023946,0.0060654664
84.27239,0.050345883,-0.032814585,0.005767008
84.289085,0.0493662,-0.03309015,0.005335603
84.30568,0.04853652,-0.03302046,0.0048708697
84.322266,0.047775004,-0.033457182,0.0044849487
84.338844,0.046350144,-0.033301655,0.0038645633
84.35577,0.04568117,-0.033211607,0.0034341507
84.37246,0.044484027,-0.033576053,0.0026210977
84.38906,0.043353,-0.033836972,0.0016928695
84.40548,0.041755445,-0.03400746,0.000658654
84.42252,0.041435037,-0.033970308,0.00005478337
84.439156,0.040431336,-0.034427818,-0.0011065706
84.45576,0.03956006,-0.034056313,-0.0017548994
84.47254,0.038194973,-0.033684976,-0.0030300848
84.48934,0.036893323,-0.033289224,-0.004349443
84.50579,0.036359563,-0.03344705,-0.00506922
84.522415,0.03485041,-0.033126518,-0.0064272685
84.53931,0.033165824,-0.032948002,-0.007818335
84.55578,0.03234609,-0.032021254,-0.0085014375
84.57243,0.031234687,-0.03194468,-0.009886814
84.58895,0.029789548,-0.03156313,-0.011301973
84.60586,0.028997213,-0.031065015,-0.012012765
84.622475,0.02768013,-0.03042144,-0.01341599
84.63903,0.026151482,-0.029829822,-0.014826626
84.655716,0.025496999,-0.030152364,-0.015522739
84.67236,0.02439758,-0.029847924,-0.016954953
84.68906,0.022929225,-0.029445894,-0.018388206
84.70577,0.021992285,-0.029123468,-0.019090256
84.7223,0.020996984,-0.029079093,-0.02057826
84.73899,0.020685004,-0.02862774,-0.021245535
84.75561,0.019593824,-0.028128728,-0.022722315
84.77233,0.018568479,-0.027791675,-0.024225105
84.78893,0.017488617,-0.02752618,-0.025734017
84.80563,0.016380802,-0.027049763,-0.027194416
84.822876,0.015039701,-0.026897488,-0.028481478
84.83875,0.015042648,-0.026895868,-0.02826321
84.85572,0.0141141,-0.026333574,-0.029433258
84.8721,0.012946192,-0.025872895,-0.030430457
84.88879,0.011474952,-0.025041988,-0.031252623
84.90551,0.010677587,-0.024492217,-0.03182971
84.92218,0.009411126,-0.023982756,-0.032261297
84.938644,0.008910136,-0.023681238,-0.03228566
84.95536,0.008275046,-0.02306997,-0.03248451
84.97201,0.007776828,-0.022572447,-0.03255781
84.988976,0.007237397,-0.022378776,-0.032287173
85.005325,0.0068889894,-0.022006834,-0.032004587
85.022,0.0068669226,-0.02145257,-0.031483002
85.03893,0.006748938,-0.02111804,-0.030897629
85.055885,0.006763099,-0.021043282,-0.030082902
85.07249,0.007490604,-0.020605287,-0.029027501
85.089066,0.0075131943,-0.020674767,-0.028358515
85.106026,0.008271205,-0.020219535,-0.027110815
85.12269,0.009319091,-0.019587433,-0.025703717
85.13895,0.0097707035,-0.019242221,-0.024879588
85.155624,0.011367485,-0.01880777,-0.023360793
85.17253,0.012639685,-0.018529579,-0.021854801
85.18929,0.01354595,-0.017911235,-0.02076708
85.20594,0.015275858,-0.017185643,-0.019100565
85.22291,0.017127374,-0.016494473,-0.017411966
85.23914,0.018002266,-0.016657952,-0.016253792
85.255424,0.019662404,-0.016093384,-0.014510331
85.272705,0.021790016,-0.015724748,-0.012762009
85.28914,0.022825716,-0.014769041,-0.011610428
85.30579,0.024484975,-0.014217661,-0.009874134
85.322525,0.02600938,-0.013816356,-0.008171182
85.33903,0.02730396,-0.013700732,-0.00698411
85.3557,0.029200943,-0.013396509,-0.005310478
85.37248,0.029950967,-0.013095782,-0.004093943
85.38898,0.031452313,-0.012749791,-0.0023630688
85.40564,0.033715207,-0.012842021,-0.0006596774
85.42219,0.034493934,-0.012291175,0.000582845
85.43902,0.03604999,-0.011882336,0.0023141569
85.45566,0.03765819,-0.011525347,0.0040619206
85.47213,0.038609833,-0.012061862,0.005274243
85.48905,0.040153608,-0.011697136,0.0070330612
85.50563,0.042044222,-0.01124811,0.008816763
85.52267,0.04274159,-0.011197817,0.010059617
85.5391,0.044376403,-0.011078515,0.011834217
85.55588,0.046116013,-0.010882267,0.013578094
85.57271,0.046800733,-0.010254569,0.014884844
85.58949,0.04810471,-0.009916945,0.016620588
85.60556,0.049703036,-0.009814094,0.018362787
85.62267,0.05061773,-0.010128417,0.019646823
85.639175,0.05196382,-0.00988924,0.021397093
85.65563,0.05342555,-0.01012031,0.023106702
85.6722,0.054047767,-0.009852119,0.024386706
85.68923,0.05546495,-0.01000552,0.025993599
85.7059,0.057089046,-0.010107426,0.027534857
85.722565,0.05765304,-0.010672988,0.02865329
85.73943,0.059149142,-0.010874524,0.030034387
85.75638,0.060952798,-0.0110759735,0.031165233
85.772644,0.062161565,-0.010940406,0.03220618
85.789474,0.0641354,-0.01149846,0.03300527
85.806145,0.066102594,-0.012084917,0.033661164
85.82297,0.06723677,-0.012330301,0.03445724
85.83988,0.06978131,-0.013013055,0.034918014
85.85613,0.07100747,-0.013726621,0.035570066
85.87279,0.07319832,-0.014563594,0.035804223
85.88912,0.07568233,-0.015373641,0.035834722
85.90596,0.07736631,-0.015724164,0.036308073
85.92264,0.07969776,-0.016755797,0.036078077
85.93928,0.08173898,-0.017920125,0.035624146
85.955795,0.08280003,-0.018290417,0.03592923
85.97245,0.08534231,-0.019173557,0.035250455
85.989136,0.08810308,-0.020443859,0.03451399
86.00608,0.08900787,-0.020693224,0.034625106
86.02258,0.09094021,-0.021970779,0.033680238
86.039474,0.093349606,-0.023055818,0.032629266
86.05565,0.09449103,-0.02326524,0.03252437
86.072136,0.09711927,-0.02419096,0.031199805
86.08998,0.09901097,-0.025401253,0.029635262
86.10592,0.10001781,-0.025815677,0.029552368
86.12236,0.10165611,-0.026299415,0.02780898
86.13909,0.10318321,-0.026865466,0.026077729
86.15577,0.103795014,-0.027588641,0.0243061
86.17272,0.104075454,-0.028212272,0.022372507
86.189224,0.104093686,-0.028145326,0.023658138
86.20574,0.104465514,-0.028748382,0.021647159
86.222466,0.10390884,-0.029207593,0.019574631
86.23915,0.102830514,-0.02964342,0.017594755
86.25584,0.101311326,-0.030172005,0.01569357
86.272354,0.099162504,-0.030367564,0.013764038
86.289085,0.09797231,-0.030409357,0.013553406
86.306046,0.09517299,-0.03070259,0.011624216
86.322586,0.09190424,-0.03115161,0.0097414125
86.33905,0.08981751,-0.031031035,0.009460451
86.35605,0.08632698,-0.03144011,0.007531376
86.37239,0.08204785,-0.031542588,0.005705231
86.389046,0.07996293,-0.031939052,0.005405553
86.40556,0.075930856,-0.03209591,0.0035897524
86.42223,0.07135994,-0.032439265,0.0017762005
86.43909,0.06890091,-0.03260903,0.0015862876
86.4557,0.06417387,-0.033079475,-0.00004292459
86.47229,0.059833985,-0.03314876,-0.001612973
86.48915,0.056978934,-0.032950267,-0.0017125094
86.50571,0.05162141,-0.033321105,-0.0031914355
86.52245,0.04638194,-0.033724945,-0.0046340735
86.539185,0.043664884,-0.03401964,-0.0046065
86.55582,0.038220596,-0.03397376,-0.0058320197
86.57234,0.032479726,-0.034166943,-0.0070398664
86.58911,0.02988083,-0.034405593,-0.006812985
86.60578,0.024544092,-0.034663856,-0.00788438
86.62243,0.019112438,-0.034980305,-0.008855888
86.63912,0.01658341,-0.034519155,-0.008486875
86.655716,0.010542667,-0.034589462,-0.009292643
86.672386,0.005191041,-0.034888405,-0.010062597
86.68894,0.0024392037,-0.035277184,-0.00959726
86.705444,-0.0023464812,-0.035247583,-0.0102316225
86.72208,-0.00519185,-0.03506406,-0.009682814
86.73872,-0.010584955,-0.035047278,-0.010266209
86.755745,-0.015118115,-0.035034172,-0.01077114
86.77239,-0.01704037,-0.035133082,-0.010085591
86.78905,-0.021474326,-0.034875624,-0.010614155
86.80597,-0.026070286,-0.034821335,-0.011005586
86.8223,-0.028135333,-0.03460701,-0.010395551
86.83908,-0.032456335,-0.034388445,-0.010815293
86.85545,-0.03723105,-0.034112368,-0.011308487
86.872215,-0.03989082,-0.03394499,-0.010621394
86.88892,-0.044873007,-0.033437584,-0.010990235
86.90561,-0.04863757,-0.033024166,-0.011283766
86.92256,-0.050009217,-0.033230633,-0.010464572
86.939476,-0.05365063,-0.03288914,-0.010773015
86.95572,-0.056589957,-0.032435928,-0.011080885
86.97248,-0.057508077,-0.031912684,-0.010311213
86.989,-0.05942512,-0.03148654,-0.010665616
87.00576,-0.06152703,-0.031380557,-0.010995491
87.02232,-0.06276346,-0.031186849,-0.010230395
87.03899,-0.064168885,-0.03083175,-0.010604979
87.05605,-0.065992236,-0.030553758,-0.01098034
87.072334,-0.066860914,-0.03043653,-0.010150248
87.08909,-0.06764539,-0.030228144,-0.010571335
87.10597,-0.06787059,-0.02949015,-0.010903469
87.12258,-0.06810794,-0.029611802,-0.010102285
87.139015,-0.068693034,-0.029270308,-0.010430427
87.15595,-0.068884715,-0.02854059,-0.009655653
87.17243,-0.067991175,-0.027746154,-0.01002124
87.18917,-0.066816755,-0.027420906,-0.010449784
87.205795,-0.066367134,-0.027241476,-0.009593789
87.22251,-0.06541544,-0.026723694,-0.01002812
87.23923,-0.06350465,-0.026194666,-0.01044622
87.25586,-0.06272326,-0.026189988,-0.0096162055
87.27305,-0.0614879,-0.025804037,-0.010080304
87.289215,-0.060158025,-0.025461048,-0.010493245
87.305885,-0.05933688,-0.025000548,-0.009673175
87.32258,-0.05761425,-0.02427726,-0.010191029
87.33972,-0.055737987,-0.02358541,-0.010563378
87.3559,-0.054556638,-0.02394099,-0.00966039
87.37304,-0.051773984,-0.023426792,-0.010098727
87.389885,-0.04850738,-0.022548864,-0.010415383
87.40664,-0.046854105,-0.02236002,-0.009514066
87.422775,-0.042491004,-0.021598771,-0.009760808
87.43992,-0.03665298,-0.020740002,-0.010090098
87.45659,-0.033178534,-0.020142352,-0.0090473145
87.47262,-0.026378518,-0.01905673,-0.009242867
87.48955,-0.018535757,-0.017710526,-0.009573064
87.506004,-0.010189838,-0.01650501,-0.009705833
87.52279,-0.0013520552,-0.014914162,-0.009815149
87.539566,0.008558745,-0.013414011,-0.009879946
87.55618,0.008574348,-0.013404093,-0.007556027
87.572464,0.018118806,-0.011828965,-0.0076137832
87.58938,0.027574772,-0.010168713,-0.007613953
87.606155,0.038528055,-0.008168981,-0.007408546
87.62279,0.0481228,-0.0063718986,-0.007189028
87.63941,0.0481304,-0.0063149547,-0.00482256
87.65601,0.06264827,-0.0032484757,-0.0055968277
87.67202,0.07252115,-0.0007912448,-0.005303224
87.68998,0.08257684,0.0011897836,-0.005137777
87.70542,0.08703101,0.0024230976,-0.0034344955
87.722145,0.09506256,0.0042219353,-0.0032571289
87.739075,0.0990999,0.005076702,-0.0017390269
87.75574,0.10689364,0.006837176,-0.0012251625
87.77289,0.11328661,0.0081514595,-0.00061789545
87.78933,0.115815066,0.009142191,0.0009223627
87.80604,0.121446714,0.010014977,0.001571258
87.82255,0.12701704,0.011313667,0.0022962785
87.839226,0.12934543,0.012227592,0.0039294627
87.8563,0.13311169,0.012988046,0.004683292
87.87301,0.13695076,0.013783443,0.005513679
87.889046,0.13914594,0.014510483,0.0072289235
87.90573,0.14247626,0.015078615,0.007887328
87.92259,0.14483179,0.015358416,0.008613881
87.93934,0.1457589,0.015361786,0.01037731
87.95631,0.14744519,0.015207425,0.011247917
87.97328,0.14902282,0.015324622,0.012330503
87.98901,0.14948,0.015359811,0.014271621
88.0057,0.1500015,0.01527559,0.015362661
88.02252,0.15042989,0.015153893,0.016780708
88.03914,0.15063338,0.014632635,0.018712744
88.05589,0.15031752,0.014576753,0.020314915
88.07278,0.1498094,0.014909487,0.022432998
88.08923,0.14875378,0.014501676,0.02420194
88.105736,0.14766516,0.013865804,0.025912452
88.12253,0.14572883,0.012501034,0.027589004
88.13904,0.14461541,0.012064976,0.029912226
88.15589,0.14212853,0.0110705495,0.031717323
88.17235,0.14088134,0.01048849,0.034059417
88.18902,0.13827883,0.009456489,0.035895944
88.20571,0.13511166,0.008184836,0.037782233
88.22226,0.13362363,0.007908995,0.040170927
88.23901,0.13034394,0.0067307274,0.041943688
88.25573,0.126787,0.005573409,0.043633897
88.2724,0.1250119,0.004555744,0.045827497
88.28919,0.12122722,0.0034548794,0.04706113
88.30577,0.11749195,0.0021477744,0.04799
88.32239,0.1152148,0.001481958,0.049649157
88.33899,0.110784985,-0.00017789543,0.04981925
88.35601,0.106530346,-0.001814255,0.049800616
88.37242,0.10397372,-0.0022486972,0.051020443
88.389015,0.098821804,-0.0042277705,0.05041245
88.405464,0.0936907,-0.0063757747,0.04944597
88.422295,0.09124383,-0.0077788853,0.0502325
88.43911,0.0859074,-0.010076415,0.04888604
88.45595,0.080834925,-0.012531317,0.04718017
88.47228,0.078350976,-0.013361793,0.047789495
88.48914,0.07390501,-0.015823258,0.045600273
88.5056,0.068927616,-0.017965553,0.04324417
88.52228,0.06650179,-0.019441005,0.043486886
88.53892,0.061269794,-0.02177931,0.040593952
88.555595,0.056129612,-0.023725994,0.037657447
88.57233,0.05387334,-0.025185274,0.037587862
88.58884,0.048890043,-0.027372893,0.034376577
88.60567,0.046152472,-0.028369121,0.034230463
88.62256,0.041853525,-0.030330604,0.030821009
88.63948,0.0375574,-0.032021265,0.027303923
88.65562,0.035531744,-0.033385444,0.027049024
88.67257,0.031096093,-0.035246555,0.02325477
88.68927,0.026782675,-0.03705718,0.019532377
88.70609,0.02460121,-0.037190456,0.01919482
88.72231,0.020743473,-0.038937613,0.015449712
88.73952,0.016508114,-0.0402796,0.011566256
88.75594,0.014832795,-0.04082596,0.011411359
88.77233,0.010874539,-0.042142417,0.0076354686
88.78901,0.00897232,-0.04248773,0.0072389506
88.8057,0.0059894356,-0.043756697,0.0035805008
88.82217,0.0026899078,-0.044577613,-0.00019826059
88.83871,-0.0006766791,-0.045344032,-0.004015375
88.85559,-0.0018592578,-0.04580249,-0.004170915
88.87271,-0.004446889,-0.046095002,-0.007880001
88.88898,-0.0068705804,-0.046463516,-0.011407199
88.905815,-0.0080302525,-0.046721563,-0.011650122
88.92239,-0.01020747,-0.046518367,-0.0151786
88.939255,-0.011992948,-0.04619288,-0.018744146
88.95603,-0.01364394,-0.04587717,-0.022149397
88.97263,-0.014724749,-0.04569911,-0.02542448
88.98895,-0.014648234,-0.045723476,-0.022080282
89.00573,-0.015676077,-0.04487503,-0.025308874
89.02237,-0.01647547,-0.044372573,-0.028227575
89.03921,-0.017194152,-0.043637615,-0.030974517
89.05615,-0.017465878,-0.042495888,-0.033529297
89.072716,-0.017803408,-0.041313265,-0.0358088
89.08924,-0.01777429,-0.040872462,-0.035274576
89.105965,-0.017465523,-0.039381254,-0.03742382
89.12268,-0.017243614,-0.037615154,-0.03937556
89.1394,-0.017196488,-0.03626977,-0.03858031
89.1559,-0.01663907,-0.03477887,-0.04034394
89.17274,-0.015762733,-0.03306939,-0.04206051
89.189606,-0.0154538695,-0.032659754,-0.041079633
89.20595,-0.014750252,-0.030799622,-0.042577747
89.22283,-0.01338741,-0.028736359,-0.04400785
89.239265,-0.013029316,-0.027415248,-0.0429002
89.25607,-0.011756388,-0.02594044,-0.044165228
89.27286,-0.010207064,-0.024056312,-0.04523071
89.289856,-0.009349649,-0.022874003,-0.044025645
89.306465,-0.00798331,-0.02071588,-0.044945266
89.322784,-0.006297765,-0.018497495,-0.045956038
89.33953,-0.005027466,-0.017578421,-0.04465359
89.356064,-0.0029402522,-0.015211463,-0.04550329
89.37293,-0.000937157,-0.013037723,-0.046331953
89.38973,0.00031651455,-0.011964264,-0.044816606
89.40664,0.0024455204,-0.009853159,-0.045438062
89.422775,0.004529974,-0.0075073717,-0.045963652
89.439255,0.0054708,-0.005819241,-0.044482782
89.45642,0.0075917696,-0.003415405,-0.044915102
89.47304,0.009991793,-0.0008727332,-0.04512089
89.48923,0.0113410475,-0.00027726498,-0.043370716
89.50595,0.013821313,0.0020857176,-0.043627653
89.52261,0.0148132155,0.0036006807,-0.041783858
89.53922,0.017169403,0.005443628,-0.04173304
89.555954,0.018464517,0.0070935497,-0.041594986
89.57248,0.019254204,0.0077719986,-0.039546795
89.5893,0.021568375,0.009428256,-0.039221603
89.60579,0.023441287,0.011226415,-0.038796145
89.62248,0.025085935,0.012735218,-0.03836759
89.63923,0.026020175,0.013011057,-0.03617548
89.655914,0.027836846,0.014363904,-0.03555357
89.67222,0.02844229,0.015006222,-0.03330767
89.68912,0.029435448,0.015775938,-0.032649122
89.70591,0.030917548,0.016807504,-0.031691503
89.72255,0.031711094,0.01776857,-0.029269105
89.73915,0.0337743,0.018738035,-0.028307011
89.75576,0.03508064,0.020017143,-0.027273972
89.77231,0.035930637,0.020672068,-0.024778452
89.78911,0.0378688,0.021889111,-0.023658697
89.80615,0.03951649,0.022970393,-0.022450928
89.822876,0.040580057,0.023225913,-0.019783555
89.83923,0.04237924,0.024122745,-0.018480878
89.85613,0.044315666,0.025189767,-0.017198613
89.872536,0.04498531,0.026127962,-0.014459402
89.88927,0.046369094,0.027145496,-0.013066125
89.90611,0.04791821,0.027935648,-0.011579727
89.92263,0.04907642,0.027915137,-0.008827458
89.939384,0.05072805,0.028583843,-0.0073930584
89.95579,0.051065106,0.029261831,-0.004605467
89.97299,0.052239314,0.029299833,-0.0031338255
89.98924,0.053964123,0.030047156,-0.001408505
90.00607,0.05464483,0.030412449,0.0013322582
90.02261,0.05567266,0.030927869,0.0030650946
90.03913,0.057026222,0.03159276,0.0048827175
90.05594,0.057701472,0.03148336,0.00778948
90.07243,0.058894016,0.031681325,0.009910949
90.088974,0.059939202,0.03204578,0.012083083
90.1057,0.060353156,0.03281299,0.015247971
90.12244,0.06208894,0.03265272,0.016359791
90.13903,0.062158495,0.032535102,0.01940645
90.15566,0.06289649,0.032364335,0.021342434
90.17272,0.06354488,0.031987865,0.023001937
90.18933,0.06347671,0.03212413,0.027283523
90.20591,0.0636249,0.031059125,0.028524479
90.22245,0.06374236,0.029969297,0.029322522
90.23908,0.06421381,0.029078355,0.029924352
90.25591,0.06398677,0.027484542,0.030130679
90.27257,0.063920744,0.025980152,0.030123511
90.28916,0.06386608,0.026116112,0.034369245
90.30574,0.06425715,0.024630517,0.034159895
90.322105,0.063975655,0.022164997,0.031169908
90.33921,0.06405679,0.021140754,0.032812003
90.355934,0.06377134,0.01953348,0.031990767
90.37273,0.064120136,0.01804488,0.030928558
90.38909,0.06366452,0.017311998,0.032395482
90.40553,0.063532,0.015610595,0.03086068
90.42233,0.063151605,0.014194749,0.0291822
90.43913,0.062923774,0.013314112,0.030283403
90.45618,0.06299304,0.012015025,0.02835802
90.473015,0.06272857,0.010247021,0.026179455
90.48903,0.062238645,0.009601551,0.027173141
90.50559,0.062087636,0.007882845,0.024531614
90.52218,0.06157765,0.0063740406,0.02188437
90.539116,0.061771795,0.0051585115,0.022681532
90.55594,0.061164662,0.0032577063,0.02007255
90.57285,0.060632512,0.0017162878,0.017396739
90.589424,0.06047506,0.00091216166,0.018209765
90.605896,0.06002893,-0.0008269482,0.015482268
90.62255,0.0594018,-0.0025237263,0.012704986
90.63874,0.05928483,-0.0032587247,0.013504216
90.65556,0.05898342,-0.0044921422,0.0106771
90.673615,0.0582535,-0.0055408957,0.00791379
90.68926,0.058199342,-0.0059384643,0.009226352
90.70586,0.05783167,-0.007002896,0.0062191947
90.72297,0.057682194,-0.007567895,0.0035109797
90.73894,0.057315085,-0.0077073677,0.0046453434
90.756386,0.056779034,-0.008390444,0.001822059
90.772804,0.05621058,-0.008835556,-0.00049156614
90.78951,0.055955607,-0.009388718,0.00041693216
90.80573,0.055294875,-0.00991554,-0.0019989829
90.82287,0.05437571,-0.009768908,-0.0010813623
90.83989,0.053642154,-0.010516598,-0.003292013
90.85631,0.052708797,-0.011105611,-0.005473459
90.872734,0.05216402,-0.011021773,-0.004398577
90.889496,0.051159948,-0.011619537,-0.0066840583
90.90613,0.04998279,-0.012191217,-0.008832773
90.92293,0.049945693,-0.012504997,-0.0075285654
90.93947,0.04881546,-0.012969826,-0.009603908
90.95572,0.047580093,-0.013282382,-0.011621499
90.97321,0.04663444,-0.01273998,-0.0103299515
90.98961,0.04574681,-0.012938563,-0.011975813
91.00636,0.044695854,-0.013043564,-0.0138428025
91.0231,0.04454335,-0.013161652,-0.012262004
91.039536,0.04362549,-0.012849452,-0.013936528
91.05661,0.042631425,-0.0125076985,-0.015507894
91.07274,0.041943774,-0.012621743,-0.013815958
91.08941,0.041493658,-0.011871156,-0.0152915595
91.10621,0.040606126,-0.011371187,-0.016525988
91.122795,0.040006705,-0.010716733,-0.014697464
91.13966,0.039515164,-0.009679487,-0.015793858
91.156296,0.038898434,-0.0087077115,-0.016783886
91.17256,0.039070766,-0.008251908,-0.014859491
91.189415,0.038340088,-0.0071849395,-0.015889203
91.20614,0.03805602,-0.0060441485,-0.016695863
91.22259,0.03796255,-0.005239079,-0.014640467
91.239395,0.03782414,-0.0043216115,-0.015439593
91.25596,0.037233043,-0.0035090963,-0.013285137
91.27224,0.036658697,-0.0020139203,-0.013926558
91.28941,0.03574328,-0.00067273364,-0.014632012
91.30605,0.03495616,0.00073743594,-0.014993154
91.32276,0.034720518,0.0012078829,-0.012769636
91.33953,0.0339851,0.0025555936,-0.013184459
91.35619,0.03391048,0.003214098,-0.010872654
91.372604,0.033073947,0.0047945958,-0.011252094
91.389565,0.032423347,0.00613117,-0.011638604
91.406075,0.031617116,0.007100569,-0.009239696
91.42293,0.030920658,0.0087587265,-0.0096209
91.43946,0.03015541,0.010339885,-0.009931426
91.45592,0.030272257,0.010985349,-0.0076855663
91.47292,0.029763047,0.012697834,-0.0081732785
91.48938,0.029208167,0.014251361,-0.008577004
91.50606,0.028264308,0.015504554,-0.0063864244
91.522575,0.028405532,0.017125353,-0.0069822962
91.53898,0.028017003,0.018774625,-0.007669104
91.55576,0.027650919,0.020479575,-0.008397518
91.572464,0.02749159,0.022354793,-0.00906613
91.5891,0.027434414,0.022424323,-0.003985639
91.60583,0.02725618,0.024237975,-0.004738261
91.62234,0.0269902,0.02605848,-0.0054751453
91.63908,0.026844049,0.027804295,-0.00632695
91.65586,0.026418416,0.029706676,-0.0071314164
91.6728,0.026415288,0.031415727,-0.0079048565
91.68909,0.026333272,0.031484455,-0.0026915583
91.70598,0.026163293,0.033557422,-0.0066596805
91.72245,0.026197597,0.035439927,-0.007501302
91.73957,0.026144551,0.036777258,-0.008570434
91.755844,0.025767405,0.03762284,-0.0063269422
91.77246,0.025799204,0.038449764,-0.0075613083
91.78914,0.026109122,0.038429294,-0.005503013
91.8057,0.025898904,0.038923375,-0.006610429
91.82269,0.025566809,0.039042305,-0.0077831214
91.83915,0.025310872,0.03878835,-0.005654628
91.85583,0.025337884,0.038132053,-0.0068398183
91.87288,0.024887439,0.037309974,-0.008039379
91.88909,0.024159672,0.036705375,-0.0059079845
91.90548,0.023981407,0.03525066,-0.0072387233
91.92215,0.023382822,0.033632837,-0.008538565
91.93925,0.023566052,0.032381654,-0.0065117315
91.95572,0.022730587,0.029691437,-0.0075379726
91.97226,0.022162,0.026872981,-0.008832181
91.98915,0.021659026,0.025467716,-0.0067346958
92.005684,0.020823652,0.021991001,-0.007846671
92.02267,0.02029138,0.01812682,-0.009023253
92.03927,0.019806754,0.015851725,-0.0067987577
92.05577,0.01944051,0.012215409,-0.007907865
92.072876,0.018938802,0.008818698,-0.008972344
92.08893,0.018224375,0.0070761507,-0.0067190123
92.10567,0.018276105,0.003928915,-0.007926391
92.12219,0.018141558,0.0025943439,-0.0057036155
92.13902,0.018239481,0.00024019042,-0.0067659053
92.15588,0.018777804,-0.00087305217,-0.0044830106
92.17239,0.019122243,-0.002483061,-0.0054551046
92.189026,0.01964592,-0.0035306888,-0.006522896
92.205826,0.019875126,-0.004629607,-0.0075279283
92.22261,0.020138621,-0.005169936,-0.0053123655
92.23913,0.020881142,-0.005694262,-0.00628332
92.25575,0.021749305,-0.0061807516,-0.0073745684
92.2727,0.022143701,-0.006264218,-0.0051677674
92.289375,0.023289787,-0.0065284725,-0.0061231093
92.306,0.023922617,-0.0061576953,-0.0071669198
92.32278,0.024562337,-0.005661762,-0.0049193287
92.3392,0.025535876,-0.0050644567,-0.0059596896
92.35594,0.02653679,-0.004266995,-0.007086887
92.37258,0.02749113,-0.0037952054,-0.004822315
92.38965,0.028725354,-0.0024653426,-0.0058810753
92.406265,0.029901655,-0.0016600661,-0.0067901653
92.4229,0.030527575,-0.0010054004,-0.0045516267
92.439156,0.03170527,0.00022029721,-0.0055792746
92.45596,0.032755,0.0018296334,-0.006741695
92.47309,0.033531565,0.0025488718,-0.0044228532
92.489296,0.03448243,0.0037410106,-0.005279317
92.50597,0.035332263,0.0058081434,-0.0064494903
92.522835,0.03524463,0.006961155,-0.004148963
92.53928,0.03634082,0.0087382775,-0.005093611
92.55632,0.03715896,0.01055069,-0.006154217
92.572815,0.037976027,0.011599014,-0.0036887077
92.58938,0.038628876,0.013874535,-0.0047784485
92.606255,0.039312672,0.015860893,-0.0057646404
92.6226,0.039784055,0.016351227,-0.0034268128
92.63943,0.040043797,0.018288791,-0.004395255
92.65638,0.04035445,0.020301407,-0.0052625155
92.67292,0.040832523,0.021079399,-0.0028218534
92.68945,0.041153476,0.022351773,-0.0037344056
92.70618,0.04084546,0.023139412,-0.0013432205
92.72272,0.04092932,0.024188561,-0.0021511256
92.73934,0.04110496,0.02482931,-0.0029788255
92.75572,0.041472755,0.025474679,-0.00046893547
92.773834,0.041346934,0.026724927,-0.001281923
92.78922,0.041153524,0.027032312,-0.0014194611
92.806335,0.041293804,0.026630517,0.0006491989
92.8228,0.041446175,0.02711378,0.0002123565
92.83949,0.041333675,0.027845798,-0.00045726073
92.85582,0.04104272,0.028400132,0.0021358058
92.872734,0.04097116,0.02817646,0.0014556667
92.88986,0.041120995,0.027931854,0.0008904087
92.906105,0.041139714,0.027918419,0.0036334994
92.92285,0.040931992,0.027921408,0.0028246208
92.93954,0.04079462,0.026589382,-0.0010629602
92.955894,0.040716898,0.026708705,0.0047847847
92.97231,0.040698536,0.02573359,0.0040668193
92.989456,0.04005626,0.025137648,0.003321529
93.00601,0.03991089,0.024215214,0.002774141
93.022606,0.03969325,0.022619681,0.0020097021
93.03925,0.039627004,0.02273596,0.0078673465
93.056015,0.039514568,0.021568203,0.0072038956
93.07266,0.03898273,0.02060025,0.006532307
93.08937,0.03825655,0.019025654,0.0025093232
93.10594,0.03816245,0.018511506,0.0050283526
93.12293,0.03778472,0.018410672,0.0043126573
93.13935,0.037193287,0.018259922,0.0069498713
93.15612,0.0367592,0.01802029,0.0061151073
93.17237,0.036214244,0.018101953,0.005363341
93.189415,0.036291152,0.018656287,0.007751302
93.206085,0.03577843,0.019300407,0.0069675646
93.2225,0.035354108,0.019411698,0.006001221
93.239296,0.034688,0.019934589,0.008368924
93.256004,0.034149922,0.020616999,0.0074120834
93.27281,0.034030326,0.021289116,0.0062846206
93.28924,0.03382975,0.021613091,0.008842136
93.30562,0.033119395,0.022446427,0.00760317
93.322716,0.032301486,0.023585042,0.006269792
93.33914,0.031876672,0.024380136,0.008851319
93.35573,0.030955156,0.025704691,0.00745866
93.37239,0.030018998,0.026887054,0.0061254515
93.38904,0.03006404,0.02739864,0.008440947
93.405594,0.029192362,0.028952174,0.0070829834
93.42267,0.028245565,0.030099794,0.005633141
93.43896,0.02761379,0.030650565,0.008053025
93.45567,0.0269202,0.03233167,0.00644761
93.47234,0.025876736,0.033985604,0.0049471413
93.48894,0.025727477,0.03489421,0.007220977
93.505806,0.02479675,0.03618589,0.005641371
93.522484,0.023849824,0.037666712,0.0040910034
93.53902,0.023491478,0.038583394,0.0063039158
93.55603,0.022522757,0.04003741,0.0045853667
93.57264,0.021588506,0.040744573,0.006975219
93.589424,0.020740319,0.04185148,0.0052450467
93.605804,0.019822534,0.043145955,0.0035427199
93.6225,0.019656893,0.044043727,0.0056307456
93.63911,0.018696316,0.045036517,0.003880944
93.65591,0.01778059,0.045879003,0.0020180917
93.67256,0.017358882,0.04637786,0.0042284266
93.68901,0.016323818,0.047243956,0.0023897353
93.70587,0.015513971,0.048000358,0.0004785569
93.72251,0.015151591,0.048432775,0.0027738546
93.73904,0.014488662,0.049110346,0.00095106475
93.75568,0.013599947,0.04943682,-0.00096301665
93.77245,0.013507528,0.049857296,0.001202334
93.78881,0.012585404,0.05044157,-0.0006836805
93.805504,0.011596632,0.051169578,-0.0025834073
93.8222,0.010341785,0.051147606,-0.00031838546
93.83881,0.010011902,0.051809143,-0.0020094747
93.855446,0.009275282,0.05252759,-0.0036139898
93.872375,0.008706395,0.052731026,-0.0011909805
93.88888,0.0079798,0.053179972,-0.00253204
93.90592,0.0071764872,0.053264003,-0.0039950837
93.92216,0.0068659415,0.053565536,-0.0013594814
93.938896,0.006062867,0.054176357,-0.0029005308
93.95579,0.0051638084,0.054192703,-0.004197613
93.97229,0.0050678584,0.054103494,-0.0016895183
93.989174,0.004275393,0.054343104,-0.002983435
94.005875,0.0033167286,0.054471865,-0.00037096665
94.02211,0.0028027587,0.054401614,-0.0015667774
94.03906,0.0020897763,0.05445189,-0.0028758945
94.05574,0.002105507,0.054647204,-0.00015770367
94.072296,0.0013863569,0.05537817,-0.0012202292
94.089294,0.0005118908,0.055879757,-0.0021874474
94.105896,-0.00034541375,0.055747494,0.00050461886
94.12243,-0.0013349522,0.05677935,-0.0004742493
94.13907,-0.0021956454,0.058282364,-0.001516075
94.155785,-0.0027396122,0.059193145,0.0011669293
94.17264,-0.0035369704,0.0599625,0.00023279192
94.1897,-0.0048359153,0.06087252,-0.00071798754
94.206116,-0.0055183475,0.061866846,0.0021733006
94.2226,-0.006285401,0.06273642,0.0010552986
94.239296,-0.0070521696,0.06356579,-0.000022743006
94.256355,-0.007845949,0.06348227,0.0027739652
94.272835,-0.008582771,0.06398072,0.0018701284
94.289246,-0.009441153,0.06451477,0.00073344744
94.30606,-0.009773857,0.064589225,-0.00046613126
94.322845,-0.010144322,0.06481095,-0.0015962551
94.3395,-0.010356698,0.06477777,0.0049548247
94.356316,-0.010360073,0.064822316,0.0036054968
94.37253,-0.010411421,0.064487346,0.002394571
94.389244,-0.010480675,0.06420288,0.0008475477
94.4062,-0.009522149,0.06365563,-0.0006132584
94.42265,-0.00929636,0.063172534,-0.0019555402
94.439674,-0.009500661,0.06314206,0.004512229
94.45608,-0.009107792,0.06284189,0.003210196
94.47278,-0.008130555,0.062418062,-0.0024866324
94.48985,-0.006835423,0.061210103,-0.0041095116
94.50678,-0.0064638346,0.060447615,-0.0014539191
94.52334,-0.0054059685,0.059024353,-0.0029596277
94.53986,-0.0040774406,0.057767384,-0.0046839854
94.55627,-0.0037592074,0.057083774,-0.0022081146
94.57309,-0.0027974201,0.055498037,-0.0039793104
94.590454,-0.0016342817,0.05433327,-0.0056509236
94.606476,-0.0014695916,0.053577278,-0.0029665884
94.623085,-0.00079510245,0.052339733,-0.005105734
94.63951,-0.000046253514,0.051659543,-0.0028439832
94.65588,0.000991467,0.049989533,-0.0049554445
94.672615,0.002049253,0.04868476,-0.007140128
94.689644,0.0017493654,0.047694616,-0.0048188204
94.70618,0.0032521186,0.046399556,-0.006751873
94.72367,0.004523155,0.044903435,-0.008940085
94.73956,0.0048994366,0.04421521,-0.0063019064
94.7562,0.005910122,0.043200936,-0.008694515
94.77264,0.006548803,0.04202067,-0.010764155
94.78943,0.0066174027,0.040944643,-0.008520972
94.80574,0.0074480376,0.03996251,-0.010487472
94.82282,0.007860669,0.03932323,-0.012649351
94.83954,0.008138606,0.039274774,-0.010148961
94.8567,0.008422721,0.038641565,-0.012139071
94.872826,0.008830879,0.038123585,-0.013933843
94.88937,0.008600412,0.037426922,-0.011787337
94.906166,0.00865615,0.036859605,-0.013791825
94.92305,0.008709025,0.03632117,-0.015643694
94.939476,0.008762066,0.036546722,-0.01314655
94.95609,0.008700482,0.036307704,-0.015138458
94.97275,0.008755898,0.03639078,-0.012718622
94.989204,0.008382294,0.03599245,-0.014553772
95.006454,0.008383429,0.03555279,-0.016439488
95.02281,0.008028255,0.035039168,-0.013674607
95.039116,0.0078106793,0.03465049,-0.015498656
95.05598,0.008003678,0.034752782,-0.013072444
95.07252,0.007772712,0.03437938,-0.01455891
95.08879,0.007680446,0.03397353,-0.016067423
95.10597,0.0073925555,0.033740386,-0.017642228
95.12256,0.006736234,0.0331702,-0.014679293
95.13916,0.006562184,0.033296246,-0.016001347
95.156586,0.0062973932,0.03309466,-0.013183483
95.172676,0.0057223863,0.0328214,-0.01405052
95.189255,0.0053819995,0.03265794,-0.015394313
95.20641,0.0049984534,0.032366656,-0.016467404
95.22262,0.0051975697,0.032860544,-0.013320612
95.23924,0.0048144967,0.03265544,-0.014443845
95.25562,0.0044766245,0.032148503,-0.011495918
95.27236,0.0044520902,0.032224067,-0.0124708405
95.288925,0.004298207,0.032191396,-0.013255528
95.305664,0.0038021025,0.03194605,-0.010208892
95.322235,0.00352616,0.031716656,-0.010910796
95.33882,0.0032481444,0.031524166,-0.011682527
95.35555,0.0034614892,0.032060817,-0.008567012
95.3722,0.0031403617,0.032109,-0.009219249
95.38883,0.0023521343,0.032224234,-0.0098896595
95.40551,0.002466655,0.03224945,-0.0067920517
95.4222,0.0022353728,0.032328907,-0.0074472306
95.438965,0.0020046728,0.032284226,-0.008060898
95.45556,0.0015722109,0.032319818,-0.0047533857
95.47215,0.0014453453,0.032908965,-0.0051444503
95.48882,0.0016287039,0.0333047,-0.0053263237
95.50546,0.0013644351,0.0328323,-0.0017994735
95.52211,0.0011135183,0.03286242,-0.0017532351
95.538704,0.00061819545,0.032633185,-0.0015978399
95.55549,0.0010229024,0.033010125,0.0018999914
95.57224,0.00069393776,0.033047233,0.0022586866
95.589096,0.0004213736,0.03312239,0.0026062888
95.60551,-0.00005116389,0.03267302,0.006321336
95.6223,-0.0006573275,0.03291224,0.0065718014
95.63902,-0.0011421265,0.033322662,0.0069344887
95.656105,-0.0013348812,0.033688914,0.01067548
95.67241,-0.0019696995,0.03419267,0.011169212
95.6893,-0.0024055445,0.034726124,0.011353003
95.70675,-0.0031936362,0.035604592,0.011829268
95.7225,-0.0038259607,0.036336746,0.012524986
95.73915,-0.0039472505,0.036324184,0.019198965
95.75607,-0.0046141525,0.036752947,0.019523246
95.77259,-0.0055955034,0.037277013,0.019981354
95.78956,-0.0063051954,0.037653957,0.020173656
95.806244,-0.006916099,0.03805922,0.020427719
95.82319,-0.007833753,0.038430184,0.02036349
95.83955,-0.007972458,0.03840255,0.027574692
95.85645,-0.0088337185,0.039881155,0.023519251
95.87284,-0.009451807,0.04029738,0.023118135
95.88948,-0.010151464,0.040316824,0.026308695
95.906395,-0.011236876,0.04117825,0.025571303
95.92273,-0.01205768,0.04188563,0.024799788
95.938995,-0.012760686,0.04209547,0.027847663
95.95584,-0.013881786,0.042842533,0.026556656
95.97259,-0.0153273,0.043967832,0.02551308
95.99013,-0.016033633,0.04468149,0.028474137
96.00623,-0.018319808,0.0461741,0.027496774
96.022865,-0.02053946,0.047368046,0.02581694
96.03904,-0.021726524,0.04756453,0.028530136
96.05582,-0.024806963,0.049280915,0.026674131
96.07337,-0.027815714,0.050925225,0.024993537
96.08966,-0.029223178,0.05150042,0.027946347
96.106155,-0.03250786,0.05290668,0.025868054
96.123116,-0.035592474,0.054475527,0.023705741
96.139565,-0.037485678,0.054846175,0.026342018
96.156105,-0.040761698,0.055891387,0.024041748
96.17288,-0.043847483,0.056702346,0.021638026
96.1895,-0.04554853,0.057414316,0.02409541
96.206215,-0.04898499,0.057873767,0.021541277
96.223236,-0.05222061,0.05885156,0.018981181
96.2396,-0.053714134,0.058963973,0.021428183
96.25613,-0.0564836,0.059599552,0.018633325
96.27287,-0.059214525,0.059745826,0.015851077
96.28938,-0.06003667,0.060083594,0.018035563
96.3062,-0.06164064,0.0600341,0.015196234
96.32287,-0.062507585,0.05923602,0.012574022
96.33982,-0.062624045,0.05855107,0.014725039
96.3564,-0.062731124,0.057513013,0.012110228
96.37346,-0.061964113,0.056905214,0.009230946
96.38974,-0.06181081,0.05630208,0.011673448
96.40623,-0.060441565,0.055092447,0.008673629
96.42292,-0.059700236,0.05442875,0.010801066
96.43962,-0.05799507,0.05334614,0.007884179
96.456726,-0.056366276,0.05201637,0.0049958522
96.47335,-0.054447524,0.050675355,0.0022103582
96.48959,-0.053485982,0.04968733,0.004350091
96.50616,-0.05109066,0.04826406,0.0010432932
96.52306,-0.049916625,0.047561873,0.0032133867
96.53945,-0.04652265,0.04597783,0.00020763958
96.55609,-0.042433463,0.04451944,-0.002922583
96.57285,-0.040325284,0.043462597,-0.0007889844
96.58946,-0.036476824,0.04221491,-0.003673787
96.60607,-0.03204843,0.04057029,-0.0065815644
96.62293,-0.029988488,0.04024856,-0.0043707755
96.63924,-0.025673574,0.038745224,-0.007091017
96.65607,-0.021780765,0.03717732,-0.010041597
96.672676,-0.020091642,0.03626658,-0.0076056593
96.68948,-0.016627327,0.03537092,-0.010311468
96.70657,-0.013233521,0.034127954,-0.012849013
96.72277,-0.011677718,0.033142794,-0.010180263
96.73942,-0.009202216,0.032124225,-0.012887386
96.75647,-0.0067468677,0.03156755,-0.015309798
96.77286,-0.0055140085,0.030814404,-0.012598261
96.78945,-0.0034151084,0.029785978,-0.015025351
96.805916,-0.00202688,0.028589893,-0.017317003
96.82267,-0.0014639528,0.028526787,-0.014818573
96.83937,0.00021835438,0.027622856,-0.016933095
96.855934,0.00095585024,0.02719927,-0.014292625
96.87246,0.0015973597,0.02660652,-0.01639112
96.88948,0.0026476325,0.025736395,-0.018459776
96.90625,0.0028575908,0.025401708,-0.015580171
96.922874,0.0033542986,0.024676338,-0.017486371
96.939575,0.0039946777,0.023985138,-0.019366553
96.95637,0.003877144,0.023573125,-0.016538769
96.97287,0.004119392,0.022868432,-0.018233359
96.989105,0.0043280106,0.022463253,-0.019979877
97.00588,0.004537477,0.021465477,-0.0172634
97.02329,0.0043883906,0.020522026,-0.018846394
97.03923,0.0041575804,0.019517155,-0.01994687
97.05586,0.00392496,0.019463312,-0.017311728
97.072624,0.003370809,0.01856658,-0.018661605
97.08933,0.0028492126,0.017464038,-0.019815868
97.10595,0.0019629872,0.016497208,-0.021058597
97.1226,0.0014441994,0.015567584,-0.022173412
97.13923,0.0013860986,0.015572722,-0.014712276
97.15594,0.0008304115,0.014309128,-0.015592882
97.1725,-0.0006169926,0.013194571,-0.016449118
97.18918,-0.001972394,0.0122489035,-0.017345753
97.206,-0.0032616442,0.011283118,-0.017996019
97.222466,-0.0044950843,0.0101268655,-0.018509928
97.239265,-0.0052810884,0.009135189,-0.015175747
97.255745,-0.007381064,0.0077063716,-0.0156154875
97.2724,-0.008736688,0.006687225,-0.01617564
97.28906,-0.0097403955,0.0064332625,-0.012629155
97.30565,-0.012069521,0.0052220966,-0.013007497
97.32241,-0.013436627,0.0040021944,-0.01338288
97.33929,-0.01411456,0.003949627,-0.009833953
97.356186,-0.015880268,0.0028366444,-0.009987016
97.37269,-0.017280573,0.001809582,-0.010253635
97.38948,-0.018051406,0.0006624797,-0.0065951836
97.405945,-0.019013464,-0.000032732176,-0.0068472004
97.423065,-0.020443609,-0.000800704,-0.007249272
97.4392,-0.021568168,-0.0009156677,-0.0033768325
97.45613,-0.022677483,-0.0017279469,-0.0039220382
97.47256,-0.023039212,-0.001755177,-0.00016671667
97.48917,-0.024101453,-0.002455467,-0.0006070842
97.505844,-0.02564701,-0.0030791906,-0.0009811189
97.52291,-0.026551053,-0.0034780372,-0.0013441829
97.539444,-0.026581952,-0.0042025894,0.002401171
97.55611,-0.027596563,-0.00461255,0.0018705295
97.57273,-0.028793624,-0.005014212,0.0013108795
97.58952,-0.029713849,-0.0046364507,0.004794629
97.60616,-0.030450394,-0.0046148505,0.0042381957
97.62292,-0.031222543,-0.0045501175,0.0035942176
97.63961,-0.031601503,-0.0052683353,0.0071023875
97.65644,-0.032837592,-0.005292069,0.0064263684
97.67278,-0.033596482,-0.004884081,0.00996292
97.689644,-0.034064196,-0.004744051,0.009077089
97.706314,-0.035505373,-0.0049659032,0.008372575
97.72258,-0.035966884,-0.0048966655,0.011731748
97.7399,-0.037048087,-0.0048529184,0.0106603205
97.75631,-0.038205512,-0.004580269,0.009998052
97.77301,-0.03872722,-0.0047548697,0.013193359
97.78951,-0.040489785,-0.0043439437,0.012190482
97.80688,-0.041752588,-0.0042779897,0.011069932
97.82277,-0.041808844,-0.004469123,0.014649948
97.83946,-0.04260104,-0.004506136,0.013165166
97.856575,-0.04374202,-0.0044143167,0.011970251
97.873184,-0.044196844,-0.004162828,0.015384735
97.89028,-0.0447957,-0.0040672333,0.014128826
97.90654,-0.045474194,-0.0041739936,0.013124479
97.92293,-0.04548065,-0.0043832436,0.016067823
97.93954,-0.04624666,-0.0043045674,0.014765401
97.95674,-0.04719222,-0.0042792917,0.013441504
97.97289,-0.047431987,-0.003929094,0.016812233
97.98982,-0.048093814,-0.003623625,0.0152584445
98.00672,-0.048052408,-0.0037290065,0.014044318
98.02339,-0.048505977,-0.0034922322,0.017283343
98.03945,-0.048376124,-0.0033558758,0.015933605
98.056854,-0.048813447,-0.0031134544,0.014166605
98.07285,-0.048864968,-0.0034702912,0.017687917
98.08948,-0.04904458,-0.0034165485,0.01586409
98.10617,-0.04916539,-0.0033160828,0.014257176
98.12313,-0.049157597,-0.002591517,0.01729593
98.13933,-0.049229093,-0.0025676666,0.015761636
98.15606,-0.04917705,-0.0025284016,0.013950125
98.172874,-0.048778865,-0.0022176662,0.01684275
98.18916,-0.048675872,-0.0016562738,0.01529511
98.20606,-0.048020538,-0.0017969754,0.013393521
98.22264,-0.04805106,-0.0015919392,0.01640983
98.23934,-0.047373123,-0.0012169224,0.014612748
98.25597,-0.04720711,-0.0010254227,0.017532934
98.272995,-0.046920493,-0.0004160796,0.01564807
98.2895,-0.0467942,-0.00002060105,0.013927537
98.30603,-0.046753906,0.00019646728,0.016718455
98.3228,-0.0461506,0.000855508,0.014758344
98.33955,-0.045571435,0.001751945,0.012800849
98.356064,-0.045238234,0.0016383283,0.015688065
98.372734,-0.044547923,0.0022512323,0.013591093
98.38976,-0.043436583,0.003261933,0.011513816
98.40608,-0.043494042,0.0038665272,0.014511746
98.42271,-0.04277457,0.004477734,0.012268701
98.43944,-0.041859977,0.0051572206,0.010107678
98.45603,-0.041555773,0.0051363353,0.012973016
98.47306,-0.040569335,0.006164711,0.010759935
98.48942,-0.039674733,0.0070538106,0.0087633645
98.50612,-0.03919465,0.0074696373,0.006607138
98.52265,-0.03830122,0.007969734,0.0045500933
98.53914,-0.0383317,0.007822772,0.012222181
98.555824,-0.03762615,0.008294323,0.009997392
98.57308,-0.03717302,0.008511518,0.007923589
98.58939,-0.036575712,0.008790528,0.006035477
98.60598,-0.035883762,0.009223057,0.0038173576
98.62294,-0.0358015,0.009598108,0.0017586744
98.63947,-0.03528304,0.009717956,-0.00016487602
98.65609,-0.035028636,0.009674616,0.002629594
98.67245,-0.03449104,0.010034208,0.00062033854
98.689476,-0.034781117,0.010061963,0.003331598
98.70585,-0.034496862,0.009986008,0.0015562351
98.72231,-0.034607984,0.010188369,-0.0005261574
98.739075,-0.03426546,0.009866031,0.0023096944
98.75606,-0.034207024,0.009771773,0.0004517055
98.772575,-0.034564365,0.009597014,-0.001268698
98.789154,-0.03491848,0.009651052,0.0016430354
98.80568,-0.035689883,0.009263209,-0.00026209597
98.82261,-0.035509326,0.0088714445,-0.0021930295
98.83919,-0.035855997,0.008679876,0.0009118857
98.85559,-0.03576378,0.008034345,-0.00092773506
98.872795,-0.035805076,0.0073401597,-0.0028006744
98.88911,-0.03520834,0.0068399576,0.0004644613
98.90581,-0.035248455,0.0061045457,-0.0014099103
98.922455,-0.036045708,0.005135294,-0.0030724404
98.939125,-0.036143757,0.004297784,-0.000043871292
98.95583,-0.036572587,0.0031728754,-0.0017419839
98.9725,-0.036806174,0.0020406959,-0.003406113
98.9892,-0.037197646,0.001281691,-0.00035693214
99.00564,-0.037685312,-0.00021349145,-0.0020151148
99.02243,-0.03789583,-0.0013077814,-0.0038002771
99.03915,-0.038150176,-0.0019470169,-0.0007179772
99.05596,-0.038336076,-0.0029446362,-0.002374382
99.07248,-0.038053673,-0.003802007,0.00074778235
99.08924,-0.037932258,-0.004947435,-0.0010551246
99.10578,-0.037813373,-0.005990093,-0.002736083
99.12262,-0.038353838,-0.006221871,0.00025053526
99.139305,-0.038434815,-0.007920216,-0.0013647896
99.15579,-0.038476236,-0.009119181,-0.0030981118
99.17253,-0.038471967,-0.009579711,-0.0001720608
99.18923,-0.038439166,-0.010482308,-0.0018145047
99.20592,-0.038569804,-0.011673201,-0.0034653007
99.223114,-0.038196728,-0.012602166,-0.00036549222
99.23955,-0.038222805,-0.01350467,-0.001746724
99.256065,-0.037835572,-0.0146837495,-0.0034841695
99.272575,-0.03820749,-0.015114478,-0.00045577055
99.2893,-0.038013082,-0.016268937,-0.002116809
99.30611,-0.03759005,-0.017185006,-0.0036723376
99.32301,-0.036935005,-0.017765706,-0.00048772167
99.33953,-0.036725752,-0.018755833,-0.0018913569
99.35611,-0.036273073,-0.019948883,-0.003471102
99.37264,-0.0364414,-0.020428868,-0.0003662676
99.389755,-0.03592616,-0.021554234,-0.0019254358
99.40618,-0.03510687,-0.022309197,0.001473764
99.422714,-0.03451941,-0.023288833,-0.00018180636
99.43919,-0.034219716,-0.02411771,-0.0016882772
99.45597,-0.03393523,-0.024915008,-0.0032220997
99.47323,-0.033615563,-0.025477657,0.0000047985113
99.48968,-0.03319153,-0.026661344,-0.0011011908
99.50668,-0.032415025,-0.027701009,-0.0026662273
99.523125,-0.032476768,-0.028259117,0.0007370348
99.53944,-0.032208517,-0.029163748,-0.000775102
99.5568,-0.03178391,-0.030195817,-0.0023540836
99.57284,-0.030838799,-0.030908335,0.0012492407
99.589806,-0.030160237,-0.031669144,-0.0004218574
99.60668,-0.029471403,-0.03255789,-0.0016414673
99.62277,-0.02969445,-0.03290592,0.0017228294
99.63968,-0.02912807,-0.033709902,0.00015021673
99.656425,-0.0283894,-0.034607634,-0.0009921755
99.6731,-0.027587028,-0.034971062,0.002304658
99.68991,-0.027002888,-0.035827376,0.0010722893
99.706055,-0.027180307,-0.036217865,0.0044221375
99.722755,-0.026364692,-0.037137836,0.0029409833
99.73952,-0.025478277,-0.038187996,0.001722532
99.7562,-0.025372796,-0.03855642,0.00505092
99.772964,-0.024879422,-0.038946263,0.0038157352
99.78955,-0.02419891,-0.03963329,0.0026276358
99.806175,-0.024105063,-0.039940175,0.005867335
99.82288,-0.023568928,-0.040621098,0.004620159
99.83918,-0.023327043,-0.04110048,0.0033920703
99.85606,-0.022938786,-0.041423943,0.0019762598
99.87272,-0.022422845,-0.04182623,0.00083338114
99.889984,-0.021937447,-0.042215034,-0.00039456063
99.90608,-0.021765735,-0.04230417,0.007737111
99.92332,-0.02140369,-0.042639267,0.006258892
99.9395,-0.021082556,-0.043006897,0.0053510517
99.95607,-0.020974908,-0.0432208,0.003925061
99.97292,-0.02082471,-0.04319583,0.0027145608
99.98947,-0.020653183,-0.0432783,0.010650748
100.00609,-0.020701692,-0.043512806,0.004880006
100.02247,-0.020508062,-0.043892242,0.003665067
100.03938,-0.019750789,-0.043838765,0.0068481755
100.056076,-0.01970852,-0.04437752,0.0057618674
100.07256,-0.019667068,-0.044849716,0.004576867
100.08923,-0.019896902,-0.044814315,0.0077785533
100.105835,-0.019678336,-0.044761986,0.006544893
100.122734,-0.01965357,-0.044863492,0.0052502765
100.13934,-0.019571798,-0.044982262,0.008638158
100.15591,-0.019654179,-0.044704266,0.0073795044
100.17265,-0.019673897,-0.044337522,0.0060974206
100.189316,-0.01934811,-0.04442324,0.009475909
100.206474,-0.019780114,-0.04467997,0.008248214
100.22295,-0.01961986,-0.044909477,0.0073209987
100.2395,-0.019241584,-0.044487245,0.010547243
100.25584,-0.019041827,-0.04424691,0.009385159
100.27314,-0.018846732,-0.044136576,0.008099819
100.28956,-0.018500488,-0.04411061,0.0117206
100.30582,-0.018501617,-0.04396312,0.010463882
100.322784,-0.018282617,-0.04352575,0.009107039
100.339424,-0.017886208,-0.04343705,0.012548479
100.35607,-0.017752495,-0.04356501,0.011273505
100.37319,-0.017597834,-0.043402947,0.014522105
100.3893,-0.017420584,-0.043288615,0.013423754
100.4065,-0.017293535,-0.043361466,0.011776504
100.4224,-0.016984554,-0.0434521,0.015251342
100.43908,-0.016763123,-0.043249477,0.013439227
100.455666,-0.01659442,-0.043037754,0.0118906265
100.473274,-0.016714528,-0.043062847,0.014962819
100.48904,-0.016784148,-0.04297303,0.013740451
100.50605,-0.016958194,-0.04303157,0.01160269
100.52287,-0.016383162,-0.043036625,0.01482806
100.539345,-0.016689079,-0.042990934,0.01314892
100.556305,-0.016353901,-0.04279625,0.011209384
100.57269,-0.016104894,-0.04247621,0.014389217
100.58925,-0.01579284,-0.04199459,0.0123672085
100.605896,-0.015565333,-0.041313555,0.010442881
100.62252,-0.015720736,-0.040643234,0.013313671
100.6391,-0.015584699,-0.03989343,0.011364093
100.65602,-0.015491365,-0.039024856,0.009207902
100.672516,-0.014831689,-0.038213454,0.012230662
100.68914,-0.0149386255,-0.036916953,0.010010539
100.70651,-0.015391974,-0.035094943,0.007841319
100.722855,-0.015498047,-0.03395329,0.0110169975
100.7399,-0.015734335,-0.03196777,0.008705797
100.756,-0.01600249,-0.030113496,0.006737081
100.773125,-0.016379645,-0.029177722,0.009316782
100.789276,-0.01728264,-0.026608782,0.007393973
100.806114,-0.017781015,-0.024188604,0.005073255
100.82333,-0.017685238,-0.022753056,0.007998308
100.83946,-0.018546471,-0.02038673,0.0061665704
100.85604,-0.01905081,-0.017569885,0.0038530822
100.873085,-0.019520791,-0.016536376,0.0066721686
100.88937,-0.020547325,-0.014003538,0.004806589
100.90607,-0.020931926,-0.012596605,0.0075369403
100.9233,-0.021977577,-0.009348352,0.005519982
100.93958,-0.0226941,-0.0060726893,0.0038125338
100.95688,-0.023685858,-0.0031096602,0.0017013581
100.97291,-0.024168763,-0.0013358281,0.0049297465
100.98948,-0.025219683,0.0013660287,0.0027540345
101.00588,-0.025239838,0.0029741172,0.005756286
101.02252,-0.026487287,0.005105008,0.0037940932
101.0394,-0.02728665,0.007190403,0.0020322923
101.05623,-0.02794368,0.008127678,0.0052423705
101.07281,-0.028326241,0.009724046,0.003618329
101.0894,-0.028412925,0.010432901,0.0018761153
101.10568,-0.028739164,0.010548109,0.004900339
101.122284,-0.02894433,0.010764077,0.0029695157
101.13886,-0.02899584,0.0107220225,0.001191224
101.15645,-0.028630285,0.010806738,0.0041770227
101.17348,-0.028490273,0.010194745,0.0028636483
101.190155,-0.028421635,0.009404898,0.0013086163
101.20701,-0.028469266,0.008682233,-0.00044299863
101.22338,-0.028280197,0.007945377,-0.0021243282
101.23998,-0.02772725,0.0066151223,-0.004020734
101.25634,-0.027752804,0.0065071546,0.003763325
101.27287,-0.027135748,0.0050188843,0.0018932311
101.289505,-0.026511539,0.003597587,0.00013432292
101.306435,-0.025953645,0.0016777943,-0.0015807246
101.32271,-0.025233518,-0.00027925576,-0.0031327293
101.340294,-0.024377316,-0.0019901702,-0.0049955873
101.35612,-0.024539012,-0.0033357828,-0.0014878544
101.3737,-0.02345167,-0.0053679952,-0.0035402274
101.390274,-0.022113623,-0.007683611,-0.0047722054
101.406395,-0.02102715,-0.008514197,-0.0017604084
101.42348,-0.019746203,-0.010637,-0.0036478902
101.43979,-0.018442322,-0.012968188,-0.00507691
101.45655,-0.018146997,-0.014619163,-0.0021466038
101.47331,-0.016842745,-0.016902395,-0.0037089356
101.489716,-0.01551439,-0.019075295,-0.005300401
101.506516,-0.014196275,-0.01976445,-0.00236213
101.523094,-0.012748681,-0.02196636,-0.003926878
101.53967,-0.0125128385,-0.02359324,-0.0008799618
101.5562,-0.010788606,-0.025776453,-0.0025366894
101.57331,-0.009267658,-0.027737625,-0.0041822037
101.589714,-0.008203911,-0.028796641,-0.0009119885
101.60616,-0.0066237277,-0.0311854,-0.002644044
101.62339,-0.005337765,-0.0333167,-0.0043839887
101.63903,-0.0041823224,-0.03433789,-0.0010443213
101.65575,-0.0023457564,-0.03650926,-0.0031709492
101.672775,-0.00082762435,-0.038613733,-0.004817052
101.68947,-0.00036968887,-0.040038336,-0.0015871944
101.70613,0.0011482447,-0.042224485,-0.0032579415
101.72307,0.0026912459,-0.044428855,-0.004940074
101.73956,0.003909829,-0.04524315,-0.0017612393
101.755806,0.005355905,-0.047491614,-0.003520235
101.772995,0.0060581574,-0.048446737,-0.0006671617
101.789246,0.007461076,-0.050458718,-0.0020790594
101.8058,0.008690089,-0.052315168,-0.0039803283
101.82301,0.009684354,-0.053979665,-0.0057481145
101.83948,0.010516509,-0.055016413,-0.002460097
101.85652,0.011972325,-0.056638613,-0.0042683985
101.87274,0.0130286375,-0.056835093,-0.0010692182
101.88939,0.01478446,-0.05890771,-0.0029797454
101.90629,0.016453652,-0.0608005,-0.0047664144
101.92279,0.017210372,-0.061731927,-0.0016898402
101.93968,0.018820023,-0.06323759,-0.0035280515
101.9562,0.0208786,-0.06516932,-0.005210597
101.97308,0.022324845,-0.066033654,-0.0022359795
101.989494,0.024403628,-0.06754047,-0.00397989
102.00601,0.026412614,-0.069447406,-0.005851661
102.022705,0.027947083,-0.07043883,-0.0029941276
102.03936,0.030727651,-0.07292688,-0.004765335
102.05634,0.032875475,-0.074469805,-0.00656491
102.07278,0.03445657,-0.075489074,-0.0034243735
102.08941,0.036896314,-0.07728202,-0.005266841
102.1064,0.039610643,-0.07922538,-0.0070483037
102.12234,0.04126866,-0.07994786,-0.0038797844
102.13886,0.044393446,-0.08187034,-0.0059372783
102.155525,0.04616654,-0.08316729,-0.003015825
102.17243,0.04916868,-0.0843979,-0.00470958
102.1889,0.0516625,-0.0856226,-0.0063414783
102.20562,0.053581975,-0.08586079,-0.0033462609
102.22224,0.056321695,-0.08678321,-0.0050455285
102.2393,0.058612477,-0.08705194,-0.006798185
102.256165,0.059498318,-0.08756994,-0.00359072
102.27276,0.061595093,-0.08775079,-0.005222864
102.28944,0.06355773,-0.08771855,-0.0069770413
102.3061,0.06445754,-0.08689527,-0.003952942
102.32259,0.06583059,-0.086916275,-0.0056896415
102.3391,0.06706394,-0.08657697,-0.00738885
102.35591,0.06771428,-0.08581232,-0.004502761
102.37256,0.0686365,-0.08507562,-0.0060930266
102.38905,0.06944079,-0.08412432,-0.007678642
102.406334,0.06968692,-0.0837998,-0.0048244777
102.42275,0.07071771,-0.08275484,-0.0060904264
102.439224,0.0716306,-0.08198138,-0.0076952456
102.45595,0.07237038,-0.081253774,-0.004741927
102.47258,0.07390582,-0.080964334,-0.0062222793
102.48941,0.07532944,-0.08094545,-0.007653054
102.50593,0.07761764,-0.08066547,-0.009025676
102.52256,0.078930244,-0.08049669,-0.010543676
102.539536,0.08043104,-0.07940472,-0.011867336
102.55606,0.080739625,-0.079090536,-0.0040828343
102.572655,0.081994295,-0.078214616,-0.005516514
102.58957,0.08275223,-0.07709717,-0.0067846244
102.60596,0.08308841,-0.07549393,-0.007993804
102.62265,0.082618095,-0.073649436,-0.009496872
102.63967,0.08212705,-0.07158716,-0.010700463
102.656,0.0816099,-0.07089958,-0.007376052
102.67263,0.07975085,-0.06817324,-0.008756502
102.68935,0.0787505,-0.06638603,-0.0054747956
102.70598,0.07625646,-0.063952364,-0.0066316314
102.72282,0.0736086,-0.061015762,-0.0076669175
102.739426,0.072029896,-0.059890132,-0.00432071
102.75602,0.06852757,-0.057054557,-0.0053350125
102.77306,0.06504943,-0.05415686,-0.0062890924
102.78975,0.06354751,-0.051991705,-0.0028108452
102.806145,0.059789818,-0.049692415,-0.0037008433
102.82289,0.05590144,-0.046705738,-0.004760899
102.839905,0.053927153,-0.04500526,-0.0013875851
102.856125,0.04939069,-0.0421786,-0.002161699
102.8731,0.045283426,-0.039273273,-0.0033540328
102.889336,0.043074444,-0.038291592,0.00009979177
102.90575,0.0383735,-0.035138704,-0.0011680861
102.923004,0.034106117,-0.032230746,-0.0023091752
102.93955,0.03183115,-0.03071766,0.0012156792
102.956184,0.027699772,-0.027914643,0.00008428606
102.97293,0.022870235,-0.025521602,-0.00104832
102.98953,0.020846916,-0.024518156,0.0021521212
103.00624,0.01664019,-0.022032566,0.00094577606
103.02279,0.012258073,-0.019564608,-0.00029409654
103.03957,0.010104322,-0.018402068,0.0028081327
103.056015,0.0057536857,-0.01634,0.0015820272
103.07261,0.0019553066,-0.014303686,0.00016683516
103.08995,0.00008699103,-0.01307776,0.003258183
103.105934,-0.004239146,-0.011270518,0.0021796785
103.12298,-0.00814213,-0.009075272,0.00050199317
103.139626,-0.009925292,-0.007999376,0.003653555
103.15654,-0.013275684,-0.0064023477,0.00220948
103.172844,-0.015085404,-0.0058544064,0.0053471248
103.18989,-0.018619152,-0.004442713,0.0037289658
103.20652,-0.022212911,-0.0028782024,0.0024436547
103.22262,-0.023797113,-0.0026020585,0.005417226
103.23941,-0.027024027,-0.0013308123,0.0037166348
103.2563,-0.030399326,-0.00019891508,0.0022451084
103.27331,-0.031475805,0.000813729,0.0053299773
103.28965,-0.033670828,0.0011842846,0.003960432
103.30625,-0.036224432,0.0019561152,0.0022344615
103.322525,-0.03733224,0.0025351653,0.005211006
103.339806,-0.039332584,0.0032448638,0.003443069
103.35671,-0.040875826,0.0039327,0.002126019
103.3729,-0.041549694,0.003467191,0.00520273
103.38958,-0.04287369,0.0037082124,0.0033538637
103.4061,-0.044023193,0.0039906506,0.0017320688
103.42295,-0.044237316,0.0045936788,0.0045638164
103.43964,-0.044514876,0.00451034,0.003006286
103.456314,-0.045219358,0.004279679,0.0013387173
103.47288,-0.04557909,0.0044931266,0.0042383242
103.48952,-0.045531977,0.0040553277,0.0025111903
103.506134,-0.044983573,0.0037699798,0.0008527141
103.52279,-0.044842664,0.0032491076,0.0036990894
103.53944,-0.04439982,0.0028510832,0.002071189
103.5563,-0.043088228,0.0019937712,0.00026818275
103.57277,-0.042205982,0.0019455958,0.0032369404
103.58938,-0.04102106,0.0014457662,0.001344781
103.60615,-0.039496038,0.001045239,-0.00042536788
103.62278,-0.038374346,0.0005385533,0.0024455404
103.63941,-0.03631245,-0.00021606841,0.00076554756
103.65608,-0.035455476,-0.0003160526,0.0035583957
103.67282,-0.03359973,-0.0015701418,0.0019161428
103.68947,-0.031358138,-0.0020444964,0.0002788434
103.70603,-0.03026039,-0.0018388769,0.0030277863
103.722885,-0.027670337,-0.0028713204,0.0013186805
103.739586,-0.025137257,-0.0036998366,-0.00028706263
103.75616,-0.023656784,-0.003891813,0.0025754
103.77299,-0.021004733,-0.0046810233,0.00082648516
103.78979,-0.018080356,-0.005421783,-0.000865881
103.8061,-0.016447341,-0.006065012,0.002052018
103.82293,-0.013568402,-0.006547325,0.0001847145
103.839836,-0.0083687175,-0.00785938,-0.0060272953
103.85593,-0.008339229,-0.007890459,0.0014360552
103.872665,-0.004833501,-0.008483308,-0.00055539375
103.88929,-0.0014081654,-0.009064114,-0.0022357334
103.90605,0.0017860883,-0.009201969,-0.003981632
103.922485,0.0054130224,-0.009531452,-0.005679558
103.939514,0.007171387,-0.010023491,-0.0029521773
103.95598,0.010848461,-0.010812637,-0.0044726403
103.97267,0.014511461,-0.011254983,-0.0062742806
103.98949,0.016252816,-0.010802065,-0.0033816288
104.00607,0.020151824,-0.01146797,-0.004979142
104.02257,0.023670906,-0.011878053,-0.006632326
104.03894,0.02558843,-0.0126664005,-0.0038379251
104.05575,0.029271593,-0.012797266,-0.005525626
104.072525,0.032970715,-0.013002015,-0.006976187
104.08933,0.034831498,-0.013185125,-0.0040772907
104.10597,0.038606293,-0.0137839625,-0.005541747
104.12265,0.04227506,-0.014273102,-0.0070842877
104.13933,0.04409849,-0.014183385,-0.004192507
104.156204,0.047829594,-0.014358242,-0.0057205544
104.17276,0.051007286,-0.014953376,-0.0071857586
104.1896,0.052538082,-0.014544899,-0.0043435222
104.20599,0.055670694,-0.014242641,-0.0057454193
104.22253,0.058524374,-0.014101309,-0.007359924
104.23916,0.06016835,-0.014437788,-0.0045276955
104.25575,0.062231846,-0.014016652,-0.006012706
104.272835,0.06464214,-0.013985326,-0.0075683445
104.28921,0.065482095,-0.013163739,-0.0045013456
104.30564,0.06746914,-0.013098916,-0.0061290036
104.322586,0.06870069,-0.013152093,-0.0076985904
104.33929,0.06951216,-0.013414045,-0.0046501323
104.35592,0.07104967,-0.013386431,-0.0060358765
104.37277,0.0718478,-0.012788321,-0.0030894643
104.38955,0.07267713,-0.012766307,-0.004348124
104.406044,0.073452204,-0.012801377,-0.0055503096
104.42291,0.07418437,-0.012339375,-0.0026053977
104.43974,0.0752212,-0.012242212,-0.003708899
104.456245,0.075474136,-0.012460062,-0.0048023188
104.47268,0.0758644,-0.012760588,-0.0018547615
104.4895,0.07656948,-0.012748694,-0.003037855
104.50633,0.076983824,-0.012582174,-0.004047952
104.52296,0.07681322,-0.01260709,-0.0009337627
104.53937,0.07684017,-0.012170263,-0.0019977337
104.55631,0.07689904,-0.012070736,-0.0030873993
104.57287,0.07666936,-0.012022148,0.00001448754
104.58937,0.07675326,-0.011849969,-0.0010417337
104.60631,0.07638586,-0.011477786,-0.0021179162
104.62304,0.07649504,-0.011272576,0.0010079287
104.639534,0.07647343,-0.010861757,0.000018303175
104.65629,0.07604652,-0.010044341,-0.0011082643
104.672775,0.07562364,-0.009162713,0.0019598585
104.68932,0.074982375,-0.008864865,0.000778623
104.70696,0.07445166,-0.008636878,-0.00041852312
104.72334,0.0741723,-0.008140011,0.0030126947
104.7394,0.07334563,-0.0076552895,0.0017293498
104.75686,0.072778806,-0.0073740226,0.00030643592
104.772896,0.07264186,-0.0070907995,0.0036466604
104.78956,0.07205767,-0.0063138157,0.0021836774
104.806274,0.071346074,-0.005752965,0.0010054497
104.82294,0.07093882,-0.0057961545,0.0038987373
104.8394,0.0698711,-0.005237314,0.0026820966
104.85669,0.0689912,-0.0044294572,0.0013844122
104.87303,0.06820438,-0.0036114284,0.0044572265
104.88951,0.06693349,-0.0031931342,0.003051796
104.90584,0.06632631,-0.0034891265,0.0057903104
104.922844,0.06496195,-0.0031035505,0.0044614226
104.939674,0.06333271,-0.0028142552,0.003378184
104.95633,0.062302988,-0.0024308052,0.006271266
104.973,0.060526557,-0.0020031973,0.005034465
104.98983,0.059047718,-0.0019174702,0.003767566
105.005905,0.0585894,-0.0020413804,0.0066123107
105.023056,0.057198025,-0.001765682,0.0051547657
105.03961,0.05577743,-0.0014240501,0.0040254937
105.056786,0.055061653,-0.000295828,0.0068828985
105.07319,0.054642312,0.00042996506,0.0057386737
105.08985,0.05413164,0.0011331812,0.0042536
105.106255,0.054127812,0.0014607351,0.0070830598
105.12282,0.054312203,0.0029168772,0.0055435174
105.13968,0.05485655,0.0038850934,0.008316542
105.15624,0.055498157,0.0059012724,0.0069684386
105.17316,0.056801155,0.007676306,0.0054666777
105.189865,0.05809065,0.010390097,0.0041099214
105.20653,0.060261518,0.013163931,0.0024533016
105.22289,0.06168172,0.01570064,0.0008247078
105.23974,0.062131647,0.01764647,-0.0009938416
105.256134,0.062069684,0.017863046,0.0059790225
105.27291,0.062597685,0.019901287,0.004140299
105.289604,0.062707186,0.022899304,-0.001959387
105.30628,0.06278486,0.023135396,0.0005559764
105.32291,0.061726034,0.023853965,-0.0012366689
105.339745,0.060898647,0.024809396,-0.0030974466
105.3562,0.059879493,0.025739724,-0.000509947
105.37282,0.058563344,0.025801476,-0.0025247568
105.38947,0.056633614,0.025941635,-0.004386648
105.40619,0.056232214,0.02587565,-0.001886318
105.42289,0.05468128,0.026362877,-0.0036925294
105.43962,0.05270564,0.025924748,-0.005431862
105.45623,0.051585976,0.025952997,-0.0028421064
105.47267,0.049521662,0.025355382,-0.0045013386
105.48937,0.04878148,0.025141744,-0.0020040965
105.506165,0.046841037,0.024530893,-0.0035201265
105.52312,0.04481025,0.023477722,-0.004956231
105.53984,0.044728935,0.023632387,0.0019504119
105.556244,0.041738458,0.022294393,-0.0035363245
105.573204,0.039630484,0.021419208,-0.0050195702
105.58941,0.038409952,0.020940043,-0.0022067975
105.60607,0.036395647,0.020048223,-0.0037438415
105.62285,0.03557629,0.019279633,-0.0010537656
105.63956,0.0338558,0.018145464,-0.002332954
105.6559,0.032165587,0.01699695,-0.0036216597
105.673294,0.030390108,0.015910992,-0.0050379722
105.68943,0.029306881,0.015569656,-0.002005852
105.706,0.027174952,0.014585975,-0.0034809364
105.72261,0.026641935,0.013758757,-0.0008118406
105.73945,0.02464682,0.012291239,-0.0021274253
105.75602,0.022889297,0.011179091,-0.0033628317
105.77269,0.020897442,0.009995604,-0.004660843
105.789276,0.019878985,0.009336068,-0.001965217
105.80662,0.017863588,0.00746837,-0.0032816306
105.82282,0.015714612,0.0056877774,-0.004346289
105.839485,0.014271435,0.004904386,-0.0017932962
105.85607,0.011761531,0.002117374,-0.0030853283
105.87274,0.010850038,0.0007615175,-0.00033546227
105.88929,0.008776313,-0.001837899,-0.0015766615
105.90582,0.0069048884,-0.003971922,-0.0028151758
105.922935,0.005281941,-0.005179695,-0.00013518566
105.93934,0.003342476,-0.0076404363,-0.001167857
105.955986,0.0012735705,-0.010269542,-0.0024193753
105.973145,0.00094868947,-0.011478581,0.00032466158
105.989235,-0.0003842483,-0.013706311,-0.000691008
106.00584,-0.0016444215,-0.01593975,-0.0020932439
106.022736,-0.0026887765,-0.017069474,0.0005496189
106.03937,-0.003844218,-0.019237584,-0.0005681648
106.05612,-0.0047540176,-0.021481484,-0.001715457
106.07266,-0.0050475257,-0.022856921,0.0009293744
106.08942,-0.0058536404,-0.025293274,-0.00023175139
106.10608,-0.0066131838,-0.02748898,-0.0014095698
106.122925,-0.0066957097,-0.028809875,0.0011881454
106.13964,-0.007101617,-0.03065945,0.000068667694
106.15599,-0.0074436474,-0.03298298,-0.0011508359
106.17284,-0.007441301,-0.033850815,0.0014048041
106.18942,-0.0074750525,-0.03574329,0.00027824868
106.206184,-0.007576532,-0.037252072,-0.0010654723
106.22274,-0.0077117095,-0.037712928,0.0016670376
106.23942,-0.007166005,-0.039228223,0.00028129146
106.25598,-0.00657957,-0.039721202,-0.0010469062
106.27261,-0.0062855845,-0.039901633,0.0015247258
106.28972,-0.005431313,-0.04043398,0.00009084339
106.30614,-0.0037585758,-0.040422425,-0.0011534541
106.322716,-0.0034731473,-0.0401675,0.0012608486
106.33977,-0.0020077922,-0.039346106,-0.00026540816
106.35604,-0.0009372198,-0.03944966,0.0023827488
106.37324,0.00046464955,-0.038636383,0.0007124371
106.38969,0.0018683075,-0.03721797,-0.0005648739
106.40628,0.002692106,-0.036390387,0.0018119124
106.42312,0.0045740544,-0.034824308,0.00024978694
106.43964,0.0065823267,-0.033086173,-0.0012868884
106.45635,0.007488367,-0.032117933,0.0011119215
106.47281,0.009108631,-0.029864792,-0.0005093718
106.48926,0.011218984,-0.027542239,-0.0021885736
106.50667,0.01216954,-0.026494445,0.00005701409
106.523155,0.014389538,-0.024360262,-0.0012267373
106.53968,0.015201508,-0.023243202,0.00093605724
106.556564,0.017564574,-0.020257743,-0.0007307988
106.57311,0.019019518,-0.018299887,-0.0023033815
106.589165,0.020747714,-0.016244449,-0.0041001053
106.606445,0.022720357,-0.014173696,-0.005983051
106.623085,0.024282949,-0.012095729,-0.007329597
106.64002,0.025750913,-0.009961807,-0.008889818
106.65654,0.02578268,-0.009879228,-0.002481323
106.673065,0.027500318,-0.007222324,-0.004060212
106.69044,0.029603407,-0.0031627887,-0.009461091
106.70658,0.030353675,-0.0017695345,-0.006693108
106.72276,0.032109883,0.001039257,-0.008319556
106.7397,0.0326152,0.0028642064,-0.0058805533
106.756424,0.033875376,0.006088961,-0.007111561
106.77273,0.03484583,0.009209238,-0.008273711
106.78955,0.036249984,0.012424904,-0.009446197
106.806725,0.037028216,0.014070721,-0.0068180934
106.823524,0.03828569,0.01712333,-0.0075974483
106.84029,0.039338216,0.020295413,-0.008422165
106.856255,0.03949226,0.02194547,-0.005739354
106.87293,0.0403896,0.02490797,-0.006788541
106.88959,0.041239955,0.02625989,-0.0041372324
106.906,0.042093184,0.029533647,-0.0048535066
106.923035,0.042754978,0.031999666,-0.0057088053
106.939735,0.042717997,0.033916336,-0.00280428
106.95628,0.04368634,0.036578536,-0.0035261717
106.973335,0.04437196,0.038968664,-0.004319506
106.98981,0.044570595,0.040013425,-0.0014049978
107.0064,0.0450064,0.04222504,-0.0021543568
107.02295,0.04551858,0.04457984,-0.0027770132
107.040184,0.045911454,0.045521855,-0.00014973854
107.05649,0.046355072,0.04732818,-0.00047927903
107.07299,0.046645634,0.049558267,-0.0011916353
107.08964,0.046894226,0.05067752,0.0014313434
107.106155,0.04715797,0.052682605,0.00077454327
107.12308,0.04707417,0.05453879,-0.00005624924
107.13961,0.04721849,0.05564392,0.0026702313
107.1562,0.04732801,0.05735032,0.0017373129
107.17274,0.04759316,0.05824828,0.004264465
107.189476,0.047657922,0.059928477,0.0032736878
107.20592,0.04799759,0.06140146,0.0022952734
107.222885,0.04836981,0.062664956,0.0011790332
107.23955,0.048018705,0.06376731,0.0037981486
107.25624,0.048133314,0.06508019,0.0026946699
107.27285,0.04792929,0.065771714,0.0051183207
107.28948,0.047529988,0.06665143,0.0039260914
107.306175,0.046868604,0.06738925,0.0026679349
107.32277,0.04667721,0.06780818,0.0049972506
107.339455,0.04602185,0.06835876,0.0036537636
107.35598,0.04525342,0.0682318,0.0022447407
107.37281,0.044517577,0.068219095,0.0044691456
107.389465,0.043690532,0.0677658,0.0031049417
107.40605,0.042943504,0.066304654,0.0015591453
107.42281,0.042545713,0.06616912,0.0038400171
107.43929,0.04164152,0.06429151,0.0023277795
107.45611,0.040689804,0.06216806,0.0006563085
107.47279,0.040176746,0.06163902,0.0029782348
107.48953,0.03928715,0.059516367,0.0013255036
107.506546,0.03840795,0.057493974,-0.00025985393
107.52288,0.03771397,0.056351922,0.002065639
107.53916,0.036556218,0.05392695,0.00028927572
107.55613,0.035732646,0.051592875,-0.0014390895
107.57259,0.03528322,0.05041533,0.0008331624
107.589294,0.03416833,0.04824229,-0.000826875
107.60599,0.033387348,0.045272417,-0.0023585341
107.62267,0.032782774,0.043487158,-0.00023093853
107.63948,0.03166002,0.040733665,-0.0017565939
107.65607,0.03082576,0.038385734,-0.0032163335
107.67269,0.030502066,0.03667262,-0.0011402388
107.689384,0.029564403,0.03360556,-0.0026640282
107.70605,0.028571948,0.030676654,-0.004113443
107.72273,0.028025301,0.028860241,-0.0020243472
107.73939,0.027414178,0.025942735,-0.0033780525
107.756165,0.026889458,0.024391329,-0.0011770609
107.772964,0.026208583,0.02162802,-0.0024108675
107.7893,0.025208425,0.019199733,-0.0036383197
107.805695,0.024696331,0.017856127,-0.0014910811
107.82264,0.02381698,0.014993729,-0.002825298
107.83924,0.023087535,0.012445403,-0.003856217
107.85575,0.022955507,0.011250331,-0.0015785715
107.872696,0.022316495,0.008879502,-0.0026309378
107.889336,0.021543281,0.0063758185,-0.0035341647
107.90585,0.021033583,0.005549458,-0.0010677789
107.92268,0.02081386,0.0030019053,-0.0019517005
107.93956,0.020429537,0.0010292599,-0.0026475296
107.95598,0.020446407,-0.00028966632,-0.00009633731
107.97305,0.019803079,-0.002480786,-0.0008654063
107.98958,0.019344142,-0.0046157716,-0.0013951036
108.0062,0.019261194,-0.007271864,-0.0020254254
108.02305,0.018901227,-0.009472873,-0.0025272053
108.039635,0.018927956,-0.009419281,0.0031379573
108.056244,0.01872494,-0.011902463,0.002619317
108.07309,0.01863516,-0.014694208,0.0021147917
108.08981,0.018244525,-0.01675944,0.0016745774
108.106,0.01824549,-0.018419268,0.00118581
108.12274,0.01827137,-0.019996336,0.00044871884
108.139565,0.01816151,-0.020544339,0.002990749
108.156265,0.01811433,-0.02202667,0.0023132788
108.172676,0.017995287,-0.023210771,0.0015579463
108.18988,0.018046241,-0.024367483,0.0007125818
108.20649,0.01853303,-0.025167404,0.0032877016
108.22323,0.018411005,-0.026274653,0.0024690973
108.239815,0.018457895,-0.026743516,0.0016663773
108.256424,0.01862908,-0.026818411,0.0039134705
108.27307,0.018662963,-0.026414344,0.0030366515
108.28987,0.018685654,-0.0261342,0.0021132366
108.306755,0.017988807,-0.0259107,0.0043793637
108.3238,0.017975414,-0.024627578,0.0034755196
108.33946,0.018395862,-0.023884792,0.005784926
108.35656,0.018385274,-0.02273253,0.004395768
108.373314,0.018222272,-0.020900907,0.0034253614
108.38995,0.017873995,-0.020133782,0.005588012
108.406265,0.017316716,-0.017993232,0.0044605955
108.42312,0.017076558,-0.015726756,0.0032004102
108.43986,0.016946984,-0.01428384,0.005457572
108.456314,0.016440539,-0.01114633,0.004326292
108.47353,0.015660118,-0.0080545265,0.0030224496
108.49022,0.015786577,-0.0062554684,0.005287903
108.50646,0.015222959,-0.0027347873,0.004079042
108.52325,0.014338382,0.0010657976,0.002705747
108.53961,0.013593917,0.0024364477,0.0046880664
108.55648,0.012617029,0.0063041346,0.003313157
108.57381,0.011701745,0.010221856,0.0020386467
108.589615,0.011698673,0.012519429,0.00421469
108.60668,0.010857386,0.016195467,0.0026485326
108.623055,0.01009875,0.01793704,0.0047281543
108.63972,0.009131917,0.02168954,0.003350116
108.65629,0.008175878,0.025327625,0.0020558573
108.673,0.007148423,0.028694676,0.0007452366
108.68955,0.007162224,0.030739393,0.0027791017
108.70651,0.006455372,0.033826195,0.0014847942
108.723045,0.0053337743,0.037372645,0.00041150412
108.74013,0.00439129,0.039023727,0.0023616147
108.756454,0.0032835228,0.042210184,0.0013836096
108.77294,0.00324554,0.043755416,0.003282559
108.78965,0.0022737652,0.046841763,0.0022089202
108.80604,0.0012893978,0.049373485,0.001148307
108.82279,0.0009295176,0.05052692,0.0031557549
108.83959,0.0004442489,0.052550085,0.0022001998
108.856285,-0.00046341534,0.054608554,0.0011737056
108.872955,-0.0008687316,0.05557025,0.0034357572
108.88988,-0.0012841042,0.056496903,0.002509626
108.90617,-0.0017731511,0.05773179,0.0016855889
108.92307,-0.0022962524,0.058192704,0.0039322036
108.94004,-0.0028105793,0.05923166,0.003159979
108.95672,-0.0033264884,0.0601483,0.0025383208
108.973305,-0.0027580624,0.060342666,0.0046148323
108.98957,-0.0030450616,0.061258048,0.0038023572
109.006165,-0.0034156444,0.062132087,0.0029826122
109.02292,-0.0037614666,0.062067118,0.0049827383
109.0396,-0.0037040783,0.06261682,0.004298068
109.05664,-0.0036905282,0.062914856,0.0034175175
109.072945,-0.0034425156,0.06338224,0.005561115
109.089386,-0.003468265,0.06339459,0.0045474335
109.1061,-0.003420285,0.063169345,0.003494349
109.1228,-0.0037529294,0.06309922,0.005579965
109.13935,-0.0037540598,0.06323076,0.0045347423
109.15621,-0.0036778124,0.0632224,0.0034319297
109.172874,-0.0034120188,0.06318073,0.0054777577
109.18929,-0.0031730656,0.06258746,0.0042577977
109.20602,-0.003007256,0.06254478,0.0061535174
109.22313,-0.0024878108,0.06156063,0.004903753
109.23933,-0.0019610778,0.06063701,0.0038467068
109.25597,-0.002014327,0.059649486,0.0055687404
109.27262,-0.00096498436,0.058536682,0.004398383
109.28933,-0.00037516316,0.057406828,0.0031454635
109.306114,0.00036519597,0.056693558,0.0049620913
109.322716,0.001298714,0.055011805,0.0037575972
109.33933,0.002052569,0.053987447,0.0024905312
109.35589,0.0025197498,0.05313759,0.0042303014
109.372536,0.0031936802,0.0518313,0.002900443
109.38915,0.0044839163,0.049585328,-0.0014896694
109.40587,0.004365196,0.049596306,0.0032986384
109.42288,0.0049626967,0.04817308,0.0020623954
109.43935,0.005596871,0.046709627,0.0009261619
109.45623,0.0064031235,0.044861052,-0.00046758086
109.47274,0.007291597,0.04352692,-0.0016730647
109.48959,0.007189107,0.043543637,0.0030320233
109.50642,0.008092104,0.041990492,0.0019713962
109.523186,0.009252799,0.039095372,0.00091999915
109.54007,0.010756196,0.03627144,-0.0029330149
109.55713,0.011514284,0.035226624,-0.0010984513
109.5733,0.012151608,0.03314374,-0.0018644616
109.58972,0.013121602,0.030878486,-0.002835517
109.606255,0.012942596,0.029676978,-0.0010350215
109.62309,0.013758998,0.027653577,-0.0018045908
109.639694,0.0148260705,0.0254574,-0.002515991
109.656166,0.015529664,0.024758248,-0.000584925
109.673256,0.016455637,0.022478387,-0.001248346
109.689735,0.016881334,0.020032728,-0.0018007042
109.70624,0.017383333,0.019222006,0.00022918635
109.72312,0.018342251,0.01700562,-0.00033910287
109.73985,0.019502603,0.01526195,-0.00078608486
109.75626,0.019255199,0.014032709,0.0014082468
109.77284,0.019935088,0.012107808,0.0009210893
109.78964,0.020514596,0.011524519,0.0030279874
109.80672,0.020671723,0.009962003,0.0027196163
109.82334,0.021091543,0.008249924,0.0024782533
109.839905,0.021455802,0.0075085154,0.0045247115
109.85663,0.021896893,0.0063367723,0.0041256766
109.87327,0.022331601,0.0051535275,0.003753548
109.88952,0.021893116,0.004349937,0.005782562
109.90613,0.022479657,0.0032230353,0.005183057
109.92295,0.02295448,0.0023780484,0.0046635605
109.93958,0.023331588,0.0020970006,0.006680928
109.95669,0.023892807,0.001241241,0.0061661312
109.97287,0.024770994,0.0002254557,0.0057461313
109.9901,0.024861488,-0.00033389064,0.0075171366
110.00656,0.02511452,-0.0011568775,0.00710707
110.02337,0.024966741,-0.0020518878,0.006363346
110.04,0.024765493,-0.0021881943,0.008362873
110.056076,0.024618577,-0.0022330473,0.0076925573
110.07274,0.024740582,-0.0019956795,0.009390464
110.08972,0.024139922,-0.0009883879,0.0087317135
110.10639,0.023197902,0.00003478796,0.008170648
110.12332,0.021549523,0.0016461302,0.0074725514
110.139885,0.020597935,0.002840365,0.0093353195
110.15645,0.018688018,0.0049356334,0.008609779
110.17408,0.015604987,0.007866968,0.00782769
110.18992,0.0136690615,0.009562084,0.009797027
110.20649,0.010233298,0.0130219115,0.008781695
110.223076,0.008628038,0.015275922,0.010474186
110.240204,0.0049533993,0.01929246,0.009599919
110.256355,0.0011957876,0.023544362,0.008787863
110.27332,-0.002677469,0.027943224,0.007692512
110.289696,-0.005191143,0.030112842,0.009451307
110.30728,-0.009785896,0.03458238,0.008386334
110.32316,-0.012130558,0.036989365,0.010326809
110.339966,-0.016638948,0.040960364,0.009143164
110.35651,-0.022016305,0.0459233,0.008243517
110.37305,-0.024685528,0.048390854,0.009891591
110.389755,-0.029923305,0.05296851,0.008892701
110.40626,-0.03492909,0.057479374,0.007988334
110.423615,-0.03708272,0.059746947,0.009477632
110.440254,-0.041736558,0.06368552,0.008776095
110.45696,-0.046396945,0.06724536,0.007850663
110.472984,-0.048465554,0.0687611,0.009410098
110.48958,-0.052480873,0.07219922,0.008413078
110.50616,-0.055796765,0.07466816,0.007488052
110.52276,-0.057388745,0.076060794,0.0090463
110.539505,-0.059904236,0.07764696,0.008144275
110.556206,-0.062191147,0.07990679,0.0072336923
110.57266,-0.0635953,0.0802239,0.008858055
110.58957,-0.06526803,0.08123494,0.007885278
110.60618,-0.06608641,0.08206337,0.009478577
110.62303,-0.06765283,0.08310138,0.008556662
110.63966,-0.06874466,0.08367483,0.0077429796
110.65616,-0.06971724,0.083146535,0.009374306
110.6729,-0.070521206,0.083677836,0.008534295
110.68946,-0.07096609,0.083495736,0.0077537405
110.706154,-0.071255356,0.083440125,0.009433987
110.72294,-0.071109556,0.08299667,0.008696334
110.73964,-0.070616245,0.08229374,0.008102587
110.75622,-0.070076436,0.081405275,0.0075846026
110.773094,-0.06925358,0.080363385,0.007070837
110.789925,-0.069412224,0.08022659,0.011016277
110.80637,-0.0682374,0.07929955,0.010540683
110.82271,-0.06698347,0.078304425,0.010062908
110.83964,-0.06568464,0.07689698,0.009519279
110.85631,-0.064465135,0.07585597,0.00910231
110.87284,-0.06285752,0.07446177,0.0087220995
110.88969,-0.06299897,0.07434226,0.012519913
110.90633,-0.06136096,0.07295332,0.012196055
110.92304,-0.05954341,0.07147738,0.011828159
110.939804,-0.05742898,0.07024162,0.011524931
110.95622,-0.055061605,0.06877516,0.011285193
110.97276,-0.05252564,0.06736681,0.011019039
110.98973,-0.05011804,0.06589622,0.010749729
111.0061,-0.048986685,0.06504286,0.012596807
111.02278,-0.046414,0.06329414,0.012310011
111.03933,-0.04494283,0.06261774,0.014080761
111.05615,-0.042372473,0.060690254,0.013896502
111.07267,-0.03931906,0.05874539,0.013804539
111.08942,-0.038007308,0.057345778,0.015618407
111.10599,-0.035323657,0.055297688,0.015636265
111.12282,-0.03237809,0.05312074,0.015683385
111.13942,-0.030797396,0.051747862,0.017512212
111.15608,-0.027854895,0.049369097,0.017655388
111.17311,-0.024310157,0.04743062,0.017789213
111.18978,-0.022771569,0.04608636,0.019782703
111.2062,-0.019645832,0.04408402,0.02000488
111.22257,-0.016359163,0.041757233,0.020154756
111.23935,-0.014564766,0.041146655,0.02204004
111.25613,-0.011372346,0.039078634,0.022343708
111.272934,-0.008136979,0.037217148,0.022679077
111.28967,-0.0069945343,0.03568812,0.024670329
111.306076,-0.004132917,0.033730917,0.024893347
111.32281,-0.0011338571,0.031724885,0.024879321
111.33938,0.00055951916,0.031475198,0.026593208
111.35625,0.0029621508,0.029769765,0.026245952
111.37331,0.0054635676,0.0281267,0.025704565
111.38976,0.0067249383,0.027633686,0.027193835
111.406204,0.009171909,0.02625372,0.026228378
111.42313,0.011660178,0.024943622,0.02505924
111.43948,0.012511751,0.023932375,0.026284723
111.45586,0.014694332,0.022650328,0.0248332
111.47295,0.016029667,0.022605024,0.02580444
111.48964,0.017789112,0.0213542,0.024331268
111.50576,0.019569546,0.020232406,0.022653023
111.52228,0.020813517,0.020142026,0.023345353
111.538994,0.022622095,0.019301161,0.021492198
111.5558,0.024240736,0.018515365,0.019574339
111.57261,0.024714336,0.017572517,0.020244475
111.589554,0.025992883,0.01689165,0.018217284
111.60641,0.027341103,0.016512329,0.016119597
111.62293,0.027850943,0.016751241,0.016750162
111.6396,0.028546179,0.016325291,0.014430552
111.65622,0.029404571,0.015973346,0.012147528
111.67324,0.02979424,0.015560783,0.012508057
111.68972,0.030434132,0.015178174,0.010225177
111.706375,0.031210491,0.015272904,0.007731706
111.72291,0.03129622,0.015333965,0.008157361
111.7395,0.031401794,0.01544225,0.005704146
111.756516,0.031458437,0.0154686,0.0032310274
111.773026,0.031394903,0.015077505,0.0037221967
111.78994,0.03146415,0.014996996,0.0012999899
111.80682,0.031147504,0.015189446,-0.00092165626
111.82323,0.03129788,0.015383999,-0.00040968246
111.83979,0.03068288,0.015434024,-0.0025753616
111.857376,0.030107865,0.015324254,-0.0045694206
111.8729,0.029608635,0.015177535,-0.0038412083
111.890015,0.02866272,0.015048419,-0.0058485866
111.90633,0.028309463,0.015686642,-0.00511851
111.92333,0.027185237,0.015537188,-0.00682989
111.93985,0.026045622,0.015561528,-0.008335709
111.95638,0.02445001,0.015707942,-0.009879724
111.9727,0.023550162,0.015191407,-0.009087586
111.990295,0.022196952,0.015593055,-0.010536316
112.00642,0.020272082,0.016136881,-0.011672933
112.02329,0.019255703,0.015925718,-0.01090869
112.03988,0.017165704,0.016409937,-0.0120995715
112.056335,0.014819992,0.016699629,-0.013261067
112.073326,0.013935793,0.017434547,-0.012369141
112.0902,0.0112269195,0.017641662,-0.013366316
112.10646,0.01034561,0.017916817,-0.012419844
112.12342,0.007729941,0.01838016,-0.013461859
112.13947,0.004879046,0.018737122,-0.014314535
112.15636,0.0034973435,0.019224145,-0.013499356
112.17295,0.0006792553,0.019680308,-0.014317544
112.18957,-0.002036516,0.020253772,-0.015228931
112.20629,-0.003580328,0.020897856,-0.014199511
112.22273,-0.008324966,0.021541074,-0.016879637
112.24006,-0.011373336,0.022657258,-0.01767319
112.25658,-0.011406903,0.02264005,-0.01469724
112.27308,-0.014343955,0.023690937,-0.0155048305
112.28922,-0.017501626,0.024546415,-0.016270733
112.3063,-0.0202125,0.024898766,-0.01707729
112.32326,-0.023138277,0.025587335,-0.017711641
112.33963,-0.026275123,0.026476836,-0.018332517
112.35628,-0.026311101,0.026440546,-0.015592848
112.37284,-0.028747873,0.027650377,-0.01627671
112.38963,-0.032638,0.029022507,-0.018631492
112.406395,-0.033840023,0.029081345,-0.017554874
112.42287,-0.036236975,0.029184902,-0.018119814
112.439514,-0.038415402,0.029315582,-0.018680476
112.45639,-0.03936373,0.02963216,-0.01761147
112.47261,-0.041217566,0.02982523,-0.018023003
112.489555,-0.042172533,0.029609056,-0.016971283
112.506294,-0.04396599,0.029433206,-0.017297935
112.52329,-0.045642562,0.029599782,-0.017567791
112.539894,-0.047336884,0.029647876,-0.017736074
112.55655,-0.048266467,0.030228317,-0.0165029
112.57294,-0.04981988,0.03027291,-0.016599488
112.5897,-0.050610166,0.029611342,-0.015336691
112.60597,-0.052093677,0.029396463,-0.0153154265
112.623146,-0.05344805,0.030036764,-0.015358402
112.63943,-0.054164577,0.029974915,-0.013926615
112.65614,-0.055244025,0.030036235,-0.013892451
112.67271,-0.056485794,0.030209174,-0.013756148
112.68952,-0.057131752,0.029688584,-0.012403008
112.7061,-0.058015496,0.029532943,-0.0121948
112.7228,-0.05892628,0.030261932,-0.012037477
112.73932,-0.059497207,0.030071106,-0.010668399
112.755875,-0.06015921,0.030083692,-0.010476015
112.77254,-0.060789473,0.030267866,-0.010238287
112.78917,-0.061434843,0.030569516,-0.008917121
112.80591,-0.062423836,0.03049609,-0.008676401
112.82277,-0.06368469,0.03094241,-0.008417987
112.83949,-0.06430415,0.03118163,-0.0070861783
112.85612,-0.064957164,0.03161959,-0.006856563
112.87259,-0.06558315,0.031684,-0.0056054047
112.889275,-0.06739342,0.032447755,-0.0053809215
112.906456,-0.06828911,0.032627266,-0.005183933
112.92293,-0.068375096,0.033022445,-0.0039149434
112.939865,-0.06902379,0.032946717,-0.0036830383
112.95625,-0.06983226,0.03320461,-0.0035478463
112.97311,-0.0701131,0.03317482,-0.0023277292
112.98957,-0.06939494,0.033283666,-0.0022137258
113.00636,-0.0688579,0.033344693,-0.0021403236
113.02286,-0.0686616,0.032932155,-0.0008619735
113.0395,-0.06834184,0.03284648,-0.0007371263
113.05622,-0.06707054,0.03278703,-0.000598509
113.073006,-0.066092215,0.033286534,0.00061066967
113.0898,-0.06479073,0.033312615,0.00079297746
113.106186,-0.06434717,0.03350232,0.0020106027
113.12323,-0.06297462,0.033477664,0.0021335809
113.13952,-0.060749162,0.033329356,0.0023879968
113.1565,-0.05882386,0.03309943,0.0025620623
113.173065,-0.058141306,0.03226142,0.003818805
113.18954,-0.05615653,0.032054037,0.0040330198
113.20633,-0.05348355,0.031968094,0.004209961
113.222916,-0.052119303,0.031843435,0.005411639
113.239624,-0.050012108,0.031685162,0.0055654603
113.2569,-0.047853667,0.03144931,0.0057127443
113.27311,-0.046509873,0.031189658,0.006900177
113.28989,-0.04404546,0.031065367,0.0069223247
113.30652,-0.04179658,0.030949261,0.006968644
113.3231,-0.040503602,0.031242168,0.008005179
113.33989,-0.038162306,0.030588223,0.008024251
113.356575,-0.03562777,0.030483915,0.008000109
113.37315,-0.034088343,0.030634768,0.008975738
113.39011,-0.03187597,0.030567616,0.008874553
113.40719,-0.029671978,0.030746575,0.008893788
113.423584,-0.028168814,0.030094234,0.009842094
113.440056,-0.025851773,0.03019155,0.0097814845
113.45637,-0.024992788,0.030254092,0.010675982
113.473206,-0.023607714,0.030470902,0.010567885
113.49006,-0.021813499,0.030567883,0.010500382
113.506645,-0.020466171,0.0306267,0.010468804
113.5233,-0.019888738,0.030712895,0.011354562
113.53963,-0.01892541,0.031044323,0.011283179
113.55611,-0.018245207,0.030790098,0.012099426
113.57315,-0.017161256,0.031052878,0.012011323
113.58971,-0.016133089,0.031261977,0.011999207
113.60678,-0.015974687,0.031431362,0.012801282
113.62311,-0.015662892,0.03157771,0.012843105
113.63984,-0.014569161,0.03146543,0.012670699
113.65685,-0.014559046,0.03177313,0.013535425
113.67318,-0.014409213,0.031523988,0.013504807
113.68993,-0.014450945,0.031575374,0.013273851
113.70659,-0.015027707,0.031780113,0.013241564
113.72389,-0.015558935,0.031939074,0.013112846
113.74141,-0.01666501,0.03211562,0.012903485
113.756546,-0.016694438,0.03210067,0.014727792
113.77286,-0.018593708,0.032326136,0.014218519
113.79038,-0.019951377,0.032554656,0.013829569
113.806465,-0.021423627,0.032902073,0.013466005
113.8231,-0.023949025,0.033383925,0.012800329
113.83956,-0.02594616,0.033855658,0.012154758
113.85586,-0.02626497,0.033819266,0.012660707
113.873184,-0.028558921,0.034198653,0.011870064
113.88986,-0.031695377,0.034879606,0.011207927
113.90668,-0.03293522,0.03487107,0.01147681
113.92291,-0.03544262,0.035422765,0.010631038
113.93953,-0.036333505,0.035445016,0.010762959
113.95636,-0.039353386,0.03580489,0.009799566
113.97298,-0.04173543,0.03601087,0.0087157795
113.98952,-0.04228979,0.03593962,0.008809681
114.00635,-0.044097543,0.035829026,0.007708149
114.02301,-0.04580704,0.035840847,0.0063896147
114.03986,-0.046658497,0.036202513,0.0065270076
114.05611,-0.046941496,0.036239162,0.005164617
114.07318,-0.047585573,0.0362796,0.0036750054
114.08989,-0.04761311,0.036243528,0.0051912838
114.10642,-0.048436128,0.03558703,0.0023788773
114.12296,-0.048526958,0.035340875,0.0009181699
114.139534,-0.048207212,0.03548636,0.00087900023
114.15625,-0.048119307,0.03537901,-0.000605614
114.17282,-0.04757387,0.035168488,-0.0021527626
114.18947,-0.047135677,0.035318498,-0.0022173147
114.20612,-0.04612918,0.035008483,-0.0038077922
114.22294,-0.044930764,0.03454592,-0.005445444
114.239784,-0.044589624,0.03435617,-0.0055431463
114.25637,-0.042989265,0.03414895,-0.007234109
114.27301,-0.04091024,0.033837646,-0.009051304
114.28954,-0.040013295,0.03356812,-0.009178733
114.30637,-0.037453964,0.033354398,-0.011076765
114.323,-0.035239637,0.03281164,-0.0129491035
114.339485,-0.03419515,0.032650605,-0.013161752
114.35616,-0.031046348,0.03209015,-0.0151397595
114.373245,-0.028317317,0.031686343,-0.017009387
114.38969,-0.027198983,0.031502966,-0.017247193
114.40624,-0.025042545,0.030773114,-0.019197265
114.422806,-0.023497915,0.030584725,-0.019514278
114.43948,-0.02097841,0.030080687,-0.021497946
114.45617,-0.01927946,0.029524103,-0.023431733
114.47273,-0.018302068,0.029712262,-0.023885483
114.4894,-0.017254094,0.029378997,-0.025905369
114.50615,-0.01599958,0.028614976,-0.027776811
114.52277,-0.015620193,0.028483551,-0.028019888
114.53936,-0.014922515,0.027489258,-0.02951004
114.55601,-0.014519624,0.02683555,-0.03080683
114.57274,-0.014363301,0.02638444,-0.03069045
114.58946,-0.0139094,0.025551332,-0.031438716
114.606445,-0.013937379,0.024917183,-0.031831607
114.622795,-0.013727278,0.023889214,-0.031443078
114.639565,-0.013906968,0.02332929,-0.031457726
114.65624,-0.014071934,0.022654774,-0.031231508
114.67282,-0.014237814,0.022412391,-0.030514607
114.689766,-0.014454381,0.02170133,-0.030022174
114.7063,-0.01508603,0.020879632,-0.029278524
114.722786,-0.015077975,0.02000214,-0.028339507
114.739494,-0.016012248,0.0191932,-0.02740614
114.75656,-0.01712302,0.018957792,-0.026215486
114.772934,-0.01713709,0.018219348,-0.025164286
114.7897,-0.017776994,0.017273353,-0.02380077
114.80632,-0.01821082,0.017299714,-0.022637788
114.822876,-0.018582558,0.016453143,-0.021078765
114.83986,-0.018766997,0.015581686,-0.01934722
114.8566,-0.018712493,0.014856244,-0.017621957
114.87297,-0.018993283,0.013879084,-0.016256422
114.889435,-0.018734355,0.013245794,-0.014445954
114.90655,-0.018017944,0.012918971,-0.01266003
114.92318,-0.017758915,0.012550886,-0.011208774
114.94001,-0.016655542,0.012011212,-0.00939995
114.95661,-0.01624507,0.011943586,-0.008037621
114.97296,-0.014433433,0.011430908,-0.0062364773
114.98998,-0.011955696,0.010909908,-0.004543278
115.00641,-0.0106877815,0.010725182,-0.0031954842
115.02331,-0.007947474,0.010451196,-0.0015651794
115.03998,-0.005518738,0.010335861,0.000095310104
115.05642,-0.0042121094,0.010030656,0.001281615
115.07296,0.00042315983,0.009689207,0.0031576809
115.09033,0.00394613,0.0096231,0.004532304
115.10667,0.003942658,0.009624495,0.005251893
115.12344,0.006420473,0.009343161,0.0065476666
115.13979,0.009175843,0.009374917,0.007749971
115.15663,0.012982105,0.009308905,0.008769114
115.17309,0.016117906,0.009539769,0.0097582275
115.189896,0.016114917,0.009544719,0.010375772
115.20649,0.018691296,0.009279298,0.011262407
115.22336,0.022167876,0.009413369,0.012071883
115.24013,0.026906291,0.009304673,0.012923646
115.25635,0.028137645,0.00881129,0.013463574
115.273155,0.030179897,0.008679769,0.014086929
115.290474,0.032442626,0.008601816,0.014630973
115.30706,0.033249654,0.0092055425,0.01512948
115.32315,0.034680247,0.009020831,0.015574536
115.340706,0.034715667,0.009218365,0.015908947
115.35648,0.034659833,0.009114505,0.016402509
115.37303,0.034980748,0.009177828,0.016683295
115.38989,0.034899835,0.0096349055,0.017060922
115.40655,0.033626348,0.010088142,0.017269155
115.42317,0.032082643,0.010779851,0.017453877
115.439926,0.0314593,0.010540741,0.017686853
115.45652,0.02982065,0.01088603,0.017827824
115.472855,0.0276737,0.011191712,0.017844588
115.48984,0.026312612,0.012073479,0.018004755
115.5063,0.024021273,0.012280543,0.018005334
115.5231,0.021824073,0.012759772,0.01790713
115.53971,0.020418573,0.013321785,0.018040895
115.556595,0.017720724,0.013761848,0.017884625
115.573105,0.014505013,0.014872744,0.017662736
115.58999,0.013012063,0.015592984,0.017702503
115.60663,0.010245616,0.016574102,0.017329907
115.62313,0.0067102807,0.017214784,0.016921148
115.63971,0.0050232573,0.01773312,0.016838089
115.65631,0.001543234,0.01855484,0.016292276
115.672874,0.000019135296,0.019103685,0.0161513
115.68987,-0.003423635,0.02013387,0.015467405
115.70645,-0.007436212,0.020991778,0.014792722
115.72355,-0.010562904,0.022167759,0.014067503
115.739746,-0.012231698,0.022204265,0.013780541
115.75639,-0.015270443,0.022750175,0.012989579
115.772675,-0.016833194,0.023301069,0.012590039
115.78936,-0.01994535,0.024004953,0.011784189
115.80611,-0.022779286,0.024690341,0.0108784195
115.82295,-0.024019856,0.024316585,0.010498369
115.83971,-0.026734253,0.024899257,0.009539378
115.8564,-0.02976689,0.025655827,0.008588589
115.87292,-0.031385172,0.026327586,0.00818527
115.88972,-0.033630595,0.026799604,0.0072040027
115.90636,-0.035929434,0.027243119,0.0062055406
115.923256,-0.038235933,0.027798308,0.005162531
115.93977,-0.03900997,0.027877703,0.004652237
115.956406,-0.04093676,0.028434912,0.0036168902
115.9732,-0.042139813,0.02875256,0.003151517
115.9895,-0.044462886,0.029054247,0.0021100112
116.00636,-0.04678935,0.02948883,0.0010864884
116.02294,-0.047682017,0.030116137,0.00052506576
116.03978,-0.04869809,0.029700771,0.000028017914
116.05642,-0.052166447,0.030520083,-0.001484976
116.072815,-0.053163875,0.029911824,-0.0020433306
116.089554,-0.05526676,0.030019552,-0.0030483895
116.1063,-0.056144714,0.03078804,-0.0035959717
116.12294,-0.058078863,0.030685563,-0.004519968
116.139404,-0.060136333,0.030537488,-0.005379452
116.15626,-0.061790712,0.03021487,-0.0060866834
116.17278,-0.0624923,0.030147364,-0.0065556285
116.189514,-0.0645528,0.03011937,-0.0072139055
116.20635,-0.06624553,0.029941626,-0.0078383405
116.222916,-0.06715039,0.029262723,-0.0082393335
116.23932,-0.068981,0.029244777,-0.008850981
116.25635,-0.0697506,0.029675972,-0.009255132
116.27274,-0.07151955,0.029676277,-0.009855889
116.28951,-0.07322041,0.029370435,-0.0102617275
116.306206,-0.074083135,0.029238943,-0.010603019
116.32316,-0.07504343,0.0289477,-0.010820504
116.340004,-0.07561464,0.028478382,-0.010788318
116.35642,-0.07569647,0.027642645,-0.010883583
116.37302,-0.07627101,0.026886333,-0.010553108
116.389565,-0.075898156,0.026271097,-0.0100349
116.40633,-0.07588607,0.026144905,-0.0098936
116.42297,-0.075478196,0.025530554,-0.009127081
116.43968,-0.07509477,0.024695154,-0.008270599
116.45625,-0.07466255,0.024810992,-0.007959532
116.47291,-0.07338978,0.024260284,-0.006967399
116.48956,-0.07197458,0.02260027,-0.0050134086
116.50624,-0.07197003,0.02261494,-0.005420549
116.52296,-0.07075475,0.021780834,-0.0041523543
116.53968,-0.0692875,0.020891696,-0.0028293417
116.55644,-0.067646764,0.020608872,-0.0014905429
116.57299,-0.065864734,0.019758796,-0.00009520744
116.58956,-0.06586021,0.019774318,-0.0005652245
116.60626,-0.064268135,0.0193227,0.00083957025
116.622894,-0.062071487,0.018620633,0.0022311527
116.63969,-0.059913278,0.018115647,0.0035900972
116.65662,-0.058132336,0.017598938,0.0049798414
116.67334,-0.055918723,0.01742944,0.0062639345
116.690155,-0.053410288,0.016760875,0.007563374
116.706505,-0.05219782,0.015839547,0.007948784
116.72291,-0.0501941,0.014993862,0.009205138
116.74008,-0.047818724,0.014606073,0.010390147
116.75654,-0.046503536,0.015010902,0.010626536
116.77328,-0.044242244,0.014251569,0.011747892
116.79018,-0.04316251,0.013506519,0.011948719
116.80687,-0.040943827,0.013007744,0.012930425
116.823235,-0.0382683,0.0125637185,0.0138613945
116.83999,-0.03699999,0.012992617,0.013959762
116.856606,-0.03484253,0.012627582,0.014752131
116.87324,-0.03240787,0.012395394,0.015448079
116.891556,-0.029656328,0.011925747,0.016060445
116.90641,-0.028265605,0.011194587,0.015919387
116.923676,-0.025965936,0.010930955,0.016482834
116.94002,-0.02496052,0.010942824,0.016355857
116.957,-0.022452675,0.010651451,0.01677263
116.97372,-0.020057164,0.010172098,0.017060906
116.98996,-0.019150615,0.01041083,0.016924359
117.00677,-0.017297601,0.010343573,0.017191127
117.02328,-0.015376748,0.010088171,0.017423835
117.039536,-0.014108113,0.009388377,0.017109884
117.05668,-0.012353344,0.009185064,0.01726336
117.073044,-0.011376012,0.009307871,0.01740457
117.0898,-0.011110908,0.009238317,0.017064154
117.107376,-0.0103061395,0.008894812,0.017148
117.12325,-0.009877105,0.0086571,0.017156221
117.13974,-0.00988548,0.009352855,0.016768008
117.15654,-0.009973969,0.009580423,0.01678433
117.17311,-0.010633957,0.009803686,0.016732436
117.18988,-0.011372393,0.009570554,0.016242584
117.206764,-0.012624909,0.010143552,0.016148059
117.22335,-0.013753372,0.010366495,0.015918233
117.23991,-0.014728409,0.010677634,0.015422713
117.25607,-0.015769912,0.011081044,0.015162801
117.272896,-0.0167296,0.011540992,0.014575029
117.28976,-0.018316297,0.011912532,0.014308023
117.30644,-0.019491673,0.012360359,0.013837865
117.32309,-0.020565273,0.012672008,0.013260696
117.33966,-0.022335414,0.013033694,0.0127445655
117.356255,-0.0242836,0.014098887,0.012272266
117.37301,-0.025084684,0.014135932,0.011455702
117.38967,-0.026241947,0.014723451,0.0108756265
117.406685,-0.027221872,0.015203993,0.010297574
117.42332,-0.027428871,0.015963528,0.009303129
117.43982,-0.02792025,0.01643429,0.008678832
117.456566,-0.027912682,0.01681633,0.008039982
117.47313,-0.02788443,0.016833697,0.0070555597
117.489746,-0.028738972,0.017687768,0.0063723978
117.50642,-0.028791957,0.01877544,0.005580619
117.52307,-0.029088154,0.018521272,0.00465686
117.53945,-0.028732978,0.018884387,0.0038094395
117.55653,-0.02850994,0.019372752,0.0029205414
117.57303,-0.028667962,0.020042947,0.0019291306
117.58973,-0.028197726,0.020350292,0.0010332454
117.60646,-0.027513225,0.02064694,0.00014091302
117.62299,-0.027013527,0.021249969,-0.00094156316
117.63974,-0.02631472,0.021661503,-0.0016986427
117.656494,-0.025560314,0.021870522,-0.0024497039
117.67299,-0.024936568,0.021512823,-0.0034174798
117.68955,-0.02388592,0.021959657,-0.003945094
117.706276,-0.023304887,0.022211846,-0.004342089
117.7232,-0.023052441,0.022700556,-0.0051444666
117.73971,-0.022642579,0.023197269,-0.0054284986
117.756226,-0.022527525,0.023779191,-0.0061935857
117.772896,-0.021876147,0.02418506,-0.006272523
117.78947,-0.021706041,0.0245128,-0.006236087
117.80638,-0.02152798,0.024072556,-0.006906139
117.8229,-0.02124119,0.024136612,-0.006745442
117.83958,-0.021151735,0.02450108,-0.006487485
117.85621,-0.02129929,0.024976557,-0.007058919
117.87288,-0.021225335,0.025010927,-0.0066715246
117.889496,-0.021234866,0.025154486,-0.0062150666
117.9065,-0.021434698,0.025361767,-0.0056337183
117.92286,-0.021923758,0.025428753,-0.0049442877
117.93962,-0.022887541,0.025433963,-0.004022273
117.95615,-0.022867948,0.025451725,-0.005567979
117.97317,-0.023029331,0.025370188,-0.0046897316
117.989426,-0.023535088,0.025525998,-0.003878631
118.00625,-0.023952404,0.025692888,-0.002845145
118.02289,-0.024128469,0.02603789,-0.001774175
118.0395,-0.024107452,0.026056984,-0.0033738515
118.056274,-0.024477225,0.025983967,-0.00088905543
118.07327,-0.024750236,0.02605139,0.00037201325
118.08969,-0.02451352,0.025849404,0.0015862281
118.10633,-0.0247095,0.025385363,0.0014363657
118.123215,-0.02447592,0.025785279,0.0027260603
118.13989,-0.024533398,0.025809515,0.0039627366
118.1566,-0.024514958,0.025119292,0.0038539774
118.17302,-0.02438179,0.02487386,0.005069523
118.18971,-0.024394063,0.02531679,0.004913426
118.20654,-0.024414819,0.024934966,0.006155066
118.22323,-0.024587082,0.024565147,0.007305201
118.239944,-0.02453025,0.02432549,0.007039177
118.256546,-0.024451187,0.024252705,0.00817493
118.27316,-0.024837391,0.024076985,0.009258751
118.28982,-0.024821246,0.024177235,0.00892606
118.306335,-0.024779955,0.023920877,0.0099553075
118.323105,-0.024642609,0.023846738,0.010932041
118.33976,-0.024828853,0.023788016,0.010465443
118.35648,-0.025150495,0.023465559,0.011308624
118.37347,-0.02544857,0.023515474,0.0121705225
118.38983,-0.02537151,0.023940038,0.01154822
118.40659,-0.026098017,0.024298817,0.012337358
118.423134,-0.027074654,0.024696963,0.01300291
118.43988,-0.027423698,0.025067145,0.012322132
118.45658,-0.02827022,0.025451569,0.012851578
118.47327,-0.029141422,0.025501434,0.013306727
118.49008,-0.029895602,0.025622072,0.012549347
118.50651,-0.030952316,0.026053192,0.012893269
118.52306,-0.032016154,0.025909206,0.01316278
118.53998,-0.032648508,0.026134783,0.012353038
118.55657,-0.03393876,0.026720325,0.012480361
118.57375,-0.035259385,0.027375506,0.012654926
118.590034,-0.035790797,0.027399218,0.011605897
118.60665,-0.03683255,0.027975675,0.011807682
118.623955,-0.038088672,0.028393516,0.011843008
118.64034,-0.039260264,0.028627856,0.010806597
118.65676,-0.040869262,0.028998367,0.010891932
118.67318,-0.042448524,0.029248267,0.01088111
118.69007,-0.043410294,0.029067177,0.009946541
118.70661,-0.044967797,0.02939046,0.00990701
118.723694,-0.04667501,0.029482847,0.00988115
118.74011,-0.047023952,0.029911276,0.0087899435
118.75659,-0.048317924,0.030314317,0.0087903105
118.773224,-0.049322806,0.030069279,0.00779182
118.78959,-0.050990913,0.030662177,0.007803526
118.80652,-0.05256054,0.030856602,0.007848384
118.82327,-0.053278446,0.03136617,0.0067739156
118.83982,-0.055276282,0.03192555,0.006773512
118.85641,-0.057613518,0.03275079,0.006839873
118.87313,-0.058749042,0.03319312,0.005706428
118.890045,-0.060545556,0.03356196,0.0057939556
118.90646,-0.062327307,0.03365703,0.005815717
118.923065,-0.062994055,0.034027994,0.0046830694
118.93987,-0.06467519,0.034370992,0.0048433035
118.95657,-0.065843195,0.03474053,0.004850965
118.9732,-0.06629897,0.03496191,0.0037732595
118.98985,-0.066845685,0.034909774,0.0038747976
119.00662,-0.06772404,0.034915973,0.0040051453
119.02302,-0.06782664,0.035294794,0.002898087
119.03976,-0.06745352,0.034935243,0.0030937553
119.05648,-0.06720512,0.03488931,0.0033555983
119.07314,-0.067114174,0.03497585,0.002284768
119.089905,-0.06641808,0.034806438,0.0025605543
119.10651,-0.064955615,0.03456442,0.0028753786
119.12322,-0.064390875,0.03392402,0.0017850716
119.139534,-0.06298854,0.03371269,0.0021074775
119.15643,-0.061227787,0.033130787,0.0025132599
119.173134,-0.05970225,0.033156894,0.0013788622
119.189514,-0.057422616,0.03261117,0.0018272753
119.20663,-0.055454347,0.03178207,0.0023677233
119.22308,-0.05437456,0.030867575,0.0012251369
119.23944,-0.05166832,0.029930662,0.0017037505
119.2563,-0.049997047,0.029525885,0.00062194123
119.27301,-0.04724483,0.02872286,0.0009933201
119.28983,-0.045669522,0.028504811,-0.0001425911
119.306625,-0.04258644,0.027650153,0.00013638992
119.32308,-0.038814764,0.026519228,0.0004628128
119.339676,-0.034724586,0.025140507,0.0007281833
119.35621,-0.03036838,0.023832709,0.00096756185
119.37272,-0.025032604,0.022282213,0.0013008114
119.38965,-0.019446747,0.020673351,0.0016351179
119.40618,-0.019419331,0.020699607,-0.0010397248
119.42296,-0.014111854,0.019288851,-0.00072921446
119.439606,-0.008178804,0.017824596,-0.00046987168
119.456406,-0.0023303332,0.01613808,-0.00017470353
119.47298,0.003394215,0.014725948,0.000102104255
119.49018,0.009168434,0.013522968,0.00040823888
119.506355,0.0123571465,0.012758056,-0.0008893134
119.52305,0.018171232,0.011326228,-0.00046551906
119.539696,0.023668434,0.010067958,-0.00012290842
119.556564,0.026274534,0.009291683,-0.001337513
119.57294,0.032471083,0.0076516625,-0.0009944355
119.58994,0.038314387,0.005586734,-0.0006138465
119.60633,0.040917106,0.004489215,-0.0018345914
119.62281,0.04588015,0.0027773976,-0.0014234878
119.63943,0.048164353,0.001888896,-0.0025860243
119.65611,0.05237843,0.00024968755,-0.0021814161
119.67282,0.05573165,-0.0007639557,-0.0018773148
119.68964,0.057053078,-0.0012358584,-0.003130624
119.70631,0.05987164,-0.0019789948,-0.0028237693
119.72319,0.061977524,-0.00254937,-0.0025139926
119.739586,0.062688194,-0.003370311,-0.0038354115
119.756294,0.06429991,-0.0038695459,-0.0034745988
119.772896,0.06553197,-0.004224397,-0.0031786952
119.78943,0.0662449,-0.0038376276,-0.0044776173
119.806274,0.06695023,-0.003932023,-0.004136336
119.823296,0.067421295,-0.0036954817,-0.0038505355
119.83958,0.0674283,-0.0042546005,-0.0052454243
119.85626,0.067301035,-0.0040915627,-0.0048539247
119.87322,0.06667774,-0.0039688214,-0.004511472
119.88967,0.06630852,-0.0033504188,-0.0058560697
119.90662,0.06555607,-0.0030425119,-0.0054106186
119.92361,0.06438324,-0.002450862,-0.005027706
119.93999,0.063946865,-0.0017532789,-0.006359622
119.956375,0.062302016,-0.0008591849,-0.005804521
119.97327,0.0611362,-0.0008097648,-0.0070385975
119.98973,0.05890454,0.00017166183,-0.006464575
120.00683,0.056708712,0.0016330916,-0.0058175563
120.02385,0.053975277,0.0029920011,-0.0052276882
120.04003,0.05264878,0.0035964765,-0.0064524137
120.05719,0.049974713,0.0052844337,-0.005612011
120.073105,0.048696425,0.005485242,-0.0068678614
120.09014,0.04568371,0.007083304,-0.0059268703
120.1065,0.042136222,0.008320081,-0.005079589
120.12316,0.04039787,0.009401755,-0.0061871293
120.13984,0.036867574,0.011198493,-0.0052935574
120.15661,0.03310487,0.012541604,-0.004297027
120.17325,0.03134635,0.013506262,-0.0054851873
120.18996,0.02756052,0.014878841,-0.0044698794
120.20647,0.024098368,0.016458848,-0.003406811
120.22348,0.022121415,0.01683184,-0.004481228
120.24012,0.018450469,0.018737294,-0.0034924657
120.25675,0.014961355,0.020146547,-0.0023911404
120.27343,0.012880168,0.02048201,-0.0034384667
120.28991,0.009356027,0.021797616,-0.002357617
120.30656,0.0055078133,0.023026207,-0.0012053573
120.32416,0.0037648168,0.02429291,-0.0022469293
120.340034,0.0000041854832,0.025667123,-0.0012918483
120.357155,-0.0035574085,0.027073702,0.000087741304
120.37342,-0.0059261154,0.02746757,-0.0010972923
120.39013,-0.009547586,0.028820159,0.00020725171
120.407,-0.013000705,0.030264677,0.0014638911
120.42319,-0.014936239,0.031171989,0.00034357814
120.44001,-0.018313015,0.0325788,0.0016893576
120.45716,-0.021492725,0.033842392,0.0028569873
120.473465,-0.023333581,0.033825155,0.001699752
120.489685,-0.026696865,0.03474581,0.0030030124
120.50697,-0.030006928,0.035503812,0.0043097003
120.523125,-0.031110417,0.03650854,0.0031167157
120.53998,-0.03425705,0.037278723,0.0044276887
120.55663,-0.03724052,0.037834305,0.005620749
120.57314,-0.038291417,0.03861617,0.0044718045
120.589775,-0.04071139,0.039218474,0.0057111382
120.60673,-0.042199545,0.038864512,0.0046026083
120.62323,-0.04446855,0.039234057,0.0057143816
120.640076,-0.046781514,0.039640117,0.0069257733
120.65653,-0.047612075,0.040404465,0.005726266
120.67293,-0.049596924,0.04076329,0.006934409
120.68987,-0.051506042,0.041089132,0.008190311
120.70638,-0.053272396,0.04134341,0.009299745
120.72287,-0.054881807,0.04137348,0.0105218915
120.73967,-0.056178026,0.04135758,0.01172559
120.75642,-0.056102756,0.04145954,0.008093596
120.77337,-0.057223074,0.04141526,0.009194769
120.78987,-0.05803513,0.041203447,0.01023496
120.806564,-0.058615714,0.041086465,0.011302762
120.823166,-0.059129033,0.040972047,0.01232412
120.83974,-0.059531007,0.04058624,0.013351597
120.85643,-0.059181772,0.040916245,0.011960209
120.87298,-0.05935057,0.04053774,0.012931876
120.88954,-0.059060454,0.04015122,0.013825289
120.90659,-0.059161957,0.0397763,0.01242753
120.9234,-0.058676574,0.03932047,0.013143119
120.93975,-0.0580069,0.038856722,0.01382436
120.95644,-0.057320993,0.03905273,0.0124277435
120.97318,-0.056390926,0.038269192,0.013109891
120.98979,-0.056059122,0.038148377,0.011536231
121.00642,-0.055071793,0.037970975,0.01219945
121.02292,-0.053923525,0.03789777,0.012806165
121.03955,-0.053620685,0.037159476,0.011245857
121.0561,-0.052614298,0.036542855,0.011847061
121.072685,-0.051619723,0.036420904,0.012440731
121.08965,-0.050975055,0.036870923,0.010808436
121.10622,-0.049583588,0.036436215,0.011286946
121.123314,-0.048467357,0.036360066,0.011806074
121.14003,-0.047979306,0.03649552,0.010053867
121.15618,-0.047072425,0.036435224,0.010526906
121.17345,-0.045608815,0.036324874,0.011141008
121.18967,-0.044982664,0.036658235,0.009315542
121.20629,-0.043607138,0.036613666,0.009905789
121.22314,-0.04249363,0.036711626,0.01043019
121.23986,-0.04186884,0.036341082,0.008729234
121.256165,-0.04049526,0.036614787,0.00920211
121.27344,-0.039473824,0.036344964,0.009864586
121.28975,-0.039081376,0.03574394,0.008004712
121.306595,-0.03759956,0.035510775,0.008580737
121.323,-0.03632616,0.035205904,0.006804222
121.33955,-0.034881163,0.034466147,0.0073421164
121.35641,-0.033305038,0.033809956,0.00788011
121.3729,-0.03120843,0.033117022,0.008323061
121.389725,-0.029706713,0.0332796,0.0065720226
121.40615,-0.02746341,0.032544408,0.0070142
121.422745,-0.026793543,0.031535532,0.005246995
121.439476,-0.024566123,0.030642,0.0057432186
121.456184,-0.02186484,0.029851377,0.006161258
121.47295,-0.020316377,0.029797481,0.004314687
121.48966,-0.017826688,0.029025268,0.0047584274
121.506516,-0.015430197,0.028141353,0.0051767365
121.52357,-0.012540883,0.026961314,0.005541436
121.53985,-0.011421611,0.026629377,0.003634118
121.55674,-0.008777645,0.026237193,0.004181871
121.57325,-0.0074718883,0.026087154,0.002285271
121.589714,-0.0045940434,0.025451139,0.0027804205
121.60626,-0.001813839,0.024259757,0.0033047877
121.62292,-0.00090109056,0.02392354,0.0015050981
121.640114,0.00176682,0.023194987,0.0019646068
121.65718,0.0047206637,0.022754293,0.0022735335
121.67324,0.005829972,0.02200627,0.00034410646
121.68966,0.007946279,0.021230772,0.0009463642
121.707054,0.010267057,0.02034242,0.001483401
121.723724,0.011703438,0.020124545,-0.0005551064
121.74049,0.013879749,0.019811662,-0.000065328124
121.75691,0.015834128,0.019490225,0.00044639217
121.77415,0.016958307,0.019076928,-0.001393348
121.7897,0.018652532,0.01897738,-0.001021893
121.80601,0.01965001,0.01895813,-0.0026169159
121.82284,0.021038044,0.019098634,-0.001972854
121.83983,0.022152495,0.01933671,-0.0014477961
121.8568,0.023016945,0.01994556,-0.0009156802
121.87366,0.02331064,0.01983382,-0.002903752
121.889824,0.023861956,0.020129858,-0.0022954645
121.906685,0.02425405,0.020691037,-0.0014733737
121.9236,0.02444458,0.021459633,-0.0033805133
121.939575,0.024648495,0.022357795,-0.0026931106
121.956535,0.02484232,0.022704648,-0.0043787686
121.97335,0.024858188,0.023853753,-0.0036853694
121.98962,0.024628598,0.024969505,-0.0029894898
122.00671,0.024052987,0.025199112,-0.0046923547
122.02342,0.023643093,0.02640207,-0.0040209033
122.04017,0.023431392,0.027624674,-0.0032197188
122.057175,0.022739315,0.028545681,-0.0023468146
122.07344,0.02233488,0.029250009,-0.0042459746
122.09067,0.021031415,0.030131841,-0.0005500007
122.10679,0.021101728,0.030082792,-0.0052155755
122.123276,0.020341715,0.030885352,-0.0041658334
122.14006,0.019457044,0.031547934,-0.0031774007
122.156685,0.018924976,0.032221474,-0.0022689214
122.17386,0.018268876,0.032654498,-0.0013069672
122.19016,0.017615806,0.033607643,-0.00044515386
122.2065,0.017691057,0.033568323,-0.0049196677
122.2231,0.016868314,0.03447414,-0.00386357
122.23983,0.01576641,0.034907393,-0.000079398706
122.256226,0.015640162,0.035531297,-0.0019341644
122.27304,0.01482589,0.035869393,-0.00088179
122.28986,0.013990345,0.03621466,0.000059906666
122.306984,0.0134746,0.036289226,-0.001803027
122.32372,0.013026868,0.03679181,-0.0009506352
122.34016,0.012173553,0.037677802,-0.0000017882553
122.357025,0.011798793,0.037587747,-0.001749814
122.37345,0.010967485,0.037625335,-0.00084412016
122.38997,0.010406063,0.038103852,0.00028093354
122.40657,0.00996752,0.038148075,-0.0015381883
122.423256,0.009541893,0.038093295,-0.00049218856
122.43984,0.009228273,0.038152494,-0.002307749
122.45649,0.0083700325,0.038755745,-0.0012518996
122.47317,0.0077547207,0.03906959,-0.00017018277
122.48977,0.007689362,0.03928888,-0.0019746574
122.50655,0.007022425,0.04007789,-0.0007904081
122.52324,0.006362049,0.04011441,0.00041922927
122.5398,0.0057978905,0.04012081,-0.0013702209
122.5566,0.00499903,0.04074102,-0.00006515272
122.57334,0.0041072075,0.04158684,0.0011940332
122.59012,0.0038980101,0.042011783,-0.000584052
122.60659,0.0030725277,0.04256724,0.00069247896
122.62339,0.0025736298,0.042723905,0.002071419
122.63995,0.0021999974,0.042997006,0.00027050712
122.65655,0.0012749317,0.043222718,0.0016370461
122.673706,0.00035365025,0.043676157,0.0029975923
122.68996,-0.000071189854,0.043824315,0.0010550327
122.70645,-0.0011489022,0.044216447,0.0025088321
122.72372,-0.0024306192,0.044399817,0.0038969086
122.7398,-0.003109732,0.044172063,0.0019082882
122.75642,-0.0043699783,0.04409309,0.0034365086
122.77309,-0.0055559943,0.04408828,0.0047812965
122.79003,-0.005777277,0.04451884,0.0029956112
122.806496,-0.0068919524,0.044508904,0.004219841
122.82316,-0.008047856,0.044710107,0.0055652536
122.8398,-0.009002179,0.04419441,0.0037441894
122.85646,-0.009745267,0.044459924,0.0050086477
122.8734,-0.010892856,0.044576272,0.0062662787
122.890076,-0.011016388,0.044895157,0.004286792
122.906334,-0.011787634,0.0449468,0.005474834
122.92293,-0.012539543,0.044706956,0.0036812937
122.93975,-0.013528736,0.044501144,0.0048460118
122.956215,-0.014280357,0.04448211,0.0059216777
122.97315,-0.013986126,0.044770725,0.003989627
122.989685,-0.014756263,0.044614665,0.00496417
123.00627,-0.015616177,0.044500552,0.0060635735
123.02303,-0.015946701,0.04434678,0.0040537743
123.03959,-0.016474312,0.044136625,0.005050471
123.05618,-0.016978286,0.04397672,0.0061267805
123.07312,-0.016866304,0.044026397,0.0040578656
123.08937,-0.017214155,0.04400499,0.0049398523
123.10597,-0.01743594,0.043894295,0.0060354704
123.1228,-0.017103313,0.043847427,0.0039351727
123.139626,-0.017202526,0.0434442,0.004756117
123.156334,-0.017469177,0.042946592,0.0055953567
123.172935,-0.017584223,0.042761583,0.0035055478
123.18951,-0.01759262,0.042070974,0.004416159
123.206215,-0.017479498,0.041358773,0.005366714
123.22294,-0.017077753,0.041101277,0.0031595614
123.24021,-0.016703665,0.040350243,0.0039523626
123.25635,-0.01602624,0.03912845,0.00459265
123.27303,-0.015931282,0.038197726,0.0025567862
123.28978,-0.015090316,0.036674485,0.0033698056
123.30634,-0.013767012,0.034699325,0.004268229
123.32317,-0.013164256,0.03333921,0.001961289
123.33972,-0.012155841,0.031441007,0.002785534
123.356476,-0.010825892,0.028467923,0.0036388473
123.37304,-0.009901631,0.02734178,0.0013526801
123.38956,-0.008609781,0.023808716,0.0021998012
123.406654,-0.007189826,0.020138958,0.0029846644
123.42312,-0.006270164,0.018582756,0.00066284277
123.439735,-0.0041979044,0.014338852,0.0014292734
123.45664,-0.0031097326,0.012005871,-0.00077683415
123.47308,-0.0014085897,0.007603419,-0.00012606519
123.48952,0.00012409656,0.0036712242,0.00066035084
123.50665,0.0014337657,0.0015859987,-0.0014315451
123.52324,0.0029497708,-0.0027586885,-0.00082552613
123.539764,0.0042656115,-0.0064204377,0.00006535638
123.556725,0.0056405286,-0.009689579,0.00093855424
123.57353,0.0069564707,-0.012775842,0.001616465
123.590225,0.0080841705,-0.015542474,0.0023120889
123.6067,0.008042002,-0.015564529,-0.0031203676
123.62322,0.00895271,-0.01734909,-0.0023099775
123.64,0.009581052,-0.018869799,-0.0015132024
123.65666,0.0107838,-0.02060716,-0.0007875136
123.673386,0.011649493,-0.020979386,-0.00005100815
123.68991,0.012360841,-0.021051953,0.0007168136
123.70665,0.0127270045,-0.021214835,-0.0015625252
123.72346,0.013719602,-0.021529958,-0.00073685386
123.73997,0.014720193,-0.021588217,0.0000464783
123.75712,0.014867378,-0.021412663,-0.0022286226
123.77326,0.015679564,-0.02059046,-0.001515986
123.790695,0.016506841,-0.019772885,-0.0004662515
123.8067,0.016221248,-0.01961495,-0.00303999
123.823524,0.016642267,-0.018546715,-0.0019239369
123.8405,0.01725426,-0.017164297,-0.00107956
123.85699,0.0178291,-0.016371902,-0.003493497
123.87351,0.018379696,-0.0150124915,-0.002522031
123.89009,0.018146904,-0.014518033,-0.0047908365
123.906586,0.018666364,-0.012559512,-0.0038180724
123.92329,0.019348599,-0.01025539,-0.0027878452
123.939865,0.01906011,-0.009472471,-0.005125242
123.95662,0.019603297,-0.007766528,-0.0041219713
123.97325,0.019995013,-0.0054969164,-0.0031652346
123.99006,0.020525726,-0.0041721947,-0.0054737143
124.00672,0.020958398,-0.0020703522,-0.004520824
124.02365,0.021527495,-0.0003119335,-0.00351809
124.03981,0.02112896,0.0005603902,-0.00591814
124.0565,0.021177894,0.0029559918,-0.0046882755
124.07263,0.021432519,0.0050579887,-0.0036848038
124.0895,0.022216706,0.0060703144,-0.005802498
124.10632,0.022533178,0.007947694,-0.004785755
124.12318,0.02273977,0.010395572,-0.0037686457
124.1401,0.022229165,0.01134919,-0.006195836
124.15662,0.022437803,0.013492294,-0.005155539
124.17319,0.022749243,0.015412692,-0.003995453
124.18993,0.023269098,0.016452517,-0.0062698633
124.20648,0.023532491,0.01894989,-0.005237519
124.22326,0.023930464,0.020673675,-0.00411449
124.2398,0.024229167,0.021169148,-0.006527464
124.25656,0.02422678,0.02302109,-0.0054084007
124.2737,0.024060799,0.024652205,-0.0043153744
124.28986,0.024135916,0.025315866,-0.0068080276
124.30653,0.024495015,0.02666547,-0.0054723416
124.32321,0.02425071,0.027271038,-0.0078047933
124.33992,0.024437673,0.028988084,-0.006616189
124.35633,0.024622105,0.030107804,-0.005470198
124.37364,0.025006292,0.03146675,-0.0041787773
124.38977,0.025546098,0.03241534,-0.006717176
124.40659,0.025716774,0.033818815,-0.0052794972
124.42321,0.02522528,0.03432946,-0.0076301093
124.43961,0.025444139,0.0353258,-0.00631663
124.45649,0.025739484,0.03681789,-0.0049820426
124.47338,0.025883762,0.03767658,-0.007279981
124.48997,0.025992863,0.038680762,-0.0061218482
124.50686,0.025900513,0.039685156,-0.0048135985
124.523125,0.025585223,0.040156297,-0.007165397
124.53958,0.025756141,0.041364014,-0.0057304194
124.55685,0.025870597,0.042391445,-0.0042800317
124.57315,0.025670985,0.04267381,-0.0067803133
124.59003,0.02527928,0.04347088,-0.00525843
124.60628,0.02528645,0.044284545,-0.0038731126
124.62309,0.025981734,0.044442203,-0.0059646284
124.639915,0.025772672,0.045040622,-0.0045819124
124.65664,0.025818089,0.045848664,-0.0032296868
124.673134,0.025839968,0.04604546,-0.005551766
124.689705,0.02552949,0.046411123,-0.004137136
124.70636,0.025534434,0.046799086,-0.0027512053
124.722916,0.025551626,0.047084823,-0.0050961706
124.73951,0.02537766,0.047366627,-0.0037642997
124.756485,0.025783883,0.04744082,-0.002451694
124.77294,0.02601299,0.04757546,-0.0049443115
124.78959,0.026229527,0.048243333,-0.0035741378
124.80674,0.02627168,0.04845985,-0.0022868067
124.823,0.026182652,0.04845549,-0.0048247958
124.83972,0.0260262,0.04834079,-0.0033160092
124.85624,0.02634366,0.048267618,-0.005757766
124.87302,0.025811099,0.048489336,-0.0043223905
124.89007,0.025293404,0.048549954,-0.0030623495
124.906715,0.02534872,0.048660886,-0.0055990806
124.92323,0.024919197,0.048653156,-0.0042831586
124.94018,0.024608416,0.048410665,0.00080679037
124.95716,0.024759391,0.04833371,-0.0054325336
124.97328,0.024027456,0.04794786,-0.0042404276
124.99006,0.023539951,0.04751559,-0.0027308476
125.006645,0.023033772,0.047137313,-0.0014977414
125.02333,0.023178475,0.047066603,-0.0076361173
125.039604,0.021715688,0.045368765,0.0010107376
125.056335,0.021852536,0.0453029,-0.0050269137
125.072754,0.02135278,0.044724952,-0.00389017
125.08968,0.02073629,0.044053305,-0.002633816
125.10677,0.02005357,0.04328913,-0.0015701686
125.12298,0.019380882,0.042243194,-0.00058739935
125.140594,0.018922338,0.04120326,0.00072107255
125.15693,0.019025838,0.04053375,-0.002169039
125.17347,0.018411445,0.03928333,-0.0008725879
125.18992,0.017926352,0.03825072,0.00028385693
125.20684,0.01788724,0.037454233,-0.0022161235
125.2234,0.017066805,0.036161147,-0.0012140495
125.23985,0.016456,0.03528016,-0.00011558016
125.25655,0.01632291,0.03429424,-0.0026913995
125.273224,0.015706386,0.032873318,-0.0016881883
125.289955,0.015771082,0.03220424,-0.0043290607
125.30662,0.015175746,0.031174866,-0.0033751589
125.32341,0.014362277,0.029590543,-0.0023958106
125.33992,0.014695089,0.028636988,-0.0051159356
125.35648,0.013757117,0.027279424,-0.004047435
125.37328,0.013004283,0.025684118,-0.00307246
125.38967,0.013267817,0.024847947,-0.005727326
125.40653,0.012509431,0.023235423,-0.004680101
125.42327,0.011948983,0.021774292,-0.0037525292
125.440575,0.011188725,0.02117329,-0.0064319456
125.45744,0.0107119605,0.019674242,-0.0056376895
125.473526,0.010884151,0.018366517,-0.0045217923
125.489624,0.010700319,0.017818611,-0.0069353064
125.50676,0.010418102,0.016608203,-0.0055235536
125.523384,0.010137607,0.015475741,-0.0045328382
125.539955,0.010454732,0.014813783,-0.007121174
125.55688,0.01030949,0.013961116,-0.0058629946
125.57375,0.009789048,0.012452647,-0.0046178517
125.58989,0.009656498,0.011171717,-0.007343516
125.60665,0.009578328,0.010314625,-0.005725196
125.623604,0.009555709,0.009425662,-0.0043966295
125.64018,0.009064675,0.008971701,-0.0070548584
125.65678,0.009083881,0.007661391,-0.0055835047
125.67344,0.0091896895,0.006467209,-0.0041266885
125.69005,0.0095253745,0.00598881,-0.006595032
125.70664,0.009736943,0.0045167278,-0.005074815
125.72318,0.00961873,0.0033699505,-0.0035995485
125.739914,0.00910806,0.0034033011,-0.0059345895
125.75676,0.009330312,0.0025606225,-0.004470693
125.77351,0.009604209,0.0021389981,-0.0029691665
125.79015,0.010048108,0.001623331,-0.0054165893
125.806465,0.010445992,0.0010344462,-0.003820913
125.82346,0.010667615,0.0011331775,-0.0061459234
125.83962,0.01149447,0.0009242449,-0.004677238
125.85652,0.0117540825,0.0003260767,-0.002820362
125.87328,0.012012454,0.00006487849,-0.005382957
125.88993,0.013199447,0.00010638538,-0.0037958517
125.906296,0.014259505,0.00010730263,-0.0021203952
125.923,0.014518103,0.000038908624,-0.00439779
125.93983,0.015293494,0.0002566924,-0.0027911654
125.95641,0.01674015,0.00083469023,-0.001171421
125.97313,0.017524414,0.0013083421,-0.0035641794
125.98997,0.018468516,0.0021619757,-0.0019472282
126.007126,0.019823669,0.0030750313,-0.00038034012
126.023254,0.021047886,0.0035109676,-0.0029738392
126.03997,0.022486933,0.0043102764,-0.0011542634
126.05691,0.024497716,0.005969787,0.00041426552
126.073296,0.025349375,0.006441011,-0.0021162226
126.08962,0.027109219,0.0075225835,-0.0005070142
126.106735,0.029076552,0.0088327695,0.0012582408
126.12323,0.029591529,0.009722103,-0.001448342
126.13969,0.031524662,0.010890556,0.00018990989
126.15656,0.033558384,0.011979139,0.0018580238
126.173836,0.03440247,0.0125560565,-0.0007407457
126.18974,0.03609608,0.014175853,0.0004949302
126.20651,0.03732433,0.014765665,-0.0016563972
126.22311,0.038863987,0.016136771,-0.00027497546
126.23956,0.040403787,0.017327396,0.0013093832
126.2564,0.0409836,0.017695166,-0.0012735603
126.27298,0.042718545,0.019299295,0.00013585176
126.289696,0.044313885,0.02034549,0.00170152
126.306694,0.045371037,0.020243267,-0.0010412204
126.32297,0.046599656,0.02111413,0.0003779931
126.33967,0.04793177,0.022486255,0.0019722434
126.35647,0.04913948,0.02326438,0.003365589
126.37335,0.05020211,0.023704156,0.00483329
126.39002,0.05028334,0.023531651,-0.0020340295
126.40638,0.0513495,0.024253394,-0.00044715405
126.42309,0.05225151,0.02473638,0.0010660004
126.43975,0.053124826,0.025144361,0.002405163
126.45653,0.05394023,0.025634618,0.00392002
126.47325,0.05454448,0.026118351,0.0051215244
126.4898,0.054633465,0.025931694,-0.0017150835
126.506355,0.05597264,0.026252193,0.0036214914
126.52303,0.056305118,0.02647844,0.004823036
126.53968,0.056082375,0.026877308,0.0020619915
126.556755,0.056530047,0.027159521,0.0031347717
126.57315,0.056908682,0.027361639,0.004122405
126.58986,0.057314645,0.027280984,0.005366476
126.60637,0.057247244,0.027478509,0.0024951797
126.62333,0.057671286,0.027749551,0.0036578535
126.63959,0.058302358,0.027091783,0.00062154327
126.65642,0.058381207,0.027195144,0.0018372744
126.67311,0.05910737,0.02745673,0.002905832
126.690125,0.058699157,0.027574964,-0.00016882947
126.70667,0.058818106,0.027508803,0.0008055186
126.72311,0.059131254,0.026797375,0.0018940945
126.739914,0.059312005,0.02666899,-0.0010333133
126.75633,0.05947479,0.02618951,-0.0000823884
126.77304,0.059055645,0.025612274,0.00097017153
126.789734,0.059087485,0.024877703,-0.0020737636
126.80656,0.058460962,0.024212303,-0.0011388161
126.8231,0.057737153,0.023970254,-0.00025592526
126.83985,0.057601057,0.023193132,-0.003239682
126.85634,0.056543004,0.022371178,-0.002346577
126.87311,0.05551204,0.021404168,-0.0013412433
126.890045,0.054849785,0.021431388,-0.0043842685
126.90658,0.053862102,0.020173939,-0.003575031
126.923325,0.052404508,0.019144073,-0.0025279908
126.93986,0.05215731,0.018294904,-0.0055334424
126.95649,0.051056135,0.01722016,-0.0044248817
126.97325,0.049854312,0.01624577,-0.003256566
126.989914,0.049371842,0.015321844,-0.00631706
127.006454,0.0474669,0.01408775,-0.0050935554
127.02322,0.04541881,0.012927128,-0.0038636997
127.03986,0.043918464,0.012213214,-0.006881909
127.05655,0.04080365,0.010058642,-0.005635391
127.07334,0.03740298,0.007726287,-0.0044225925
127.09,0.035525214,0.006773384,-0.007373103
127.10656,0.031841394,0.004731784,-0.0060565528
127.12317,0.030277012,0.0032151556,-0.0088291885
127.13976,0.026548581,0.001410769,-0.0074893646
127.1565,0.022623278,-0.00072315,-0.006035082
127.173065,0.02060552,-0.0016065099,-0.008997332
127.190155,0.017775754,-0.0031988346,-0.007498598
127.20662,0.014248625,-0.004863282,-0.0063099233
127.22332,0.012376694,-0.005840093,-0.009052499
127.24015,0.009623146,-0.007468837,-0.007560616
127.25685,0.0076817516,-0.008794574,-0.0061311997
127.273476,0.0076504108,-0.008821818,-0.013243587
127.28976,0.003209821,-0.010385587,-0.007325499
127.30717,0.0015299942,-0.011746669,-0.00563261
127.323326,0.0005192833,-0.011968257,-0.0087104635
127.34034,-0.0011398891,-0.012966493,-0.0070366203
127.35702,-0.003042528,-0.014213479,-0.0056762975
127.37353,-0.003807707,-0.014083968,-0.008501296
127.39085,-0.0046306667,-0.014614923,-0.0069813104
127.407104,-0.005633454,-0.015556015,-0.0057914434
127.42344,-0.0064659463,-0.015873412,-0.00846541
127.440575,-0.0071407724,-0.01637915,-0.006905388
127.45718,-0.007492217,-0.016488308,-0.0057323137
127.47364,-0.0075724046,-0.017089076,-0.008606535
127.48959,-0.008418535,-0.017068615,-0.007192888
127.50685,-0.0088408,-0.017337156,-0.0055704415
127.523445,-0.008886422,-0.017277861,-0.008791345
127.540085,-0.0089144595,-0.017454168,-0.0075459047
127.557106,-0.00895854,-0.018063571,-0.0062968493
127.57311,-0.008884544,-0.01776125,-0.009442202
127.58983,-0.008726945,-0.017618325,-0.007956594
127.606544,-0.008517716,-0.018079435,-0.0109924665
127.623505,-0.008578753,-0.018127182,-0.009798203
127.6401,-0.008427322,-0.01793008,-0.008752161
127.65673,-0.008515871,-0.01737218,-0.011789895
127.67331,-0.007980866,-0.01794371,-0.010620744
127.68959,-0.007857117,-0.01774417,-0.0093471045
127.70655,-0.006990751,-0.01808472,-0.007950339
127.72332,-0.00589251,-0.01838969,-0.0067496933
127.73982,-0.0049258713,-0.018178707,-0.005498294
127.75697,-0.004991092,-0.01816088,-0.012677818
127.77322,-0.003781591,-0.01830966,-0.011573475
127.78971,-0.0024186093,-0.01824905,-0.010087531
127.80631,-0.0016441729,-0.018170223,-0.008672321
127.82299,-0.00041520482,-0.017876264,-0.0072620804
127.83976,-0.00048031326,-0.017875096,-0.014545339
127.85667,0.00081563584,-0.017599989,-0.013239704
127.87315,0.0020930439,-0.017675921,-0.0074809715
127.88985,0.0034316708,-0.017346036,-0.0058559603
127.90653,0.0040342556,-0.01685473,-0.008763756
127.92342,0.0049564647,-0.016943416,-0.0072793723
127.940186,0.0058159097,-0.017084682,-0.0058870125
127.9566,0.00624907,-0.017012512,-0.008838041
127.973495,0.0073756054,-0.016668336,-0.0072935363
127.98976,0.00784737,-0.016898505,-0.010293374
128.00656,0.008387325,-0.016824123,-0.008695067
128.02327,0.009528817,-0.016575757,-0.007375
128.03995,0.009941358,-0.016043372,-0.0103261415
128.05656,0.0103999125,-0.01592397,-0.00904279
128.07304,0.010929584,-0.015519785,-0.0075518237
128.08978,0.011289206,-0.01599396,-0.010474678
128.10646,0.01230396,-0.01558801,-0.009046874
128.12306,0.01290408,-0.015220084,-0.0075161466
128.1397,0.013048152,-0.014749347,-0.010550484
128.15619,0.01388196,-0.014620345,-0.009004539
128.17291,0.014727124,-0.014623999,-0.0074717677
128.1899,0.015314642,-0.014651686,-0.010453995
128.20642,0.016089307,-0.014704552,-0.00912779
128.2231,0.017237317,-0.014632065,-0.0076580164
128.23975,0.017841607,-0.014782553,-0.010602908
128.25648,0.018424237,-0.01448651,-0.009146465
128.27304,0.019554798,-0.0142066935,-0.00764877
128.28989,0.020051228,-0.013830814,-0.010589243
128.30629,0.021248909,-0.013891131,-0.0091371825
128.32286,0.022425944,-0.013890188,-0.0074779764
128.33955,0.022752048,-0.014203341,-0.010391891
128.35617,0.023799958,-0.014378036,-0.008822485
128.37308,0.024496842,-0.014600375,-0.011740291
128.38986,0.026041286,-0.014670041,-0.010267044
128.40652,0.026872156,-0.014605275,-0.008728935
128.42311,0.027989976,-0.0142100705,-0.007148264
128.43962,0.028690254,-0.014650119,-0.009991475
128.45625,0.029951084,-0.014319545,-0.008355873
128.47292,0.030530214,-0.014381243,-0.011228703
128.4897,0.03177676,-0.014232649,-0.009572368
128.50633,0.033269823,-0.014082295,-0.007844017
128.52315,0.033899825,-0.0143514285,-0.010728161
128.53967,0.03537803,-0.014502342,-0.009036855
128.5565,0.036622126,-0.014432853,-0.00714445
128.57307,0.03716748,-0.013932165,-0.010106546
128.58974,0.038195025,-0.0139069185,-0.008228043
128.60661,0.039327074,-0.013876863,-0.0064013507
128.62315,0.039923176,-0.014120883,-0.009312692
128.64018,0.040661376,-0.014364641,-0.0074374154
128.65613,0.04143489,-0.014178266,-0.0057465374
128.67284,0.041744355,-0.013714994,-0.008200037
128.69002,0.042696115,-0.01365726,-0.006346631
128.70651,0.043171305,-0.013591861,-0.0047126426
128.72337,0.04327565,-0.0141063705,-0.0074274256
128.74007,0.04398183,-0.013863136,-0.0056098658
128.75652,0.044233013,-0.013463788,-0.00843832
128.77336,0.044245053,-0.013974854,-0.0064615943
128.78976,0.04411432,-0.013653986,-0.0047057527
128.80664,0.04428093,-0.013345562,-0.0027738854
128.82358,0.044331174,-0.013821526,-0.0057702395
128.84021,0.04434898,-0.013474831,-0.004178464
128.85661,0.044126406,-0.013612163,-0.007059735
128.87343,0.043639082,-0.013410864,-0.005321255
128.88986,0.043553505,-0.013051503,-0.0037149496
128.9068,0.043207396,-0.013413448,-0.0019440462
128.92345,0.04301636,-0.013127759,-0.0050755204
128.94016,0.0423801,-0.012940487,-0.003415102
128.95659,0.042092677,-0.013582082,-0.006461535
128.9733,0.041741736,-0.013199381,-0.0048117833
128.98978,0.041363712,-0.013628128,0.0012075087
129.00694,0.04131223,-0.013782917,-0.0062825177
129.0237,0.040870212,-0.014044903,-0.0049984995
129.04013,0.040443227,-0.014449275,-0.0035130894
129.0573,0.039638758,-0.014767914,-0.0019129683
129.07349,0.0393998,-0.014951611,-0.00072693446
129.09027,0.03901858,-0.015103778,0.0009253151
129.1068,0.038960505,-0.015252827,-0.006720046
129.12349,0.038298555,-0.015699377,-0.0052516693
129.14021,0.03762071,-0.015578967,0.0005731964
129.15614,0.03718683,-0.01586924,-0.002608901
129.17322,0.036476184,-0.016442532,-0.00089824543
129.19156,0.036209367,-0.01721787,0.0003170582
129.2073,0.035844024,-0.017375194,-0.0037047525
129.2236,0.0354468,-0.018059455,-0.0019266632
129.2408,0.035074346,-0.018664403,-0.0005367165
129.25679,0.0348899,-0.019267881,-0.0040359884
129.27391,0.03448522,-0.019865744,-0.0025159142
129.29028,0.033952434,-0.020156223,-0.0015477305
129.30711,0.03356258,-0.02090844,-0.004596409
129.32352,0.03286207,-0.021143898,-0.0034967526
129.34012,0.03243924,-0.021547016,-0.0065497966
129.35678,0.031854782,-0.021664979,-0.005325581
129.3735,0.030644987,-0.02253619,-0.004111456
129.38976,0.030298606,-0.023066072,-0.0073235068
129.40704,0.029101752,-0.02349689,-0.0059258556
129.4235,0.02787491,-0.02361154,-0.005012797
129.43994,0.027545942,-0.023302834,-0.008107457
129.45676,0.026409067,-0.023163803,-0.006794878
129.47356,0.025275545,-0.023018211,-0.0056028888
129.49011,0.024366392,-0.023548188,-0.008893181
129.50682,0.023039745,-0.023324825,-0.0075894846
129.52373,0.021774448,-0.022988353,-0.00632866
129.53993,0.021256652,-0.022908064,-0.009665302
129.55641,0.020340687,-0.023137623,-0.008117746
129.57338,0.01897681,-0.022884514,-0.006710445
129.59004,0.018514019,-0.022494003,-0.009936675
129.60669,0.01748297,-0.022135142,-0.008548975
129.62329,0.016789682,-0.022642134,-0.01165469
129.63998,0.0155243045,-0.022616362,-0.0101205595
129.65656,0.014467752,-0.022438532,-0.008684148
129.67328,0.013692668,-0.022146538,-0.0070971646
129.69005,0.013063664,-0.022394571,-0.010196057
129.70683,0.011947652,-0.022129595,-0.008748438
129.72325,0.010963334,-0.021929227,-0.0071944357
129.73972,0.010779756,-0.021449536,-0.010144845
129.75636,0.010036692,-0.021416701,-0.008437185
129.7731,0.009293843,-0.021674369,-0.011427013
129.78978,0.008543112,-0.02151083,-0.009808849
129.80688,0.0083165,-0.021454547,-0.008107008
129.8235,0.008022294,-0.021367207,-0.006643537
129.83998,0.0075771706,-0.02184766,-0.009589831
129.85664,0.007060051,-0.021884914,-0.0077957977
129.8733,0.0074071283,-0.022359665,-0.006053784
129.8901,0.0075186845,-0.022349646,-0.009027674
129.90668,0.0074292803,-0.02243254,-0.007415342
129.92307,0.0072926353,-0.022723347,-0.010282241
129.93977,0.0073176986,-0.02305851,-0.008450374
129.9567,0.0076053743,-0.023758516,-0.0066634375
129.97324,0.007828306,-0.023733335,-0.009822592
129.98994,0.0076831267,-0.024823278,-0.007930285
130.00673,0.007913868,-0.025691293,-0.0061193607
130.02307,0.00812567,-0.026000222,-0.009150204
130.04,0.0085906545,-0.026915882,-0.007095582
130.05728,0.008827799,-0.02767654,-0.00536197
130.07333,0.008784741,-0.028480414,-0.008568114
130.08977,0.009203162,-0.029330939,-0.0063891304
130.10666,0.009349182,-0.030087268,-0.0043763397
130.12311,0.009439385,-0.03070119,-0.0073464112
130.1397,0.00974569,-0.031258903,-0.0053309794
130.15627,0.00973986,-0.03217931,-0.008137017
130.17293,0.010101629,-0.033031896,-0.006168987
130.18982,0.010482657,-0.03367926,-0.0042071873
130.20633,0.011124661,-0.033451073,-0.0072311983
130.22307,0.011380071,-0.03444132,-0.0052331095
130.23969,0.011613139,-0.03474089,-0.0034513783
130.25673,0.011467733,-0.035034537,-0.0016916706
130.27301,0.011280569,-0.035072125,-0.0047945227
130.29007,0.010772967,-0.034723286,-0.002849392
130.30635,0.010425961,-0.03441203,-0.005958077
130.32318,0.009514361,-0.03361233,-0.0039644917
130.34012,0.009199955,-0.03298086,-0.0021887359
130.35678,0.008716874,-0.032937054,-0.005255096
130.37314,0.00817656,-0.031945147,-0.0033806723
130.38982,0.007713582,-0.030936172,-0.0013603538
130.40652,0.0073909853,-0.030083325,0.0004719083
130.4232,0.0071465387,-0.029334353,0.0022209426
130.4398,0.0066997865,-0.02802945,0.00393606
130.45651,0.006590872,-0.028055316,-0.003832114
130.47342,0.0060057486,-0.027115224,-0.0022160693
130.49033,0.0056650364,-0.026555788,-0.0007779772
130.50699,0.005319448,-0.025539238,0.0006085814
130.52368,0.0048548444,-0.024543418,0.0020650038
130.54001,0.004425663,-0.023361506,0.003469252
130.55702,0.0043113884,-0.02283377,0.00044615436
130.5735,0.0039045517,-0.021915358,0.0016586833
130.59065,0.0035498044,-0.020910066,0.0030880705
130.60669,0.0028451534,-0.020799335,-0.00035876725
130.62383,0.0028889675,-0.02028113,0.0011950729
130.64023,0.0024841644,-0.019603772,0.0022599779
130.65659,0.0019004653,-0.019202352,-0.00092034775
130.6739,0.0015457385,-0.018465994,0.00041116128
130.6907,0.0014389991,-0.017626194,0.0013074011
130.70674,0.0008605293,-0.01747014,-0.0021064468
130.7237,0.00080543983,-0.01657357,-0.00068549486
130.74028,0.00055922783,-0.016090456,0.00031579306
130.75641,0.00015341838,-0.016118882,-0.0030006785
130.7737,0.00014568426,-0.015348088,-0.0016402439
130.78993,-0.0002072816,-0.015422607,-0.0052634156
130.80739,-0.00030353258,-0.0150461905,-0.0039713853
130.82365,-0.00042926625,-0.0148551455,-0.0031890557
130.8402,-0.00075072906,-0.014936608,-0.006298658
130.85649,-0.0007472252,-0.014664344,-0.005082797
130.87428,-0.0011105704,-0.015403657,-0.0037322084
130.89005,-0.0011116127,-0.015411354,-0.0075582443
130.90686,-0.001445429,-0.015446698,-0.0059175272
130.92354,-0.0014456538,-0.015956165,-0.0047228527
130.94025,-0.0008909632,-0.015973648,-0.007988116
130.95677,-0.00082105806,-0.01608671,-0.006687675
130.97336,-0.0011071666,-0.016634453,-0.0052804006
130.9903,-0.001067307,-0.016992558,-0.008407206
131.00687,-0.0012674781,-0.017377188,-0.0071908045
131.0241,-0.0013811237,-0.018303396,-0.005715344
131.04018,-0.0013499553,-0.018513937,-0.009198467
131.05673,-0.0011464395,-0.019568246,-0.0074151843
131.07323,-0.0006843407,-0.0208437,-0.005841039
131.0902,-0.0011410508,-0.021296317,-0.009048812
131.10654,-0.0008653242,-0.022134664,-0.0076653976
131.12341,-0.0006726683,-0.022905761,-0.0060849865
131.13986,-0.00016639422,-0.023353672,-0.009337447
131.15648,0.000046445195,-0.02412434,-0.007754597
131.1732,-0.00036604734,-0.024739895,-0.010887023
131.18999,0.0000012619738,-0.02563491,-0.00939217
131.20648,0.000006098976,-0.026616218,-0.007918288
131.22333,-0.00018661395,-0.026915831,-0.010967462
131.24045,-0.0006242953,-0.027823554,-0.009430991
131.2567,-0.000741147,-0.02864335,-0.007993361
131.27344,-0.0010395315,-0.029156158,-0.010843342
131.29005,-0.0016329695,-0.02994735,-0.0091639785
131.30695,-0.0022626582,-0.030651709,-0.007383482
131.32341,-0.002909185,-0.031232463,-0.01051738
131.34015,-0.0031223465,-0.032449994,-0.0085835485
131.35664,-0.0037965542,-0.033243157,-0.0067625893
131.3733,-0.004193627,-0.033494595,-0.009666352
131.38963,-0.005038103,-0.03452047,-0.007784713
131.40665,-0.005979667,-0.035536014,-0.0056978543
131.4232,-0.0062386263,-0.035701737,-0.008816361
131.43999,-0.0065659583,-0.0359716,-0.006784196
131.4572,-0.007191943,-0.03668215,-0.0048286715
131.47331,-0.007955069,-0.03671167,-0.008090016
131.48999,-0.008277591,-0.037011135,-0.0057581286
131.50667,-0.008420814,-0.03706168,-0.0037108657
131.52338,-0.008907478,-0.03660476,-0.006730879
131.53998,-0.009226934,-0.03612994,-0.0047056405
131.55666,-0.009628173,-0.035928473,-0.0076434417
131.5733,-0.010022424,-0.035712343,-0.005621624
131.58983,-0.010671227,-0.034050684,-0.0036755076
131.60625,-0.01112423,-0.032441672,-0.0016992899
131.62299,-0.011952558,-0.031070765,0.000429374
131.64029,-0.012074959,-0.031023303,-0.0074568493
131.65671,-0.012592955,-0.029147372,-0.0057698074
131.67323,-0.012948453,-0.026826356,-0.0036387662
131.68987,-0.013622631,-0.024711212,-0.0015384264
131.70628,-0.014108351,-0.022698887,0.00040024178
131.72324,-0.014359643,-0.019926826,0.0023656057
131.73984,-0.014439145,-0.019869495,-0.0056153745
131.75648,-0.014914831,-0.017017474,-0.00372214
131.7731,-0.015048905,-0.014256388,-0.0018671368
131.78975,-0.015149549,-0.011450769,-0.000103765095
131.80649,-0.015107805,-0.008686659,0.0016310605
131.8232,-0.014615865,-0.0063508386,0.0032376205
131.84,-0.014640947,-0.0062933774,-0.0046305708
131.85648,-0.014944219,-0.0031028935,0.0015948717
131.8732,-0.014824556,-0.0012371634,0.0031634092
131.8899,-0.0148010785,0.00063978543,0.0045849974
131.90648,-0.014040387,0.0015560068,0.0013243584
131.92284,-0.014070333,0.0032129071,0.002688988
131.9398,-0.014110417,0.005046435,0.0041677174
131.95644,-0.014211529,0.0062467777,0.00073163107
131.97311,-0.014108565,0.008316451,0.0020704546
131.98982,-0.0135951415,0.009348256,-0.0012428965
132.00658,-0.013402924,0.0108312145,0.000051544426
132.02338,-0.013528158,0.012055213,0.0012707429
132.03989,-0.013594006,0.012422942,-0.0020352036
132.05653,-0.013558032,0.013490377,-0.0006954518
132.07324,-0.013612914,0.014029606,0.0006399777
132.0899,-0.013770493,0.013911095,-0.0026452674
132.10658,-0.0139668295,0.013554121,-0.0012882017
132.12318,-0.013919201,0.013985247,0.000040486688
132.13986,-0.013789279,0.014044917,-0.0031870967
132.15657,-0.014026484,0.013002957,-0.0018541412
132.17331,-0.014462515,0.012116473,-0.00052824756
132.18985,-0.014845573,0.011936622,-0.0037797708
132.20662,-0.015224213,0.011300581,-0.0023532694
132.22318,-0.01565689,0.009998721,-0.0009854326
132.23985,-0.015745347,0.009215625,-0.0041739456
132.25655,-0.016135467,0.007917465,-0.002767622
132.2733,-0.016427627,0.0066483202,-0.001329272
132.29007,-0.0173157,0.006131213,-0.0046324744
132.30678,-0.017665291,0.0043293783,-0.0032082251
132.32341,-0.017710136,0.0028839312,-0.0017322112
132.33974,-0.017814899,0.0020599603,-0.00489804
132.35663,-0.018408198,0.00041996595,-0.0032479907
132.37346,-0.0193762,-0.0012350051,-0.0018514224
132.39014,-0.019084757,-0.0021352023,-0.0050564217
132.4066,-0.019753553,-0.003744517,-0.003508195
132.4233,-0.020353569,-0.005313267,-0.001776565
132.44025,-0.021017509,-0.0061857365,-0.0049427273
132.45699,-0.021824216,-0.008748918,-0.0033991325
132.47368,-0.022881106,-0.010883144,-0.0017141273
132.4902,-0.023173084,-0.012313907,-0.00482697
132.50679,-0.024617024,-0.015457437,-0.0030178179
132.52362,-0.025165053,-0.016958337,-0.0060203676
132.54019,-0.026593167,-0.020319192,-0.004265664
132.5571,-0.028064582,-0.023768693,-0.0024095706
132.57365,-0.02941185,-0.02548431,-0.00544452
132.5904,-0.03113591,-0.028847225,-0.0035031852
132.60689,-0.033194557,-0.032203212,-0.0016911039
132.62404,-0.03394777,-0.033734933,-0.0046078777
132.64061,-0.03584465,-0.037105493,-0.0030127193
132.65678,-0.037418276,-0.03999959,-0.0008984461
132.67407,-0.03824635,-0.041172773,-0.0038176472
132.69017,-0.039764896,-0.044128757,-0.002020476
132.70694,-0.041080885,-0.046833646,0.0002199473
132.72406,-0.041785385,-0.04793904,-0.0028637033
132.74005,-0.0431758,-0.050109897,-0.0010668169
132.75719,-0.044309612,-0.05207834,0.0011923288
132.77347,-0.044690188,-0.053142816,-0.0019592165
132.79015,-0.045589983,-0.05447084,0.00017971576
132.80672,-0.04622729,-0.054852907,0.0021309045
132.82365,-0.046970606,-0.055042528,-0.00073574006
132.83995,-0.04755274,-0.055856273,0.0010617404
132.85678,-0.048221264,-0.05594634,-0.0017321422
132.8734,-0.04822122,-0.055916402,0.000117925054
132.88998,-0.048300646,-0.055931408,0.002082762
132.9067,-0.04834518,-0.056149982,0.004001412
132.92328,-0.048510812,-0.05589793,0.00096408423
132.94014,-0.04838849,-0.054943517,0.0028079555
132.95682,-0.048277933,-0.05424647,0.004453215
132.97343,-0.04795494,-0.054292593,0.00148889
132.99002,-0.047261607,-0.05331881,0.003246525
133.00697,-0.046390902,-0.052047014,0.004913421
133.02336,-0.04654946,-0.05119161,0.0016917378
133.03998,-0.0456456,-0.049887713,0.0032831226
133.05673,-0.045471407,-0.04925086,0.00019422884
133.07332,-0.043856826,-0.04689241,0.006142233
133.09021,-0.042704377,-0.045082387,0.007475879
133.10669,-0.04288154,-0.044913657,-0.00040138233
133.12364,-0.041421693,-0.04325593,0.0009325348
133.14005,-0.040170792,-0.041914962,0.0020066886
133.15686,-0.038642146,-0.04049684,0.003307423
133.17357,-0.03700199,-0.03838265,0.0044084876
133.18983,-0.035378493,-0.036114454,0.0054253046
133.20668,-0.035515334,-0.03598035,-0.0021525624
133.22313,-0.03380761,-0.033949092,-0.0011646107
133.23972,-0.030922318,-0.031113787,0.0043997746
133.25671,-0.030116877,-0.029735329,0.0010771938
133.27364,-0.028601844,-0.02771557,0.0020445664
133.28986,-0.027133778,-0.025567167,0.0029398163
133.30647,-0.026120355,-0.024686776,-0.00023366325
133.32324,-0.024850711,-0.022475937,0.00080994086
133.34033,-0.023345642,-0.020791791,0.001724437
133.35661,-0.022266725,-0.019951258,-0.001838393
133.37323,-0.020674942,-0.017934434,-0.0006798072
133.39069,-0.01983187,-0.015923155,0.00033474647
133.40677,-0.019275533,-0.014517084,-0.003384048
133.42334,-0.017761277,-0.012583766,-0.0020638378
133.44055,-0.016478563,-0.0107693365,-0.0008920491
133.45662,-0.015358344,-0.010329863,-0.0045521567
133.47318,-0.014192554,-0.008802926,-0.0031554652
133.49002,-0.014004994,-0.0075695734,-0.006475027
133.5064,-0.012594907,-0.0059101735,-0.0055102287
133.52332,-0.011478089,-0.004402354,-0.0041982355
133.54001,-0.0114140045,-0.003360591,-0.0076126433
133.55647,-0.01003501,-0.0018519465,-0.0064044963
133.57437,-0.008989172,0.00014333396,-0.0051486716
133.58997,-0.008517605,0.0007111748,-0.008847043
133.6066,-0.007888582,0.0025284202,-0.0070924023
133.62367,-0.0071352343,0.0039529656,-0.005708905
133.63971,-0.0066679767,0.004449734,-0.0090339035
133.65729,-0.0062298467,0.0055000638,-0.0073906034
133.67296,-0.0059852777,0.0063670785,-0.0063486355
133.68979,-0.0063059716,0.007335642,-0.009013884
133.70648,-0.0061788824,0.008443943,-0.0075914427
133.7231,-0.00637065,0.009343352,-0.006028331
133.74008,-0.0068423254,0.009740744,-0.009059134
133.75652,-0.006474062,0.010276851,-0.0075976
133.77388,-0.006347727,0.010999089,-0.005972754
133.79083,-0.0068447506,0.011362336,-0.009170584
133.80739,-0.006970989,0.012172973,-0.007635624
133.82292,-0.006668557,0.012121306,-0.010514007
133.84,-0.0070986724,0.012585352,-0.00808255
133.85698,-0.00806228,0.012952358,-0.0062360475
133.87354,-0.008957127,0.012976215,-0.009218031
133.8902,-0.010776818,0.012618843,-0.00706772
133.90677,-0.012062474,0.012290577,-0.005012949
133.92316,-0.013719593,0.01208575,-0.007651684
133.94011,-0.016813662,0.011174834,-0.005431706
133.95682,-0.01937304,0.010087935,-0.003399923
133.97397,-0.021787742,0.009213057,-0.0011409116
133.99011,-0.023033977,0.009102044,-0.004253857
134.00673,-0.026144266,0.008225523,-0.0017262571
134.02344,-0.02719588,0.0075727133,-0.004601544
134.04007,-0.029343026,0.0071168058,-0.0024382684
134.05666,-0.031411614,0.006289668,-0.00021136663
134.07364,-0.032592326,0.0057407785,-0.0030166667
134.08951,-0.034474768,0.005254886,-0.001049281
134.10661,-0.035835218,0.0051163356,0.0013528697
134.12334,-0.037015118,0.00539537,-0.0016400549
134.13974,-0.0382659,0.005292065,0.00037398207
134.15657,-0.039579608,0.0051758345,0.0024523027
134.17342,-0.040121667,0.005280993,-0.00044056572
134.18987,-0.040958405,0.0056253993,0.0013268999
134.20732,-0.041639153,0.0059274724,0.0032628665
134.22386,-0.041749075,0.0057920027,0.00010503086
134.23999,-0.042423032,0.006110599,0.001953039
134.25722,-0.042961475,0.006494519,0.004058262
134.27354,-0.042696033,0.006424687,0.0008820398
134.29056,-0.043164533,0.0072276588,0.0028336043
134.30794,-0.04321519,0.0072629056,0.004433626
134.32347,-0.0430355,0.0068981335,0.0011881873
134.3404,-0.042791657,0.0069770473,0.003407454
134.35762,-0.04277981,0.007849313,0.0049278387
134.37343,-0.04269187,0.008001488,0.0016750892
134.3901,-0.04236461,0.008249593,0.0035646893
134.40681,-0.041772593,0.008757138,0.0049798815
134.42352,-0.04164416,0.008704712,0.0018724395
134.44077,-0.041345526,0.009194946,0.0031013868
134.45659,-0.041006185,0.009396581,-0.0003388169
134.4736,-0.040272973,0.009916299,0.005450503
134.49075,-0.03968142,0.010448895,0.006274821
134.50679,-0.039640505,0.010602818,-0.0014867104
134.52377,-0.038850687,0.010595257,-0.000252979
134.54016,-0.0377666,0.010600315,0.00051245483
134.55634,-0.03675703,0.010796973,0.0014829418
134.57349,-0.03572975,0.010932726,0.0024114375
134.59016,-0.035687435,0.011070996,-0.005327376
134.60683,-0.03425428,0.010939193,-0.004550137
134.62352,-0.03281883,0.01091517,-0.0038419352
134.64015,-0.030297007,0.010762254,0.0009891873
134.65678,-0.02969668,0.010703951,-0.0023581737
134.67354,-0.02804505,0.010500483,-0.0015760104
134.69037,-0.02618631,0.0104628885,-0.00089820655
134.70723,-0.025651556,0.010957858,-0.0043156124
134.72362,-0.024393797,0.010651224,-0.0036433383
134.74054,-0.022965854,0.010165971,-0.0026997623
134.757,-0.022028906,0.009253016,-0.0061706556
134.77357,-0.020787213,0.009235897,-0.005264242
134.79018,-0.020229327,0.009274652,-0.008544444
134.80676,-0.019137058,0.008902389,-0.0076106773
134.82364,-0.018241774,0.008322217,-0.0067144437
134.84015,-0.01778987,0.00844793,-0.010110799
134.85713,-0.016977334,0.007948499,-0.009083319
134.87329,-0.016716763,0.0071962266,-0.008311899
134.89012,-0.016108563,0.007653692,-0.0113569405
134.90665,-0.0148602305,0.0073595424,-0.01053127
134.92317,-0.013904624,0.0070279124,-0.009403205
134.93993,-0.013660883,0.0071333577,-0.01255797
134.95702,-0.012433598,0.006792158,-0.01145822
134.97348,-0.011324838,0.006325847,-0.010462755
134.98997,-0.010884243,0.006619885,-0.013500085
135.0067,-0.010037249,0.006086267,-0.0121011855
135.02348,-0.009217124,0.006156828,-0.01081147
135.04005,-0.009006117,0.005620521,-0.013839469
135.05664,-0.008554654,0.0059052226,-0.012381139
135.0733,-0.00844335,0.005869786,-0.010854641
135.09007,-0.008425171,0.005675958,-0.013750444
135.10678,-0.0079642795,0.0057235416,-0.012265064
135.12329,-0.007884537,0.0056946627,-0.0106585
135.14026,-0.007893119,0.005998322,-0.013469024
135.15652,-0.008074785,0.006014974,-0.011926328
135.17326,-0.007586196,0.0062654843,-0.009974241
135.18973,-0.0072861044,0.006693076,-0.012779186
135.20657,-0.0072920765,0.006569383,-0.010836148
135.22343,-0.0076547065,0.0063264207,-0.008957066
135.24,-0.0075037032,0.006000037,-0.011744857
135.25658,-0.007396309,0.006150588,-0.009697742
135.27353,-0.0075567565,0.0055511934,-0.01227874
135.2899,-0.0076127425,0.005467622,-0.010343583
135.30634,-0.0077396664,0.0052776714,-0.008082953
135.3231,-0.007673237,0.0058117653,-0.010535656
135.33998,-0.007954549,0.0057542985,-0.008370737
135.35649,-0.008439333,0.0058473633,-0.0062560244
135.37321,-0.008616302,0.0062041203,-0.008784815
135.38983,-0.008776153,0.0064258105,-0.0065799085
135.4065,-0.009097676,0.007062029,-0.0043090936
135.42317,-0.00950044,0.007107428,-0.0068590837
135.43987,-0.009926033,0.0072868927,-0.004634528
135.45651,-0.009991809,0.007500239,-0.002389836
135.4732,-0.010041862,0.007634144,-0.0050446535
135.48993,-0.010656776,0.008018876,-0.0028392416
135.50703,-0.01094766,0.008111171,-0.0006158352
135.52342,-0.0109954225,0.00781988,-0.0034531585
135.54001,-0.011265153,0.008230015,-0.0011495268
135.55676,-0.011949906,0.007987536,0.00097543374
135.57329,-0.011850021,0.008357095,-0.0016417163
135.58977,-0.01182032,0.008195963,0.00042200641
135.60645,-0.012235418,0.00844611,0.0025677928
135.62297,-0.012648505,0.008724441,-0.000033259348
135.63988,-0.012480544,0.0090576215,0.002019016
135.65685,-0.012527392,0.009060698,0.003905828
135.67325,-0.012728581,0.009003252,0.0011676608
135.6902,-0.012925709,0.009439689,0.0032227486
135.70682,-0.012727633,0.009627748,0.004880031
135.72359,-0.012852558,0.009897428,0.0023004883
135.74023,-0.013126704,0.010478936,0.0039780224
135.75714,-0.0135377925,0.010994885,0.0056729913
135.77367,-0.013780432,0.011313314,0.0029161088
135.79002,-0.014179483,0.011596689,0.004609938
135.80711,-0.01463821,0.012280874,0.002066368
135.82347,-0.015083562,0.013237515,0.0035248718
135.84047,-0.015523796,0.014154835,0.005319537
135.85689,-0.015914477,0.014713773,0.0024144761
135.87373,-0.017313771,0.015671914,0.00846987
135.89058,-0.017859878,0.016957305,0.009874549
135.90675,-0.017798258,0.01702178,0.0026322138
135.92351,-0.018225232,0.017857485,0.0043690535
135.94,-0.018442586,0.018792631,0.0058183013
135.95732,-0.018524444,0.019521428,0.0072680553
135.97372,-0.018530466,0.020155862,0.008307679
135.99014,-0.018821465,0.020675652,0.009759986
136.00699,-0.019243974,0.020389616,0.0069198366
136.02386,-0.019503498,0.021241155,0.00816671
136.04037,-0.019325081,0.022112975,0.009316998
136.05698,-0.01944958,0.022491174,0.0064703166
136.07408,-0.019819614,0.023331936,0.0076957755
136.09097,-0.020105073,0.024124652,0.008605622
136.10739,-0.020507902,0.024007058,0.005600728
136.12376,-0.020662619,0.025023138,0.006758408
136.14023,-0.020953665,0.026316527,0.007980105
136.15678,-0.021222243,0.026330745,0.005101643
136.17357,-0.021644099,0.027525403,0.00617824
136.19052,-0.021979138,0.028482614,0.007204274
136.20685,-0.022044653,0.029311998,0.004025796
136.22346,-0.022677863,0.030243978,0.0052179154
136.2402,-0.022880804,0.030358242,0.0021666894
136.25677,-0.0232146,0.03149889,0.0031533388
136.27333,-0.023734486,0.032613896,0.004204444
136.2901,-0.024161357,0.033287752,0.0012345007
136.30699,-0.02469608,0.034049284,0.0022096492
136.32332,-0.025071392,0.034958653,0.0030228493
136.34036,-0.02527349,0.036044285,0.00021459325
136.35675,-0.02576784,0.036878977,0.0009609717
136.37387,-0.026321918,0.037730016,0.0020522594
136.3902,-0.026609946,0.037519738,-0.0011302034
136.40672,-0.026866425,0.038832255,-0.000036958438
136.42355,-0.027524404,0.03965684,0.0010227351
136.44022,-0.027403098,0.040575463,-0.0020367745
136.45677,-0.027736215,0.041397944,-0.0010609531
136.4733,-0.028289009,0.042427693,0.00005508088
136.49025,-0.028404003,0.04285012,-0.0028693203
136.50658,-0.028582796,0.044039886,-0.0019352344
136.52335,-0.028629754,0.045130573,-0.0006945933
136.54002,-0.02832585,0.04552905,-0.003717331
136.55673,-0.028446805,0.046490896,-0.0025395937
136.57341,-0.028433321,0.047236584,-0.0013911688
136.59013,-0.028246101,0.047548108,-0.0042725396
136.6066,-0.027644556,0.04806967,-0.0030856596
136.62321,-0.027330816,0.049009096,-0.0017442651
136.63991,-0.027244497,0.04945433,-0.004538624
136.65657,-0.027084677,0.05010587,-0.0032481125
136.67314,-0.026713958,0.050326366,-0.0060448125
136.68991,-0.026095312,0.050792348,-0.00467673
136.70695,-0.025476212,0.05146009,-0.003354367
136.7234,-0.025272649,0.0518129,-0.006241574
136.74025,-0.024455855,0.052271232,-0.0046940013
136.7565,-0.02403019,0.052744742,-0.0032871824
136.77328,-0.023637548,0.052875582,-0.0057781115
136.78995,-0.023066483,0.05286708,-0.0043284944
136.80656,-0.022493657,0.05259985,-0.0027839271
136.82361,-0.022180842,0.05261264,-0.00542209
136.84013,-0.02150355,0.05242053,-0.0040563582
136.85658,-0.020701872,0.052051347,-0.0024435713
136.87312,-0.020074688,0.051618177,-0.005027392
136.88962,-0.018985996,0.050419867,-0.0034295362
136.90643,-0.018059665,0.049761016,-0.0059385966
136.92311,-0.016108174,0.04807766,-0.0044904947
136.94,-0.014358963,0.04609305,-0.002904354
136.9567,-0.012863964,0.044392377,-0.0014308154
136.973,-0.011895251,0.043467335,-0.004043343
136.9903,-0.009892916,0.041101728,-0.0023403664
137.00668,-0.008720316,0.040093757,-0.0052461424
137.0232,-0.007022188,0.038034942,-0.003560104
137.03995,-0.0051708855,0.03581664,-0.0019956618
137.0567,-0.003982804,0.034335263,-0.0047418335
137.0735,-0.00096725323,0.03138669,-0.0032607452
137.08997,0.001143628,0.028609248,-0.0019362152
137.10643,0.0022146592,0.027247785,-0.0044595595
137.12329,0.0050766654,0.023561256,-0.0029628577
137.13982,0.007571233,0.020537056,-0.0015842132
137.15637,0.009775923,0.018013373,-0.00010866228
137.17346,0.011647063,0.015026342,0.0014979036
137.18993,0.013690148,0.012028177,0.0027747643
137.20659,0.013729917,0.0119828805,-0.0038401731
137.22311,0.015312946,0.009446718,-0.0024357154
137.23999,0.017090952,0.007824573,-0.00087805145
137.25684,0.018436482,0.0054810657,0.0003432655
137.27332,0.019924607,0.003771627,0.0015623409
137.29001,0.020938024,0.002192934,0.0029680287
137.30667,0.021046732,0.0011025065,0.00025714168
137.3236,0.021824252,0.00042738253,0.0015172544
137.34007,0.022178926,-0.00053266727,0.00261465
137.35674,0.022050867,-0.0012963343,-0.000053764983
137.37335,0.022069963,-0.0017708305,0.0011276753
137.3902,0.02208713,-0.0020818582,0.0022965712
137.40666,0.022694781,-0.0018316256,-0.00052804506
137.42351,0.022738677,-0.002111871,0.00063157897
137.44011,0.022153957,-0.0023244307,-0.002207143
137.45667,0.021851776,-0.0021462152,-0.0011212492
137.4735,0.02143968,-0.0017916806,-0.0000075699763
137.49002,0.021297248,-0.0016049081,0.0010373219
137.50677,0.020951025,-0.0014478471,-0.0016130622
137.52338,0.020210842,-0.00025352812,-0.00052799203
137.54022,0.019675117,0.0000086112,-0.0032328488
137.5568,0.019097626,0.0011007797,-0.0021683348
137.5738,0.01828224,0.0025094205,-0.0009649627
137.59021,0.017878333,0.003609808,-0.0037752506
137.60677,0.016561892,0.005473,-0.0025958777
137.62396,0.015623689,0.007384511,-0.0014608284
137.64075,0.015181701,0.00794223,-0.004344368
137.65706,0.014146217,0.010143407,-0.0032733628
137.67381,0.01296147,0.01227276,-0.0020030884
137.69034,0.013140183,0.013210477,-0.0047199004
137.70717,0.012016114,0.0149134975,-0.00351626
137.72362,0.011151326,0.016984189,-0.0024329433
137.74033,0.010043285,0.01755135,-0.005043303
137.75705,0.00947103,0.019132039,-0.0039109336
137.77388,0.008515409,0.021141792,-0.0027598704
137.79034,0.008181115,0.022095839,-0.005495864
137.8071,0.007041253,0.023767643,-0.0041954466
137.82388,0.0059147654,0.02558657,-0.002944131
137.84084,0.0059912554,0.02678844,-0.0056237113
137.85695,0.004869608,0.028786354,-0.0044112923
137.87387,0.0039547477,0.030682398,-0.0030231685
137.89035,0.0031196335,0.03136298,-0.0055788765
137.90654,0.0025799759,0.03289609,-0.004281332
137.92357,0.0017337714,0.034711152,-0.0028209013
137.9398,0.0016498304,0.03576233,-0.0054061394
137.95699,0.0010645809,0.037290104,-0.0039080805
137.97343,0.0005877193,0.038777117,-0.002589874
137.99022,0.00090637984,0.03943147,-0.005024153
138.00684,0.00042233762,0.0405959,-0.0035812703
138.02348,-0.000105499195,0.040869724,-0.006016317
138.04036,-0.00005410593,0.041892603,-0.0045548766
138.05695,0.000041461084,0.043022305,-0.003183317
138.0737,0.00017198003,0.043707218,-0.005608706
138.09032,-0.00016885166,0.04450999,-0.0042276923
138.10725,-0.00029911447,0.044949476,-0.0027326618
138.12358,0.00016226113,0.045289,-0.005293126
138.14017,0.0001257434,0.046026096,-0.003625072
138.15681,0.000033722124,0.046662208,-0.0020912734
138.1735,-0.00021924842,0.046741724,-0.0044860314
138.18982,-0.0000126066125,0.047272872,-0.0029557685
138.20654,-0.000031395688,0.047816247,-0.0012997792
138.22325,-0.00048200553,0.04804395,-0.003650783
138.24019,-0.00047144943,0.048379917,-0.0021284814
138.2567,-0.0004032331,0.04871274,-0.0006975599
138.27359,0.00019954373,0.04918809,-0.0029809182
138.29036,0.00005065496,0.04927708,-0.0015241958
138.30717,0.00022616769,0.049625322,-0.000060385897
138.32347,0.00036494306,0.049640704,-0.00251096
138.34027,0.0009810693,0.04968075,-0.0009133373
138.35727,0.0014003532,0.049592838,0.00052518334
138.37355,0.0012434847,0.04928155,-0.002013618
138.39018,0.001795982,0.048707325,-0.00042672025
138.40686,0.0024025645,0.047946636,0.0009193302
138.42342,0.0026100036,0.047635,-0.0014362615
138.43962,0.0028900793,0.046226364,-0.000022860413
138.45673,0.0036168057,0.045263395,-0.0023572363
138.47362,0.004383247,0.043251276,-0.001167908
138.4902,0.00510662,0.041484505,0.000023962764
138.50716,0.005234346,0.040428996,-0.0024207523
138.5239,0.0059643295,0.038084317,-0.0012412347
138.54019,0.0067498405,0.034861594,-0.00007470325
138.55707,0.007470728,0.032918684,0.001190741
138.57326,0.0081506735,0.030221164,0.0023328345
138.5902,0.008990895,0.027484644,0.0036298106
138.60674,0.009075388,0.027456949,-0.0025192956
138.62334,0.009722886,0.024643596,-0.0013269032
138.63992,0.010553762,0.022260297,-0.00020743693
138.65651,0.0112352315,0.019103676,0.00084354944
138.67336,0.012052286,0.015404384,0.0019526386
138.68996,0.01299711,0.012190079,0.0029757128
138.70659,0.013460491,0.010433871,0.000504652
138.72334,0.014423322,0.0070006265,0.0016677205
138.7401,0.014701119,0.004226422,0.0027268725
138.75664,0.014573224,0.0030315341,0.00032591127
138.77324,0.014690114,0.00047832527,0.0014335725
138.78978,0.015071173,-0.0017089841,0.0025283622
138.80653,0.015575094,-0.0025327615,0.00019787795
138.8231,0.015659293,-0.0041019334,0.0012439103
138.83987,0.015966153,-0.005752079,0.0023957156
138.85657,0.016252639,-0.0067497427,-0.00006688549
138.87361,0.016261987,-0.008075354,0.0010512363
138.89027,0.015903885,-0.0085202325,-0.0014521861
138.90686,0.015835358,-0.009225767,-0.00031868374
138.9237,0.01578169,-0.010117878,0.0008420054
138.9402,0.016539106,-0.010429064,-0.0015940985
138.95671,0.016505916,-0.010673198,-0.00043643452
138.97351,0.016648829,-0.011293672,0.00072876393
138.99,0.016565634,-0.01151488,-0.0017166835
139.00658,0.016620781,-0.011374533,-0.0005148516
139.02335,0.016723545,-0.011228604,0.00060619845
139.04004,0.017447354,-0.01093168,-0.0017488751
139.05708,0.017366631,-0.010300296,-0.00054453616
139.07375,0.017697351,-0.009176298,0.00046686202
139.09015,0.018180307,-0.0085805105,-0.0018441151
139.1068,0.018627468,-0.007174222,-0.0006045546
139.12349,0.019008344,-0.0049228626,0.0006902319
139.14,0.01870925,-0.0041752076,-0.0016834252
139.15646,0.019155286,-0.0019030019,-0.00037597824
139.17365,0.019938868,-0.00066423113,-0.0024681618
139.19014,0.0208123,0.0018862761,-0.0014234361
139.20674,0.021200445,0.0050343974,0.00003623311
139.2239,0.021797378,0.007833618,0.0013478979
139.24004,0.021952607,0.009241454,-0.0010331182
139.25679,0.022981776,0.012412056,0.0005405702
139.27443,0.023722913,0.015794404,0.0019204848
139.2904,0.023754181,0.017175011,-0.00056796666
139.30705,0.024574045,0.02033899,0.0011643904
139.32394,0.025206992,0.023432594,0.0026201927
139.33997,0.02563135,0.024958216,0.00039476043
139.35724,0.026574308,0.028550588,0.002141534
139.37367,0.026878748,0.030089594,-0.00019341477
139.39047,0.028170217,0.03312581,0.0014673672
139.40704,0.029223861,0.036332536,0.002982723
139.42352,0.029900467,0.039562393,0.0045095123
139.44011,0.03054958,0.04086019,0.0025213808
139.45714,0.031432495,0.043710224,0.004153184
139.47363,0.03125406,0.045137472,0.0019089928
139.49017,0.032146983,0.04823067,0.003623414
139.50676,0.032768175,0.050658096,0.005281281
139.52359,0.033629533,0.051885482,0.0032445781
139.54063,0.034280095,0.054438103,0.004771563
139.55713,0.035092488,0.05683186,0.006211146
139.57443,0.03522812,0.057953283,0.004290775
139.59035,0.035629336,0.0594023,0.0056945644
139.60707,0.03595089,0.0610473,0.0075393277
139.62381,0.03672587,0.061894346,0.00556602
139.64037,0.036934488,0.06326117,0.0071813883
139.65706,0.03707035,0.06424889,0.008856639
139.6736,0.037531033,0.064745486,0.006936502
139.69014,0.03797613,0.06588582,0.008640583
139.70735,0.0381613,0.066656105,0.010314582
139.72398,0.037608545,0.06692091,0.008240403
139.74098,0.037346948,0.067211054,0.00993435
139.75775,0.03752752,0.067701206,0.011493673
139.77386,0.037888028,0.0673977,0.009592037
139.79044,0.037983358,0.06664099,0.011428321
139.80708,0.038037773,0.06661734,0.013069547
139.8237,0.038114525,0.06612195,0.011160212
139.84094,0.037868854,0.06505878,0.0127109485
139.85704,0.03778445,0.06428823,0.01411778
139.87369,0.03780111,0.06391517,0.0124545675
139.8902,0.03725575,0.06276298,0.014006605
139.90749,0.037221674,0.061632197,0.012108395
139.92386,0.036923997,0.060360003,0.013394821
139.9404,0.037263278,0.05877819,0.014897131
139.95697,0.036514387,0.056914784,0.016299546
139.9737,0.036533587,0.054899916,0.017705483
139.9904,0.036357928,0.05349129,0.019005556
140.00766,0.036499392,0.05339417,0.013701139
140.02345,0.035947062,0.05136769,0.014667738
140.04005,0.035490587,0.04872151,0.016086323
140.05685,0.03543344,0.047085665,0.017179595
140.07344,0.034935012,0.045079056,0.018085204
140.09064,0.03452025,0.042796124,0.018975658
140.10704,0.034537327,0.041382372,0.01660644
140.12376,0.03398632,0.039417192,0.017400676
140.14061,0.033942547,0.03767411,0.017952658
140.1569,0.033982348,0.036555834,0.015507065
140.17363,0.03339801,0.03371495,0.015991267
140.19005,0.032859966,0.0319026,0.016168302
140.20677,0.032341626,0.031046607,0.0137413265
140.22343,0.031833004,0.02857566,0.013779194
140.24005,0.03105374,0.026438251,0.013779999
140.2569,0.031007595,0.025460863,0.011197228
140.27327,0.030655976,0.023331368,0.011014312
140.2901,0.030038657,0.022321088,0.008479275
140.30682,0.029904835,0.02002548,0.00826869
140.32335,0.029314585,0.018028654,0.008091372
140.34038,0.029511873,0.016820062,0.005484914
140.3568,0.028876632,0.014868746,0.005186172
140.37346,0.027864262,0.012520084,0.0051400647
140.39037,0.02786064,0.01142959,0.002506845
140.40695,0.02750367,0.009462744,0.0022746136
140.42375,0.026307201,0.0072353645,0.0021183428
140.43997,0.026072344,0.0062833307,-0.0005037676
140.45659,0.025616089,0.0044840975,-0.00048051646
140.47307,0.024966741,0.0025865724,-0.00052948465
140.48967,0.025094183,0.0013434079,-0.0029843603
140.50644,0.024050511,-0.00012408978,-0.0029293825
140.52307,0.023179468,-0.0017717665,-0.0028473758
140.53987,0.023082012,-0.002768154,-0.005247618
140.55652,0.022176016,-0.0047944128,-0.0050820587
140.57312,0.021853385,-0.0063564554,-0.0048249206
140.58975,0.02143827,-0.0067829406,-0.0071757985
140.60635,0.020864777,-0.008540758,-0.0068601794
140.62312,0.020220296,-0.01022165,-0.0065138387
140.64015,0.020317135,-0.010879626,-0.008799961
140.65657,0.019855112,-0.0122924,-0.008501967
140.67358,0.019475348,-0.013915666,-0.008113567
140.68996,0.018661702,-0.014326615,-0.010310077
140.70663,0.018021602,-0.015722645,-0.009809859
140.72322,0.017631179,-0.016747152,-0.009240934
140.73999,0.01718652,-0.017325893,-0.011247152
140.75674,0.016592618,-0.018340128,-0.010580662
140.7735,0.01636089,-0.019016711,-0.012658725
140.78992,0.015909683,-0.019866372,-0.011834372
140.80667,0.015656121,-0.020374011,-0.010866218
140.82336,0.015371979,-0.020812139,-0.012807815
140.84013,0.0150617445,-0.021296214,-0.011780834
140.85715,0.015362415,-0.021659115,-0.010727971
140.87346,0.015606315,-0.021743452,-0.012604534
140.89008,0.015408782,-0.022075502,-0.011351704
140.90639,0.014972745,-0.022333665,-0.0100407535
140.92305,0.014972315,-0.022707257,-0.011598129
140.93987,0.014851484,-0.022799281,-0.010219386
140.9565,0.014399904,-0.022397438,-0.008701257
140.97375,0.014591201,-0.02283222,-0.010329195
140.99019,0.014653132,-0.022568291,-0.008787212
141.00691,0.014499692,-0.022412827,-0.0069992505
141.02385,0.014026173,-0.021802,-0.008549422
141.04033,0.014519897,-0.021191183,-0.0067738737
141.05725,0.014955014,-0.020441992,-0.005093744
141.07382,0.015278233,-0.019899957,-0.0065027354
141.08994,0.015766315,-0.018639976,-0.004701929
141.10716,0.016339948,-0.01801396,-0.0059491997
141.12366,0.017156417,-0.016756168,-0.0043164603
141.14026,0.018003818,-0.0153813,-0.002423238
141.15749,0.019003,-0.01327373,-0.00061865046
141.17381,0.019041548,-0.012013335,-0.0021747749
141.19023,0.020284386,-0.010253979,-0.0003654422
141.20714,0.021403763,-0.008166181,0.001433872
141.22342,0.02231866,-0.0075939936,-0.000060857852
141.24017,0.023254886,-0.0055061053,0.0017063351
141.25711,0.023992507,-0.0045360336,0.00025165707
141.27353,0.024930593,-0.0027398106,0.0017643353
141.29077,0.02609757,-0.00076961285,0.0034011686
141.30754,0.027745498,0.0010958719,0.0047759945
141.32346,0.029199723,0.003055777,0.006170866
141.34119,0.030929308,0.0049232454,0.0077338666
141.35713,0.030940948,0.004849808,0.0029860672
141.37373,0.03241731,0.0066344207,0.004507341
141.39023,0.03414108,0.008670056,0.0057989433
141.40775,0.036020175,0.010200675,0.007041073
141.42374,0.037615295,0.011958521,0.007930919
141.44055,0.03945566,0.013930196,0.009163879
141.45709,0.04052756,0.014782148,0.007436711
141.47395,0.042268593,0.016233167,0.008443589
141.49158,0.043790672,0.017777393,0.009293951
141.5071,0.04460461,0.018578134,0.007290253
141.52359,0.0458109,0.020074707,0.00839478
141.54004,0.046671152,0.020898895,0.006655931
141.55698,0.047566824,0.022381686,0.007451308
141.57367,0.048479177,0.023966754,0.008061751
141.59067,0.049489126,0.025400935,0.008676028
141.60701,0.05015175,0.02590883,0.0067498563
141.6236,0.05116374,0.027245427,0.0073516183
141.64026,0.05196966,0.028593032,0.007862294
141.65698,0.05176795,0.02953846,0.0059763994
141.67358,0.052587,0.030609937,0.0064164773
141.6903,0.053384867,0.030681046,0.004552317
141.70688,0.053883504,0.03161604,0.004973024
141.72379,0.054259732,0.032388784,0.0054115835
141.74033,0.054288197,0.03278618,0.0034518628
141.7569,0.05473989,0.033441097,0.0038906506
141.77388,0.054937292,0.034092367,0.0043147737
141.7901,0.05548967,0.03376449,0.0023167063
141.8069,0.05565397,0.03430096,0.0028609454
141.82408,0.05582594,0.034699872,0.0032681264
141.84013,0.055899635,0.034580242,-0.0010055894
141.8568,0.055322453,0.03536229,0.001982154
141.87328,0.055591613,0.03520628,0.002506887
141.89015,0.055565342,0.035175454,0.0008015273
141.90686,0.055541642,0.035023443,0.0013600019
141.9241,0.055666104,0.03454546,0.0019342168
141.9402,0.05544891,0.034058366,0.00007052454
141.95677,0.05528394,0.03355845,0.0008501089
141.9736,0.054749742,0.033729643,-0.000789896
141.99011,0.054498795,0.03291459,-0.00018873977
142.00677,0.054069452,0.032944143,-0.0018270019
142.02344,0.0534754,0.032253165,-0.0011141325
142.04,0.052891433,0.031603683,-0.000411815
142.05675,0.05220366,0.030819332,0.00033890476
142.07353,0.052157253,0.02974711,-0.0013283071
142.0901,0.051550154,0.029020734,-0.0006071035
142.10669,0.051004015,0.028378574,0.00019553097
142.12328,0.0508554,0.027339954,-0.0014729805
142.14009,0.049810212,0.026072085,-0.0006483452
142.15668,0.049079623,0.025008006,0.00009651204
142.17397,0.048732657,0.024216913,-0.0014932804
142.19035,0.047586642,0.023139914,-0.0008178719
142.20673,0.04681603,0.021543609,0.000050132843
142.22343,0.04652519,0.020996712,-0.0014074752
142.24005,0.045804437,0.019536171,-0.0005683902
142.25699,0.045195337,0.017479174,0.0003062191
142.27382,0.045000672,0.016635995,-0.0012364988
142.29016,0.04432249,0.015315863,-0.00041762815
142.30656,0.04316962,0.014073345,0.000526773
142.32346,0.043135628,0.013024944,-0.0008797775
142.3404,0.04202532,0.011331316,-0.00003946147
142.35715,0.041065324,0.009955751,0.0007779603
142.37344,0.04033691,0.009418164,-0.0006918793
142.39012,0.039669987,0.007870619,0.00023301064
142.40697,0.039236948,0.006061727,0.0010656781
142.42346,0.03835003,0.005277311,-0.0004399692
142.44043,0.037114605,0.0035978516,0.00042869986
142.45691,0.0358513,0.0018372135,0.0011514425
142.47342,0.035583697,0.0006635897,-0.00023318415
142.49031,0.034376122,-0.00091650506,0.0006121695
142.5068,0.033029895,-0.0022294002,0.0013844366
142.52386,0.03272905,-0.0035172203,0.000010848475
142.54022,0.031658694,-0.0050323345,0.0007493269
142.55681,0.031003317,-0.005435085,-0.000569431
142.57343,0.030084964,-0.0069105853,0.0003051291
142.59018,0.029406212,-0.008260956,0.0011509578
142.60678,0.028975083,-0.010067134,0.0019636273
142.62363,0.02849155,-0.011473947,0.0027978485
142.64027,0.027947407,-0.012915775,0.0035331827
142.65721,0.027924519,-0.012965968,-0.000050010498
142.67413,0.02755092,-0.014251866,0.00068285613
142.69064,0.027342781,-0.015300647,0.0013678139
142.7076,0.026919264,-0.016173342,0.002103766
142.7237,0.026897907,-0.01713692,0.0027393724
142.74084,0.027164863,-0.017997252,0.0035030153
142.75745,0.02713193,-0.01804624,-0.00011957144
142.77379,0.028000403,-0.019900734,0.0025587853
142.79027,0.028140854,-0.020637965,0.0031825295
142.80742,0.027848018,-0.020601984,0.0017431712
142.82428,0.028913341,-0.02157094,0.0020886103
142.84052,0.02934757,-0.022174517,0.0025244635
142.8573,0.029052824,-0.02193353,0.0010913006
142.87393,0.029686859,-0.022203015,0.00153693
142.89084,0.030317266,-0.022631252,0.0020213127
142.90717,0.030952742,-0.022810139,0.00047925045
142.92366,0.031808384,-0.022607839,0.0009710756
142.94116,0.032680437,-0.022722095,0.001383031
142.95718,0.033244632,-0.023232857,-0.00029172472
142.974,0.034002118,-0.02327993,0.00024850966
142.99057,0.034210365,-0.022648832,-0.0013488942
143.00778,0.03528634,-0.02261713,-0.0008952098
143.02455,0.03609516,-0.022392707,-0.0006464011
143.0405,0.037155915,-0.022426013,-0.00031151762
143.05704,0.037809234,-0.022538543,-0.0016004615
143.07396,0.038957477,-0.02225068,-0.0012131695
143.08987,0.039523404,-0.021909753,-0.0027054974
143.10686,0.040808346,-0.021787085,-0.0022186888
143.1237,0.0418885,-0.021482766,-0.0018756853
143.14052,0.042756658,-0.021417296,-0.0033681055
143.157,0.04392911,-0.021352693,-0.0030106339
143.17361,0.044781223,-0.021019949,-0.0025953937
143.19023,0.045283034,-0.021152819,-0.003995894
143.20671,0.045965523,-0.020773824,-0.0036643608
143.22377,0.04705025,-0.020265197,-0.0032360503
143.24022,0.04699778,-0.019867996,-0.0047479616
143.25674,0.047402546,-0.019813629,-0.004306915
143.27368,0.04771912,-0.0198271,-0.0037779168
143.29015,0.04796943,-0.019935733,-0.005231519
143.3072,0.048491,-0.019615533,-0.0046563763
143.32355,0.04842444,-0.019735709,-0.004242325
143.34006,0.048366614,-0.019762773,-0.0053696404
143.35684,0.04833284,-0.019521859,-0.0047551906
143.37349,0.048428904,-0.01901028,-0.004144586
143.39026,0.048570532,-0.01917482,-0.0053248433
143.40688,0.048424173,-0.018961037,-0.0046472508
143.42345,0.0482331,-0.018429426,-0.003836806
143.44003,0.048449293,-0.018220523,-0.004963241
143.45677,0.048746936,-0.0176092,-0.0041306484
143.4735,0.048490092,-0.017292488,-0.0052219396
143.49028,0.048396036,-0.017101299,-0.0043507963
143.50694,0.048965983,-0.016685165,-0.0034495192
143.5236,0.049409747,-0.015992427,-0.002593385
143.54008,0.049253684,-0.015037889,-0.0035092551
143.5568,0.04920836,-0.014206662,-0.002605542
143.57349,0.0496782,-0.014200791,-0.0035695878
143.59015,0.04984526,-0.01279624,-0.0026891807
143.60681,0.049883068,-0.011923262,-0.0018473526
143.62338,0.049920682,-0.012039312,-0.002888392
143.6403,0.05005558,-0.011239984,-0.0020497844
143.65726,0.050439842,-0.010399745,-0.0012730635
143.67355,0.050477985,-0.010151115,-0.0023525478
143.69014,0.05039004,-0.009316645,-0.0015377324
143.70688,0.050434884,-0.008697629,-0.00076868676
143.72354,0.050639037,-0.0087841,-0.0018436575
143.74013,0.0509362,-0.007597612,-0.0011363735
143.75688,0.050699845,-0.00696573,-0.00043587855
143.77335,0.050424807,-0.00694411,-0.0015023118
143.78995,0.05011769,-0.006308012,-0.0007711285
143.80742,0.049869873,-0.005516701,-0.00012619574
143.82347,0.04995276,-0.005471066,-0.0013140085
143.84001,0.04957778,-0.0049602846,-0.0005674939
143.85707,0.049397122,-0.004294275,0.000021936787
143.8734,0.04930337,-0.0041005993,-0.0011147236
143.89014,0.049493514,-0.0038503655,-0.0005311931
143.90688,0.04893243,-0.0032218653,-0.000050490125
143.9234,0.048549533,-0.0023078877,-0.0011245477
143.93997,0.048358962,-0.001477603,-0.0006290673
143.95668,0.04783697,-0.00083181384,-0.00014097909
143.9734,0.047768153,-0.0011022027,-0.0012311344
143.98994,0.047285832,-0.0003647808,-0.00074995577
144.00671,0.047130033,-0.0004875171,-0.0018347446
144.02339,0.04651971,0.00016730366,-0.0013888
144.03996,0.045598853,0.00069494,-0.0009131596
144.05672,0.04490591,0.001370767,-0.0005325513
144.07323,0.044524513,0.0017888745,-0.0000085241445
144.08975,0.04391416,0.0022443675,0.00041607206
144.10657,0.043917313,0.0021890735,-0.002102731
144.12305,0.0433017,0.0026746201,-0.0018275558
144.13988,0.04340276,0.0028967608,-0.0014448775
144.15642,0.042476255,0.00301608,-0.0011322178
144.17311,0.041604903,0.0027776363,-0.00089080114
144.1898,0.04160818,0.0027259048,-0.0033766758
144.20703,0.04100545,0.0033365034,-0.0018494275
144.22357,0.04030837,0.0031195187,-0.001836664
144.24065,0.03995098,0.0029654175,-0.0017292519
144.25676,0.039789427,0.0026417824,-0.00299671
144.27377,0.039284017,0.0028775635,-0.0028551302
144.29015,0.038612515,0.0025075711,-0.0029287226
144.30678,0.038247984,0.0019808167,-0.0041522807
144.32353,0.037777346,0.0017236134,-0.0042134915
144.34027,0.037125334,0.0014442927,-0.004306338
144.35684,0.036588393,0.0016621153,-0.0056214994
144.37355,0.035815433,0.00088147447,-0.0058286665
144.39018,0.035809513,0.0002537016,-0.007161741
144.407,0.035297867,0.00013323902,-0.00745155
144.42352,0.034639794,-0.00016364126,-0.0077725826
144.44029,0.034343693,-0.0008186647,-0.009038014
144.45699,0.03368417,-0.0012983046,-0.009198465
144.47363,0.033101104,-0.0017602197,-0.009265926
144.49019,0.032500375,-0.0012154317,-0.010393429
144.50696,0.031556364,-0.0016712021,-0.010289708
144.52368,0.030822104,-0.0020031687,-0.01016398
144.54054,0.030790634,-0.0028140638,-0.011089185
144.55702,0.029965857,-0.0030769862,-0.010779006
144.57378,0.029302616,-0.0035792633,-0.010302988
144.5906,0.028831484,-0.0036304232,-0.011170526
144.60689,0.028493488,-0.0044200276,-0.010581392
144.62405,0.027744638,-0.0050927317,-0.009793869
144.64047,0.027471554,-0.0052534738,-0.010516125
144.65694,0.026947888,-0.005869181,-0.009652902
144.67416,0.026638836,-0.006324721,-0.008705067
144.69078,0.026421912,-0.007280795,-0.009347411
144.70692,0.025941731,-0.00799496,-0.008323747
144.72466,0.025495192,-0.008658651,-0.0071821776
144.74088,0.025235971,-0.008594561,-0.007816016
144.75708,0.025390733,-0.009674766,-0.006566181
144.7745,0.025212368,-0.010524258,-0.005317715
144.79053,0.025140768,-0.010709782,-0.0057972614
144.80692,0.02499998,-0.011741652,-0.004448945
144.8242,0.025093948,-0.012248666,-0.0032307294
144.84036,0.025436886,-0.013136606,-0.0035859498
144.85695,0.02527484,-0.013755249,-0.0023539753
144.87378,0.025852442,-0.014550506,-0.0011042851
144.89038,0.026166141,-0.014815082,-0.0014808761
144.907,0.026661856,-0.015375634,-0.0002740709
144.92365,0.027083667,-0.016739344,0.00091366284
144.94064,0.02728415,-0.01706628,0.00053723936
144.95724,0.02830137,-0.018107219,0.0016457726
144.97377,0.028936818,-0.018625872,0.0012483046
144.99045,0.029217483,-0.01988121,0.0023118374
145.00717,0.030019885,-0.020504959,0.0033560344
145.02374,0.030675236,-0.020637931,0.0029055506
145.04028,0.031581417,-0.0212752,0.0038696593
145.05699,0.032300092,-0.022338942,0.004775741
145.07372,0.032529984,-0.023349263,0.0042881332
145.0901,0.033195473,-0.024008954,0.005141932
145.10684,0.03400826,-0.024751242,0.006011131
145.12355,0.034228347,-0.025354924,0.0054713776
145.14037,0.03441642,-0.026046896,0.0063041262
145.15686,0.034626804,-0.026460024,0.007039743
145.17363,0.03494757,-0.02649434,0.006568505
145.19026,0.03542641,-0.02813295,0.0072771045
145.20726,0.03581947,-0.028702362,0.007967916
145.22372,0.035915546,-0.028232181,0.007471167
145.24019,0.036169674,-0.028553113,0.008179614
145.25674,0.036546163,-0.028783884,0.008870996
145.27351,0.036763925,-0.029713051,0.008404386
145.29039,0.037031874,-0.029913494,0.009058507
145.30693,0.037298664,-0.030134467,0.009676016
145.32358,0.03720763,-0.029692156,0.0091729425
145.34023,0.037614,-0.030259855,0.0097833425
145.35703,0.037826557,-0.030800812,0.009287953
145.3736,0.03803945,-0.031039745,0.00982205
145.39026,0.038209178,-0.031348266,0.010325855
145.40692,0.038493954,-0.031863596,0.009776487
145.42369,0.03890876,-0.032228943,0.010239455
145.43999,0.03929678,-0.032363493,0.010677499
145.45686,0.039610006,-0.032532405,0.011127052
145.47397,0.040106315,-0.032651,0.011454678
145.49022,0.040332228,-0.032083757,0.011781613
145.50676,0.040308934,-0.03211273,0.010339329
145.52348,0.04069191,-0.03200229,0.010676
145.54005,0.04113988,-0.03211705,0.010953847
145.55708,0.041570507,-0.032616958,0.011242155
145.57362,0.0418813,-0.03222464,0.011467616
145.59029,0.04202654,-0.031759143,0.011689189
145.60686,0.042080544,-0.03183568,0.011102572
145.62357,0.04236544,-0.031252943,0.011345767
145.64024,0.043041117,-0.030912634,0.011550243
145.65674,0.042957388,-0.030263355,0.010939066
145.67323,0.043170944,-0.029677304,0.011143462
145.68988,0.043535125,-0.029277233,0.011306807
145.70653,0.043606687,-0.029598916,0.010719811
145.72327,0.043535154,-0.029220752,0.010886591
145.74007,0.043649,-0.028619621,0.011013231
145.75674,0.043864895,-0.028032418,0.010409594
145.77345,0.044203542,-0.027740406,0.010537865
145.78993,0.0441981,-0.027817966,0.009957456
145.80663,0.044085223,-0.027556779,0.010045405
145.82327,0.04447657,-0.027130274,0.010087607
145.84003,0.044511337,-0.026680242,0.009430088
145.85667,0.044465914,-0.025975302,0.009420372
145.8734,0.044796057,-0.02579614,0.0093221925
145.8901,0.045252252,-0.025574708,0.008686902
145.90704,0.04583738,-0.024978649,0.008543447
145.92383,0.046889775,-0.024440438,0.008259656
145.94037,0.047416445,-0.024507634,0.007631918
145.95703,0.047978718,-0.024085676,0.007332996
145.9737,0.049169574,-0.023659129,0.007129724
145.9902,0.049442038,-0.023466568,0.0063965735
146.0071,0.050461505,-0.023399564,0.0061306413
146.02411,0.05109308,-0.022977283,0.0059440644
146.04053,0.05124112,-0.022883914,0.0051327627
146.05682,0.052291512,-0.022604907,0.004920838
146.07362,0.052780192,-0.022422116,0.0046450533
146.09021,0.052879963,-0.02204566,0.0039225277
146.1072,0.053252395,-0.021285065,0.00364055
146.12358,0.05369653,-0.020615302,0.0033154301
146.14032,0.054163136,-0.020966941,0.0026936722
146.15703,0.05438458,-0.020251561,0.0023805203
146.17355,0.054268006,-0.01926096,0.0017072589
146.19043,0.05451585,-0.018638408,0.0014019815
146.20694,0.0549656,-0.01829595,0.0010680825
146.22403,0.055133518,-0.018013122,0.0007050429
146.24051,0.05506934,-0.017728657,0.00005049203
146.25687,0.05518954,-0.017338881,-0.00029538278
146.27365,0.055322338,-0.01703686,-0.0009622728
146.29007,0.055545222,-0.016995864,-0.0012927637
146.30722,0.05531126,-0.016487703,-0.0017080285
146.32387,0.055369467,-0.015782874,-0.0023501173
146.34044,0.05553207,-0.015538374,-0.0027728956
146.35718,0.055490676,-0.015478348,-0.0032593897
146.37387,0.055443957,-0.015596848,-0.0038569588
146.39032,0.05524299,-0.015439118,-0.0043261666
146.40776,0.055200696,-0.0156503,-0.0048323856
146.42375,0.0553624,-0.015344452,-0.0054333424
146.44052,0.055013288,-0.015491793,-0.005949248
146.45708,0.054026872,-0.016234474,-0.00650828
146.47379,0.053598706,-0.015642019,-0.007053025
146.49062,0.05289671,-0.015853038,-0.0076318486
146.50732,0.051803276,-0.015797658,-0.008205933
146.52411,0.051143736,-0.0158346,-0.008759252
146.54088,0.049780045,-0.01583306,-0.009372561
146.55782,0.04828273,-0.015870221,-0.009897326
146.57387,0.047382545,-0.016185453,-0.010511929
146.5907,0.04571524,-0.016201245,-0.010990294
146.60712,0.043873973,-0.016135229,-0.011469549
146.62387,0.042864993,-0.015496582,-0.012000422
146.64104,0.04145159,-0.016044449,-0.012480686
146.65723,0.03948889,-0.016116058,-0.012970449
146.67387,0.038554735,-0.015689235,-0.013458602
146.69026,0.036719978,-0.015614732,-0.013925032
146.70686,0.034923665,-0.01585722,-0.014391043
146.72409,0.033970788,-0.016598666,-0.014886381
146.7405,0.032128785,-0.016289623,-0.0153290965
146.75706,0.031240204,-0.01581721,-0.01579792
146.77364,0.028610675,-0.01612486,-0.01617991
146.79019,0.02678789,-0.016057927,-0.016584335
146.80705,0.026784288,-0.016064225,-0.017048758
146.82375,0.025226446,-0.016014298,-0.017466327
146.8404,0.023726242,-0.016021766,-0.01785292
146.85774,0.02224764,-0.016002085,-0.018195987
146.87381,0.020861318,-0.016007248,-0.018495688
146.89049,0.019358834,-0.01607081,-0.018646019
146.90698,0.019355625,-0.016074497,-0.019034393
146.92342,0.017846053,-0.016335476,-0.018849412
146.94011,0.017031299,-0.016013976,-0.018726949
146.9569,0.016436243,-0.016056323,-0.018824914
146.97365,0.015727486,-0.015925176,-0.018534824
146.99036,0.015225302,-0.015788216,-0.018184822
147.00702,0.015321677,-0.016134528,-0.018181052
147.02364,0.014632948,-0.016289175,-0.017793119
147.04085,0.0139069,-0.0165403,-0.017358981
147.05687,0.014023374,-0.016956214,-0.017248295
147.07352,0.0139008965,-0.017310115,-0.016741797
147.09088,0.013512688,-0.01742558,-0.016253544
147.10703,0.013600056,-0.01789952,-0.016022207
147.12361,0.013747987,-0.018302841,-0.015478758
147.14041,0.014226274,-0.018475324,-0.014869692
147.15672,0.014175319,-0.018358162,-0.014657378
147.17366,0.014152248,-0.018766766,-0.014005073
147.19035,0.014011011,-0.018728428,-0.013790288
147.20682,0.014340306,-0.019037643,-0.01309742
147.22375,0.014501244,-0.019507999,-0.012390501
147.24048,0.014712873,-0.020116806,-0.012150684
147.2569,0.015199141,-0.020449854,-0.011424365
147.27405,0.015521561,-0.020652128,-0.010723302
147.29028,0.015984613,-0.02078383,-0.010333353
147.30681,0.016090756,-0.021109162,-0.00963806
147.3242,0.01635366,-0.021053595,-0.008898471
147.3401,0.016437635,-0.021561136,-0.008475289
147.35684,0.016691346,-0.021951279,-0.0077263233
147.37395,0.016964119,-0.02233531,-0.0068677627
147.39046,0.016749755,-0.022902755,-0.006503771
147.40706,0.017024273,-0.023262188,-0.005624215
147.42346,0.01712155,-0.023494998,-0.004701977
147.44006,0.017022192,-0.023084555,-0.004272493
147.45686,0.017125992,-0.023396257,-0.0033270346
147.47342,0.017342921,-0.023991056,-0.002423265
147.49,0.017609011,-0.02412171,-0.0018953176
147.50679,0.01722642,-0.024548111,-0.00095430715
147.52403,0.017105445,-0.02508453,0.0000020862497
147.54057,0.017165063,-0.025234088,0.00060042005
147.55666,0.016790474,-0.026074687,0.0016222572
147.57439,0.016947083,-0.02656193,0.002662005
147.59094,0.016895644,-0.02646284,0.0032629166
147.60684,0.017183766,-0.026815021,0.0042383713
147.62369,0.01737046,-0.027276073,0.0052420236
147.64034,0.017546088,-0.027490659,0.0058043734
147.65707,0.017908279,-0.027531188,0.0067625334
147.67342,0.018018102,-0.027754074,0.0073855156
147.69043,0.01849516,-0.027980655,0.008308092
147.70703,0.018799601,-0.028071709,0.009308573
147.72398,0.01866135,-0.02800087,0.009830379
147.7405,0.018910278,-0.02819973,0.0107075535
147.75693,0.01893101,-0.02828789,0.011745007
147.77415,0.018905975,-0.02824824,0.0121900225
147.79045,0.01919186,-0.028654447,0.013164325
147.80727,0.018851237,-0.029208828,0.013993691
147.82362,0.018953826,-0.029350538,0.014621601
147.8404,0.01859293,-0.029574035,0.015499141
147.85748,0.018250024,-0.029755093,0.016386317
147.87369,0.01802657,-0.029241912,0.017078394
147.89055,0.018213699,-0.029388305,0.01801424
147.9082,0.018021666,-0.029075949,0.01896022
147.92377,0.017968861,-0.029692426,0.019545827
147.94049,0.017901585,-0.029582478,0.020265924
147.95706,0.017902516,-0.029512767,0.02078095
147.97342,0.017860534,-0.029747196,0.02120754
147.99026,0.017208809,-0.02971402,0.021425102
148.00725,0.016732939,-0.029968178,0.021389483
148.0237,0.0169389,-0.029857472,0.02158533
148.04047,0.017411618,-0.029825663,0.021303298
148.05708,0.017719217,-0.029950378,0.020859165
148.07368,0.01787929,-0.030062255,0.020258611
148.09082,0.018825468,-0.030345436,0.019497596
148.10709,0.018834095,-0.03034008,0.020066384
148.12381,0.020264352,-0.03079823,0.019136632
148.14055,0.021365425,-0.031059174,0.018196557
148.15738,0.02230763,-0.031204375,0.017105594
148.17403,0.023875656,-0.031502407,0.015807843
148.19022,0.02502682,-0.031387836,0.0155509
148.20784,0.026573723,-0.03173287,0.014103412
148.22421,0.02799408,-0.031537034,0.01263688
148.2407,0.030316297,-0.031751476,0.011119669
148.25716,0.031279977,-0.03194523,0.010577928
148.27373,0.03274667,-0.03190962,0.008988957
148.2904,0.034109484,-0.031650208,0.007408499
148.30736,0.03476352,-0.03199188,0.0068546715
148.32399,0.03627262,-0.032048102,0.005239489
148.34065,0.03723891,-0.03185931,0.00364232
148.35718,0.03777447,-0.031149,0.0031665736
148.37404,0.038814444,-0.031045314,0.0016233136
148.39061,0.04016712,-0.031268172,0.0000571671
148.407,0.040990826,-0.031360872,-0.0003673238
148.42377,0.04176417,-0.03127458,-0.001877111
148.44054,0.042755038,-0.031279366,-0.0034295272
148.45723,0.04342901,-0.030841345,-0.0037404024
148.4738,0.044304784,-0.030546766,-0.0051642344
148.49069,0.045491308,-0.030231666,-0.006516138
148.5071,0.045862623,-0.030441118,-0.00669835
148.52371,0.046856225,-0.030012548,-0.008027181
148.5404,0.04763609,-0.030192392,-0.008194728
148.55704,0.048894577,-0.029781472,-0.00947177
148.57365,0.0500648,-0.029324334,-0.010686784
148.59036,0.050394323,-0.028292684,-0.0108378185
148.60686,0.051396877,-0.02781385,-0.01202149
148.62386,0.05248538,-0.027418442,-0.013149296
148.64047,0.053100865,-0.027545933,-0.013203579
148.65706,0.053582706,-0.026858449,-0.0143295145
148.67384,0.05383943,-0.0261719,-0.015396775
148.69034,0.054142077,-0.02607575,-0.015432654
148.70714,0.054739136,-0.025745144,-0.016440334
148.72357,0.054542284,-0.025259664,-0.017341642
148.74028,0.054259084,-0.02445384,-0.017289354
148.7569,0.05467768,-0.024116976,-0.018066391
148.77364,0.054842275,-0.023570262,-0.018844824
148.79019,0.054525457,-0.023464376,-0.018633412
148.80698,0.054014213,-0.022975558,-0.019215414
148.82373,0.053943977,-0.022407444,-0.01974405
148.84036,0.054006692,-0.022245524,-0.01936982
148.85698,0.053893823,-0.021474294,-0.019780649
148.87361,0.05351085,-0.020827638,-0.020181159
148.8903,0.05361198,-0.02066769,-0.01971114
148.90695,0.053923395,-0.020051416,-0.020013835
148.92343,0.053935837,-0.019642182,-0.019493336
148.94029,0.053517252,-0.019469101,-0.019690154
148.95695,0.053231638,-0.018524151,-0.019770449
148.97362,0.05342396,-0.017830215,-0.019180706
148.99031,0.053430196,-0.017146029,-0.019252358
149.00684,0.05285624,-0.016832178,-0.019168204
149.02377,0.05284095,-0.016758207,-0.018503118
149.04019,0.05283568,-0.016090786,-0.018347992
149.05742,0.05251033,-0.015546057,-0.018195169
149.0738,0.05203902,-0.015248844,-0.017408397
149.09036,0.05158374,-0.014226358,-0.017188355
149.10695,0.051447608,-0.013314864,-0.017020762
149.12329,0.05141785,-0.013688321,-0.01624578
149.14009,0.050305516,-0.013093131,-0.016125498
149.15683,0.04895651,-0.012544003,-0.016021065
149.17348,0.04819578,-0.011927452,-0.015228904
149.19019,0.04618996,-0.011733457,-0.015139827
149.2068,0.04369788,-0.011311568,-0.014947559
149.22339,0.04216029,-0.010946729,-0.014127835
149.2399,0.039420668,-0.010432182,-0.013999012
149.2566,0.036366075,-0.010050375,-0.013772557
149.27318,0.03471447,-0.010384361,-0.0128814485
149.29004,0.031715095,-0.009880649,-0.012682468
149.30661,0.028959423,-0.009617614,-0.012357094
149.3237,0.027295426,-0.009065652,-0.0115010915
149.34032,0.024082838,-0.009224167,-0.011171855
149.35661,0.02280498,-0.00968293,-0.010257427
149.3733,0.020729968,-0.00973998,-0.009972595
149.39009,0.018284898,-0.009723327,-0.0096382
149.40685,0.016729938,-0.009310935,-0.008682954
149.42332,0.014564549,-0.009281026,-0.0082944315
149.43982,0.012942301,-0.009550389,-0.007962785
149.45699,0.010816795,-0.009829072,-0.007626552
149.47328,0.008850562,-0.010153653,-0.007217062
149.48994,0.0077166734,-0.010484396,-0.0068697636
149.50687,0.007725308,-0.010478108,-0.005228998
149.52336,0.006663268,-0.010724502,-0.0047914083
149.53978,0.0051432783,-0.010925735,-0.004353118
149.5565,0.0039049063,-0.0109570455,-0.0038912494
149.57375,0.0030765603,-0.0110733835,-0.0033835096
149.5901,0.0020441764,-0.011028604,-0.002771407
149.6069,0.0014490715,-0.010533399,-0.0016652223
149.62358,0.00095678755,-0.010589087,-0.0010603269
149.64024,0.00090686145,-0.010898254,-0.00042992196
149.65697,0.000880114,-0.011323588,0.00079374295
149.67361,0.00030764894,-0.011374457,0.0015212368
149.69023,0.00044283053,-0.011388084,0.0022624645
149.70717,0.0006838368,-0.011945554,0.0035234175
149.7234,0.00043123786,-0.011999341,0.0043803514
149.74077,0.0002931207,-0.012055206,0.005190168
149.75719,0.000046019508,-0.01130473,0.006619277
149.7735,0.00013916579,-0.011504743,0.007463505
149.7905,0.00042806775,-0.011652341,0.008355231
149.80696,0.0006683066,-0.012167669,0.009829109
149.82378,0.0008605058,-0.012298211,0.0107202595
149.84071,0.0011573074,-0.01259868,0.011608512
149.85733,0.001394402,-0.012414974,0.012986531
149.87367,0.0023288429,-0.012741766,0.013697175
149.89107,0.0033452008,-0.0130625395,0.014202149
149.90721,0.0038565642,-0.013854478,0.015491394
149.92389,0.004645804,-0.014093004,0.0156891
149.94058,0.0050584334,-0.014016828,0.016753497
149.95718,0.0062649725,-0.014167872,0.016749807
149.97345,0.007320302,-0.014699121,0.01668843
149.99034,0.007865393,-0.015266306,0.017506162
150.00792,0.009262399,-0.015298042,0.017301878
150.02426,0.009979857,-0.015708426,0.017019633
150.04053,0.01067394,-0.016098093,0.017751735
150.05728,0.011532796,-0.016563635,0.01712486
150.07454,0.0122773945,-0.01705361,0.016366025
150.09073,0.01228225,-0.016985716,0.017088762
150.10715,0.012392524,-0.017637778,0.016077874
150.12411,0.012346371,-0.018337134,0.014979515
150.14075,0.012537316,-0.018956238,0.01559153
150.15683,0.0116658285,-0.020101666,0.014364513
150.17386,0.010864924,-0.020833429,0.013043662
150.1905,0.010443098,-0.021720424,0.01355483
150.20728,0.009671557,-0.022508906,0.012252628
150.22438,0.009616929,-0.02306493,0.010958022
150.24051,0.009352404,-0.022881197,0.011366564
150.25719,0.009301256,-0.023626598,0.0098576555
150.27396,0.009611566,-0.024545133,0.00834686
150.2906,0.010179968,-0.0253115,0.008729673
150.30728,0.010829434,-0.025880925,0.0071406155
150.32372,0.010975161,-0.025761861,0.0073888316
150.3404,0.012129301,-0.026822446,0.0057562487
150.35706,0.013482873,-0.026959077,0.0040651
150.37411,0.014375308,-0.026661355,0.004386031
150.39072,0.015833816,-0.027047228,0.0027526747
150.40718,0.017190274,-0.027341012,0.0010852137
150.42389,0.018371029,-0.027738739,0.0014198538
150.4405,0.020382892,-0.027987462,-0.00018699022
150.45726,0.02200074,-0.027984487,-0.001700839
150.47348,0.022647202,-0.027574735,-0.0013015378
150.49034,0.024326073,-0.027187912,-0.0027659715
150.50702,0.02638269,-0.02725503,-0.0041626333
150.52382,0.027490301,-0.027411822,-0.003588054
150.54044,0.029130295,-0.027227337,-0.0047973497
150.55708,0.031354923,-0.026923472,-0.005977554
150.57372,0.03261466,-0.02661058,-0.0052737226
150.59047,0.034681257,-0.026284233,-0.006289068
150.60706,0.036698613,-0.02569098,-0.007170431
150.6238,0.037770063,-0.02561593,-0.0063217212
150.64041,0.039867297,-0.025027616,-0.007077682
150.65714,0.042338204,-0.024420077,-0.007673588
150.67369,0.043244228,-0.023910481,-0.0067651267
150.69049,0.045533694,-0.02337443,-0.00728173
150.70714,0.04798706,-0.022811646,-0.0077389814
150.72372,0.04916094,-0.022641411,-0.0066685397
150.74066,0.05105924,-0.021766087,-0.0070512043
150.75714,0.052842595,-0.020847311,-0.007318743
150.77402,0.055008955,-0.01981528,-0.0075367605
150.79034,0.057211503,-0.018581677,-0.0076351096
150.80771,0.05723536,-0.018508075,-0.005063367
150.82373,0.05930748,-0.018020244,-0.0050670393
150.84035,0.06119113,-0.017134836,-0.0051541133
150.85751,0.06319519,-0.016296089,-0.0051264325
150.87383,0.06503586,-0.015333595,-0.0050164163
150.89049,0.06706669,-0.014447832,-0.0050376887
150.907,0.067086376,-0.014357439,-0.0023417932
150.92368,0.0703763,-0.01326173,-0.0036749488
150.94028,0.07257594,-0.012712917,-0.0036722447
150.95697,0.07351848,-0.01221648,-0.0023164104
150.97343,0.075458266,-0.012007782,-0.0023290273
150.99011,0.07688862,-0.010593145,-0.0023679764
151.00696,0.07780365,-0.010397749,-0.0010353576
151.0236,0.0791855,-0.009115034,-0.0010458609
151.04012,0.0805461,-0.00799738,-0.0011451406
151.05704,0.081022106,-0.007657203,0.0001243694
151.07358,0.08267628,-0.0066101234,0.0000045312463
151.09027,0.083518624,-0.0061413045,-0.00026400702
151.10704,0.08398838,-0.0054905885,0.00096623844
151.1235,0.08497015,-0.004598083,0.0006959144
151.14024,0.08560699,-0.0034446209,0.00026222074
151.15668,0.08610562,-0.0034810777,0.0014873021
151.17323,0.086790696,-0.002406938,0.0009858704
151.18994,0.08652304,-0.001724976,0.0021494145
151.20667,0.0871677,-0.00074812106,0.001665103
151.22342,0.08783136,0.00016752779,0.0011187798
151.24008,0.087711394,0.0003706253,0.002207094
151.257,0.08735793,0.0010099133,0.0016307076
151.27347,0.087054424,0.00180453,0.0009744241
151.2903,0.086722426,0.0018519617,0.0020221903
151.30731,0.08541147,0.0019965426,0.0014622454
151.32396,0.084258474,0.002098911,0.00071427546
151.34038,0.08344042,0.0025809556,0.0019148835
151.35666,0.08179536,0.0023621223,0.0010884434
151.3733,0.07988244,0.0018664995,0.0003545627
151.39029,0.07866815,0.0021079849,0.0015427303
151.40773,0.076373406,0.0017358299,0.0010089325
151.42395,0.07388197,0.0013290403,0.0005448498
151.44029,0.0728395,0.0007260722,0.0016859275
151.45686,0.069952324,0.00027215393,0.0010722659
151.47412,0.06715128,-0.000599251,0.0004360899
151.4904,0.065512456,-0.00048215594,0.001947626
151.5068,0.062941015,-0.0012312818,0.001316523
151.52376,0.060541302,-0.0015455163,0.0006043635
151.5402,0.059413698,-0.002107342,0.0020910618
151.5569,0.056649506,-0.0027073207,0.0013112366
151.57373,0.054350104,-0.0032575952,0.0006839298
151.59073,0.05330578,-0.0036790485,0.0019518004
151.6073,0.050775122,-0.003968097,0.001307148
151.62463,0.048291635,-0.004595964,0.0005886516
151.64072,0.04730559,-0.005388384,0.0019119444
151.65706,0.045014616,-0.005967998,0.0009860661
151.67355,0.043596342,-0.005672038,0.0021216094
151.69048,0.041424565,-0.0064702854,0.0012008897
151.70712,0.039132316,-0.0074437265,0.00034090332
151.7248,0.03718047,-0.007907164,-0.0006052049
151.74152,0.036141865,-0.008124942,0.0008268801
151.75719,0.033890918,-0.008955717,-0.00017816634
151.77359,0.033023518,-0.009690143,0.00080428243
151.79062,0.031105462,-0.010400803,-0.00030858722
151.80713,0.029359825,-0.011555501,-0.0012708333
151.82408,0.028076574,-0.011638796,-0.0002709726
151.84062,0.026024276,-0.012753746,-0.0012947082
151.85745,0.024132213,-0.013776504,-0.0024872762
151.8738,0.023267582,-0.014353658,-0.0013558123
151.89055,0.02062342,-0.01576881,-0.0026056773
151.90736,0.01795257,-0.017124167,-0.003768627
151.92393,0.016645165,-0.0175918,-0.0026548046
151.9406,0.014264349,-0.018877514,-0.0037725323
151.95827,0.010904996,-0.020588782,-0.0048738527
151.97417,0.008902011,-0.021270076,-0.003517087
151.9906,0.006572652,-0.022692982,-0.0046595647
152.00809,0.0044433097,-0.02375842,-0.0057221428
152.02385,0.0033894207,-0.024610883,-0.004219313
152.04037,0.00035471626,-0.02595792,-0.005281372
152.05745,-0.0012143148,-0.026861552,-0.0060910606
152.07407,-0.0021575533,-0.027262783,-0.004598227
152.09021,-0.00448153,-0.028588858,-0.0053242873
152.10703,-0.006358102,-0.029844873,-0.006143842
152.12408,-0.007378303,-0.030251253,-0.0046618264
152.14096,-0.009845512,-0.03178461,-0.007319175
152.15778,-0.009787623,-0.03180239,-0.0036797544
152.17375,-0.011953388,-0.032795496,-0.004219275
152.1903,-0.013721358,-0.033967488,-0.005004261
152.20706,-0.014946359,-0.03462657,-0.005666333
152.22372,-0.015627248,-0.035222296,-0.0061466745
152.24054,-0.016813561,-0.0360423,-0.0066499445
152.25725,-0.016746951,-0.036073405,-0.0029535578
152.27374,-0.017735893,-0.037189096,-0.0036180404
152.29077,-0.018979745,-0.038503353,-0.00630307
152.30704,-0.01899055,-0.038447957,-0.0046245023
152.3235,-0.019282011,-0.039069146,-0.005406154
152.3407,-0.01958561,-0.03962057,-0.0061357054
152.35704,-0.01950931,-0.03965843,-0.0022821531
152.37373,-0.019090788,-0.0392677,-0.005139549
152.39032,-0.018547535,-0.039571423,-0.0057182508
152.40694,-0.018452337,-0.039578374,-0.0042492966
152.4235,-0.01730325,-0.03876025,-0.0048739295
152.44048,-0.016617447,-0.03893943,-0.0034829697
152.457,-0.015660109,-0.038655713,-0.004010022
152.47346,-0.014366614,-0.037848815,-0.004733894
152.4905,-0.013069852,-0.03755566,-0.0032257016
152.507,-0.011252944,-0.036466807,-0.003797391
152.52368,-0.009151407,-0.03596086,-0.0046164445
152.54083,-0.008023687,-0.034916487,-0.0029385332
152.55725,-0.0055471538,-0.03351132,-0.0036689525
152.57364,-0.0025353509,-0.032058563,-0.00447697
152.59023,-0.0009097225,-0.031552974,-0.0029069872
152.60707,0.0022794465,-0.029886588,-0.003696629
152.62395,0.005240194,-0.027521769,-0.004370979
152.64062,0.006575112,-0.026602732,-0.002781298
152.6571,0.01013983,-0.02440295,-0.0034753093
152.67365,0.013893956,-0.022569338,-0.004252314
152.69034,0.015273764,-0.020969654,-0.0026569704
152.70695,0.018805228,-0.018425785,-0.0033789715
152.72383,0.022431064,-0.016269557,-0.0041838083
152.74042,0.024319194,-0.014834339,-0.0024992363
152.75717,0.027360888,-0.012560612,-0.00336688
152.77414,0.030310802,-0.010386718,-0.004182439
152.7903,0.031998683,-0.009332292,-0.002401514
152.80688,0.034701157,-0.0074148197,-0.0033536588
152.82343,0.037027426,-0.00567653,-0.0042145494
152.84001,0.03812337,-0.004685921,-0.0025607275
152.85684,0.040797178,-0.0032114494,-0.0034443876
152.87334,0.043243058,-0.0012437952,-0.004222944
152.89024,0.044548806,-0.00061033265,-0.0025641716
152.90698,0.046154317,0.00071671454,-0.003284218
152.92352,0.048187573,0.0026793478,-0.004001169
152.94017,0.048827626,0.0036981695,-0.0023950837
152.95682,0.050679717,0.005042344,-0.003204281
152.97346,0.05138839,0.0056847176,-0.0014449192
152.99007,0.052179474,0.006635891,-0.00225535
153.0072,0.052551907,0.0071297185,-0.00308501
153.02365,0.052796066,0.00693297,-0.0012359853
153.04037,0.052406896,0.006739275,-0.0020670951
153.05696,0.051778134,0.005906234,-0.0028927
153.07358,0.0513017,0.005794802,-0.0011176541
153.09041,0.050345257,0.0048556062,-0.0020063792
153.10704,0.049812563,0.0047159293,-0.0028690046
153.12326,0.049992487,0.0044846637,-0.0011189588
153.13997,0.049659222,0.0040470855,-0.0021560048
153.15662,0.04918188,0.003886632,-0.0030810265
153.17334,0.049217027,0.0036611694,-0.0014098588
153.19,0.049692854,0.0040675546,-0.0023288075
153.20692,0.049613357,0.004282523,-0.0033237291
153.22365,0.04946077,0.004693088,-0.0015903554
153.24037,0.049633004,0.0049697882,-0.0025865687
153.25742,0.050047267,0.0055293883,-0.0035534753
153.2738,0.05058544,0.00553404,-0.001878641
153.29044,0.050872102,0.0058520497,-0.0030061908
153.30711,0.051326033,0.006554192,-0.004101967
153.32362,0.051952105,0.0070206625,-0.0024926635
153.3403,0.052155413,0.007691206,-0.0036542024
153.35675,0.052704666,0.008071326,-0.004749331
153.37334,0.052929852,0.008507883,-0.003176766
153.39041,0.053632047,0.0091608735,-0.004249317
153.40703,0.054031026,0.009552382,-0.00520467
153.42375,0.05384903,0.009647537,-0.0034605893
153.4403,0.05409798,0.009742598,-0.0044503533
153.45697,0.054516878,0.010273784,-0.00548071
153.4739,0.0544766,0.01075426,-0.0036870902
153.49048,0.05450705,0.010723788,-0.0045559783
153.50716,0.05516283,0.011307123,-0.005440382
153.52396,0.055411834,0.011732087,-0.006258239
153.54044,0.0558572,0.011768487,-0.0043761632
153.55737,0.05536334,0.012291991,-0.0051815817
153.57361,0.05529497,0.012717834,-0.0058620903
153.59041,0.055392295,0.013155746,-0.006694552
153.60706,0.0553618,0.013283131,-0.0020946038
153.6242,0.055026047,0.014096365,-0.002751003
153.64075,0.05453537,0.014847873,-0.0032760776
153.65756,0.054346044,0.015683489,-0.003923995
153.6744,0.053906538,0.016413802,-0.004500978
153.69116,0.053020995,0.016972005,-0.0050543067
153.70747,0.05309465,0.017057916,-0.0030262114
153.72398,0.052293796,0.017316666,-0.0037439566
153.74132,0.051805973,0.017853508,-0.0044502844
153.7577,0.05090331,0.018108916,-0.0022245967
153.7741,0.049515978,0.01748948,-0.0030310114
153.79163,0.048024252,0.01702729,-0.0037357605
153.8077,0.04731946,0.016313301,-0.0015019499
153.82416,0.04517546,0.015020204,-0.0023429801
153.84138,0.04263591,0.012987722,-0.0029283878
153.85724,0.041315496,0.012022656,-0.00076245813
153.87425,0.03871394,0.01041626,-0.0015101229
153.89073,0.036092345,0.007951662,-0.0018749678
153.90717,0.034787808,0.0070892572,0.00008643176
153.92416,0.032564815,0.0054303524,-0.000420652
153.94054,0.03167717,0.0044568838,0.0017106002
153.95717,0.029652705,0.0032846746,0.0011738382
153.97386,0.027934272,0.0020130456,0.00068697013
153.9906,0.02680072,0.0013381985,0.00014281782
154.00726,0.026083251,0.0018730666,0.0022664818
154.02374,0.025229836,0.0017755977,0.0016687842
154.04065,0.024377016,0.0017547533,0.00085581804
154.05753,0.02471064,0.0019569474,0.0030645805
154.07385,0.024566755,0.0027932553,0.0022635048
154.09041,0.023901625,0.00348907,0.0042480426
154.10728,0.023440396,0.0038057498,0.0032570374
154.12332,0.02344946,0.0046196464,0.002421975
154.14029,0.02355229,0.0051686075,0.0042785415
154.15771,0.023667919,0.0062880954,0.0032988419
154.17375,0.023488987,0.0073119,0.0024943184
154.19038,0.023759428,0.0073881545,0.004131501
154.20679,0.023961822,0.00809458,0.0030111563
154.22397,0.02375828,0.008696369,0.0017121746
154.24045,0.02357903,0.008922985,0.0036488003
154.25719,0.023437282,0.009297726,0.0022975686
154.27379,0.023437062,0.009661251,0.00092858454
154.29047,0.023703754,0.009834528,0.0027131338
154.30713,0.023676075,0.010483309,0.0012681254
154.32373,0.024025813,0.010882447,-0.00025347387
154.34038,0.024118306,0.010840136,0.0013594927
154.35756,0.024308512,0.011187436,-0.00020132
154.37376,0.024317997,0.011904469,-0.0015719332
154.3903,0.024470257,0.0122061,-0.000051052906
154.40726,0.02432788,0.011860051,-0.0017152983
154.42387,0.024501005,0.011634301,-0.003274318
154.44043,0.024496254,0.012019224,-0.0016617826
154.45703,0.02410856,0.011662833,-0.0033369428
154.47345,0.023665141,0.011108627,-0.0017291697
154.49036,0.023863893,0.010742295,-0.003402805
154.50703,0.023533398,0.010229488,-0.0050468664
154.52351,0.023624526,0.009901612,-0.003255634
154.54022,0.02299183,0.009040739,-0.0049819057
154.55743,0.022968005,0.008996872,-0.006655792
154.57356,0.023368115,0.008588668,-0.0047437544
154.59016,0.023216443,0.008317958,-0.0065739653
154.60721,0.023297807,0.007854056,-0.008156452
154.62321,0.023115847,0.0075159045,-0.006317336
154.63991,0.023248358,0.0073000914,-0.008047231
154.65698,0.023226807,0.007399642,-0.009559908
154.67366,0.02387954,0.0071572866,-0.0076283608
154.69019,0.023971947,0.007118127,-0.009108664
154.70676,0.024339749,0.007588345,-0.01067872
154.72371,0.024583343,0.007863657,-0.008839828
154.7403,0.025042495,0.007663062,-0.010158694
154.75714,0.025496956,0.0076878,-0.011682128
154.77371,0.025399774,0.008164734,-0.009582426
154.79095,0.025553163,0.008042003,-0.011001328
154.80714,0.025499353,0.008342303,-0.0121768005
154.82361,0.025976188,0.008509718,-0.010167573
154.84021,0.026381493,0.008452907,-0.011464453
154.85703,0.025984293,0.008497616,-0.009282924
154.874,0.026271172,0.0088519035,-0.010351711
154.89075,0.026495561,0.009320734,-0.011282802
154.90787,0.02738546,0.009703621,-0.015403671
154.92368,0.027358377,0.0097789625,-0.009892765
154.94014,0.027869336,0.010872766,-0.011036598
154.95692,0.028210334,0.011280866,-0.012020754
154.97359,0.028840173,0.011902617,-0.012901287
154.9902,0.029441971,0.0130575085,-0.013620785
155.0069,0.029406553,0.013136749,-0.008231503
155.02365,0.030456262,0.013995173,-0.008844254
155.0405,0.030400602,0.014678923,-0.009394737
155.05707,0.031317923,0.015898293,-0.009872302
155.07396,0.031606715,0.017021809,-0.01033653
155.09111,0.031776015,0.018076578,-0.010681627
155.10745,0.032210387,0.018403633,-0.007957081
155.1241,0.032363072,0.01933014,-0.008412838
155.1405,0.03248628,0.01994765,-0.008743656
155.15742,0.03280687,0.020691702,-0.006257054
155.17384,0.033025786,0.020903291,-0.006467122
155.19064,0.033062138,0.0213065,-0.006939747
155.2073,0.032912783,0.022086559,-0.004161265
155.22397,0.03329583,0.02227413,-0.004564131
155.2407,0.033552732,0.022533853,-0.0049201106
155.25679,0.033624154,0.023038464,-0.0022373225
155.27385,0.03421906,0.023982378,-0.0027869265
155.29109,0.034434907,0.024586305,-0.0030264256
155.30716,0.03381799,0.024927024,-0.00023028374
155.32451,0.03395825,0.025626024,-0.00090370374
155.34058,0.034039892,0.026370632,-0.0012259771
155.35718,0.03447332,0.026994841,0.0012446394
155.37373,0.034592595,0.027615668,0.00059350155
155.39061,0.03462837,0.027952157,-0.000061383165
155.40761,0.03437745,0.027963914,0.0024628027
155.4239,0.034478933,0.028383989,0.0018553167
155.44106,0.0343474,0.028728237,0.004183959
155.45723,0.034466274,0.028087897,0.0034408197
155.47455,0.03436734,0.027325056,0.002266356
155.49089,0.034626544,0.026914638,0.004938141
155.50719,0.03443179,0.025844213,0.0037862703
155.52393,0.034422174,0.024394624,0.0027331465
155.54105,0.034137204,0.023477092,0.005104747
155.55748,0.034397203,0.02288063,0.0042591537
155.57373,0.034502484,0.022921124,0.0031279805
155.5906,0.03479529,0.022294195,0.0052346154
155.60727,0.034728564,0.021418028,0.004171069
155.62411,0.034709394,0.021427652,0.0030034364
155.64061,0.03460323,0.02174683,0.005273807
155.65724,0.034720425,0.021873184,0.0039387406
155.67381,0.0350902,0.021693151,0.0026065754
155.69077,0.035086546,0.02187435,0.004833991
155.70735,0.03500908,0.022341385,0.0035491395
155.72401,0.034898996,0.02311274,0.0021362412
155.74063,0.03539788,0.023672175,0.0043898122
155.7573,0.035251565,0.024214601,0.0029003841
155.77397,0.035129104,0.025241187,0.0014134414
155.79044,0.03450417,0.025637127,0.0035548294
155.80711,0.03465023,0.02646341,0.001992124
155.82397,0.03453284,0.02744655,0.00055562245
155.84062,0.03460568,0.028015798,0.0028208108
155.85716,0.03423018,0.029026678,0.0013554945
155.87378,0.033485137,0.029416174,0.0034465638
155.89044,0.03351269,0.030780576,0.0020395445
155.90709,0.033017464,0.032259613,0.000531616
155.92377,0.03223481,0.03311224,0.0027013947
155.9405,0.031902507,0.03457731,0.0012098846
155.95741,0.031637605,0.03552674,-0.0003955912
155.97409,0.03152331,0.03623638,0.0019465107
155.9901,0.031136502,0.037222542,0.00035351227
156.00699,0.030688202,0.037840676,-0.0014429815
156.0238,0.030097313,0.037874114,0.00085607474
156.04036,0.02992601,0.038563117,-0.00062315166
156.05722,0.029290272,0.039204,-0.0022008584
156.07384,0.02920244,0.039315585,0.00007104814
156.09068,0.028615404,0.039716423,-0.0015058483
156.10716,0.028151214,0.040027987,-0.002938038
156.12376,0.028450219,0.040360432,-0.0008333359
156.14046,0.027965488,0.040636126,-0.0023797108
156.15714,0.027342381,0.040842105,-0.003886885
156.1738,0.02662715,0.040774796,-0.0016396483
156.19041,0.026355533,0.041061398,-0.0031712772
156.20741,0.026119351,0.04110888,-0.004650555
156.22398,0.025887655,0.04144053,-0.0022450143
156.24045,0.025091026,0.041454114,-0.003688505
156.25716,0.024553927,0.04129439,-0.005156625
156.27379,0.0246915,0.041530747,-0.0027933642
156.29045,0.023027392,0.041738145,-0.007865893
156.30711,0.022899792,0.041808005,-0.0017635348
156.32364,0.022702536,0.04188426,-0.003126232
156.34032,0.022044202,0.041889064,-0.0044283248
156.35693,0.021743508,0.042048454,-0.005746361
156.3737,0.021227036,0.042314038,-0.007127888
156.39093,0.020517778,0.042534657,-0.00825177
156.40712,0.020382192,0.04259945,-0.001888808
156.42375,0.019868704,0.04307358,-0.0032774536
156.44035,0.019378198,0.04266373,-0.0045875837
156.45688,0.018731264,0.042848323,-0.005749765
156.47345,0.018145135,0.042923674,-0.0069628144
156.49034,0.017922658,0.04316996,-0.008237943
156.50687,0.017663931,0.043492295,-0.005529135
156.52348,0.017500602,0.043398835,-0.0068593593
156.54024,0.016959302,0.043877807,-0.008067709
156.55705,0.015939003,0.04377682,-0.0054466263
156.57373,0.015541439,0.04370894,-0.0066673337
156.59032,0.015009899,0.043246448,-0.0077789817
156.60751,0.015131632,0.04328446,-0.005356816
156.6237,0.014230965,0.04359736,-0.0062924484
156.64026,0.013869696,0.042809572,-0.0076002213
156.65692,0.013534637,0.04229234,-0.0051672524
156.67346,0.013468246,0.042066205,-0.0062932842
156.69008,0.012685384,0.041640785,-0.0038190829
156.70673,0.011988595,0.04088736,-0.0049585686
156.7235,0.01201623,0.039794587,-0.006202429
156.74005,0.012151639,0.039753806,-0.003550072
156.75697,0.011641013,0.038887016,-0.004800918
156.77374,0.011628552,0.03803485,-0.005937963
156.7905,0.0112320585,0.03735731,-0.0032790496
156.80704,0.011305451,0.036329526,-0.0044898265
156.82367,0.01100316,0.035916522,-0.0057237004
156.84018,0.01067735,0.035228867,-0.0030866263
156.85715,0.01064174,0.03409821,-0.004289716
156.87349,0.010008869,0.033507768,-0.0053181266
156.8905,0.010299496,0.033507258,-0.0028077867
156.90712,0.010088954,0.03311549,-0.0038615668
156.92407,0.009649969,0.032831933,-0.00507192
156.94052,0.008996082,0.03244301,-0.0023774798
156.95723,0.008574424,0.03235522,-0.0036403807
156.97401,0.008037108,0.03235541,-0.0048359195
156.99059,0.0077648694,0.032464597,-0.002138247
157.007,0.007425682,0.032094795,-0.0033782027
157.02362,0.007072477,0.032301873,-0.004701222
157.04025,0.0070804325,0.032714598,-0.0020772272
157.05699,0.0065295934,0.03267956,-0.0032783386
157.0739,0.006104613,0.032873213,-0.0044605862
157.09088,0.006560505,0.033235423,-0.001755476
157.10725,0.0060294033,0.033618208,-0.0028075445
157.12387,0.005445073,0.03390715,-0.0041162497
157.14073,0.004950166,0.03371722,-0.0015072962
157.157,0.0043142824,0.034040194,-0.0026511257
157.1743,0.0040422105,0.034393523,-0.0040176306
157.19061,0.004237822,0.03457188,-0.0011063451
157.20706,0.004037535,0.03445147,-0.002397583
157.22461,0.0035567773,0.034499932,-0.003705367
157.24074,0.0037733023,0.034138225,-0.0007231033
157.25719,0.0035772067,0.033950604,-0.0020996733
157.27452,0.00362389,0.03390638,-0.003310375
157.2909,0.0036594374,0.033741318,-0.00041737035
157.3073,0.003964314,0.033457752,-0.0016548877
157.32439,0.0038584543,0.03336196,0.0010049874
157.34062,0.004498385,0.03271169,-0.0000025631325
157.35773,0.0045132055,0.031829845,-0.0012543829
157.37434,0.0046643387,0.032024905,0.0017423889
157.3907,0.0049641314,0.031210264,0.0006630097
157.40746,0.0051721265,0.031072717,-0.0003959675
157.4241,0.0047891866,0.030941635,0.0024333843
157.44083,0.0045763412,0.030789364,0.0014591108
157.45732,0.004697564,0.030629922,0.0004967687
157.47354,0.0045191273,0.030699851,0.0032453483
157.49107,0.0042339154,0.030775132,0.0020590744
157.50774,0.0038424623,0.03095798,0.0013610579
157.52371,0.004127837,0.031348813,0.0042139553
157.54037,0.0038913426,0.03132332,0.0028972437
157.55777,0.0033656475,0.03166402,0.0018668382
157.57382,0.0031066034,0.03169128,0.0011161414
157.59114,0.0027254273,0.031556536,-0.00023222955
157.60808,0.0026157182,0.031565957,0.0067199627
157.62416,0.0022701032,0.0318738,0.005742427
157.6405,0.0019409838,0.032259,0.0043657613
157.6576,0.001891854,0.032609425,0.0031014201
157.67386,0.0020361503,0.03272653,0.0021798296
157.69058,0.0015806176,0.032978937,0.00080869737
157.70789,0.0014692091,0.032984067,0.007563971
157.72397,0.0011894514,0.0331253,0.006701419
157.74057,0.0008386625,0.033146244,0.005346041
157.75722,0.00032511604,0.03368414,0.00414166
157.77408,0.0001691972,0.034353357,0.0029150953
157.79066,0.00003802681,0.03463184,0.0018154664
157.80708,-0.0007058262,0.034292895,0.004547222
157.82376,-0.0012742933,0.03473611,0.0032199025
157.8404,-0.0016290451,0.034847997,0.0020043068
157.85716,-0.0012300573,0.035397545,0.0047362535
157.87357,-0.0016906488,0.035592563,0.0035350255
157.89024,-0.002082732,0.035694707,0.0021100612
157.9069,-0.0026858982,0.035344984,0.0048846123
157.92378,-0.0029447754,0.035436843,0.003610447
157.94052,-0.0031621153,0.035629183,0.0023337563
157.95714,-0.003104565,0.03624922,0.0051430697
157.97409,-0.003592257,0.036008947,0.0037478877
157.99101,-0.004004304,0.036160868,0.002448692
158.00716,-0.004091661,0.03644267,0.0052596065
158.02396,-0.004351584,0.036953468,0.0035556944
158.04047,-0.0048469543,0.037086956,0.002092078
158.05762,-0.005434324,0.036690094,0.004680512
158.07365,-0.005851226,0.036704686,0.0033114871
158.09056,-0.0058378903,0.037372153,0.005705869
158.10716,-0.006285961,0.037356146,0.004201327
158.12369,-0.006827145,0.03723359,0.0025485414
158.14027,-0.0071517657,0.03736849,0.005098627
158.15701,-0.0074966084,0.037176643,0.0034246712
158.17383,-0.00801393,0.037127413,0.0017959425
158.19034,-0.00848665,0.037174247,0.0044601536
158.20705,-0.008708536,0.03712335,0.0027071077
158.22375,-0.00895722,0.037454262,0.0009145756
158.24026,-0.0096237715,0.03699666,0.0036286404
158.257,-0.009672159,0.03705965,0.0017409901
158.27388,-0.010046131,0.0372875,0.000023128165
158.29034,-0.010329759,0.03707556,0.0027880627
158.30724,-0.010888412,0.037401713,0.0009182031
158.32379,-0.011864391,0.03742874,-0.00067268073
158.34038,-0.011629319,0.037715834,0.0017949281
158.35703,-0.012571745,0.0378328,0.000042798976
158.37386,-0.013579519,0.037884124,-0.0015848705
158.39072,-0.014023561,0.037882432,0.00094110076
158.40712,-0.014873984,0.038682435,-0.0006777546
158.42365,-0.015236506,0.038657278,-0.0025733854
158.44067,-0.015898721,0.038647585,-0.0000016094399
158.45708,-0.016263092,0.039046824,-0.001645811
158.47375,-0.01633999,0.03938035,-0.0036236565
158.49063,-0.017038247,0.038854573,-0.0008741677
158.50732,-0.017188607,0.0388716,-0.002596032
158.52373,-0.01744251,0.03872553,-0.0043166443
158.5405,-0.017064085,0.03895698,-0.0017259837
158.55707,-0.01743405,0.03942424,-0.0033952836
158.57343,-0.017583894,0.039190207,-0.0006223768
158.59074,-0.017721478,0.039486226,-0.0024553135
158.60715,-0.018461224,0.04030618,-0.0037054922
158.62398,-0.018709375,0.039890774,-0.0010797607
158.64058,-0.019288106,0.039852306,-0.002505093
158.65704,-0.019962378,0.040110473,-0.004030432
158.67398,-0.020298384,0.04074829,-0.0013497446
158.6903,-0.021308199,0.040900752,-0.0027405166
158.70709,-0.022109006,0.04088551,-0.0043778243
158.72418,-0.022545094,0.041117523,-0.0014915058
158.74052,-0.023626257,0.04130365,-0.002738504
158.75706,-0.024657756,0.04167761,-0.0042556473
158.77408,-0.025237735,0.041234735,-0.0013920888
158.79036,-0.02613499,0.041387934,-0.0025447232
158.80751,-0.02737953,0.04172474,-0.0039774217
158.82379,-0.027766472,0.042185392,-0.0008748536
158.84026,-0.02907916,0.042177677,-0.002266188
158.85701,-0.03014393,0.042101193,-0.0035957065
158.87352,-0.030594634,0.04200964,-0.0006221042
158.89024,-0.031545967,0.041605577,-0.0019058337
158.90771,-0.032244112,0.041374892,-0.003157684
158.92377,-0.032498565,0.041708276,0.00018253036
158.94057,-0.032901008,0.041318115,-0.0013121114
158.95787,-0.033250872,0.041127816,0.0017440529
158.97392,-0.033634864,0.041252073,0.00079265784
158.9906,-0.03375993,0.040599607,-0.0006728955
159.00722,-0.03400069,0.03982026,0.0023495953
159.0241,-0.033554006,0.03920323,-0.0031762044
159.04103,-0.03297263,0.03834053,-0.0043452997
159.05742,-0.03311273,0.03821918,0.0029839396
159.07437,-0.032674175,0.037439384,0.0016440655
159.09113,-0.031986408,0.03681357,0.0004814758
159.1079,-0.030768733,0.03625681,-0.00083853776
159.12404,-0.03004378,0.03562287,-0.0021236008
159.1407,-0.029505597,0.034781568,-0.003617604
159.15744,-0.02963139,0.034674577,0.0036224986
159.17361,-0.028446477,0.03395272,0.0023353298
159.19052,-0.027386717,0.033460945,-0.0034899586
159.20734,-0.026921712,0.033049773,-0.00047627816
159.224,-0.025956146,0.032313444,-0.0017069047
159.2412,-0.025211612,0.031898264,-0.00302497
159.25722,-0.024866188,0.031835478,0.00017006313
159.27368,-0.024455141,0.031609517,-0.0013937043
159.29059,-0.023747142,0.031325392,-0.0027860976
159.30757,-0.023328887,0.030457752,0.0003149695
159.32396,-0.022536615,0.029957905,-0.00080805214
159.34119,-0.021982782,0.029397104,-0.0022071053
159.3575,-0.021377105,0.029642832,0.001031692
159.3737,-0.019810658,0.02892675,-0.00038297908
159.39087,-0.018847277,0.028301597,-0.0018864599
159.40717,-0.018713001,0.027910452,0.0014001097
159.424,-0.017586546,0.027276943,-0.00008243622
159.44032,-0.016701777,0.027215721,0.0030056527
159.45697,-0.015333347,0.026814075,0.0015441111
159.4735,-0.013953327,0.026399348,0.0002384287
159.49028,-0.0127106495,0.025582355,-0.0011986241
159.50717,-0.011876306,0.025787704,0.0018961023
159.52394,-0.009937249,0.025149971,0.00065841014
159.54053,-0.009550573,0.024449054,0.0038020099
159.55727,-0.008442857,0.023902748,0.0024473213
159.57387,-0.007064997,0.02356932,0.0011737703
159.59062,-0.0066836015,0.0237968,0.0042382553
159.6073,-0.0062834104,0.023281513,0.002974175
159.62396,-0.005869846,0.022634188,0.0017131824
159.64107,-0.0055975337,0.02243475,0.004714279
159.65718,-0.005232829,0.022121172,0.00359118
159.67389,-0.0050993212,0.021840729,0.0019685316
159.69052,-0.004723306,0.021352326,0.0048940256
159.70714,-0.004171153,0.021006132,0.003511887
159.72365,-0.0033930833,0.020668214,0.002071944
159.74054,-0.003223242,0.020944063,0.0048944987
159.75694,-0.002054109,0.020959636,0.0035292613
159.77444,-0.00007769032,0.020596126,0.0018690529
159.79068,0.00028133855,0.020645143,0.005197739
159.80705,0.0014370079,0.02035264,0.0035536669
159.82402,0.003623463,0.01970431,0.0017620532
159.84038,0.004576871,0.01948405,0.0050797095
159.85696,0.005990157,0.019609842,0.0033326615
159.87384,0.00651397,0.01977137,0.0018172128
159.89046,0.007278931,0.01935228,0.0049215215
159.90694,0.008715988,0.019447602,0.003364875
159.92351,0.008671225,0.019998617,0.006356678
159.94026,0.008128525,0.02004509,0.004744822
159.95702,0.008369327,0.01999775,0.0032912614
159.9737,0.00876844,0.01989097,0.0062886616
159.99025,0.008301322,0.020218277,0.004826608
160.00708,0.0069835396,0.02013724,0.0033159573
160.02368,0.0067143976,0.019727124,0.006334541
160.0403,0.0062512183,0.019901842,0.0047960356
160.05684,0.0053802207,0.02005917,0.0033169189
160.07396,0.0042176973,0.020305276,0.006280809
160.09033,0.0025541424,0.020079821,0.0050126347
160.10701,0.0018367053,0.020331774,0.0034227038
160.12396,0.0008099691,0.020299206,0.0064513283
160.14046,-0.0017612224,0.019998021,0.005131795
160.15732,-0.0039836927,0.019721411,0.003612814
160.17383,-0.0046979967,0.01948731,0.006760372
160.19067,-0.0064494675,0.019502675,0.0052380282
160.20728,-0.009053301,0.019023426,0.0038788153
160.22382,-0.0102014765,0.018074667,0.0068933517
160.24048,-0.012190989,0.018136656,0.005384577
160.25688,-0.013548037,0.017547425,0.0038513967
160.2738,-0.014481936,0.017441887,0.006894155
160.29059,-0.016339181,0.016996676,0.0055036573
160.30713,-0.01760178,0.016449872,0.004162499
160.32388,-0.01812539,0.01632265,0.007186061
160.34068,-0.019831361,0.015836021,0.0058393227
160.35735,-0.020812446,0.015880903,0.009020617
160.37389,-0.022482703,0.015164866,0.007630039
160.39047,-0.023764914,0.01453032,0.0062203244
160.40799,-0.025152564,0.013678497,0.004831067
160.42392,-0.02704011,0.012969624,0.0038237588
160.44081,-0.0280754,0.011726899,0.0021276143
160.45876,-0.029305756,0.011086337,0.0008763452
160.47414,-0.029350577,0.010966661,0.009032771
160.49075,-0.030756721,0.010144333,0.007056847
160.50821,-0.03189334,0.009450915,0.0056666383
160.52477,-0.03244994,0.008978051,0.0047078105
160.54092,-0.033595774,0.0085276505,0.003312805
160.55754,-0.03448499,0.00838444,0.006134987
160.5741,-0.03546315,0.007941289,0.004736227
160.59053,-0.035297696,0.00789354,0.0032626956
160.60745,-0.03552386,0.0076166512,0.006235087
160.62416,-0.035552673,0.007588416,0.004917012
160.64037,-0.034913275,0.0079115825,0.003520604
160.6573,-0.034303054,0.007702301,0.0063503804
160.67422,-0.033453558,0.007989564,0.00508731
160.691,-0.033084113,0.00829285,0.0038067221
160.70729,-0.032817986,0.007903145,0.0070516723
160.72382,-0.032153755,0.007971468,0.005576128
160.74083,-0.0313191,0.008132672,0.0040704086
160.75781,-0.031718392,0.007891772,0.007472887
160.77415,-0.031883955,0.00760539,0.006098301
160.79077,-0.03205407,0.007318384,0.0045459038
160.80771,-0.031993445,0.007079697,0.007628729
160.82375,-0.03246257,0.0064920075,0.006297644
160.84073,-0.03314023,0.0062037525,0.0045095156
160.8574,-0.033218075,0.006049867,0.0077508125
160.87407,-0.033411674,0.005621487,0.0061945613
160.89073,-0.033530653,0.004929477,0.004626811
160.90752,-0.034016535,0.005146359,0.0077051413
160.92468,-0.03433847,0.004555394,0.0062233154
160.94092,-0.034743764,0.0038796505,0.004850073
160.9572,-0.034604937,0.003204409,0.0077356896
160.97418,-0.03533776,0.0025108086,0.0059383004
160.99088,-0.035933647,0.0023599574,0.009106546
161.00777,-0.03667757,0.0011927157,0.0075901244
161.02466,-0.037419833,0.00028867356,0.0060814745
161.04095,-0.038059756,0.000021793507,0.009238696
161.05725,-0.038599167,-0.0007169805,0.007467547
161.074,-0.039467707,-0.001536023,0.005641147
161.0908,-0.039852835,-0.002332692,0.00882337
161.1073,-0.03998494,-0.0025814024,0.0072001796
161.1238,-0.040398695,-0.0030772474,0.0055425535
161.14131,-0.04049566,-0.0038162065,0.008570878
161.15747,-0.04046114,-0.004465207,0.007288756
161.17418,-0.04063835,-0.0052156355,0.0054076416
161.19069,-0.04060974,-0.0053020925,0.0084577855
161.20714,-0.040805537,-0.005748858,0.0066423863
161.22409,-0.04070151,-0.006718665,0.0047998196
161.24055,-0.04104288,-0.0065033813,0.007918263
161.25723,-0.04071584,-0.006991075,0.006079606
161.27385,-0.04005754,-0.007864981,0.0090473145
161.29057,-0.04007433,-0.008429465,0.0071824705
161.30717,-0.03976665,-0.008610519,0.0053909635
161.3238,-0.039538205,-0.008901914,0.0035843332
161.3406,-0.039597068,-0.008934057,0.0065181325
161.35728,-0.03919369,-0.009365065,0.0047293697
161.3739,-0.03938147,-0.009506675,0.0077172974
161.39058,-0.038989216,-0.009738114,0.0058155064
161.40712,-0.03844697,-0.010079534,0.003956775
161.42386,-0.038031142,-0.010480055,0.0068947845
161.44058,-0.03778899,-0.0104833525,0.0050223805
161.45724,-0.03771134,-0.010898671,0.0032116356
161.47394,-0.037623733,-0.010995357,0.006129245
161.49054,-0.037486505,-0.0113124475,0.004215294
161.50719,-0.03685052,-0.011428041,0.002302485
161.5239,-0.036933355,-0.011780465,0.0052227224
161.54036,-0.036835495,-0.012053404,0.0033484495
161.55698,-0.03666448,-0.012012467,0.0013745632
161.57372,-0.036716893,-0.012041528,0.004294378
161.59026,-0.036523763,-0.01229203,0.0024384083
161.60709,-0.03653978,-0.012473554,0.00045457564
161.62386,-0.036072396,-0.013016167,0.0035170794
161.64049,-0.035948534,-0.012963202,0.0016039464
161.65724,-0.03609131,-0.013056541,-0.00029911584
161.67378,-0.036071155,-0.012823478,0.002691912
161.69052,-0.035655644,-0.012141292,0.00076840876
161.70729,-0.035091296,-0.012333606,-0.0010497024
161.72377,-0.035042536,-0.012470894,0.0067830924
161.74046,-0.034455955,-0.012451692,0.0000018478561
161.757,-0.03460594,-0.012213531,0.0029826546
161.77356,-0.034102768,-0.012447821,0.0010519018
161.79005,-0.033756986,-0.012559713,-0.000791589
161.80724,-0.033330485,-0.012533621,-0.0026089267
161.8237,-0.033248667,-0.012443926,-0.004161985
161.84036,-0.03303539,-0.0125598945,-0.0060029305
161.85716,-0.032986213,-0.01268846,0.0017858517
161.87376,-0.032907266,-0.013396819,0.00015629161
161.89027,-0.03272652,-0.013649061,-0.0015568405
161.90706,-0.03238204,-0.013941706,-0.0033058897
161.9237,-0.032428958,-0.014640423,-0.00492721
161.94023,-0.032505833,-0.015319333,-0.00660445
161.9571,-0.032998838,-0.015325938,-0.003527973
161.97365,-0.032329876,-0.01607224,-0.00033678528
161.9906,-0.03297019,-0.016714271,-0.0066219913
162.00687,-0.032412246,-0.017513957,-0.0033242537
162.02345,-0.032475337,-0.018248232,-0.0050149187
162.0401,-0.032584723,-0.018805724,-0.006463263
162.05675,-0.032998577,-0.0187295,-0.003270052
162.0734,-0.0328213,-0.01933421,-0.0046339747
162.0902,-0.032777295,-0.019823544,-0.0059588933
162.10677,-0.03232755,-0.020412765,-0.0026604098
162.12337,-0.032284137,-0.021124795,-0.0039782133
162.14021,-0.03252664,-0.021365631,-0.00071491126
162.15703,-0.032495733,-0.02183329,-0.0018742157
162.17374,-0.032385994,-0.022220526,-0.0030331553
162.19054,-0.032094494,-0.022757,-0.0042277123
162.20741,-0.03208566,-0.022678014,-0.0008618478
162.22379,-0.032035545,-0.023250587,-0.0019920594
162.24057,-0.031661652,-0.02367144,0.0012867699
162.25717,-0.031335972,-0.023851518,0.00016532486
162.27386,-0.03131123,-0.02468065,-0.0009331977
162.2905,-0.03169409,-0.025000999,0.002447251
162.30711,-0.031576358,-0.025255326,0.0012110075
162.32379,-0.03132706,-0.025273293,-0.000034453817
162.3407,-0.030980427,-0.025504146,0.0032449055
162.35725,-0.03077409,-0.025708348,0.0021197987
162.37416,-0.030324407,-0.025534336,0.00076534215
162.39091,-0.029853199,-0.02530293,0.0042189155
162.40744,-0.029860966,-0.024902355,0.0029520579
162.42436,-0.029824153,-0.025104584,0.0016192306
162.4407,-0.028936548,-0.025142023,0.0050337566
162.45735,-0.028238181,-0.024890214,0.0035943715
162.4742,-0.028008837,-0.024610603,0.0022601946
162.4908,-0.028046072,-0.024563845,0.0055916756
162.50772,-0.02735169,-0.02453325,0.0042420407
162.5243,-0.026727919,-0.024333758,0.003018838
162.54073,-0.026952224,-0.023980925,0.0061608907
162.55762,-0.026483228,-0.023815624,0.0046961526
162.5745,-0.025894092,-0.023843057,0.0033950848
162.59143,-0.024863752,-0.023913061,0.0066944184
162.60762,-0.024620373,-0.02380844,0.0054610097
162.62439,-0.023920922,-0.02374471,0.003803576
162.6408,-0.023647238,-0.023700217,0.0071400288
162.65741,-0.023200547,-0.023722216,0.005511599
162.67421,-0.022728417,-0.023697112,0.004093723
162.69086,-0.02289867,-0.023589587,0.0073290407
162.70782,-0.022210034,-0.023951186,0.0058835414
162.72404,-0.021654345,-0.024035767,0.004563582
162.74077,-0.021298978,-0.024038495,0.0075352676
162.75749,-0.021406734,-0.024036027,0.006097971
162.77441,-0.020971514,-0.024389878,0.0093334615
162.79062,-0.020777762,-0.024876503,0.007939399
162.80849,-0.020524329,-0.025034985,0.0061706053
162.82408,-0.020191997,-0.025268793,0.009936576
162.84062,-0.019536426,-0.025289368,0.007885491
162.85704,-0.018989865,-0.02531607,0.0062005618
162.87408,-0.019137127,-0.025332108,0.009265141
162.89069,-0.017837355,-0.025103752,0.00306906
162.90717,-0.017739246,-0.025173753,0.010895577
162.92397,-0.017458076,-0.024398614,0.009134664
162.94073,-0.016872995,-0.023997044,0.0075627835
162.9574,-0.017026648,-0.024034185,0.0060322257
162.97395,-0.016824478,-0.023549167,0.0045012813
162.99062,-0.016181571,-0.023526082,0.0028441814
163.00737,-0.016089138,-0.023589477,0.010694376
163.02393,-0.015738636,-0.023720471,0.009103803
163.04068,-0.015399668,-0.023932269,0.007380868
163.05753,-0.015121078,-0.024045091,0.005817498
163.0744,-0.014934786,-0.024354363,0.0042800913
163.09026,-0.014865456,-0.024774507,0.0027240436
163.10728,-0.014772861,-0.024829775,0.010188183
163.1241,-0.014978277,-0.025288742,0.008711108
163.14041,-0.014532389,-0.026643323,0.002459719
163.15678,-0.014683158,-0.027145144,0.0053936914
163.17346,-0.014462289,-0.027774852,0.0036789456
163.19092,-0.014220089,-0.02826609,0.0020270147
163.2072,-0.0140035385,-0.028695198,0.005520074
163.22371,-0.013488736,-0.029579107,0.0037102532
163.24066,-0.013224581,-0.030513208,0.0019809848
163.25725,-0.013123388,-0.030970013,0.0052549555
163.27374,-0.012723658,-0.0318053,0.0035885877
163.29062,-0.012376192,-0.033138786,0.0018959288
163.30713,-0.012218225,-0.033748016,0.0050713965
163.3241,-0.012100443,-0.03462448,0.0033994308
163.34059,-0.012165471,-0.035864137,0.0018927762
163.35725,-0.011344804,-0.036262456,0.0049387882
163.37389,-0.011512844,-0.0367571,0.008000432
163.39062,-0.01131772,-0.037883166,0.0063649383
163.40742,-0.010799797,-0.038812038,0.004789178
163.42393,-0.010306402,-0.039551485,0.0031959596
163.44064,-0.010557332,-0.04010207,0.0062312437
163.45734,-0.010226272,-0.04096713,0.0046111136
163.47394,-0.009478672,-0.041795038,0.0029148054
163.49077,-0.009397589,-0.042081732,0.005951828
163.50723,-0.009033538,-0.042684503,0.004305218
163.5238,-0.008888857,-0.043349113,0.0024981685
163.54042,-0.008638651,-0.043610882,0.005502102
163.55708,-0.0085687945,-0.043825958,0.0037920014
163.57414,-0.008157565,-0.04374901,0.0020641787
163.59044,-0.008367008,-0.043994207,0.0053051594
163.60721,-0.0077198856,-0.044124573,0.003376424
163.62369,-0.0073264902,-0.044087753,0.0016815081
163.64075,-0.0076591764,-0.04428653,0.004647893
163.65709,-0.0074775624,-0.04426815,0.0030907453
163.67365,-0.0068937545,-0.04403692,0.0060144155
163.69054,-0.006836314,-0.044041663,0.0042189993
163.70726,-0.0069775553,-0.043392412,0.00259498
163.72412,-0.0069699353,-0.043452796,0.0009830184
163.74028,-0.0062704934,-0.043223955,0.0040549748
163.75735,-0.0061083995,-0.042870354,0.0022017057
163.77428,-0.00650236,-0.042842623,0.005456332
163.79036,-0.0061791753,-0.042860594,0.0039682756
163.80699,-0.0059589534,-0.042621586,0.0021320048
163.8235,-0.0058359653,-0.04252942,0.0051380144
163.84044,-0.00554934,-0.04288697,0.0035302849
163.85701,-0.0055816546,-0.042797975,0.002019652
163.8735,-0.004892527,-0.042848773,0.005174706
163.8913,-0.004595831,-0.043448016,0.0034823269
163.90723,-0.0045851516,-0.04381551,0.0022966007
163.92389,-0.004300897,-0.044335067,0.0050910003
163.94081,-0.004278081,-0.045545585,0.0033543205
163.9578,-0.0037673716,-0.046255395,0.0017247837
163.97424,-0.0027348357,-0.046169285,0.004978283
163.99092,-0.0022039418,-0.04654405,0.0031119424
164.00768,-0.0017127818,-0.047454406,0.001413299
164.02382,-0.0015799609,-0.04777617,0.0044236705
164.04053,-0.0007619507,-0.048101135,0.0024612518
164.0574,-0.00018845737,-0.048519813,0.0007392585
164.07416,-0.00018632019,-0.049218725,0.003793395
164.091,0.00067872356,-0.050060898,0.0020506487
164.1077,0.0011861264,-0.050349202,0.0003644911
164.12445,0.0019309872,-0.050251648,0.0032858504
164.14027,0.0024132037,-0.051056694,0.0016348129
164.1569,0.0027887314,-0.05118776,0.0041238363
164.17343,0.0036550313,-0.051749382,0.0023892599
164.19035,0.004155625,-0.051982224,0.00042172204
164.20691,0.004704175,-0.05209803,-0.0013592596
164.22365,0.004741241,-0.05251923,0.0016063584
164.24013,0.0052508125,-0.052643865,-0.00022592705
164.25703,0.005415926,-0.052244883,-0.0022093714
164.27344,0.0059890356,-0.051911186,0.0009263027
164.2904,0.005554298,-0.05169815,-0.0010956008
164.30774,0.005801184,-0.051127795,-0.0028829905
164.32378,0.0061499216,-0.05075781,0.00047724697
164.34058,0.006186268,-0.049778085,-0.0016905009
164.3574,0.006419154,-0.04896423,-0.0034327335
164.37488,0.00621957,-0.04857228,-0.005138497
164.39075,0.005870398,-0.046901964,-0.006538827
164.40802,0.006044255,-0.04687988,0.00087513827
164.42426,0.005601806,-0.045814745,-0.0006626239
164.4413,0.005283969,-0.044676397,-0.0025862763
164.45845,0.0047628586,-0.043723457,-0.004068806
164.4742,0.0041466877,-0.042502217,-0.005527781
164.4907,0.0039270697,-0.040920112,-0.007576563
164.50749,0.0040848623,-0.04090493,0.00013465692
164.52444,0.0040141195,-0.039889608,-0.0013956217
164.54063,0.0034236913,-0.037649244,-0.007601985
164.55743,0.0033677588,-0.037100423,-0.00464848
164.57417,0.003356541,-0.035861425,-0.006254642
164.59053,0.0031006958,-0.03449051,-0.007728113
164.60722,0.0028952656,-0.033870764,-0.0047127716
164.62389,0.0026814316,-0.03236077,-0.006143222
164.64162,0.002208066,-0.031073581,-0.0074262135
164.65753,0.0019638087,-0.030318363,-0.003857603
164.67416,0.0018421655,-0.02887827,-0.0054753125
164.6906,0.0010860573,-0.026484516,-0.006882457
164.7076,0.0006047351,-0.02592081,-0.0037916068
164.72392,-0.00066057115,-0.023868384,-0.004969929
164.74083,-0.0022397158,-0.021687362,-0.0064994902
164.75742,-0.003000126,-0.020411465,-0.0030820763
164.7744,-0.0051215356,-0.017837113,-0.004390652
164.79063,-0.0070514013,-0.01592973,-0.005397332
164.80771,-0.0074248407,-0.014614426,-0.002344126
164.82402,-0.008794407,-0.01260862,-0.0033062059
164.84073,-0.009936026,-0.011384177,-0.00017810153
164.85693,-0.01126047,-0.0094256485,-0.0013397641
164.8738,-0.012322398,-0.007747588,-0.0026255078
164.89069,-0.012907079,-0.0066831955,0.0006816475
164.9074,-0.014534663,-0.004756249,-0.0002723402
164.9239,-0.016291082,-0.0031318886,-0.0014656447
164.9404,-0.016677504,-0.0027217737,0.001877338
164.95709,-0.01794547,-0.0012341581,0.00056684983
164.9739,-0.01889165,0.00009985395,-0.000768738
164.99059,-0.0198191,0.00056583347,0.0026343109
165.00749,-0.021138294,0.0021380251,0.0012943503
165.02383,-0.022121703,0.0028268928,0.00015789668
165.0405,-0.02295802,0.0039535076,0.0031151942
165.0574,-0.024563285,0.0047323243,0.0017807938
165.07378,-0.026508603,0.005839029,0.0006183565
165.09047,-0.02722456,0.0064522633,0.0034848722
165.1072,-0.028315786,0.007408274,0.002229097
165.12398,-0.030319097,0.007921555,0.0008442154
165.14064,-0.030562937,0.008707322,0.0040438925
165.15735,-0.031484287,0.008976417,0.002661629
165.17418,-0.03168705,0.009012142,0.0012286899
165.1907,-0.03192302,0.00874446,0.004506208
165.20712,-0.03247285,0.008583713,0.0030217476
165.22375,-0.032089934,0.008053724,0.0014805316
165.24075,-0.031633493,0.007616875,0.004614245
165.25731,-0.030780584,0.006910464,0.0032568234
165.27408,-0.030925881,0.0063446667,0.006344951
165.29065,-0.030013034,0.0053622485,0.0049117464
165.30708,-0.028157504,0.0038799422,0.003373875
165.32362,-0.027173726,0.0036700352,0.0063168276
165.34027,-0.026093721,0.0025894241,0.0047144266
165.35687,-0.024233274,0.0015284623,0.0031143834
165.37375,-0.023304155,0.00026275057,0.006120878
165.39055,-0.020991929,-0.00098921,0.004571895
165.40707,-0.019076435,-0.001843183,0.0029785798
165.42383,-0.01828661,-0.0028402656,0.00590268
165.44048,-0.0156471,-0.0040340214,0.004257752
165.4572,-0.013173822,-0.0054649687,0.002553562
165.47394,-0.012000578,-0.006012265,0.005530911
165.49033,-0.00956636,-0.0069095935,0.003890167
165.50714,-0.0064786067,-0.00833172,0.002106034
165.52377,-0.005301111,-0.009643215,0.005115226
165.54056,-0.0026528402,-0.010742062,0.0034333982
165.55736,0.00050440576,-0.012112803,0.0017701602
165.57402,0.0016064644,-0.012442147,0.004672201
165.59056,0.0043972796,-0.0138208885,0.0029572898
165.60738,0.0067327567,-0.015242277,0.0012992605
165.62405,0.00826044,-0.015120759,0.0042262394
165.64043,0.010885515,-0.016086955,0.0026071786
165.65736,0.013543494,-0.017058037,0.0007541406
165.67381,0.014523561,-0.018191237,0.003834688
165.69086,0.016916713,-0.018579718,0.0020684598
165.70721,0.01813351,-0.018689161,0.005170413
165.72414,0.020356476,-0.019753246,0.003369152
165.74059,0.022522595,-0.020530121,0.0018077526
165.75761,0.024847282,-0.021310076,0.000051977215
165.77393,0.025827566,-0.021897653,0.003199233
165.79054,0.027813526,-0.02255171,0.0014001218
165.80742,0.029940076,-0.023433425,-0.0001819254
165.82501,0.03189477,-0.024170619,-0.0016778673
165.84055,0.03414487,-0.02456839,-0.0028337634
165.85727,0.034231197,-0.02444793,0.0042113895
165.87384,0.03607021,-0.025051137,0.0027268946
165.8909,0.037693776,-0.025464863,0.001195539
165.9073,0.03983592,-0.025562536,-0.00003964077
165.92424,0.04168159,-0.025854878,-0.0015024798
165.94017,0.043507736,-0.026123593,-0.0026917928
165.95708,0.04360135,-0.025966872,0.0045011565
165.97427,0.046671588,-0.02671,-0.0011185604
165.99065,0.0486715,-0.027181625,-0.0021823545
166.00758,0.049638752,-0.027141495,0.0007637563
166.02411,0.051661372,-0.02722082,-0.0003073057
166.04112,0.05352241,-0.02769392,-0.0016748491
166.05759,0.05459334,-0.027354356,0.0016288913
166.07428,0.056566723,-0.027543312,0.00029890653
166.09085,0.05795671,-0.027674384,-0.0009708877
166.10776,0.058692634,-0.027782531,0.002084926
166.12367,0.059883147,-0.028005019,0.00088421465
166.1406,0.06097019,-0.02822614,-0.00083396543
166.15736,0.06160846,-0.027538626,0.0024142168
166.17416,0.06225633,-0.027357696,0.0010537745
166.19135,0.0627867,-0.0271166,-0.0003008239
166.20772,0.06297796,-0.027583169,0.0030009623
166.2244,0.063102715,-0.027252395,0.0014266155
166.241,0.063175224,-0.027034279,0.0000022058011
166.25757,0.06306192,-0.026174705,0.0029335348
166.27422,0.062770754,-0.025810452,0.001464826
166.29106,0.06264625,-0.025692035,-0.00003278882
166.30757,0.06228732,-0.025540749,0.0030289094
166.32402,0.06168979,-0.025192693,0.0014489638
166.34047,0.061640516,-0.024978047,0.004278923
166.35756,0.061206196,-0.024685035,0.0026452036
166.37392,0.060220763,-0.025186257,0.0012820839
166.39076,0.059757266,-0.024421314,0.0040838174
166.40744,0.059061076,-0.023931464,0.0025881794
166.4243,0.058147013,-0.02365288,0.0009810714
166.44142,0.05717882,-0.023493772,-0.00053128233
166.45763,0.05669621,-0.023240184,0.0026044727
166.4742,0.055574905,-0.022879843,0.00080615375
166.49094,0.05517979,-0.022971792,0.0036553335
166.50748,0.0539937,-0.022246994,0.0021232485
166.52417,0.05237981,-0.022264069,0.0005362155
166.54108,0.051702093,-0.021867886,0.0033953465
166.55736,0.050255526,-0.02201385,0.0019763166
166.57436,0.048355334,-0.021656593,0.00018002768
166.59053,0.047532175,-0.020858828,0.0032933592
166.60751,0.04569708,-0.020791976,0.0014638109
166.62454,0.043884996,-0.020413375,3.5766192e-7
166.64072,0.042920176,-0.020484092,0.0031831977
166.6569,0.0407649,-0.020424917,0.0013056294
166.67429,0.038758066,-0.02004298,-0.0004687706
166.69073,0.03768238,-0.01990756,0.0027293367
166.70726,0.03553336,-0.020164106,0.0010408333
166.72403,0.033601645,-0.019642597,-0.0005165661
166.74063,0.03284755,-0.019586986,0.0024115876
166.75754,0.031234464,-0.019361656,0.00084637565
166.77466,0.029325742,-0.018874438,-0.00064448034
166.79065,0.028621726,-0.019271512,0.0024338262
166.80727,0.027206872,-0.019182572,0.00053587276
166.82414,0.026447214,-0.018622434,0.003364423
166.84056,0.025193954,-0.018262194,0.0019326895
166.85727,0.023615247,-0.018738251,0.00021047158
166.87396,0.023265827,-0.01837273,0.0031987815
166.89041,0.02213845,-0.018243257,0.0016179152
166.9075,0.020984849,-0.018146515,-0.000081184764
166.92404,0.020543376,-0.018557794,0.003025848
166.94067,0.019617492,-0.018501878,0.0013723288
166.95747,0.019124476,-0.018470023,-0.0001802487
166.97372,0.01845506,-0.018169193,0.00272972
166.99057,0.017708227,-0.01840819,0.000993868
167.00726,0.017116588,-0.018496927,-0.0004010339
167.02403,0.016756272,-0.018016515,0.0024113744
167.04057,0.01643106,-0.017781181,0.00097104366
167.05724,0.015624538,-0.017493455,-0.0006318874
167.07393,0.015516405,-0.017949227,0.002271463
167.09087,0.015448089,-0.017551446,0.00072158466
167.10754,0.01558655,-0.017033502,-0.0007089589
167.12404,0.015956618,-0.017213294,0.0021792063
167.1403,0.016234254,-0.016686518,0.0006293246
167.15695,0.01647663,-0.01653569,-0.0011129647
167.17363,0.016995799,-0.016284186,0.00178337
167.19028,0.018251536,-0.015712751,0.00032116007
167.20702,0.019744946,-0.015010241,-0.0011928878
167.2236,0.020236049,-0.014919312,0.0017178574
167.2403,0.022182273,-0.014156311,0.0002471263
167.25682,0.025071433,-0.013247839,-0.0011682292
167.2736,0.027454726,-0.012269282,-0.0026771154
167.29031,0.030003672,-0.011232438,-0.004058371
167.30714,0.030043747,-0.011124452,0.003131464
167.32379,0.03346256,-0.009541975,0.0018456384
167.34044,0.03627035,-0.008315779,0.0004977243
167.35738,0.038843144,-0.0070694434,-0.0009282796
167.3737,0.042509716,-0.005283989,-0.0021737698
167.39017,0.04592918,-0.0038149364,-0.0036330423
167.40723,0.047458824,-0.0027032068,-0.0008331104
167.42384,0.050956197,-0.0009990114,-0.0019916147
167.44057,0.053808894,0.00095101923,-0.0033152588
167.45735,0.055142265,0.0022020363,-0.00046551268
167.47385,0.05767629,0.0041843317,-0.0016962849
167.49065,0.059875626,0.0057646595,-0.0031154642
167.50713,0.060934376,0.0062280037,-0.00018987077
167.52414,0.062808245,0.0077636037,-0.0015944471
167.54083,0.064522035,0.008990954,-0.0027769946
167.55719,0.064812854,0.009876631,0.00016894928
167.57378,0.065602735,0.01025262,-0.0013095797
167.5906,0.06618856,0.011246767,-0.002641105
167.60695,0.06683974,0.011658838,0.0003981749
167.6238,0.066826105,0.012559627,-0.0010437567
167.6405,0.0665863,0.013337031,-0.002201629
167.6572,0.06651367,0.013571922,0.00074222015
167.67401,0.06593849,0.013908763,-0.00051221915
167.69127,0.065815076,0.014347614,-0.0015858406
167.70781,0.06553739,0.014735639,0.0015144794
167.72417,0.06512106,0.014695247,0.00027387394
167.7408,0.0641871,0.0147519875,-0.0010495866
167.75755,0.0640111,0.01476776,0.0018185712
167.77428,0.06293849,0.015130229,0.00065964216
167.79082,0.06265317,0.014686466,0.0035151262
167.80762,0.06135579,0.014621841,0.0022508726
167.82436,0.06017221,0.014564517,0.0010811654
167.84132,0.0588531,0.014466107,-0.00012506932
167.85791,0.058101714,0.014398275,0.0028604895
167.87404,0.05640244,0.014161966,0.0015418953
167.89085,0.055786096,0.013833844,0.004135344
167.90749,0.05444137,0.013696452,0.0028857118
167.92426,0.052794203,0.013052935,0.0014888112
167.94102,0.051839318,0.012988276,0.0043209083
167.95805,0.050400913,0.012626366,0.0029736487
167.97441,0.049129065,0.012182708,0.0017219175
167.99109,0.048570495,0.011983154,0.004372832
168.00758,0.047106896,0.011623054,0.0029582782
168.0242,0.04625054,0.011725222,0.005630139
168.04086,0.04471127,0.01099853,0.0040963455
168.0574,0.04320558,0.010413722,0.0025852614
168.07463,0.04184301,0.009616258,0.0010960969
168.09067,0.0411551,0.009142787,0.0038941365
168.10736,0.03966652,0.0083452165,0.0022185089
168.12436,0.038106196,0.0074310214,0.0007742486
168.14056,0.037368476,0.0071920305,0.0035851328
168.15741,0.036005143,0.0060999645,0.0019015565
168.17397,0.034197293,0.0050337515,0.00041767105
168.19069,0.033508,0.0054244436,0.0031341435
168.2077,0.032289598,0.004559241,0.001578867
168.22424,0.031173322,0.0037814474,0.00021685181
168.24054,0.030468777,0.0032785055,0.0028041697
168.25764,0.029218713,0.0027282012,0.0011517741
168.27415,0.028790776,0.0025389274,0.003948648
168.29077,0.028503278,0.001644657,0.0023229897
168.30754,0.027794233,0.001191287,0.00077708805
168.3242,0.026872171,0.0004620288,-0.0007449073
168.34074,0.026253797,0.0007537183,0.0018745478
168.35736,0.025739426,0.00029036106,0.00016272474
168.37402,0.025560772,0.00023907209,0.0028528501
168.39093,0.024760017,-0.0004076866,0.0011131451
168.4081,0.023897374,-0.0012505415,-0.00050116493
168.42406,0.02350455,-0.001868544,0.0022910165
168.44089,0.022408782,-0.0030999444,0.00024784348
168.4573,0.021275727,-0.004276185,-0.0012486753
168.47406,0.020314476,-0.0051223584,0.0011828064
168.49089,0.019527515,-0.005683015,-0.00038976068
168.50784,0.01845803,-0.0065695737,-0.0018203561
168.52461,0.018156588,-0.0075185313,0.000689513
168.5409,0.016846603,-0.008542528,-0.0007888839
168.55737,0.016060725,-0.009486225,-0.002517862
168.57411,0.016261134,-0.010270032,-0.000024557292
168.59096,0.01551982,-0.011289622,-0.0015024189
168.60782,0.014725882,-0.012074137,-0.0030285823
168.62434,0.013989325,-0.012170859,-0.00035637774
168.64087,0.013470395,-0.012903966,-0.0019500044
168.65704,0.013312609,-0.013311689,-0.0033969178
168.67468,0.013043307,-0.013933786,-0.005072716
168.69072,0.013304033,-0.014418324,-0.006127403
168.70734,0.013350123,-0.0143756755,0.0002739478
168.72379,0.013799706,-0.0145766465,-0.0010416599
168.74043,0.014091551,-0.014386593,-0.0024013512
168.75731,0.014576465,-0.013988244,-0.0037536807
168.77383,0.015041648,-0.013529619,-0.004949165
168.79085,0.015597445,-0.012882747,-0.0062409523
168.80722,0.01590396,-0.0126085,-0.00344866
168.82397,0.016293848,-0.011995489,-0.0009000543
168.84042,0.01754389,-0.010686466,-0.0060500517
168.85728,0.017619295,-0.009773572,-0.0033831543
168.87373,0.01835695,-0.008655654,-0.0044824677
168.8906,0.019461919,-0.008084905,-0.005671925
168.9071,0.01971127,-0.007725294,-0.0029260132
168.92378,0.020509262,-0.0069691744,-0.004009272
168.9405,0.021489684,-0.006216151,-0.004979761
168.95732,0.021701066,-0.006084363,-0.0022581764
168.97392,0.022187347,-0.005375554,-0.003142921
168.99052,0.0225997,-0.0048383414,-0.004216477
169.0071,0.02350745,-0.0046010586,-0.0014572573
169.02383,0.024282036,-0.0040043946,-0.0024879684
169.04033,0.025199888,-0.0032541289,-0.0034896545
169.05698,0.025234425,-0.0024975494,-0.0007295829
169.07388,0.025972541,-0.0012459632,-0.0017403255
169.0907,0.026799705,0.000025666945,-0.0026247844
169.10732,0.027627079,0.00010464099,0.00019187231
169.1242,0.028421333,0.0013038021,-0.0008474309
169.1404,0.028590713,0.0021561342,0.0020444668
169.15709,0.029850526,0.0030283546,0.00074866065
169.17387,0.030524455,0.0042698826,-0.00026042244
169.1904,0.030480906,0.005075396,0.002529765
169.20728,0.03119952,0.006633815,0.0014298869
169.22382,0.031846225,0.008055897,0.0005290135
169.24062,0.03265313,0.008439207,0.0031729494
169.25702,0.033480167,0.010200496,0.002189845
169.27388,0.034301814,0.011664667,0.0010394974
169.29065,0.0345903,0.012479356,0.0037374783
169.30695,0.035416443,0.013902728,0.0026524884
169.3239,0.03660454,0.0154239815,0.0012784894
169.34079,0.036307238,0.01667303,0.0039690943
169.35727,0.037011106,0.018377379,0.0027907835
169.37439,0.03815421,0.019812759,0.0013854357
169.39107,0.03827427,0.020974997,0.004080604
169.40732,0.038865738,0.021729778,0.006574377
169.42493,0.039950963,0.024179604,0.001107526
169.44089,0.039905984,0.025006477,0.0039195055
169.45761,0.040602345,0.026955716,0.002134524
169.47472,0.040648416,0.028645616,0.0007227521
169.49072,0.041322723,0.029496051,0.003271121
169.507,0.04161807,0.03166834,0.001544441
169.52383,0.042030983,0.03331229,-0.000069507485
169.54062,0.04184954,0.034006197,0.0023466165
169.5574,0.04251593,0.035784647,0.0009490315
169.57558,0.042571418,0.037454862,-0.0005142785
169.59091,0.041870877,0.03842072,0.002440881
169.60739,0.041809335,0.039902452,0.0004549654
169.62437,0.042036626,0.04113561,-0.0011550388
169.64096,0.041704267,0.04204784,0.0013670577
169.65744,0.04128157,0.043064464,-0.00015940706
169.67403,0.04098442,0.04349592,0.0020799232
169.69034,0.040312104,0.043966193,0.00064990396
169.70761,0.039797567,0.044444323,-0.00092110405
169.72394,0.03879721,0.044644423,0.0017471006
169.74147,0.038136654,0.04430809,0.0003160403
169.75778,0.037351545,0.044930577,-0.000600467
169.77428,0.03749088,0.045076165,0.0016700287
169.79085,0.036810033,0.04494234,0.00042288002
169.80763,0.035455495,0.04525842,-0.0008747469
169.82385,0.03551616,0.045475543,0.0016239965
169.84114,0.034470752,0.04569927,0.00030108835
169.85847,0.03350494,0.04548677,-0.00059046346
169.8744,0.033260062,0.045579877,0.0021844455
169.89145,0.03261072,0.045521032,0.00091080024
169.90756,0.03212216,0.04531616,0.000049329174
169.9243,0.03211345,0.04500829,0.0024284308
169.94098,0.031244712,0.04453156,0.0015320159
169.95775,0.030860092,0.044148013,0.0005907967
169.97437,0.029685866,0.044020317,0.0032115234
169.99098,0.02901467,0.043510452,0.0022288696
170.00761,0.027978212,0.04285544,0.0012543817
170.0245,0.028092956,0.042588975,0.0038003484
170.04099,0.027066255,0.04216217,0.0028768461
170.05765,0.025266662,0.041100077,-0.0016620472
170.07442,0.025142744,0.041176252,0.0043666307
170.09135,0.024160855,0.040600345,0.0034450414
170.10757,0.023285743,0.039827332,0.0025597084
170.1243,0.022558866,0.039049525,0.0014676742
170.1408,0.021924028,0.038137916,0.00062282867
170.1577,0.02181105,0.03820262,0.0065410696
170.1742,0.020719318,0.036789436,0.0023381761
170.19083,0.019936554,0.035769653,0.0014227345
170.20738,0.01994561,0.035140738,0.0038714951
170.22424,0.01914702,0.033940833,0.003019319
170.24072,0.018577097,0.03336033,0.0022122627
170.25775,0.017688101,0.032904085,0.0046732486
170.27432,0.017025596,0.031916093,0.003963802
170.29068,0.0167093,0.031113902,0.003048011
170.30734,0.016761884,0.030865492,0.005452605
170.3241,0.01635715,0.02980702,0.0045490623
170.34077,0.015905198,0.029053323,0.003599665
170.35757,0.015676836,0.028594714,0.006168086
170.37411,0.015358217,0.027786678,0.0051828334
170.39069,0.014613977,0.02747334,0.0041940426
170.40723,0.01467884,0.02741995,0.0066214846
170.42381,0.014306212,0.026948307,0.005553307
170.44064,0.013990137,0.026713056,0.0044497936
170.45732,0.014215046,0.02655955,0.0068132067
170.47446,0.014184023,0.026708651,0.005665418
170.49072,0.014181281,0.026647637,0.004581538
170.5075,0.01398473,0.02641004,0.00674907
170.52435,0.014185485,0.026439464,0.005556495
170.54073,0.014422793,0.026562054,0.0078030853
170.55756,0.014133696,0.026818436,0.0064890194
170.57431,0.014131082,0.02679991,0.005140569
170.59073,0.014065824,0.026733045,0.007294637
170.6074,0.01410108,0.026795853,0.005737537
170.62436,0.014352703,0.026872538,0.004249924
170.64069,0.01465258,0.026763752,0.0063877576
170.65738,0.015124217,0.026880056,0.0047070812
170.67473,0.015561565,0.026996411,0.0031114586
170.69075,0.015594169,0.027383761,0.0053883074
170.70735,0.016277881,0.027403612,0.0035234971
170.72472,0.016901167,0.02746015,0.0018427224
170.74072,0.017081844,0.027930932,0.004086009
170.75749,0.017662968,0.02794906,0.0021676905
170.77417,0.018274896,0.02806042,0.0005147239
170.79091,0.018568868,0.028169641,0.002492626
170.80728,0.018900553,0.028294398,0.0008492862
170.82375,0.019063031,0.02850718,-0.000937718
170.84041,0.01898767,0.028496278,0.0009839251
170.85718,0.019460408,0.028686851,-0.00067554496
170.87437,0.019471189,0.028738389,-0.0022566258
170.8906,0.018992819,0.028724326,-0.00008093209
170.90715,0.019409213,0.028639529,-0.0018005777
170.92397,0.019813836,0.028512599,-0.0034158705
170.94057,0.0201189,0.028465658,-0.0012497292
170.95757,0.020396411,0.027960109,-0.002767702
170.97435,0.02063495,0.027261576,-0.004061754
170.99054,0.020808121,0.026721856,-0.0018495813
171.00739,0.02124866,0.025236746,-0.0032654156
171.02391,0.021454994,0.025051132,-0.0009667725
171.0406,0.021770028,0.024908518,-0.0021072943
171.05711,0.02264423,0.023855222,-0.003142462
171.07402,0.022838198,0.023595205,-0.00085389504
171.0906,0.023226371,0.022455893,-0.0017083919
171.10738,0.023709232,0.021546818,-0.0025874723
171.12471,0.02440846,0.020140916,-0.0033772106
171.1409,0.02486812,0.01955784,-0.00072284613
171.1573,0.025334278,0.017914956,-0.0016087075
171.17441,0.025790542,0.016970053,0.0007649723
171.19095,0.026528122,0.015265796,0.00032223537
171.20734,0.02749526,0.012877776,-0.0001799531
171.22414,0.02776179,0.0118037155,0.0023293667
171.24098,0.028812828,0.009897674,0.0020131592
171.25697,0.029377442,0.008353495,0.0017639862
171.27379,0.02977566,0.007607214,0.004107825
171.29097,0.030516228,0.0055931015,0.0038721345
171.30814,0.031645887,0.0039081033,0.0037653134
171.32455,0.031414118,0.003187624,0.0065330686
171.34071,0.031791188,0.0021481232,0.006129183
171.35716,0.03305005,0.0011872103,0.00573837
171.37407,0.033090837,0.0007032679,0.008204634
171.39055,0.033145588,0.00048466722,0.008055553
171.40729,0.033151537,0.00050833594,0.0076757954
171.42412,0.033325695,0.00064958504,0.007299758
171.44083,0.033243634,0.0013655828,0.0069154445
171.4579,0.033240072,0.0014534557,0.012201431
171.47447,0.032894183,0.002560083,0.011697955
171.4909,0.032503664,0.0040357835,0.011012239
171.50772,0.03223587,0.0054432857,0.010167864
171.52461,0.031700905,0.007037539,0.00937774
171.54169,0.030850036,0.008813278,0.008524614
171.55785,0.03028779,0.009806635,0.010813708
171.5744,0.029438363,0.011945296,0.009561954
171.59128,0.028668864,0.014240658,0.008479223
171.60843,0.028657297,0.01579361,0.010531344
171.6249,0.027260436,0.018651715,0.009551241
171.64122,0.026395986,0.021496886,0.0083084665
171.65804,0.025581496,0.022719488,0.010080216
171.6745,0.024346415,0.025657058,0.00887191
171.69154,0.023321988,0.028707216,0.0074773
171.70798,0.022558272,0.030118812,0.009476817
171.72409,0.021585852,0.032668304,0.008081124
171.74117,0.020520562,0.035518784,0.0065593463
171.75758,0.019504089,0.036825683,0.008576926
171.7745,0.018655714,0.03954398,0.007199581
171.79126,0.017122958,0.04170595,0.005974747
171.80759,0.01681846,0.043322686,0.007915493
171.82425,0.015153016,0.04630702,0.0065061664
171.84117,0.0136062605,0.048728656,0.0052077197
171.85776,0.012823963,0.049710847,0.007172761
171.87415,0.011243342,0.0522393,0.0059153666
171.89122,0.009353034,0.05504456,0.0046282588
171.90771,0.008271985,0.05617417,0.006678244
171.9241,0.00705659,0.058094513,0.0054983064
171.9409,0.005576501,0.06037614,0.00437853
171.95753,0.0050937077,0.061954796,0.006408789
171.97414,0.0032346596,0.06407088,0.0054493295
171.99075,0.0021839344,0.06485222,0.007441511
172.00757,0.00077341846,0.066372305,0.006528811
172.02443,-0.0010420415,0.06809718,0.0056815958
172.04057,-0.0014807044,0.06895417,0.0077585797
172.05765,-0.0029288635,0.06992299,0.006691119
172.07411,-0.0038641498,0.071196094,0.005946895
172.09071,-0.0052076294,0.0715064,0.007847722
172.10799,-0.006489894,0.072096385,0.007095665
172.12447,-0.0077738226,0.0728246,0.006321443
172.14099,-0.008440966,0.0733711,0.008349911
172.15753,-0.010130855,0.0738029,0.007379692
172.17418,-0.011453469,0.07425738,0.006471976
172.19072,-0.011636459,0.07482393,0.008471048
172.20757,-0.012779754,0.07521782,0.0075871903
172.22409,-0.013831065,0.075182125,0.0068362993
172.2409,-0.014008424,0.074870035,0.008749643
172.25726,-0.01499893,0.07514949,0.007955612
172.27411,-0.015968943,0.07457722,0.0070348387
172.29073,-0.016512197,0.07421106,0.009027902
172.3073,-0.01716886,0.07356039,0.008203999
172.32437,-0.017966112,0.07279975,0.007343844
172.34084,-0.017785484,0.07270122,0.009420458
172.35725,-0.018016746,0.07163389,0.008590718
172.37405,-0.018368172,0.07089282,0.010510611
172.39091,-0.018536273,0.07009972,0.009817388
172.40727,-0.018678933,0.068698876,0.009118071
172.42438,-0.019068804,0.067808256,0.011032061
172.44081,-0.019060861,0.06688051,0.010320999
172.4573,-0.018596621,0.06609316,0.0094183115
172.47392,-0.019085368,0.06493276,0.011303043
172.49042,-0.019232767,0.06339705,0.010448539
172.50761,-0.019311467,0.06187556,0.009533641
172.52391,-0.01885252,0.06167241,0.011540872
172.54065,-0.018914958,0.059837293,0.010524025
172.55756,-0.018864762,0.058249343,0.009605821
172.57367,-0.018666115,0.05780479,0.011456443
172.59055,-0.018335389,0.056178637,0.010309185
172.6073,-0.018086156,0.05450225,0.009342978
172.62411,-0.018272618,0.05326754,0.0111435065
172.6406,-0.017901005,0.051909745,0.010166579
172.65733,-0.01747075,0.050588027,0.009085311
172.6739,-0.016898887,0.05000983,0.010844428
172.69057,-0.016510902,0.04833333,0.009791792
172.70717,-0.016057035,0.046485066,0.008736415
172.72385,-0.015330648,0.046114612,0.010435933
172.74048,-0.01462797,0.04283317,0.0065822974
172.75726,-0.014723667,0.042800386,0.01105137
172.77419,-0.014036133,0.041240383,0.009981912
172.79044,-0.013317127,0.03974666,0.008912382
172.80719,-0.0120570315,0.038510658,0.0076840776
172.82391,-0.011187666,0.036619518,0.006597486
172.84055,-0.010509136,0.03492699,0.005623935
172.85718,-0.010585961,0.03490381,0.010023592
172.87404,-0.010076246,0.033558402,0.009115453
172.89035,-0.009265918,0.031882722,0.008236658
172.90723,-0.008700176,0.03074266,0.0071862196
172.92418,-0.008144183,0.029581642,0.0063782902
172.94049,-0.007421107,0.02830644,0.0056209653
172.95744,-0.006830401,0.02810898,0.007252825
172.97464,-0.0063612675,0.02694424,0.0065096696
172.99142,-0.0058826157,0.025765011,0.005820811
173.00726,-0.0062123537,0.024790213,0.0075646895
173.0246,-0.005290155,0.023937369,0.0065073203
173.04099,-0.004482654,0.023086762,0.005850755
173.0574,-0.0044282684,0.022927249,0.0075054863
173.07391,-0.0035403245,0.022378879,0.0066042957
173.09103,-0.0029010552,0.021514343,0.0057405243
173.10724,-0.003108496,0.02083317,0.0076134787
173.12451,-0.0028095008,0.020168375,0.0066113933
173.14157,-0.0026745605,0.01965927,0.005936652
173.1574,-0.002052444,0.019767493,0.007724764
173.17416,-0.0014905367,0.018766271,0.0067276526
173.19101,-0.001296037,0.018200174,0.008405225
173.20726,-0.0009287673,0.018198788,0.007645975
173.22427,-0.00031211035,0.017465493,0.0067572407
173.24092,0.00017192352,0.017082661,0.008509167
173.25768,0.00091364403,0.016715536,0.007709062
173.27443,0.0011750186,0.016889429,0.0069493507
173.29114,0.0011059786,0.016563201,0.008608945
173.3078,0.0016324712,0.016034568,0.007816547
173.32437,0.0024427199,0.015398725,0.0069958917
173.34096,0.0028620968,0.015672162,0.008623445
173.35764,0.003293314,0.015773606,0.007686764
173.37457,0.0039754286,0.0151322745,0.006836328
173.39113,0.004684063,0.015173995,0.008453022
173.40776,0.0050109234,0.015143865,0.007508294
173.42435,0.005487415,0.015111968,0.006587149
173.44089,0.0059597963,0.0149108125,0.008025241
173.45737,0.006550391,0.014696815,0.007033245
173.47394,0.0069678593,0.01479509,0.006005887
173.49072,0.0070367716,0.015015851,0.007390241
173.50755,0.0071984385,0.014831455,0.006395308
173.52422,0.0077713886,0.014658016,0.005318001
173.5409,0.007929543,0.0152132185,0.0067553795
173.55785,0.007908622,0.0156765,0.005632598
173.57454,0.00817849,0.015593145,0.004557344
173.59059,0.00810874,0.015541322,0.005972124
173.60777,0.0076299957,0.015762206,0.0046895673
173.6243,0.007862793,0.016600592,0.0061539137
173.64058,0.007616634,0.016891614,0.005012946
173.65732,0.0075667854,0.017162517,0.003841846
173.67426,0.007799349,0.017987376,0.005240154
173.69115,0.0075139576,0.01842409,0.0042244964
173.70761,0.007046321,0.018755421,0.0031885328
173.72417,0.0066666603,0.019094335,0.004534022
173.74065,0.00618461,0.020103073,0.003471608
173.75787,0.0056491704,0.021087358,0.0024146787
173.77403,0.0050486256,0.021122053,0.004036639
173.79092,0.0045789867,0.021723907,0.0028966211
173.80777,0.0040937704,0.0226172,0.0019747647
173.82423,0.0039357725,0.023187913,0.003588834
173.84056,0.0031812643,0.023904933,0.0026029327
173.8576,0.0024457946,0.024597475,0.0018112477
173.87419,0.0021051131,0.024924902,0.0012026094
173.89134,0.0014898373,0.025401454,0.0004334563
173.90756,0.0014414024,0.02540444,0.0042474507
173.92418,0.0007164165,0.0260414,0.003459293
173.9407,-0.000013272719,0.026823767,0.0028266658
173.95741,-0.00074561726,0.02746643,0.0022005625
173.9741,-0.0014951943,0.028159153,0.0016388383
173.99088,-0.002480546,0.029181242,0.0010676688
174.00752,-0.0025338896,0.029176801,0.004722871
174.02406,-0.0031293011,0.030148292,0.004156068
174.04092,-0.0049790284,0.030997584,0.0014997118
174.05739,-0.005304384,0.031898364,0.0030737282
174.07379,-0.00641354,0.032736477,0.0024828438
174.09077,-0.00768604,0.033596333,0.0019201905
174.10738,-0.008529517,0.033579558,0.0035068332
174.12413,-0.009914256,0.034685444,0.0030118253
174.14069,-0.011182176,0.036144808,0.0025444508
174.15704,-0.011605323,0.036365185,0.0040588686
174.1737,-0.012908877,0.037348308,0.0035481288
174.19037,-0.013602559,0.03818152,0.0050678183
174.20709,-0.014888544,0.039470393,0.004604707
174.2236,-0.015878046,0.040437747,0.0041847634
174.24057,-0.016901063,0.040869463,0.0056728786
174.25722,-0.01821131,0.042438224,0.0052848053
174.27394,-0.019284116,0.04364505,0.004853652
174.29085,-0.01964651,0.044505224,0.006360117
174.30742,-0.020884616,0.045308016,0.006018964
174.324,-0.022059761,0.04556738,0.005632271
174.34059,-0.022373823,0.04626634,0.007120827
174.35735,-0.023397205,0.046486214,0.0066802083
174.37407,-0.02452396,0.046866573,0.006193198
174.3907,-0.025367916,0.046890967,0.007599551
174.40733,-0.026085764,0.0472507,0.006971085
174.42407,-0.026643094,0.04770183,0.0063269124
174.4405,-0.02733996,0.048137415,0.0076509975
174.45781,-0.02838095,0.048381466,0.0068613268
174.47388,-0.028946936,0.048747715,0.0062008644
174.49065,-0.029424526,0.049035497,0.0073423656
174.50731,-0.030158876,0.04962768,0.006545952
174.52423,-0.030935584,0.049570385,0.0057034837
174.54092,-0.031311788,0.048830643,0.0069604255
174.55756,-0.03169023,0.04856333,0.006087568
174.57378,-0.031857826,0.04893501,0.007230855
174.59064,-0.032420732,0.048557147,0.0061714617
174.60733,-0.032677684,0.04791086,0.0052067293
174.62427,-0.03265508,0.04769455,0.0062628775
174.64104,-0.033368025,0.047177088,0.00529207
174.6578,-0.033357162,0.046717547,0.0042072292
174.67407,-0.033359736,0.046787046,0.005271999
174.69048,-0.03367574,0.046127405,0.0041330745
174.70732,-0.033828303,0.045440726,0.0029821852
174.72414,-0.034042988,0.04503318,0.0019557667
174.74083,-0.033804167,0.04516452,0.002980151
174.75739,-0.033740636,0.04483077,0.001918274
174.77422,-0.03380522,0.04417692,0.0029249385
174.79074,-0.033881452,0.043804303,0.0018818398
174.80748,-0.033717167,0.043197934,0.0008108436
174.8244,-0.033690237,0.043164022,0.0018195974
174.84128,-0.03366987,0.042741437,0.000825805
174.85727,-0.033315632,0.042471245,-0.00019355946
174.87445,-0.03298772,0.042333577,0.00066872244
174.89067,-0.033082765,0.042122975,-0.0003021117
174.90717,-0.032790773,0.041784573,-0.0014434366
174.92415,-0.03285489,0.041295785,-0.00050419656
174.94084,-0.032494836,0.0410292,-0.0014885608
174.95775,-0.03226041,0.040939666,-0.0025081455
174.9744,-0.032033898,0.040852007,-0.0015023884
174.991,-0.03157075,0.040340513,-0.0025591722
175.00728,-0.030958872,0.03939754,-0.0036534797
175.02429,-0.030609947,0.03847857,-0.004811814
175.04109,-0.03066688,0.038433347,-0.001855081
175.05783,-0.030374726,0.03770111,-0.0029374186
175.07414,-0.029720685,0.0369222,-0.0040614144
175.09053,-0.02938484,0.036205765,-0.005265468
175.10733,-0.029226448,0.03559639,-0.0064292937
175.1244,-0.028781582,0.034734588,-0.007502309
175.14116,-0.02883191,0.034692977,-0.004607431
175.15771,-0.028850405,0.033634935,-0.005628342
175.17453,-0.029213572,0.033128247,-0.008617703
175.19174,-0.029456744,0.032490984,-0.009510942
175.20784,-0.02935731,0.032272916,-0.008627159
175.22432,-0.029903205,0.032095864,-0.009665128
175.24068,-0.03077962,0.03202687,-0.010642194
175.25743,-0.031255066,0.03200225,-0.009821463
175.27422,-0.031811878,0.031762637,-0.010769624
175.2913,-0.032882202,0.031361237,-0.011713055
175.30748,-0.033494,0.031634323,-0.0106781265
175.3243,-0.034764003,0.0314098,-0.011687888
175.34123,-0.03645024,0.031440604,-0.012570246
175.35786,-0.037150726,0.030970277,-0.011655716
175.37439,-0.03854757,0.03109843,-0.012504284
175.3915,-0.040252637,0.031177903,-0.0133558465
175.40817,-0.041099418,0.031207202,-0.012380608
175.4242,-0.04303706,0.031267956,-0.013272154
175.44145,-0.04476684,0.03164317,-0.014271113
175.45763,-0.045588847,0.0318005,-0.013342445
175.47441,-0.04698676,0.031930078,-0.014335088
175.49153,-0.048352376,0.031564683,-0.01514633
175.50778,-0.04900647,0.031883694,-0.0142212985
175.52446,-0.050104704,0.03145841,-0.01514689
175.54092,-0.05051636,0.031578146,-0.014287811
175.55809,-0.051682793,0.0315379,-0.015238728
175.57492,-0.052145626,0.031447265,-0.01595124
175.5914,-0.052536424,0.031093331,-0.016698148
175.60747,-0.052779034,0.030858155,-0.016013984
175.62398,-0.053090405,0.030235507,-0.016919628
175.6406,-0.052978836,0.030617446,-0.016299708
175.65744,-0.052915618,0.03036756,-0.017129328
175.67427,-0.052814092,0.030103374,-0.018046761
175.69115,-0.052900534,0.029991798,-0.01729446
175.70732,-0.051973,0.029942617,-0.018172035
175.72426,-0.051173214,0.02981841,-0.019157436
175.74094,-0.051028006,0.029655842,-0.018261919
175.7574,-0.049893636,0.02932387,-0.01911647
175.77423,-0.049138237,0.028934635,-0.019878948
175.79144,-0.04858765,0.028635817,-0.01898159
175.80756,-0.047530577,0.028099678,-0.019525353
175.82402,-0.04658023,0.027960699,-0.020063458
175.84091,-0.04572803,0.028162593,-0.019140426
175.85747,-0.045038078,0.027989788,-0.019363588
175.8742,-0.044133548,0.027835118,-0.019518437
175.89108,-0.043629136,0.027388506,-0.018467693
175.90753,-0.043152366,0.027428031,-0.018381547
175.92445,-0.042258497,0.027212447,-0.01835733
175.9409,-0.041659873,0.027654165,-0.017209826
175.95755,-0.04069205,0.027361223,-0.017067492
175.974,-0.040241163,0.026441574,-0.015918655
175.99083,-0.038846698,0.025935238,-0.01567496
176.00735,-0.037334617,0.025891615,-0.015354369
176.02385,-0.03669339,0.02576033,-0.014103351
176.04063,-0.035280127,0.02513906,-0.013726308
176.05737,-0.033412185,0.024838038,-0.013259837
176.07405,-0.032455664,0.025012955,-0.01191709
176.09085,-0.030950336,0.024764976,-0.0113914
176.10715,-0.029176738,0.024537861,-0.010812801
176.12389,-0.028207904,0.024928374,-0.009512939
176.14058,-0.026289783,0.025014136,-0.008937916
176.15715,-0.024359481,0.02463719,-0.008384091
176.1741,-0.023319779,0.025179159,-0.007103544
176.19081,-0.021259239,0.02483227,-0.0065953005
176.20721,-0.018977225,0.024459768,-0.0060466263
176.22414,-0.017870573,0.024609964,-0.004833185
176.24065,-0.016012346,0.024220029,-0.0042607575
176.25731,-0.013561828,0.024171565,-0.003697398
176.27386,-0.012568234,0.0237787,-0.0024905165
176.2907,-0.009721302,0.023962177,-0.0026855823
176.30743,-0.009744879,0.02395255,-0.0007158163
176.3245,-0.007846574,0.023920022,-0.00015896893
176.34084,-0.0060140025,0.023867223,0.00035119997
176.35751,-0.004461201,0.023851464,0.0007202189
176.374,-0.0030718166,0.024058636,0.0011663681
176.39073,-0.0017208027,0.023953311,0.0015648234
176.40747,-0.0017433668,0.02395215,0.0034459217
176.42398,-0.00068639347,0.02408165,0.0038090802
176.44055,0.00041036174,0.02423853,0.0041195354
176.45735,0.0017409861,0.024455056,0.004453081
176.47406,0.002626399,0.024357516,0.0048312363
176.49048,0.0032970384,0.024814181,0.005157234
176.50719,0.0035776615,0.024948588,0.0062299347
176.52383,0.0041909097,0.02575704,0.006576671
176.54044,0.0043755877,0.026170019,0.006956466
176.55727,0.0045050317,0.026961887,0.008017621
176.57394,0.004515714,0.027044836,0.008406195
176.59074,0.0047577755,0.027184254,0.0088215945
176.60768,0.00500197,0.027869003,0.009826855
176.62395,0.0048031346,0.02805939,0.010289782
176.64082,0.004870693,0.028542617,0.010589489
176.65724,0.004912087,0.028342582,0.011640476
176.67395,0.0047124918,0.029099474,0.011960729
176.69044,0.0045425477,0.029177489,0.012314502
176.70738,0.0044070953,0.02974596,0.013314564
176.72394,0.00432384,0.030082641,0.013700446
176.74127,0.0042105718,0.029997738,0.014057749
176.75764,0.00407087,0.030195618,0.015096576
176.774,0.003373778,0.030568566,0.015456961
176.79086,0.002773269,0.030451518,0.015804563
176.80763,0.0023746672,0.03039996,0.016797123
176.8242,0.0014240751,0.030787677,0.017161474
176.8407,0.00078560424,0.03068922,0.01813194
176.85742,0.00009971658,0.030764062,0.018465579
176.87428,-0.0009887335,0.0312834,0.018761484
176.89146,-0.0014977477,0.0312242,0.019738222
176.90741,-0.002455572,0.031578343,0.02006648
176.9248,-0.003452767,0.031859003,0.020281374
176.94122,-0.004123223,0.031819467,0.021311734
176.95764,-0.0052149086,0.03211434,0.021543292
176.9744,-0.0062449444,0.032367356,0.02178452
176.99098,-0.00678959,0.032579467,0.022675516
177.00757,-0.007603703,0.032735497,0.02289936
177.02466,-0.00841888,0.03223955,0.023076154
177.04085,-0.008711114,0.032578208,0.024063738
177.05817,-0.009151765,0.032128654,0.024185669
177.07423,-0.010058317,0.031492084,0.024614388
177.09116,-0.010129675,0.031559926,0.025324205
177.10754,-0.011314901,0.0311169,0.025664289
177.12444,-0.012092852,0.03046369,0.025998453
177.14151,-0.012572114,0.03082997,0.026714612
177.158,-0.014289593,0.030412504,0.027063528
177.17494,-0.015856093,0.030077629,0.027257577
177.1912,-0.016566034,0.028968556,0.028001305
177.20792,-0.017887637,0.028847583,0.028151667
177.22429,-0.01979041,0.0286875,0.028285816
177.24106,-0.020995205,0.02831583,0.029020837
177.25769,-0.022821005,0.027780823,0.029154887
177.27437,-0.024594244,0.027340995,0.029267501
177.2908,-0.025475616,0.027933845,0.029911222
177.30821,-0.02746637,0.0275896,0.029894318
177.32477,-0.029279418,0.027240954,0.029893365
177.34174,-0.030192493,0.026473314,0.030350195
177.35765,-0.03228606,0.026234625,0.030122489
177.3742,-0.034283478,0.026142858,0.029830603
177.3909,-0.035590243,0.0261841,0.030156843
177.40775,-0.03802895,0.025979027,0.029825624
177.42442,-0.039253805,0.025914311,0.030035447
177.44057,-0.04245116,0.026184538,0.029511293
177.45729,-0.04596903,0.02629812,0.028824838
177.47426,-0.047350224,0.02612988,0.028974444
177.49094,-0.05049036,0.026029842,0.028253652
177.50749,-0.05450479,0.026411252,0.027560746
177.52419,-0.056614194,0.026424326,0.027568357
177.54109,-0.06063309,0.026600897,0.026770515
177.55746,-0.06503707,0.026844623,0.025906656
177.57437,-0.06741412,0.027299706,0.025953325
177.59068,-0.07151042,0.027294343,0.025062969
177.60751,-0.076759696,0.027050806,0.02417182
177.62447,-0.07897571,0.027377238,0.024182517
177.64093,-0.08370259,0.02719905,0.02325392
177.65778,-0.08897097,0.027315814,0.022446709
177.67436,-0.091729745,0.027533468,0.022434246
177.69067,-0.09712371,0.027396474,0.0216771
177.70708,-0.10165218,0.02745467,0.020852285
177.72414,-0.1071577,0.027295176,0.020058166
177.74107,-0.11235513,0.026846811,0.01951344
177.75737,-0.11236652,0.026799377,0.020357043
177.77414,-0.116473146,0.026437204,0.019622395
177.79099,-0.12030984,0.026131773,0.018998032
177.80775,-0.12362136,0.025486238,0.018420566
177.82416,-0.12620768,0.025011439,0.017858911
177.84077,-0.12768386,0.024626607,0.017349472
177.85764,-0.12813722,0.02458126,0.01749135
177.87427,-0.12895899,0.023872793,0.017023932
177.89082,-0.12954232,0.02311915,0.016475232
177.90753,-0.12950362,0.022958139,0.016528742
177.92422,-0.1287311,0.022339672,0.0159666
177.94081,-0.12778533,0.02180979,0.015403699
177.9573,-0.12722757,0.021151854,0.01547975
177.97389,-0.12553632,0.020507483,0.014902702
177.99113,-0.12340267,0.01955556,0.014379047
178.00786,-0.12221214,0.01981313,0.014403966
178.02423,-0.11977292,0.01913343,0.013813058
178.04068,-0.116883084,0.018575264,0.013197102
178.05746,-0.115206815,0.018137231,0.013176458
178.07422,-0.11201314,0.01735478,0.012445997
178.09068,-0.10831681,0.01697347,0.011594443
178.10736,-0.10673445,0.017111287,0.011419371
178.12415,-0.102886885,0.016706554,0.010400721
178.14093,-0.098925784,0.01659225,0.009266487
178.15738,-0.09693019,0.015737072,0.008962564
178.17401,-0.09265404,0.015142198,0.007755394
178.19086,-0.08821797,0.0148512,0.006517256
178.20758,-0.08603166,0.014925483,0.0061894734
178.22458,-0.08143049,0.014480853,0.004888205
178.24101,-0.07894103,0.01394949,0.004492594
178.25732,-0.074224934,0.013519481,0.0031859654
178.27388,-0.06947368,0.013351662,0.0017793258
178.29051,-0.06712714,0.013756223,0.0013185899
178.30733,-0.062070895,0.0135661075,-0.00009896042
178.32384,-0.057092655,0.013331925,-0.0014943226
178.34116,-0.05445327,0.013003033,-0.002047503
178.35756,-0.04999169,0.0132273985,-0.003449592
178.37404,-0.04534475,0.013306577,-0.0048481114
178.39085,-0.042800505,0.0128670875,-0.005403048
178.40749,-0.038262602,0.012840532,-0.006804673
178.42421,-0.033655696,0.013016101,-0.008228013
178.44125,-0.031320266,0.013054189,-0.008801127
178.45757,-0.027084524,0.013584121,-0.010233018
178.47452,-0.022630198,0.013740114,-0.01176023
178.49081,-0.020336274,0.013673943,-0.012293701
178.50755,-0.015579059,0.013693535,-0.013836594
178.52423,-0.011440362,0.013760546,-0.015317203
178.54077,-0.009103992,0.014323435,-0.015937008
178.55734,-0.005102657,0.014342185,-0.017473817
178.57419,-0.0010201874,0.014211471,-0.018977407
178.59096,0.00097310165,0.013466187,-0.019590478
178.60747,0.004809482,0.013518434,-0.020973668
178.62437,0.008761463,0.013426938,-0.022391172
178.6416,0.010423234,0.013683878,-0.022861006
178.65762,0.0141331535,0.013602832,-0.02426155
178.67471,0.018035188,0.013461757,-0.025535038
178.69138,0.019724358,0.013594764,-0.025976913
178.70784,0.023198491,0.013679266,-0.026995778
178.72435,0.024767114,0.013243959,-0.027326366
178.74098,0.027841017,0.013355102,-0.02819781
178.75766,0.031096367,0.013580931,-0.02888778
178.77449,0.033846598,0.013633985,-0.029472867
178.79132,0.035127677,0.013538741,-0.029591741
178.80763,0.038461145,0.013277638,-0.029816212
178.82443,0.039873287,0.0134807285,-0.029795153
178.84114,0.042778604,0.013627471,-0.029571563
178.85828,0.045528464,0.013563777,-0.029238725
178.87476,0.046772167,0.013966782,-0.029035972
178.89166,0.04861379,0.013825319,-0.028402366
178.90805,0.05032891,0.013620373,-0.027583623
178.92451,0.050964966,0.013711513,-0.027134014
178.94066,0.051882926,0.01436971,-0.026067212
178.9576,0.052921116,0.014619831,-0.024835542
178.97444,0.0531575,0.014207753,-0.024292307
178.99112,0.053519584,0.014227227,-0.02294775
179.0079,0.05332776,0.014534665,-0.02145466
179.02483,0.05314403,0.014774508,-0.020748455
179.04169,0.052311778,0.014337039,-0.019150505
179.05835,0.051357243,0.014224245,-0.01751783
179.07507,0.050641503,0.014833185,-0.01670383
179.0914,0.049037974,0.014862908,-0.014920658
179.1076,0.0472264,0.014675,-0.01308262
179.12503,0.044848986,0.01459913,-0.01125486
179.14136,0.04215462,0.014693909,-0.009422321
179.15796,0.03968035,0.015036498,-0.007575227
179.17442,0.03968271,0.015031073,-0.007853594
179.19092,0.036397606,0.015416317,-0.006008254
179.20764,0.03360211,0.015253518,-0.0041655926
179.22426,0.030660959,0.01532708,-0.002426139
179.24088,0.0274111,0.016019152,-0.0006760023
179.25761,0.025605187,0.015737737,0.00006133502
179.27429,0.022044227,0.01582264,0.0016721389
179.29088,0.018186405,0.015704436,0.0032588167
179.30765,0.016496748,0.016474754,0.0038354616
179.32394,0.012704837,0.016397811,0.0052513015
179.3414,0.008605479,0.016239552,0.0065832045
179.35767,0.006696228,0.01683923,0.006956375
179.3742,0.0024969843,0.016802236,0.008153479
179.39137,-0.0014882161,0.01717488,0.009215782
179.40799,-0.0035337796,0.016602978,0.009452389
179.42424,-0.008032223,0.016954003,0.0103739025
179.44066,-0.012355849,0.017127225,0.011259508
179.45737,-0.014445538,0.017721165,0.011348691
179.47421,-0.018374017,0.017949248,0.01209949
179.49133,-0.022851745,0.018216992,0.012685814
179.50758,-0.025109958,0.01830562,0.012662326
179.52423,-0.02939742,0.019368093,0.013173284
179.54115,-0.033561483,0.020307625,0.013557346
179.5576,-0.03583849,0.020477885,0.013467594
179.57426,-0.04060684,0.020940337,0.013784348
179.59126,-0.04410879,0.02185764,0.0140066175
179.60799,-0.045917816,0.02260155,0.013779435
179.6243,-0.050218273,0.02323922,0.0139377555
179.64078,-0.05445379,0.023845416,0.014062734
179.65765,-0.05617387,0.023930259,0.01375659
179.67409,-0.059725065,0.024468942,0.013770229
179.69095,-0.061054744,0.024630597,0.013418014
179.70757,-0.06451402,0.02472772,0.013418543
179.72424,-0.0674956,0.02484157,0.013369489
179.74089,-0.06888472,0.02535824,0.012931911
179.75748,-0.07189127,0.025455493,0.01281688
179.77397,-0.074944116,0.025632804,0.012664876
179.79085,-0.07653539,0.026147211,0.01222405
179.80765,-0.07913258,0.026420182,0.012013978
179.82422,-0.08236741,0.026883489,0.011788793
179.84068,-0.084124826,0.02639532,0.011283736
179.85757,-0.08713712,0.026297284,0.01101902
179.8741,-0.09001723,0.026374172,0.010689715
179.89081,-0.09124287,0.026786435,0.010090007
179.90744,-0.09401101,0.027029548,0.009687392
179.92448,-0.096894115,0.026678389,0.009285629
179.9406,-0.09767075,0.026864523,0.008574955
179.95723,-0.099432684,0.026856393,0.008138333
179.9739,-0.10038398,0.027027598,0.0074598514
179.99075,-0.10230728,0.026893618,0.006932955
180.00743,-0.103760876,0.026848396,0.006309492
180.0239,-0.10415684,0.027103893,0.005576573
180.04051,-0.105071,0.02717385,0.004956228
180.05746,-0.10654528,0.027532842,0.004315701
180.07384,-0.10672533,0.027144777,0.0034719429
180.09062,-0.106950745,0.027370762,0.002801715
180.10722,-0.10713463,0.027561763,0.0020662937
180.12381,-0.10757903,0.027459743,0.0012069561
180.14047,-0.10806953,0.027594466,0.00048262975
180.15709,-0.10767904,0.02759875,-0.0001863004
180.17381,-0.10731831,0.027062906,-0.0010962739
180.19064,-0.106844634,0.026954662,-0.001718736
180.20763,-0.10654046,0.027119635,-0.0023464505
180.22401,-0.105927914,0.027286235,-0.0032824522
180.24052,-0.10404758,0.027093139,-0.003818984
180.25761,-0.10249428,0.02696346,-0.004318173
180.27403,-0.101813845,0.026848478,-0.00516743
180.29118,-0.09969998,0.026778743,-0.0056090914
180.30782,-0.09698047,0.02646837,-0.0060182028
180.3242,-0.09547208,0.026071006,-0.006759791
180.34128,-0.09298784,0.025611976,-0.0070032384
180.35846,-0.08976545,0.025440395,-0.0071887346
180.37456,-0.087984614,0.02559496,-0.007906901
180.3912,-0.08429354,0.025351912,-0.007908408
180.40747,-0.08105034,0.02506056,-0.007847223
180.4247,-0.07896139,0.024880007,-0.0083943
180.4412,-0.072909385,0.02451303,-0.007565303
180.4575,-0.072893746,0.024559295,-0.008834476
180.47437,-0.06890337,0.024327049,-0.008570469
180.49103,-0.0649161,0.024280326,-0.008342086
180.50812,-0.060409334,0.023858512,-0.007950739
180.5245,-0.05610454,0.023425113,-0.0075306348
180.5417,-0.051865872,0.023326492,-0.0070232055
180.55809,-0.049747124,0.022989972,-0.007470155
180.57426,-0.04504456,0.023187535,-0.006869791
180.59131,-0.04022048,0.022915792,-0.0062024477
180.60814,-0.038213827,0.022842096,-0.006589467
180.6246,-0.034257695,0.022612138,-0.005911502
180.64252,-0.029706389,0.02260445,-0.0051484634
180.65744,-0.027395017,0.02298467,-0.005577547
180.67406,-0.022884507,0.022604544,-0.004654397
180.69118,-0.018909816,0.022323584,-0.003814707
180.7078,-0.016816013,0.022593863,-0.0041342624
180.72455,-0.012864017,0.02224357,-0.0032396582
180.74107,-0.008943801,0.021829728,-0.0023234936
180.75786,-0.0070144273,0.02232323,-0.002587204
180.77458,-0.0036580262,0.021966862,-0.001693051
180.79143,-0.000009394367,0.022001257,-0.000738928
180.80777,0.0015498956,0.021620732,-0.0010732609
180.82469,0.0047652493,0.02185919,-0.00008309017
180.84158,0.007834783,0.022099484,0.00085475075
180.85812,0.009520558,0.022437584,0.00051171635
180.8745,0.0120786205,0.022729697,0.0014864646
180.89178,0.014701925,0.023042293,0.0024907778
180.90756,0.015954837,0.023280993,0.0020843712
180.92435,0.018569632,0.023072015,0.0031135005
180.94144,0.019868542,0.023665601,0.0027583695
180.95804,0.022173684,0.023521991,0.0036420524
180.97438,0.02423582,0.023281237,0.004554359
180.99124,0.025344875,0.023556266,0.004163773
181.00775,0.027256526,0.023610385,0.004996189
181.02443,0.02892062,0.023738421,0.005849515
181.04114,0.029619498,0.023076644,0.005373625
181.05765,0.030969992,0.023167724,0.006126114
181.07455,0.032343306,0.023381185,0.0068607023
181.0914,0.03327352,0.023551846,0.0075393035
181.10785,0.033563282,0.024170235,0.006980477
181.12453,0.0339176,0.02390101,0.007614367
181.14127,0.03436648,0.024722064,0.0069853878
181.15778,0.034794886,0.024977429,0.007518505
181.17505,0.03519417,0.025154212,0.0080404775
181.19109,0.035247926,0.024464972,0.007216822
181.20747,0.035389453,0.024765454,0.007702935
181.22444,0.035561956,0.025276948,0.008107287
181.24107,0.035411276,0.025685357,0.0073428005
181.25757,0.034817852,0.025858335,0.007611252
181.27441,0.033993814,0.026132852,0.007853133
181.29103,0.03349257,0.026600856,0.006941864
181.30742,0.032354843,0.027028924,0.0070790565
181.32408,0.030905813,0.027594648,0.007197187
181.34132,0.030176414,0.027018096,0.0062222607
181.3579,0.028319176,0.0275466,0.0061756037
181.37407,0.02622744,0.02830699,0.0061265053
181.39124,0.025331844,0.028737314,0.0051452876
181.40773,0.023070168,0.02929718,0.004949423
181.42409,0.021091301,0.029758606,0.004840435
181.4413,0.020259965,0.030121585,0.0038088534
181.45752,0.017933356,0.030826103,0.0036333536
181.47427,0.01658185,0.030794563,0.0026278712
181.49077,0.013783933,0.0313212,0.0025325476
181.50755,0.010986099,0.032076243,0.002526351
181.52408,0.009762031,0.03263556,0.0014643219
181.5411,0.006765383,0.033552393,0.0015051421
181.55801,0.0037102993,0.03373068,0.0015159313
181.57446,0.002449235,0.034358762,0.00046613454
181.59111,-0.0005776359,0.034696586,0.00060054957
181.60738,-0.0037176223,0.03492972,0.00078402495
181.62393,-0.005230027,0.03456352,-0.00017506845
181.6409,-0.008483588,0.034786984,0.00010473084
181.65779,-0.011301949,0.035507027,0.00038566467
181.67422,-0.012914829,0.035271198,-0.0005765325
181.69093,-0.01612462,0.03539643,-0.00017822855
181.70778,-0.01909455,0.035765357,0.0002365261
181.7242,-0.020614004,0.036481354,-0.0006900373
181.74072,-0.023478182,0.036512937,-0.00018538497
181.7574,-0.026607225,0.036548845,0.0003581365
181.77397,-0.028221214,0.03602474,-0.0005025121
181.79047,-0.03098387,0.036224727,0.00007177092
181.80753,-0.033749763,0.036508568,0.0007186652
181.82404,-0.03673772,0.036535222,0.0013406632
181.84071,-0.039481778,0.036426414,0.0020600613
181.85738,-0.039439026,0.036472827,-0.00028881917
181.87411,-0.042059902,0.03624423,0.00041007315
181.8907,-0.04487176,0.03600948,0.0011117199
181.90742,-0.04739498,0.03592251,0.0018730514
181.9241,-0.04981633,0.035684086,0.0026844158
181.94084,-0.051984183,0.035314936,0.003526923
181.95734,-0.053132482,0.03482279,0.0027204636
181.97397,-0.055294033,0.034499172,0.0036370717
181.99054,-0.05744512,0.034095775,0.004401264
182.00742,-0.058422267,0.033827014,0.0036864786
182.02472,-0.060219377,0.03334461,0.0044018487
182.04066,-0.06198578,0.032868665,0.00516665
182.05754,-0.06273723,0.033240814,0.0043990365
182.07393,-0.06483642,0.032849144,0.0052065407
182.0908,-0.066426754,0.032227334,0.006135848
182.10751,-0.067411184,0.031786688,0.0051040435
182.12422,-0.06974418,0.031637475,0.0059913127
182.14136,-0.07191918,0.031372022,0.0067814398
182.15717,-0.07309301,0.031136937,0.0058298716
182.17407,-0.07472466,0.031194748,0.0068182154
182.19049,-0.07663275,0.03144506,0.0073891166
182.2073,-0.07821257,0.031675417,0.0066909664
182.22404,-0.07989262,0.03179835,0.007367704
182.24089,-0.08147293,0.032139204,0.008128362
182.25752,-0.082646646,0.032403797,0.0071953507
182.27452,-0.08536583,0.033014525,0.007956513
182.29088,-0.088258006,0.033978336,0.008731974
182.30757,-0.08905671,0.034114286,0.007764076
182.32431,-0.09138538,0.03517635,0.008522259
182.3411,-0.09251485,0.035237018,0.0075927684
182.35744,-0.0950862,0.035858504,0.008256785
182.3741,-0.097425535,0.036736567,0.009016207
182.39133,-0.09918669,0.037139814,0.009833575
182.40787,-0.09989726,0.03775052,0.008483883
182.42497,-0.10118204,0.037966028,0.009200239
182.44086,-0.10143047,0.03851987,0.007859356
182.4578,-0.10152806,0.0385775,0.008612105
182.47478,-0.10099536,0.039123412,0.009005911
182.49075,-0.10082758,0.03914025,0.007767382
182.50739,-0.10010099,0.039400138,0.008358287
182.52498,-0.09883398,0.039962206,0.008775263
182.54117,-0.09794259,0.03976727,0.0074656387
182.5578,-0.09545385,0.039669104,0.007975229
182.5744,-0.093401596,0.03973987,0.0084316125
182.59106,-0.09212844,0.039608575,0.0072461506
182.60823,-0.088622324,0.039664622,0.007629129
182.62445,-0.085404314,0.038958892,0.00798006
182.6413,-0.08388124,0.038705766,0.00680291
182.6584,-0.0804598,0.03846334,0.0071514896
182.67465,-0.07625951,0.0377175,0.00749095
182.69121,-0.07420752,0.03686643,0.0063191345
182.70844,-0.07023392,0.036129117,0.006730233
182.72469,-0.065774284,0.035475165,0.007037747
182.7413,-0.06331299,0.035048585,0.005778312
182.75795,-0.05851768,0.033854958,0.0062282723
182.77461,-0.05337296,0.03249023,0.0066495067
182.79099,-0.050817538,0.03225316,0.005357114
182.80768,-0.045166515,0.030726857,0.0059034857
182.82465,-0.04012544,0.029226555,0.0063526486
182.84126,-0.0373938,0.028821228,0.005035459
182.85805,-0.031875126,0.027716676,0.0055000857
182.87483,-0.027173275,0.026401037,0.006008076
182.8913,-0.024663152,0.025509248,0.0046901107
182.90782,-0.019755282,0.02445571,0.0052022496
182.92442,-0.017250687,0.024148777,0.0039393967
182.94101,-0.012395972,0.02318294,0.004423658
182.95778,-0.007662899,0.021917097,0.004838739
182.97462,-0.005563165,0.02134197,0.0034855735
182.99118,-0.000975362,0.020387843,0.0038522587
183.00746,0.0036945445,0.018946383,0.0042756544
183.02435,0.0059742085,0.01861505,0.0030040871
183.04123,0.009881659,0.017961767,0.0033706662
183.058,0.014437527,0.016761642,0.0037795743
183.07433,0.016922588,0.016826093,0.0023715436
183.09077,0.02053763,0.015898237,0.0029092105
183.10759,0.024150405,0.014798396,0.0033813936
183.12447,0.025938889,0.014305648,0.001914759
183.14105,0.029636309,0.013655411,0.0023141492
183.15768,0.03451701,0.0130677335,0.004614501
183.17442,0.0345386,0.013010649,0.0013075641
183.19084,0.037884433,0.012680062,0.0017184479
183.20735,0.04085007,0.012183335,0.0022389085
183.22455,0.04309357,0.011568923,0.0027628453
183.24146,0.04559248,0.011492408,0.003069029
183.25778,0.045612104,0.011414372,-0.00035307114
183.27441,0.048250772,0.010997513,0.00018467428
183.29134,0.04988953,0.010905688,0.0006798618
183.30783,0.05136019,0.0107873045,0.0010675782
183.32442,0.05307793,0.01112218,0.0016076736
183.34091,0.054161176,0.011503949,0.0021669078
183.3578,0.05478394,0.012046065,0.0027582776
183.37433,0.055209886,0.012090609,0.00124179
183.3911,0.056181,0.012849708,0.0019111956
183.40773,0.05662651,0.013212246,0.00040632294
183.4242,0.056910522,0.01398624,0.0010735106
183.44093,0.057011724,0.014790056,0.0017583
183.45749,0.057002902,0.014832828,0.0002764269
183.4743,0.056955505,0.016078874,0.0010143176
183.49118,0.05620795,0.017307486,0.0016364384
183.50752,0.055925537,0.017766552,0.00018211782
183.52428,0.055379447,0.018900039,0.0009609079
183.54088,0.054600302,0.020075485,0.0017021921
183.55743,0.053832963,0.020954283,0.00033424934
183.5743,0.052407984,0.02281477,0.0011588762
183.59077,0.050796855,0.02445882,0.0019452692
183.60744,0.049906977,0.025148965,0.00060405326
183.62418,0.048225563,0.026751896,0.0014503084
183.64078,0.046177045,0.028110946,0.0023247385
183.65779,0.045282595,0.029138517,0.00091640896
183.67415,0.04288006,0.03050016,0.0016610199
183.69095,0.04040826,0.03145992,0.0025493898
183.70743,0.03937059,0.032296464,0.0011597383
183.72417,0.03685049,0.033352494,0.0020440458
183.74083,0.03528929,0.033118088,0.0006764019
183.75755,0.033323016,0.034461025,0.0015297751
183.77419,0.030674538,0.03566573,0.0024184464
183.79103,0.028980551,0.035356667,0.0010292267
183.8075,0.026354065,0.03640183,0.0018793689
183.82405,0.023595165,0.037616376,0.0028593442
183.84055,0.022003625,0.037580334,0.001468649
183.85728,0.01904876,0.038491264,0.0024371787
183.87415,0.016196335,0.0391589,0.0033587394
183.8909,0.015082439,0.039926283,0.0018540801
183.90752,0.012134632,0.040606227,0.002724311
183.92398,0.009005221,0.041451644,0.0036228823
183.94087,0.0070840768,0.04123041,0.0021847906
183.95766,0.004316643,0.04229813,0.0029451724
183.9744,0.0015837869,0.04284879,0.0037987938
183.99097,-0.000047378307,0.043106437,0.002287511
184.00769,-0.0031423809,0.04385626,0.00312075
184.02443,-0.0057083867,0.044356655,0.003928771
184.04086,-0.0068934783,0.044694327,0.0023675768
184.05804,-0.009626436,0.04562056,0.0032481456
184.07405,-0.011171138,0.046005674,0.001583133
184.09106,-0.014074081,0.047025245,0.0025315543
184.10834,-0.017039329,0.047421075,0.0032948107
184.12512,-0.020138374,0.047673322,0.0039868574
184.1414,-0.021616457,0.04804193,0.002369917
184.15762,-0.024781816,0.048354827,0.003265135
184.1739,-0.025817126,0.049108807,0.0017033041
184.19069,-0.028521072,0.04937898,0.0026187382
184.20741,-0.031210642,0.049506955,0.0033720662
184.22443,-0.0339066,0.049936634,0.004171892
184.24171,-0.035446078,0.05012553,0.0024606895
184.25763,-0.037851855,0.050328556,0.003109542
184.2745,-0.039295845,0.050349142,0.0016522183
184.29097,-0.04180528,0.050515816,0.0022933462
184.30812,-0.04404121,0.050619587,0.0030674646
184.32489,-0.04470093,0.051249765,0.0012397208
184.3412,-0.046797525,0.051178887,0.0017549887
184.35803,-0.04881963,0.0511469,0.0023722176
184.37453,-0.04945633,0.051111992,0.00051986205
184.39108,-0.051006358,0.05092877,0.0010577951
184.40852,-0.05238496,0.0507792,0.0015663393
184.4245,-0.052776564,0.0507804,-0.00044051625
184.4414,-0.05403102,0.050423145,0.00018135835
184.45808,-0.055000283,0.05001184,0.00058521435
184.47473,-0.055379868,0.049607877,-0.0013176294
184.4912,-0.055843085,0.049214285,-0.000864286
184.5081,-0.056376047,0.04862202,-0.00030101367
184.52449,-0.05690529,0.048011694,-0.0022223333
184.54109,-0.057009343,0.04707387,-0.0016223906
184.55801,-0.05667377,0.04551085,0.0013129651
184.57457,-0.056574706,0.045633692,-0.0030276296
184.59116,-0.056386013,0.044344403,-0.0024856287
184.6074,-0.056083836,0.042787243,-0.001960862
184.62433,-0.055323698,0.041103,-0.0013125748
184.64114,-0.05458438,0.039586272,-0.0008162642
184.65834,-0.053810116,0.037876293,-0.00029581256
184.67467,-0.05372512,0.03799666,-0.00477288
184.6912,-0.052661605,0.036323506,-0.004152297
184.70772,-0.050992567,0.03338875,-0.0010795466
184.72455,-0.050012194,0.03294837,-0.0028937082
184.7412,-0.048675302,0.031163434,-0.0023807702
184.7578,-0.04707588,0.02929136,-0.0018240826
184.77457,-0.046060566,0.02870348,-0.003706153
184.79117,-0.044418864,0.027241006,-0.0031407978
184.80777,-0.04368738,0.026223226,-0.0050040027
184.82448,-0.041982576,0.024754016,-0.004391258
184.84106,-0.040245727,0.02356965,-0.0037804116
184.85782,-0.039125603,0.023435991,-0.005664158
184.87436,-0.037028395,0.022017047,-0.005033154
184.89104,-0.034959592,0.020907398,-0.0043366416
184.90767,-0.03410603,0.020250125,-0.0062339325
184.92416,-0.03191081,0.019253284,-0.005507959
184.94078,-0.029714206,0.018772392,-0.0047377697
184.95769,-0.028560726,0.018494025,-0.0066051693
184.97495,-0.026466824,0.01819647,-0.005903722
184.99109,-0.024290329,0.017933464,-0.005244948
185.00784,-0.02289468,0.017926253,-0.0069619617
185.02428,-0.020539438,0.016938806,-0.0060923584
185.041,-0.01818377,0.016412774,-0.0050710463
185.05739,-0.017516967,0.016177917,-0.006866454
185.07402,-0.015531062,0.015570366,-0.0057781725
185.09074,-0.015495192,0.015606112,-0.010383489
185.10748,-0.012844848,0.014846564,-0.0064497483
185.12408,-0.011204063,0.014971002,-0.005400688
185.14154,-0.009159666,0.014903139,-0.004218478
185.15755,-0.008110139,0.014529742,-0.0061752163
185.17409,-0.0062734894,0.014331495,-0.0047962544
185.191,-0.0049432167,0.014682081,-0.006480619
185.20767,-0.0030713652,0.014645552,-0.0053351996
185.22446,-0.0014101824,0.014449697,-0.0040612607
185.24106,-0.0006738559,0.013807803,-0.00581506
185.25769,0.0010681786,0.013533753,-0.0044757985
185.27429,0.0028327063,0.013579429,-0.003124573
185.29117,0.003946073,0.013959511,-0.004805228
185.3077,0.0056253355,0.013698888,-0.003489321
185.32477,0.007438463,0.014014815,-0.0020386602
185.34105,0.008217989,0.014176669,-0.0038385587
185.35754,0.010149478,0.0143312,-0.0023036925
185.37428,0.011967866,0.014619793,-0.0008194075
185.39076,0.012558482,0.014747092,-0.002520335
185.40762,0.01396507,0.0153879095,-0.0010821935
185.42435,0.01584416,0.016379327,0.0002899846
185.44083,0.016091576,0.01634005,-0.0014144626
185.45741,0.017697152,0.017001882,0.00005090326
185.47404,0.018905742,0.017231762,0.0015298658
185.49086,0.019787038,0.01774171,-0.00012714055
185.50757,0.021111503,0.018307798,0.0012439856
185.52429,0.022222023,0.018821554,0.0026666787
185.54097,0.023336535,0.019301232,0.00090698205
185.55762,0.024459295,0.020068577,0.0023444563
185.57445,0.025294758,0.020846246,0.0037515014
185.5911,0.025330076,0.020901974,0.001973604
185.60768,0.026228132,0.022018667,0.003358364
185.62436,0.02726737,0.02314447,0.0047881235
185.64099,0.02749472,0.023539472,0.0029863312
185.65764,0.028225582,0.024287125,0.004298739
185.67435,0.029004516,0.024983248,0.0025086864
185.69092,0.029327702,0.026098026,0.0037622093
185.70789,0.029668767,0.027275005,0.0050766156
185.72429,0.029755399,0.027868519,0.0031205488
185.74127,0.030088622,0.029067263,0.004459519
185.75801,0.030295912,0.030748073,0.0056301216
185.77463,0.030130686,0.031281054,0.0036943648
185.79103,0.030013867,0.032664128,0.0049228272
185.80782,0.029933967,0.034075707,0.0061940937
185.82439,0.03014903,0.0349443,0.004209993
185.84122,0.030095661,0.036544017,0.0054124943
185.85818,0.029810844,0.03817807,0.009622199
185.8743,0.029909743,0.03810058,0.0044354876
185.89131,0.029882286,0.03968501,0.0057260673
185.90764,0.029808486,0.041442554,0.0067246044
185.92451,0.029673759,0.042120267,0.0047894856
185.94098,0.029483808,0.043339252,0.0057774736
185.95792,0.029044116,0.044536307,0.006887117
185.97443,0.02867611,0.04582919,0.007840212
185.99123,0.028089289,0.047172,0.008877872
186.00789,0.028212076,0.04709839,0.0036640202
186.02492,0.02741346,0.0482352,0.004690584
186.04134,0.026617952,0.049615376,0.0054843724
186.05788,0.025923833,0.051004596,0.0064379787
186.0749,0.025462272,0.05201631,0.007355539
186.09128,0.024667306,0.05307624,0.008146361
186.10815,0.024383044,0.053792767,0.0060128463
186.12468,0.02364881,0.05506085,0.0067250445
186.14111,0.022705847,0.055478513,0.0074799815
186.15811,0.022083899,0.05604251,0.005280478
186.17462,0.021206643,0.056708623,0.005822458
186.19102,0.020180887,0.05706499,0.0064372276
186.2084,0.020299181,0.057392888,0.004160693
186.22488,0.019336395,0.057380237,0.004446819
186.24135,0.018781226,0.05759385,0.004995028
186.25787,0.018903174,0.05777043,0.0026567774
186.27516,0.017990146,0.057713326,0.0031725354
186.29109,0.017036848,0.057531457,0.003432501
186.30789,0.016046546,0.05710399,0.0011863328
186.32524,0.015137076,0.056890283,0.001578922
186.34128,0.014250905,0.05639683,0.0017423376
186.35786,0.014447987,0.056340475,-0.000541167
186.37518,0.013487099,0.055910837,-0.00011547009
186.39128,0.012669958,0.05503504,0.00008426217
186.40802,0.0125216255,0.054747634,-0.0022102462
186.42444,0.011577188,0.054166783,-0.0017562599
186.44113,0.010661565,0.05291607,-0.001155099
186.45796,0.01087519,0.05275653,-0.0035877551
186.47449,0.009949097,0.0517185,-0.0030478926
186.49115,0.009209022,0.050884742,-0.002407357
186.50778,0.008640379,0.05002297,-0.0048650973
186.52417,0.007758364,0.04894398,-0.0041993307
186.54109,0.007874771,0.048438292,-0.0065255202
186.55782,0.007135094,0.047216874,-0.0059285364
186.57472,0.006455288,0.045718018,-0.0052262517
186.59097,0.0065004174,0.04489365,-0.0077640205
186.60773,0.0054950872,0.044003047,-0.006943559
186.6244,0.0048142676,0.042647287,-0.0061892522
186.64114,0.0045374464,0.04178231,-0.008584845
186.6578,0.003952475,0.04047886,-0.007783689
186.67451,0.0035530075,0.039426208,-0.0069374046
186.6912,0.0036903343,0.039054275,-0.009300259
186.70792,0.003104707,0.037835017,-0.008406232
186.7247,0.002037606,0.03664613,-0.0075336997
186.7412,0.002313512,0.03635387,-0.0099057825
186.75781,0.0016786308,0.035352405,-0.008922072
186.77444,0.00096321147,0.03402406,-0.007961741
186.79092,0.00027626904,0.033142984,-0.010283449
186.80762,-0.0003697829,0.03207739,-0.009221464
186.82414,-0.00092499505,0.03117342,-0.008237153
186.841,-0.00069583184,0.030724902,-0.010492403
186.85771,-0.0010965009,0.029638408,-0.009541117
186.87495,-0.0015546769,0.028700804,-0.008429587
186.89085,-0.0017421574,0.028150303,-0.010934497
186.90767,-0.0016496428,0.026835106,-0.009510175
186.92441,-0.0021390992,0.025832152,-0.008302792
186.94096,-0.0024562406,0.025148237,-0.010632586
186.95786,-0.0023919938,0.024382323,-0.009299782
186.97409,-0.0018497355,0.023759015,-0.011635558
186.99136,-0.0020223258,0.022470875,-0.010130346
187.00748,-0.0020393513,0.021340229,-0.008927238
187.0241,-0.0017361522,0.020565992,-0.01096843
187.04088,-0.0014503448,0.019028168,-0.009475909
187.05745,-0.0013542178,0.017330213,-0.008144687
187.07426,-0.0015989676,0.016626455,-0.010141335
187.0908,-0.00090012315,0.014852819,-0.008763936
187.1074,-0.00069381593,0.013611492,-0.0071849967
187.12413,-0.0006453232,0.013026393,-0.00922564
187.14072,0.00025336308,0.011709647,-0.0077136094
187.1574,0.00087412726,0.010758816,-0.006047658
187.17418,0.0008518496,0.010065956,-0.0081619015
187.19073,0.0015990095,0.009218604,-0.0065493127
187.20735,0.0021397066,0.008470015,-0.004871631
187.22408,0.0016816391,0.0081933895,-0.006864493
187.24104,0.0017558738,0.007598997,-0.0053242594
187.25766,0.002277382,0.0074089183,-0.0037832027
187.27402,0.0030057577,0.007522768,-0.005842918
187.29074,0.003431778,0.007410182,-0.0041273627
187.3074,0.0037696774,0.0074503496,-0.0025694075
187.32436,0.00450493,0.007745341,-0.0010191243
187.34097,0.005341308,0.007603897,0.00041485418
187.35756,0.005363848,0.007588276,-0.005487229
187.3741,0.005942715,0.0076789167,-0.003922676
187.39091,0.0067633856,0.008098811,-0.0023886028
187.4076,0.008188938,0.008456346,-0.0011092094
187.42418,0.008741567,0.008283132,0.00029824476
187.44136,0.010145614,0.008268601,0.0016447174
187.45767,0.010171011,0.008237341,-0.0045100143
187.4743,0.0108207045,0.008192205,0.0005846831
187.49062,0.011605099,0.0076227933,0.0018146922
187.50792,0.01242255,0.0075962828,-0.00029651987
187.52455,0.013315841,0.0073721954,0.0006762131
187.54124,0.01415212,0.0073234476,0.0021164152
187.5583,0.014543061,0.0069435723,-0.0004647854
187.57516,0.015062447,0.0066285813,0.00081486185
187.59099,0.015864186,0.006407178,0.0020330534
187.60782,0.016262978,0.0061916695,-0.00011983654
187.62462,0.01681469,0.0058140503,0.0011476924
187.64156,0.017437335,0.0058116145,0.002249896
187.6586,0.018211016,0.006056688,-0.00026750713
187.67458,0.01922314,0.00626502,0.0007875626
187.69174,0.019969724,0.006145857,0.0021898127
187.7076,0.020158252,0.0061920923,-0.00048279398
187.72447,0.02097455,0.0065000574,0.00097494747
187.74133,0.021688832,0.0067172977,0.0020710395
187.75784,0.02251278,0.00689337,-0.0005318316
187.7742,0.023438895,0.0071216314,0.00070417806
187.79152,0.024056103,0.0074353027,0.0019671118
187.80835,0.024408659,0.0076940325,-0.00081850647
187.82487,0.025272781,0.0082329875,0.00020953294
187.84142,0.026640166,0.008397775,0.0013990956
187.85783,0.026164975,0.008798066,-0.0010646327
187.87453,0.026999542,0.009242514,0.0000621547
187.89139,0.027821796,0.009549924,-0.002485762
187.9078,0.028694939,0.0101141995,-0.0015486391
187.92459,0.029087953,0.010565498,-0.00047655913
187.94133,0.030152656,0.010515656,-0.0031213777
187.95828,0.03070995,0.01115669,-0.0021646956
187.97488,0.031314082,0.011747463,-0.0013192331
187.9913,0.0310817,0.011964931,-0.0039238376
188.00774,0.032003127,0.012356346,-0.0028611417
188.0244,0.0326601,0.012928947,-0.001806237
188.04124,0.03296041,0.013254909,-0.004418481
188.05788,0.03385089,0.0136371115,-0.0035008874
188.07504,0.034374986,0.014240434,-0.002474205
188.09114,0.03427976,0.014618998,-0.005291061
188.10815,0.035739012,0.015366099,-0.004054176
188.12498,0.036254615,0.015892927,-0.0031170722
188.1413,0.03582342,0.016109817,-0.005808717
188.15753,0.036320515,0.016676398,-0.0046077464
188.17429,0.036728736,0.017183699,-0.003317239
188.191,0.037503213,0.017346656,-0.005924872
188.20776,0.03781668,0.017900612,-0.0047829407
188.22476,0.03810897,0.018437797,-0.0036658065
188.24117,0.037756976,0.018843643,-0.006407413
188.25774,0.03793994,0.019638129,-0.005076395
188.27457,0.038393043,0.019878846,-0.003831557
188.29124,0.038025342,0.02005223,-0.0064154807
188.30779,0.03802089,0.020671163,-0.0051762424
188.325,0.03807938,0.021104462,-0.0038596292
188.3411,0.038725786,0.021130187,-0.00658574
188.35791,0.03863852,0.021579701,-0.0050481376
188.37453,0.03815037,0.022066297,-0.0037869606
188.39105,0.03805332,0.0221139,-0.0064027687
188.40799,0.037856616,0.022415804,-0.005038337
188.4245,0.03732132,0.022326384,-0.004013845
188.44106,0.036747813,0.022426864,-0.0065056975
188.45772,0.036536384,0.022132898,-0.005285733
188.47453,0.03669621,0.022344753,-0.007867174
188.49098,0.03615845,0.022224352,-0.0067356024
188.50777,0.035675563,0.022165451,-0.005508407
188.52422,0.03593584,0.021968724,-0.008128999
188.54121,0.03549099,0.022090528,-0.0068906164
188.55794,0.03490117,0.021535072,-0.005854729
188.57445,0.03399039,0.021604259,-0.0083539
188.591,0.033123486,0.021528153,-0.007127166
188.60744,0.032587413,0.021552421,-0.0058027497
188.6244,0.03255225,0.02120994,-0.008300149
188.64108,0.03169343,0.021589937,-0.0070179105
188.65799,0.031070191,0.022006275,-0.0055304
188.67438,0.030907104,0.021714281,-0.008380791
188.69073,0.030388774,0.022762233,-0.00286622
188.70778,0.030277466,0.02330249,-0.0012418724
188.72462,0.03035584,0.023200896,-0.007957857
188.74121,0.030220766,0.023631101,-0.0065997536
188.75778,0.030335242,0.02439152,-0.005100769
188.7743,0.030886319,0.025272591,-0.003634358
188.79097,0.031165164,0.026605204,-0.0021046004
188.80753,0.031253293,0.026502386,-0.008713153
188.82397,0.032323275,0.027991662,-0.007149907
188.84067,0.033215612,0.029580455,-0.0056371363
188.85742,0.034757603,0.031279568,-0.004212161
188.87405,0.036274128,0.03361876,-0.002707879
188.89082,0.038093,0.03573137,-0.0012834974
188.90736,0.039248742,0.036627032,-0.0039534704
188.92409,0.04060963,0.03874697,-0.0025335883
188.94087,0.042122297,0.04068296,-0.0012874639
188.95755,0.043186072,0.041266337,-0.004040741
188.97406,0.04361694,0.042610325,-0.0028128182
188.99115,0.044020496,0.04302905,-0.0017632083
189.00761,0.04457348,0.043113474,-0.004546676
189.02419,0.044354364,0.042656843,-0.003458324
189.04092,0.04383535,0.04148769,-0.0023474768
189.05745,0.043556668,0.040717077,-0.005117119
189.07428,0.042470817,0.039290603,-0.0039919694
189.0908,0.041699838,0.037597388,-0.0029194003
189.10748,0.040429227,0.03638306,-0.005693952
189.12431,0.038750667,0.03362031,-0.0046073715
189.14119,0.037061732,0.03098078,-0.0035739543
189.15791,0.03618996,0.029112589,-0.006461703
189.17438,0.03376261,0.025723796,-0.005337969
189.19101,0.031088578,0.021898814,-0.004069958
189.20776,0.029638171,0.019743733,-0.0068361964
189.22433,0.026227003,0.01554411,-0.005701702
189.24126,0.022691423,0.011411321,-0.0043145176
189.25829,0.020599464,0.0091827335,-0.007214333
189.27472,0.017019985,0.005190154,-0.0059842197
189.29121,0.013339356,0.0010354386,-0.0044740103
189.30782,0.011500646,-0.0010745742,-0.007142725
189.32433,0.008101115,-0.004648187,-0.005840902
189.34148,0.0062191305,-0.0061759558,-0.008466393
189.35767,0.0026406103,-0.010003316,-0.0074034124
189.37451,0.00022904115,-0.013204766,-0.0058780694
189.39119,-0.0014428899,-0.0143753495,-0.008722055
189.4077,-0.0039402903,-0.016710188,-0.007461223
189.42502,-0.0061053243,-0.01921716,-0.0060934126
189.44133,-0.006701943,-0.02074536,-0.009212999
189.45801,-0.008560872,-0.022449974,-0.007815978
189.47498,-0.010124512,-0.024091564,-0.006600511
189.49142,-0.010766875,-0.024917291,-0.009599441
189.50786,-0.011814218,-0.026281094,-0.008337395
189.52452,-0.012696533,-0.027554264,-0.0070936796
189.54144,-0.013275584,-0.028085502,-0.0099620605
189.55766,-0.013845006,-0.029473431,-0.008929122
189.57425,-0.013482905,-0.030510398,-0.0076344595
189.59094,-0.013566783,-0.031080619,-0.010497199
189.608,-0.013583358,-0.03206655,-0.009418696
189.62456,-0.0135000255,-0.032581713,-0.008471925
189.642,-0.0131725725,-0.032828335,-0.011340893
189.65793,-0.013244697,-0.033544283,-0.01058013
189.6746,-0.012654302,-0.033935465,-0.009139922
189.69142,-0.012049867,-0.034380674,-0.012018794
189.70844,-0.011466402,-0.03442296,-0.010907663
189.7254,-0.010765099,-0.03455267,-0.0099233035
189.74136,-0.010616618,-0.034274016,-0.012886489
189.7579,-0.009883894,-0.03426597,-0.011397024
189.77446,-0.009055902,-0.03449739,-0.014221014
189.79146,-0.008269186,-0.034579437,-0.012878844
189.80804,-0.0074587828,-0.034992386,-0.011712337
189.82457,-0.0069290493,-0.03523961,-0.014449179
189.84119,-0.0055844295,-0.035206057,-0.013064272
189.85803,-0.004194484,-0.034976583,-0.011642562
189.87468,-0.003835681,-0.0348636,-0.014509629
189.89136,-0.0025824811,-0.035071336,-0.013017979
189.90845,-0.0011842395,-0.03449177,-0.011518833
189.92479,-0.00056859344,-0.034252115,-0.0144627895
189.94113,0.000391252,-0.03384483,-0.01276401
189.95804,0.0017524947,-0.033150006,-0.011051133
189.97487,0.0028366423,-0.03332617,-0.013865298
189.99115,0.004280851,-0.03279997,-0.012355223
190.00792,0.00545416,-0.031677663,-0.010515717
190.02463,0.0062157493,-0.03153919,-0.01331002
190.04102,0.0077820346,-0.0308592,-0.0116572995
190.05849,0.009096698,-0.03017681,-0.009845398
190.07475,0.009648203,-0.029553343,-0.012883698
190.09119,0.011215333,-0.029207712,-0.010981746
190.1083,0.013059417,-0.028620277,-0.0091717355
190.12434,0.014564109,-0.028013954,-0.007614348
190.14099,0.016104806,-0.027245158,-0.0055811
190.15768,0.01600805,-0.02730244,-0.012686115
190.17474,0.017620541,-0.026451327,-0.010959382
190.19087,0.018935468,-0.025902055,-0.0093471855
190.20782,0.02019594,-0.024624653,-0.0073855026
190.22446,0.021679513,-0.023713855,-0.00575983
190.241,0.022810517,-0.02275407,-0.0039100465
190.25757,0.023118425,-0.021633755,-0.0066040773
190.27412,0.024401497,-0.020856053,-0.004705664
190.29121,0.025862165,-0.019540017,-0.0029346293
190.30766,0.02673349,-0.019647317,-0.005786429
190.32423,0.02789358,-0.018399592,-0.003911942
190.34157,0.0291594,-0.017191026,-0.0021797982
190.35814,0.029963788,-0.016580611,-0.0051618083
190.37473,0.031070136,-0.015935918,-0.003449457
190.39203,0.032035522,-0.015078086,-0.0018019509
190.40778,0.032419913,-0.014283201,-0.0046911906
190.42424,0.033167366,-0.013416735,-0.0027266513
190.44083,0.03457279,-0.012287865,-0.00077692844
190.45761,0.035064965,-0.011811957,-0.0034381477
190.47523,0.03627449,-0.010624175,-0.0016687925
190.49126,0.03817018,-0.009502773,-0.0002675809
190.50764,0.039336726,-0.009302931,-0.002724373
190.52414,0.04137626,-0.008229552,-0.00087446294
190.54079,0.041719377,-0.0072108116,-0.003591406
190.55757,0.043436546,-0.006431655,-0.0018846806
190.57422,0.045061927,-0.004982724,-0.00023849962
190.59097,0.046744566,-0.0043499526,0.0013548243
190.60829,0.047249444,-0.003789837,-0.0014809032
190.62451,0.04813797,-0.0029175966,-0.00022556641
190.64098,0.049455907,-0.0020341962,0.0014696973
190.65758,0.0503971,-0.0021871617,-0.0013186552
190.67441,0.05115909,-0.001363895,0.00015427379
190.69087,0.051424064,-0.00069964305,-0.0028366118
190.70776,0.052618243,-0.00038379215,-0.001336842
190.72404,0.054023355,0.00029786318,0.000064917615
190.74179,0.05505367,0.0009307612,0.0017691719
190.75821,0.05536266,0.0012811644,-0.001608873
190.77417,0.05708463,0.0020244776,0.00017800425
190.79128,0.058331154,0.0019043164,-0.002536423
190.80762,0.060275152,0.0023985012,-0.0010943884
190.82391,0.06236086,0.0031099967,0.00050409866
190.8406,0.06364776,0.0030859653,-0.0022619667
190.85745,0.06550796,0.0039773514,-0.0007446535
190.87428,0.06702345,0.0042194924,0.00052903173
190.89098,0.06789057,0.0040379595,-0.002450339
190.90771,0.06925804,0.003889297,-0.0011069608
190.92485,0.07003118,0.003880427,0.00021390548
190.94077,0.070186876,0.004024715,-0.0029261766
190.95735,0.070172,0.0034764814,-0.0012985116
190.9743,0.070490606,0.0035337047,-0.0042240345
190.99077,0.07066453,0.0035148452,-0.0030469075
191.0076,0.0699012,0.003487303,-0.001639225
191.02412,0.06929261,0.0028680004,-0.00474096
191.04071,0.06861141,0.0028032856,-0.003438128
191.05731,0.06837433,0.0024822224,-0.0021554278
191.07414,0.067686185,0.0017458308,-0.0052089435
191.09125,0.06615941,0.0016946235,-0.0040539666
191.10738,0.06458879,0.0013741015,-0.0030289744
191.12451,0.063704826,0.000948896,-0.0058937566
191.14081,0.061908968,0.0004170207,-0.004903136
191.15753,0.060095947,0.00048581927,-0.0036048945
191.17444,0.058961168,0.000025633759,-0.00677846
191.19087,0.05682632,-0.00036840528,-0.005728881
191.20764,0.055156264,-0.00085349387,-0.004562797
191.22437,0.053907752,-0.0010555569,-0.007701186
191.24103,0.051013317,-0.0014302448,-0.006670156
191.25778,0.04845087,-0.0014084665,-0.0056128083
191.2743,0.04726575,-0.001433667,-0.008740812
191.29112,0.044106968,-0.0017854962,-0.007589317
191.3079,0.041106753,-0.0019326427,-0.0065812506
191.32475,0.03964985,-0.0013119897,-0.009763821
191.34082,0.036941435,-0.0014025741,-0.008833094
191.35776,0.03417781,-0.0016997443,-0.0073173363
191.37492,0.03236367,-0.0016583531,-0.010659847
191.39163,0.02971229,-0.0021702696,-0.009674572
191.40764,0.0270558,-0.002598851,-0.008454236
191.4246,0.02413243,-0.0031691696,-0.0069290283
191.44139,0.020896783,-0.00351761,-0.005818357
191.45789,0.020883672,-0.0035963242,-0.013349548
191.47502,0.018059783,-0.0036759707,-0.012007391
191.49094,0.0154716475,-0.0040933806,-0.010926409
191.50749,0.01246886,-0.0043018474,-0.00921617
191.52423,0.009672427,-0.00459185,-0.0078050112
191.54102,0.007382975,-0.0049350886,-0.006472123
191.55817,0.0073644277,-0.0049631097,-0.0140401125
191.57474,0.0037292773,-0.0059913397,-0.008411871
191.59138,0.0010972855,-0.006233003,-0.006988081
191.6084,-0.0012008615,-0.0066773403,-0.0055097872
191.62488,-0.0021418938,-0.0066094305,-0.0087187
191.64182,-0.0043819128,-0.0073215994,-0.0072452137
191.65834,-0.006745474,-0.008106021,-0.0059674517
191.67458,-0.0076042614,-0.007963139,-0.008995808
191.69092,-0.009393443,-0.008922596,-0.00731335
191.70845,-0.011360666,-0.009189044,-0.0056498274
191.72469,-0.012365628,-0.009677822,-0.009063053
191.74142,-0.013650773,-0.010559323,-0.0072895065
191.75795,-0.0141704185,-0.010919651,-0.010316898
191.77438,-0.015190873,-0.0116226375,-0.008632917
191.7916,-0.016296012,-0.012429935,-0.006888797
191.80814,-0.01701143,-0.013288284,-0.0101383105
191.82477,-0.01737485,-0.013963328,-0.008368342
191.84154,-0.017416602,-0.014735573,-0.006628851
191.85864,-0.01771365,-0.015189668,-0.009697868
191.87466,-0.017916104,-0.015846284,-0.008064457
191.89143,-0.017717224,-0.016551286,-0.0060762847
191.9079,-0.0175969,-0.017271688,-0.009041317
191.92465,-0.017421296,-0.018220581,-0.00716339
191.94125,-0.017291296,-0.01888055,-0.005451397
191.95789,-0.017110284,-0.019509546,-0.008276021
191.97452,-0.016489692,-0.020503135,-0.0064163976
191.99138,-0.01565976,-0.021160467,-0.0045734593
192.00844,-0.015091935,-0.02159626,-0.007465513
192.02483,-0.014492115,-0.022584394,-0.005766082
192.04138,-0.013875043,-0.023259467,-0.008412117
192.05797,-0.012733032,-0.024367899,-0.0063835634
192.07442,-0.011441422,-0.025457582,-0.0044080014
192.09117,-0.010655506,-0.025738385,-0.0070850933
192.10805,-0.0087958295,-0.027279137,-0.005154191
192.1242,-0.007656487,-0.02772363,-0.00804973
192.14108,-0.0055684363,-0.028559463,-0.005805251
192.1579,-0.0039362493,-0.029553808,-0.0039190412
192.1744,-0.0029535068,-0.030491438,-0.0067974045
192.1911,-0.00038208722,-0.03139234,-0.0047763665
192.208,0.0016919497,-0.032464594,-0.002914333
192.22446,0.0024142382,-0.033412315,-0.0058484795
192.2413,0.004336187,-0.03419253,-0.0038637572
192.25768,0.006537903,-0.03522364,-0.0020590955
192.27457,0.0074679516,-0.03504148,-0.0047894237
192.29138,0.0093503725,-0.035853196,-0.00301873
192.3078,0.0110875005,-0.03661541,-0.0012025905
192.32469,0.011705362,-0.037134383,-0.003992748
192.3413,0.013547273,-0.037777234,-0.0022250232
192.35745,0.015217348,-0.038109124,-0.000360753
192.37424,0.016124358,-0.037709806,-0.0030759906
192.39067,0.017667621,-0.038092136,-0.001307765
192.40767,0.01923881,-0.03819086,0.0005891198
192.42453,0.019906683,-0.03846803,-0.0025138496
192.44145,0.02124471,-0.038513433,-0.0008962279
192.45813,0.022520002,-0.038252775,0.0006678021
192.47462,0.023524372,-0.038320553,0.002328304
192.49104,0.0244429,-0.037975162,0.0039485535
192.5078,0.024298929,-0.038067605,-0.0036273869
192.52449,0.025332913,-0.037793234,-0.0021792261
192.54123,0.026246168,-0.03720405,-0.00063078915
192.55768,0.026694344,-0.036872834,0.00068461784
192.57468,0.027439672,-0.035981063,0.0021956018
192.59117,0.027647294,-0.03579267,0.003464998
192.6077,0.028096952,-0.035145383,0.00039425836
192.62453,0.028417734,-0.03471831,0.0018833143
192.64159,0.028674386,-0.034295138,0.0032112247
192.65771,0.029123012,-0.033500247,-0.0001760857
192.6744,0.029629001,-0.032681964,0.0014299082
192.69095,0.030274058,-0.03207046,0.0027779262
192.70844,0.030347914,-0.032205507,-0.00028934394
192.72424,0.031131588,-0.031387474,0.00058309914
192.741,0.031898342,-0.030539194,0.0022468674
192.75801,0.031972446,-0.030442862,-0.0010643253
192.7742,0.03245643,-0.030157201,0.000020148067
192.79134,0.032645147,-0.029485276,0.001390389
192.80815,0.032934457,-0.029100928,-0.0021537598
192.82405,0.03333835,-0.029274536,-0.001133063
192.84088,0.033897467,-0.029026318,-0.004240113
192.85764,0.0341562,-0.028602773,-0.0031712956
192.87436,0.03436852,-0.027841153,-0.0022619544
192.89139,0.034908257,-0.027580928,-0.0014750324
192.9077,0.03477084,-0.027876226,-0.0049644904
192.92422,0.0350536,-0.0276965,-0.0039028241
192.94124,0.0349898,-0.027511736,-0.0072637117
192.95778,0.034647778,-0.027160602,-0.0064535094
192.97441,0.034857526,-0.026851581,-0.0052599832
192.9913,0.035268653,-0.02664801,-0.004220017
193.00766,0.03583575,-0.02624815,-0.00768486
193.02432,0.03577309,-0.026088046,-0.006469518
193.04076,0.035425216,-0.026429845,-0.009814236
193.05768,0.03557913,-0.026339598,-0.008546761
193.07407,0.035313994,-0.026335834,-0.007545696
193.09119,0.0356247,-0.02615779,-0.010716507
193.1076,0.03499639,-0.026267465,-0.009763721
193.12485,0.03464719,-0.026192235,-0.008424344
193.14102,0.034632623,-0.025979988,-0.01192943
193.1579,0.034162667,-0.025770249,-0.010463276
193.17455,0.033645973,-0.025514344,-0.009340658
193.19089,0.032716177,-0.025850208,-0.012573992
193.20758,0.032082427,-0.025442893,-0.011133687
193.22455,0.031235507,-0.025643645,-0.00985933
193.24113,0.030586597,-0.025539592,-0.01318072
193.258,0.028863648,-0.025419712,-0.011866537
193.27509,0.028009942,-0.025504664,-0.010609186
193.29117,0.027887886,-0.02524615,-0.013999158
193.3083,0.02670133,-0.02502676,-0.012377365
193.3248,0.025087796,-0.025150564,-0.011199975
193.3413,0.024152346,-0.02513595,-0.014283945
193.35825,0.023083324,-0.02536735,-0.012819635
193.37473,0.0220448,-0.025289545,-0.0114852395
193.39172,0.020868422,-0.025222164,-0.014668008
193.40808,0.019422604,-0.024859777,-0.013288841
193.42538,0.018266024,-0.024620472,-0.011596302
193.44142,0.017881805,-0.024853198,-0.015070834
193.45776,0.01646887,-0.024153756,-0.013184729
193.47487,0.014714899,-0.023715898,-0.011471701
193.49103,0.013874979,-0.023766508,-0.014768146
193.5078,0.01259014,-0.023901079,-0.012929834
193.52493,0.012138712,-0.023638813,-0.016070768
193.54152,0.010400771,-0.022803733,-0.014627525
193.55807,0.008734601,-0.022148328,-0.012952987
193.5747,0.007935548,-0.022435982,-0.015929688
193.59128,0.0069015585,-0.022277089,-0.014254149
193.60841,0.005582951,-0.021772027,-0.012459164
193.62473,0.0047315815,-0.021510886,-0.015682878
193.64153,0.0034739585,-0.02184948,-0.013731999
193.65826,0.0023749236,-0.02184845,-0.011929788
193.67477,0.0019412984,-0.021431515,-0.014989225
193.69131,0.0005850788,-0.021131504,-0.013009111
193.70824,-0.0009033712,-0.02143727,-0.011034615
193.72568,-0.0009167103,-0.021488711,-0.014042919
193.74158,-0.0021949557,-0.021181079,-0.012496845
193.75851,-0.0034313553,-0.02087685,-0.010155337
193.7743,-0.0045101563,-0.020928606,-0.0131999
193.7912,-0.005654681,-0.020788323,-0.01082805
193.80795,-0.006658797,-0.020326905,-0.00891272
193.82495,-0.0069660777,-0.019864457,-0.0118876295
193.84161,-0.008250517,-0.019691397,-0.010106105
193.858,-0.00934523,-0.018911995,-0.008067317
193.87498,-0.010829212,-0.018786497,-0.005897635
193.89122,-0.011853278,-0.018415743,-0.0040845023
193.90842,-0.013158234,-0.01778129,-0.0018960276
193.92465,-0.013230101,-0.017727936,-0.009988327
193.94112,-0.014278385,-0.017660828,-0.0077505223
193.95808,-0.015437811,-0.017412407,-0.005694913
193.97444,-0.016335376,-0.016923307,-0.0038917698
193.99098,-0.016977713,-0.016435387,-0.0016984247
194.00803,-0.017745234,-0.015971567,0.0003329746
194.02501,-0.017471671,-0.015756227,-0.002808822
194.04121,-0.018108761,-0.015144496,-0.00095938356
194.05809,-0.018983327,-0.014959385,-0.0036874649
194.07466,-0.019284425,-0.014832608,-0.0018768656
194.09097,-0.019984381,-0.014763186,0.000020325817
194.10811,-0.020295706,-0.014568604,-0.0028484943
194.12477,-0.020702599,-0.013868287,-0.0012839042
194.1412,-0.021268265,-0.014105613,0.00054397894
194.15808,-0.021213837,-0.014157574,-0.0023823082
194.17458,-0.021619856,-0.014223415,-0.00069840136
194.19078,-0.022072587,-0.013913529,0.0011200728
194.20782,-0.02207451,-0.013793037,-0.0017434115
194.22464,-0.022416832,-0.014235373,-0.0002484384
194.24141,-0.022767391,-0.01452845,0.0012863026
194.2578,-0.022553293,-0.01435842,-0.0018734462
194.27454,-0.022454811,-0.015168856,-0.00015602708
194.2911,-0.022509862,-0.015765354,0.0013629033
194.30833,-0.022991708,-0.015875163,-0.0017493046
194.32481,-0.023056956,-0.015970282,-0.0004545093
194.34111,-0.02311168,-0.016474783,0.0011695025
194.35777,-0.02302508,-0.016877778,-0.0018127132
194.37465,-0.023168094,-0.01758024,-0.00019454877
194.39154,-0.022982882,-0.018141653,0.0012382192
194.40767,-0.022445813,-0.018416433,-0.0019277063
194.4244,-0.022103358,-0.019169461,-0.000136172
194.44148,-0.021552764,-0.019918865,0.0014928663
194.45761,-0.021978425,-0.020230534,-0.0018440724
194.47449,-0.021726757,-0.021271976,0.00006953524
194.49092,-0.021276096,-0.021529904,-0.0032120761
194.50763,-0.021183355,-0.022451045,-0.0014337505
194.52437,-0.021183573,-0.023536786,0.00017025154
194.54114,-0.020762438,-0.02395964,-0.0029995118
194.55798,-0.020246236,-0.025073629,-0.001451553
194.57452,-0.019570282,-0.025972165,0.00014268018
194.59106,-0.0199002,-0.02638598,-0.0029100615
194.60794,-0.019162107,-0.02739467,-0.0011766206
194.62445,-0.018441107,-0.02839365,0.00033269086
194.64102,-0.018141098,-0.028666882,-0.0027396616
194.65765,-0.017587628,-0.028916962,-0.0010463982
194.67409,-0.01743828,-0.028879587,0.0005159714
194.69118,-0.016623382,-0.029034307,-0.0024438258
194.70766,-0.01600722,-0.028906424,-0.0010751995
194.72417,-0.015733061,-0.029201064,0.0005631411
194.74123,-0.015702395,-0.028987618,-0.002435623
194.75778,-0.015468567,-0.028766751,-0.0010433721
194.77417,-0.014965752,-0.028638387,0.000649529
194.79102,-0.0147725325,-0.028421791,-0.002358056
194.80782,-0.013828785,-0.028382594,-0.0007989171
194.8244,-0.013335731,-0.028283074,0.000719505
194.84103,-0.013243837,-0.02815813,-0.0023226005
194.85782,-0.012532652,-0.027847337,-0.0008029305
194.87451,-0.011596258,-0.027355835,0.00069409644
194.89122,-0.011642454,-0.026961248,-0.0025108757
194.90804,-0.0107352175,-0.025748532,-0.0010962894
194.92451,-0.010836872,-0.02570572,-0.0090035135
194.94116,-0.0096103605,-0.02370631,-0.0027511814
194.95808,-0.0090222545,-0.02262147,-0.0012509038
194.9749,-0.008341455,-0.020932209,0.00013256245
194.99095,-0.008043077,-0.019920712,-0.003201607
195.00786,-0.006851915,-0.018109336,-0.0014158303
195.02463,-0.006946495,-0.016999172,-0.0048406827
195.04128,-0.0057195956,-0.015104818,-0.003302839
195.05815,-0.004554855,-0.012798977,-0.0017911273
195.0746,-0.0040970542,-0.012065373,-0.00516012
195.09131,-0.0034248456,-0.010353033,-0.0035602264
195.10828,-0.00249347,-0.008059226,-0.0022158711
195.1243,-0.0016082111,-0.0070285536,-0.005470126
195.14105,-0.00035192404,-0.004084548,-0.0037648783
195.15805,0.00079981674,-0.0018361732,-0.0024522592
195.17477,0.0014413088,-0.0007918732,-0.005683456
195.19154,0.0030293649,0.0021333292,-0.004306512
195.20854,0.0047161686,0.0047558155,-0.00280836
195.225,0.004717544,0.006008238,-0.0060983864
195.24156,0.0056734555,0.0077507785,-0.0044933558
195.25812,0.007278199,0.010283213,0.0019150247
195.2749,0.007318112,0.010254778,-0.0058648554
195.29141,0.008381248,0.011493751,-0.004322632
195.3082,0.008598147,0.01167711,-0.002687621
195.32526,0.008451043,0.011574327,-0.0010859221
195.34212,0.00875054,0.01202674,0.00027865297
195.35783,0.008798123,0.011992167,-0.007630313
195.37473,0.008650785,0.011934235,-0.005687513
195.39128,0.008549617,0.011458072,-0.0043276297
195.40805,0.008343829,0.010748736,0.0018077098
195.42535,0.007777162,0.01088026,-0.001401842
195.44147,0.0073735137,0.010226085,-0.0003059245
195.4583,0.0068818345,0.009054664,0.0013721167
195.475,0.0067612855,0.008544436,-0.0019619456
195.49135,0.006203858,0.008216813,-0.00064328045
195.50865,0.0052729105,0.0068685063,0.0008365962
195.52486,0.0050540697,0.006101996,-0.0027124668
195.54166,0.0039216997,0.005067099,-0.0012281971
195.55829,0.002404764,0.0043956186,-0.00004252728
195.57512,0.00223,0.003551839,-0.003309633
195.59203,0.000735104,0.0025356614,-0.002150514
195.60812,0.00035340633,0.0014682878,-0.005542878
195.62476,-0.0008522193,0.00030135163,-0.004058576
195.64171,-0.0019275048,-0.0004884897,-0.0028343827
195.65793,-0.0029859897,-0.0008938697,-0.0062469537
195.67513,-0.0041513955,-0.0023816465,-0.0048695942
195.69193,-0.0053505716,-0.0032280548,-0.0039851074
195.70795,-0.0061564078,-0.0033811128,-0.007272972
195.72453,-0.0071003702,-0.0036461686,-0.0058253054
195.74164,-0.00798705,-0.0043980875,-0.0045529455
195.75789,-0.008008833,-0.004854902,-0.008079154
195.77452,-0.008905309,-0.004973221,-0.006672367
195.79152,-0.010038629,-0.0054753413,-0.005435713
195.808,-0.011100486,-0.005666874,-0.00887985
195.82478,-0.012261729,-0.0063636145,-0.0075002904
195.84138,-0.01312721,-0.0069993786,-0.0063014086
195.85812,-0.014334777,-0.007073094,-0.0094981305
195.87451,-0.015433372,-0.007866782,-0.008254571
195.89145,-0.016940411,-0.008924706,-0.0067795264
195.90799,-0.017859198,-0.00906789,-0.010124343
195.92473,-0.019094715,-0.009902226,-0.008661775
195.94139,-0.020754492,-0.011017395,-0.0072547006
195.95795,-0.021116273,-0.011739261,-0.0104719475
195.9746,-0.02262609,-0.012715194,-0.0089834705
195.99127,-0.023733588,-0.01273437,-0.012071938
196.00786,-0.02525369,-0.013592216,-0.010599539
196.02487,-0.026915908,-0.014760408,-0.009025245
196.0413,-0.027797176,-0.0153176505,-0.0122941835
196.05864,-0.029418087,-0.016359389,-0.01060577
196.07495,-0.030859135,-0.016698807,-0.009348682
196.09097,-0.031771544,-0.016844403,-0.012249327
196.10771,-0.033531096,-0.017777368,-0.010346162
196.12471,-0.034833938,-0.01829475,-0.008749685
196.14131,-0.035799775,-0.01815945,-0.011948038
196.15784,-0.036869418,-0.018622402,-0.010219759
196.17448,-0.03734449,-0.019053698,-0.013170128
196.19121,-0.03840361,-0.019389246,-0.011392896
196.20808,-0.039292805,-0.019374155,-0.009630283
196.22432,-0.03973029,-0.019486926,-0.012631822
196.2409,-0.040656473,-0.019883787,-0.010589517
196.25787,-0.04160844,-0.019849187,-0.013469787
196.27443,-0.042564087,-0.02032009,-0.0069046845
196.29121,-0.04315089,-0.019847756,-0.009767202
196.30782,-0.044153415,-0.020071672,-0.007827078
196.32457,-0.044766728,-0.01995556,-0.0058319424
196.34114,-0.044578772,-0.020171212,-0.0086943805
196.3584,-0.045290496,-0.019710721,-0.0067501967
196.37448,-0.045405705,-0.019664867,-0.00984859
196.39104,-0.04543465,-0.019161535,-0.007725659
196.40762,-0.045719072,-0.018937431,-0.0057632006
196.42455,-0.045567274,-0.018402295,-0.008673663
196.44165,-0.04522997,-0.018227758,-0.006941488
196.45776,-0.045091942,-0.018221078,-0.005267892
196.47446,-0.04544624,-0.017534507,-0.007973104
196.49103,-0.044953264,-0.017279228,-0.006158929
196.50758,-0.044258643,-0.016981453,-0.004311373
196.52446,-0.04432958,-0.016506104,-0.00727906
196.54099,-0.044014562,-0.016012352,-0.005614924
196.55763,-0.043550927,-0.015571295,-0.0038055095
196.57437,-0.042819783,-0.015826255,-0.0067768437
196.59106,-0.042282965,-0.015338425,-0.0050857454
196.60771,-0.042191833,-0.014804214,-0.0034054327
196.62425,-0.041637626,-0.014571987,-0.0017100824
196.64098,-0.040998537,-0.014428179,0.000005305232
196.65753,-0.041053783,-0.014270031,-0.007702113
196.67421,-0.040137563,-0.013667318,-0.0060757757
196.69077,-0.03935114,-0.013126235,-0.0045754304
196.70763,-0.038817253,-0.012681888,-0.003013831
196.72406,-0.037892856,-0.012069258,-0.0016797099
196.74094,-0.037140194,-0.011686061,-0.00016684429
196.7576,-0.03664065,-0.0114773195,-0.0033745263
196.77441,-0.03550713,-0.010933387,-0.0019921062
196.79109,-0.034231305,-0.010314534,-0.0006556226
196.80782,-0.033985596,-0.009398358,-0.0038565646
196.82448,-0.032863535,-0.00876279,-0.0025373884
196.84131,-0.031515427,-0.007987746,-0.0013357442
196.8578,-0.031134877,-0.0076204217,-0.004472207
196.87428,-0.029715383,-0.0065216473,-0.0032144068
196.89125,-0.028313113,-0.0057388777,-0.0019270875
196.90811,-0.027273998,-0.005863114,-0.0050999275
196.92459,-0.025636336,-0.00469691,-0.0039297626
196.94171,-0.024223082,-0.0038769871,-0.002454929
196.95782,-0.023469552,-0.003247988,-0.005809144
196.9745,-0.022313546,-0.0026626415,-0.0042492156
196.9913,-0.02093399,-0.0018078813,-0.0028688568
197.00813,-0.02015674,-0.0011746748,-0.0061693746
197.02515,-0.01889773,-0.00045721437,-0.004826875
197.04161,-0.01785366,0.0003431921,-0.00374627
197.05856,-0.017307218,0.00067790225,-0.0067976876
197.07503,-0.01617545,0.0016543166,-0.0055999407
197.09134,-0.015212447,0.0026207967,-0.004224173
197.10852,-0.014915435,0.0029694724,-0.0071097948
197.12476,-0.014661432,0.0035871877,-0.0060303654
197.14145,-0.013645807,0.003993663,-0.004445146
197.15854,-0.013250611,0.004516751,-0.007488457
197.17462,-0.012702843,0.004939525,-0.006181106
197.19115,-0.01254682,0.0046357797,-0.008915238
197.20847,-0.012478254,0.005204033,-0.0073085898
197.22495,-0.01180016,0.005588762,-0.0059957756
197.24147,-0.011779001,0.006169675,-0.0041573965
197.25778,-0.01167812,0.00620173,-0.0070304372
197.27467,-0.01139994,0.006644762,-0.0051274253
197.29138,-0.011209626,0.0070710913,-0.008141509
197.30794,-0.011231868,0.007085408,-0.0063552866
197.3249,-0.011376737,0.0072376104,-0.0045123575
197.34157,-0.011601708,0.0076378714,-0.00749608
197.35768,-0.011871239,0.008005392,-0.005656719
197.37485,-0.01231943,0.008402815,-0.0035350686
197.39133,-0.012404891,0.008210478,-0.006554356
197.40826,-0.013267371,0.0084563475,-0.00454324
197.42493,-0.013850265,0.008936683,-0.0027078157
197.44154,-0.014065911,0.0093483515,-0.0054694545
197.4581,-0.014850394,0.0098520005,-0.003423044
197.47485,-0.015860086,0.01030486,-0.0013695542
197.49149,-0.016422704,0.010677488,-0.0041474476
197.50873,-0.017288683,0.010996717,-0.0020904483
197.52475,-0.018019574,0.011630979,-0.00031489474
197.54117,-0.018361771,0.011992405,-0.0027308252
197.55847,-0.019728724,0.0121798795,-0.00058116356
197.57455,-0.020685311,0.012463282,0.0011569482
197.59143,-0.020967558,0.012897593,-0.0013171834
197.60782,-0.021961745,0.012894949,0.00063498685
197.62466,-0.022779044,0.012845227,0.0027526573
197.64186,-0.023326108,0.013277267,-0.000060977367
197.65793,-0.02443306,0.013400436,0.0016596301
197.67464,-0.025482252,0.013678923,0.0038751927
197.69133,-0.025765203,0.013335996,0.0010715537
197.70802,-0.026798865,0.0135294,0.0029079719
197.72455,-0.02750387,0.014037275,0.0047169714
197.74129,-0.02810229,0.01437483,0.0019138097
197.75775,-0.029339518,0.0145863565,0.0036586488
197.7748,-0.029882928,0.014483189,0.0008420112
197.7915,-0.030814271,0.014840319,0.002396715
197.80792,-0.03161925,0.014939649,0.0040389807
197.82454,-0.032116495,0.01544408,0.001263979
197.84138,-0.03271833,0.015747037,0.0029221622
197.85802,-0.033551954,0.015870217,0.0044245333
197.87476,-0.033737555,0.015803825,0.0014992676
197.89124,-0.034342103,0.016075745,0.0030224898
197.90833,-0.035154156,0.016163314,0.0046388186
197.92442,-0.035092585,0.016296675,-0.0029530472
197.94154,-0.035978753,0.017139426,0.0031339242
197.95836,-0.036316503,0.017480765,0.0042426423
197.97455,-0.0363224,0.017239336,0.001128331
197.99092,-0.03640238,0.017286835,0.0025794443
198.00786,-0.036644608,0.017883994,0.008119796
198.02455,-0.036577307,0.018021256,0.00062261435
198.04103,-0.03639142,0.018451313,0.0016908551
198.05829,-0.03635784,0.018501054,0.0028325533
198.07442,-0.03630579,0.018366143,0.0035782605
198.09088,-0.036020163,0.01836063,0.004816923
198.108,-0.03546175,0.018533811,0.005963073
198.1246,-0.035391636,0.018667514,-0.0015820174
198.14124,-0.034995403,0.018751225,-0.00064156385
198.15791,-0.034791104,0.019143146,0.00034692395
198.17471,-0.03423412,0.019403478,0.0013254012
198.19124,-0.0340663,0.01928216,0.0023068534
198.20784,-0.033783223,0.018977417,-0.000847573
198.22462,-0.033638835,0.019237015,0.0002298486
198.2413,-0.033125076,0.019249918,0.0012586842
198.25786,-0.03214911,0.019267244,0.0021942223
198.27463,-0.03204055,0.019686973,-0.00087904447
198.29115,-0.031109743,0.019377392,0.000078205834
198.30792,-0.030868556,0.019433973,-0.0030035148
198.32436,-0.029937578,0.019358944,-0.0020160598
198.34126,-0.029326648,0.019605864,-0.0009441812
198.35802,-0.029028125,0.01966426,-0.004039975
198.3744,-0.028164007,0.019814229,-0.003019955
198.39107,-0.02809857,0.020186255,-0.0016448741
198.40785,-0.027797772,0.020485565,-0.0047317236
198.42455,-0.027552813,0.02104151,-0.0035629945
198.44101,-0.027408883,0.021309426,-0.002282013
198.4576,-0.02746055,0.02088642,-0.005154355
198.4744,-0.027598022,0.02094545,-0.0037330135
198.49104,-0.027505556,0.021161428,-0.0025330829
198.50798,-0.027576458,0.021763219,-0.0053789
198.52423,-0.02784498,0.022049828,-0.0041473205
198.54118,-0.0281184,0.022275288,-0.0026176164
198.55789,-0.028019568,0.022300916,-0.0055882647
198.5745,-0.028399464,0.02277373,-0.004158672
198.59116,-0.029232388,0.023501428,-0.0025462369
198.60823,-0.02953532,0.023214715,-0.005400421
198.62439,-0.029539464,0.02396574,-0.003969748
198.64117,-0.029840088,0.024837554,-0.0021719611
198.65775,-0.030181628,0.025565041,-0.00502112
198.6745,-0.030767146,0.026224783,-0.0033757808
198.69147,-0.030801542,0.026997803,-0.0061739176
198.70792,-0.0312244,0.02749241,-0.0046295547
198.7245,-0.031760897,0.028415533,-0.0028451995
198.74135,-0.031802494,0.028801141,-0.005473027
198.75806,-0.03213289,0.029498812,-0.0038208496
198.77493,-0.032470565,0.03018888,-0.0020677955
198.7917,-0.032467853,0.030245522,-0.004863607
198.80841,-0.032614186,0.030528557,-0.003131524
198.8247,-0.03192292,0.030600103,-0.0013961764
198.84154,-0.031267025,0.0308876,-0.0038037584
198.85812,-0.030637702,0.030585747,-0.0021031385
198.87476,-0.029920777,0.030686349,-0.00019146406
198.89137,-0.028937493,0.030850567,-0.002844066
198.90833,-0.027688572,0.030646237,-0.000943192
198.92485,-0.026609218,0.030147515,0.00077008305
198.94122,-0.026037019,0.029559936,-0.0018325495
198.95851,-0.024613688,0.029049259,0.00010097636
198.97478,-0.022976704,0.028722385,0.0016210449
198.99152,-0.022118943,0.028411595,-0.0009068751
199.00829,-0.020867629,0.027599517,0.00080416544
199.02502,-0.01899566,0.02667633,0.0024344658
199.04164,-0.017919587,0.026546549,-0.0001887155
199.0583,-0.01612585,0.02556473,0.0015183161
199.07474,-0.0144483335,0.024812609,0.0031925512
199.09175,-0.0135550555,0.024114244,0.0006635391
199.10887,-0.011558914,0.023036743,0.0021911138
199.12492,-0.010553403,0.022894332,-0.000592549
199.14154,-0.009170514,0.02206187,0.0013335661
199.15796,-0.0075757853,0.020932015,0.0031795136
199.17491,-0.0057973615,0.020205226,0.0049418285
199.19156,-0.0049221227,0.019694082,0.0021680829
199.20798,-0.0033164632,0.019264488,0.0038736206
199.22487,-0.00290086,0.01874398,0.0013326523
199.24165,-0.0012478232,0.017914452,0.0028932216
199.25806,0.00074981904,0.017371394,0.004406245
199.27486,0.00107265,0.017248195,0.0019330999
199.29117,0.0025463188,0.017139908,0.0033465608
199.3079,0.003736535,0.016557915,0.0050972
199.32478,0.0048692343,0.016439347,0.0022696825
199.34204,0.005625629,0.016129656,0.0036923252
199.35794,0.006367028,0.015469527,0.0049617374
199.37448,0.0069039604,0.014819311,0.0024294897
199.39133,0.007931644,0.013919487,0.0039599505
199.40778,0.0086884685,0.0133103095,0.0052475384
199.42476,0.009582903,0.012854573,0.006574924
199.44194,0.010234008,0.012436861,0.0077959853
199.45808,0.011155668,0.011756593,0.008942391
199.47493,0.011194727,0.011718976,0.0022505454
199.49149,0.012116104,0.011356832,0.0033378857
199.50812,0.012830368,0.01108359,0.0045152185
199.52473,0.014209704,0.0102267815,0.005719605
199.54128,0.015518004,0.00890508,0.006884106
199.55803,0.015548129,0.008851876,0.000049531685
199.57529,0.016781256,0.0076943436,0.00094968354
199.59125,0.018807903,0.00567403,0.005718786
199.60802,0.020512277,0.004166519,0.0070472206
199.62482,0.02158607,0.003417842,0.004032863
199.64131,0.022797018,0.0022393998,0.0049143136
199.6582,0.024388254,0.00076356437,0.005955321
199.67429,0.025610534,-0.00035353866,0.0029608135
199.6912,0.027277451,-0.0025086794,0.0040731803
199.70778,0.027803732,-0.0035560376,0.0011136804
199.72462,0.029592505,-0.0051044235,0.0020428547
199.74146,0.03089724,-0.0068006054,0.0028186429
199.75795,0.030938804,-0.008056866,-0.00022632981
199.77472,0.031659316,-0.009447535,0.0006505541
199.79106,0.032005377,-0.010249328,0.0014457242
199.80789,0.032313813,-0.010420106,-0.0013443797
199.82475,0.03226031,-0.010736911,-0.0005850448
199.84145,0.031687524,-0.010675168,0.00015307083
199.8585,0.031383105,-0.0109016625,-0.002878493
199.87476,0.03176661,-0.010464414,-0.002181807
199.89146,0.03128415,-0.009978183,-0.0012643264
199.90794,0.030445239,-0.009707024,-0.0042058555
199.9248,0.0294879,-0.008767602,-0.0034041484
199.94121,0.029395912,-0.008383432,-0.006365725
199.95787,0.028682377,-0.007726356,-0.005488692
199.97456,0.027361607,-0.006341394,-0.004608466
199.99109,0.026772028,-0.005360508,-0.003665119
200.00783,0.026673255,-0.0047784,-0.0065215616
200.02458,0.02544109,-0.003213426,-0.0054822657
200.04102,0.024024941,-0.0013659897,-0.0045048147
200.05759,0.022698041,-0.00083331787,-0.0071995864
200.07445,0.021349357,0.0009118331,-0.00603397
200.09105,0.020847877,0.0021563666,-0.008837448
200.10788,0.018906785,0.0044393935,-0.007645297
200.12456,0.01693244,0.0067481506,-0.0065101846
200.14153,0.016517596,0.007707214,-0.0092068855
200.1579,0.015232846,0.009831458,-0.008053715
200.17422,0.013320541,0.012295859,-0.0066369055
200.19093,0.012672232,0.013186164,-0.009136402
200.20811,0.011563506,0.015292895,-0.0078026955
200.22441,0.0100012,0.017330412,-0.0066680172
200.24115,0.0089921355,0.017894695,-0.009167759
200.25795,0.007484012,0.01977838,-0.007816492
200.27449,0.00614542,0.02141323,-0.00645628
200.29117,0.005971143,0.022461696,-0.008976962
200.30785,0.0045336355,0.02393732,-0.007579298
200.32463,0.003184311,0.025586342,-0.0061903675
200.34114,0.0028759504,0.026142918,-0.008966916
200.35774,0.0018666082,0.027568297,-0.0073808488
200.37451,0.00087934884,0.028880613,-0.0059179068
200.3911,0.00075440784,0.029590132,-0.008527707
200.40794,0.00018015986,0.030834397,-0.0070195957
200.42477,-0.00041010254,0.03222208,-0.005597415
200.4413,-0.001064692,0.032476027,-0.008117508
200.45822,-0.001317045,0.033259656,-0.006569951
200.47449,-0.0015775664,0.034221616,-0.0050970837
200.49146,-0.0022637104,0.034370147,-0.007400428
200.5077,-0.0027790347,0.034764223,-0.006000172
200.52454,-0.0026149745,0.035019673,-0.008260315
200.54121,-0.0030005085,0.035303257,-0.006740737
200.5579,-0.0031776729,0.034873664,-0.0050095143
200.57486,-0.0028503952,0.034238454,-0.0034926892
200.59149,-0.0025312211,0.034180302,-0.005967689
200.60873,-0.0025527573,0.03402421,-0.004324753
200.62462,-0.0023425967,0.03381062,-0.006975962
200.64128,-0.0020779201,0.032603204,-0.004935375
200.65804,-0.0020110959,0.031784613,-0.003191626
200.67537,-0.0014895125,0.031684637,-0.001547432
200.69128,-0.0017094323,0.031361632,-0.00413821
200.70822,-0.0010731146,0.030652445,-0.0022035248
200.72499,-0.0008137353,0.030511936,-0.004683207
200.74174,-0.00042337482,0.030230245,-0.003062076
200.75809,-0.00023782547,0.030151311,-0.0014606316
200.77478,0.00028222037,0.030134352,-0.0036974612
200.79132,0.00093550404,0.029599529,-0.0020955398
200.80884,0.0013431595,0.02947481,-0.0004653525
200.8251,0.0014724465,0.029443001,-0.003178808
200.84157,0.0023843818,0.029312627,0.0024111061
200.85843,0.0029368212,0.028759215,0.0039024842
200.87563,0.00302878,0.02874949,-0.002494527
200.89145,0.0031499218,0.028884538,-0.0011726479
200.90872,0.0036426536,0.028655257,0.00059791165
200.92499,0.0040385365,0.028093616,0.0017402358
200.94121,0.0045924485,0.02748875,0.0032080295
200.95834,0.0046764743,0.027474703,-0.0029051213
200.97495,0.0050674994,0.027060984,-0.001673221
200.99132,0.0061393366,0.026514944,0.003435852
201.00813,0.0069615697,0.026333038,0.0009591261
201.02467,0.007182391,0.02607658,0.0022272787
201.04124,0.0076405816,0.025593776,0.0035233137
201.05844,0.008260406,0.02495718,0.004725532
201.07504,0.008834695,0.0247129,0.0020155595
201.09164,0.009406757,0.024049008,0.0031390763
201.1082,0.009821702,0.023072366,0.0043294746
201.12471,0.010403031,0.022674894,0.0018422832
201.14122,0.011036875,0.021752145,0.003007333
201.15788,0.011005968,0.021294223,0.0005157723
201.17534,0.011952804,0.02063058,0.0016076263
201.19186,0.012195027,0.020018864,0.0024554166
201.20847,0.0125842,0.019581815,-0.000008955874
201.22461,0.012965282,0.019241853,0.0011450442
201.24208,0.01266142,0.01931365,0.0024893763
201.25783,0.013095914,0.019427542,-0.00030576644
201.27475,0.013649298,0.019658929,0.0012312145
201.2924,0.014191297,0.019715773,0.00225919
201.30788,0.014134384,0.019843912,-0.0005461256
201.32477,0.014434842,0.02062562,0.0010066874
201.34149,0.014948087,0.021063097,-0.0014911814
201.35818,0.015422757,0.022053307,-0.00028836168
201.3748,0.015578247,0.023411296,0.0009791579
201.3917,0.015460348,0.02422613,-0.0015181754
201.4081,0.015593252,0.02585788,-0.0002965427
201.4249,0.01650779,0.027080992,0.0009885604
201.44147,0.016537223,0.027548218,-0.0014750655
201.45786,0.017000476,0.0292151,-0.0001973911
201.47455,0.017261347,0.03121519,0.001087874
201.49107,0.017578421,0.031882904,-0.0013115299
201.50792,0.017882079,0.03291551,-0.0000718653
201.52467,0.0184561,0.034303136,0.0009966331
201.54121,0.018572677,0.034794625,-0.0012976575
201.55803,0.019055335,0.035625886,-0.00008287057
201.57477,0.019260557,0.036049336,0.0011866194
201.59117,0.019618815,0.036324594,-0.0011577398
201.60773,0.019508092,0.03720327,0.00023892909
201.62436,0.02024795,0.037501834,-0.00201434
201.6414,0.02067839,0.037947387,-0.000704237
201.65808,0.020958228,0.038302183,0.0005293486
201.67563,0.020936174,0.039026637,0.0018942707
201.69121,0.020935755,0.039162476,-0.0007481269
201.70801,0.021216845,0.039254867,0.0009771017
201.72523,0.021717785,0.039366707,0.0022980745
201.74182,0.022135679,0.039356418,-0.0001401798
201.75792,0.022521468,0.039338954,0.001298556
201.7755,0.022503005,0.038969845,0.0029118666
201.79185,0.022628304,0.038820762,0.0002879528
201.80794,0.022629686,0.038618594,0.0018427134
201.82457,0.0231366,0.03829027,-0.00033240745
201.84125,0.02375593,0.03764568,0.0011343521
201.85797,0.024125101,0.036815118,0.002556654
201.87466,0.024291325,0.03653404,0.00014491023
201.89102,0.024492973,0.036056384,0.0016315961
201.90782,0.024917452,0.03459239,0.003110093
201.92448,0.02471538,0.034030333,0.0008265653
201.9411,0.02497843,0.03263345,0.002230758
201.95796,0.025471311,0.031175544,0.0036004244
201.97472,0.025097389,0.03056408,0.0013300966
201.99092,0.025103305,0.027092192,0.0061966795
202.00769,0.024843205,0.02537117,0.007899473
202.02452,0.024916157,0.025298944,0.0021179088
202.041,0.024765057,0.02312942,0.0033978776
202.05829,0.024402142,0.020867603,0.0047364947
202.07457,0.02406198,0.018976092,0.006005131
202.09143,0.02383117,0.017221965,0.0076274537
202.10796,0.023880707,0.017153125,0.0018588316
202.12465,0.02337304,0.015686875,0.0033390454
202.141,0.023283765,0.013813904,0.008236539
202.1579,0.02276831,0.0132006435,0.0061638746
202.17456,0.022723356,0.0124461,0.007450001
202.1912,0.022457708,0.011829478,0.008754966
202.2077,0.022227759,0.011595617,0.0066446383
202.22427,0.022014203,0.011037746,0.007936584
202.24147,0.022124536,0.010724596,0.009177088
202.25786,0.021719387,0.010465325,0.0067146006
202.27487,0.021443537,0.010230964,0.007927517
202.29155,0.021830613,0.0101214405,0.008880068
202.30803,0.021698061,0.010049724,0.006551417
202.32475,0.022157429,0.009726963,0.0076240366
202.34152,0.022056023,0.009915477,0.008540683
202.35815,0.021509089,0.0099417735,0.0061392826
202.37459,0.021593371,0.010025058,0.006987379
202.39194,0.021656258,0.010069235,0.0078411205
202.40804,0.022082899,0.010378264,0.005329436
202.42493,0.022055402,0.010656291,0.0062707285
202.44154,0.021911586,0.011131899,0.006981093
202.45822,0.0222787,0.011205624,0.004633607
202.47495,0.022366678,0.011526745,0.0053900685
202.4917,0.022266403,0.011792163,0.0061308662
202.50854,0.022597201,0.0119968075,0.0037319565
202.52473,0.022548715,0.012699282,0.0043920567
202.5416,0.022745198,0.013108617,0.005235274
202.55829,0.023388473,0.013176862,0.0027939975
202.57516,0.023569217,0.0136615485,0.0034588405
202.59157,0.023744266,0.014141166,0.0041040075
202.60811,0.02368604,0.014395996,0.001809141
202.62482,0.023709182,0.015280269,0.0025406945
202.64197,0.024156239,0.01575429,0.0031906203
202.6581,0.024474131,0.015991738,0.00067951676
202.67502,0.024820834,0.016943205,0.0015106468
202.692,0.025507249,0.017544536,0.0020505567
202.70853,0.025314085,0.01801498,-0.00032536566
202.72502,0.026074061,0.018397916,0.00034291827
202.74155,0.026718393,0.019173086,0.0011252336
202.75888,0.026200024,0.019741144,-0.0011379572
202.77505,0.026376719,0.020454291,-0.0006353569
202.79158,0.02696641,0.020531952,-0.0027573344
202.808,0.02709915,0.02124664,-0.001953755
202.82494,0.02731628,0.022182828,-0.0010774109
202.84128,0.027408723,0.02216695,-0.0034778644
202.85843,0.027788645,0.022265285,-0.002514547
202.87505,0.028183859,0.022479948,-0.0017932401
202.89151,0.0280338,0.02268753,-0.0040101744
202.90807,0.028365105,0.022873303,-0.002995895
202.92491,0.028600942,0.023086559,-0.0019291124
202.94142,0.028919537,0.02342361,-0.004172977
202.9582,0.029301643,0.02375672,-0.0030295176
202.97488,0.029688567,0.024105078,-0.002060215
202.99141,0.029767906,0.024350228,-0.0041424725
203.00818,0.029942794,0.024497848,-0.0030188425
203.02536,0.0307242,0.024775475,-0.001886994
203.0416,0.030145455,0.025156928,-0.0039496026
203.05823,0.03018623,0.025334911,-0.0025096617
203.07481,0.030193025,0.025916282,-0.00096559705
203.09123,0.03075856,0.025923628,-0.002967059
203.10835,0.030876968,0.02646286,-0.0013151825
203.12471,0.031039264,0.026395557,-0.003419421
203.14163,0.031648125,0.02701599,-0.001799949
203.15782,0.03179242,0.027080085,-0.00035255618
203.17476,0.031512257,0.027466154,-0.0020633917
203.1916,0.03207056,0.027520884,-0.00060431776
203.20808,0.032380242,0.027373113,0.000866749
203.22464,0.031937197,0.027888196,-0.0007878272
203.24127,0.0320804,0.027936868,0.0007776573
203.25795,0.03237391,0.027725386,0.002299018
203.2745,0.03232608,0.027411839,0.0006286386
203.29198,0.032401003,0.027292164,0.0022550705
203.30862,0.032672346,0.027213337,0.0036150676
203.32468,0.03271349,0.026975749,0.0019102441
203.34148,0.032971833,0.026688335,0.0037012033
203.35843,0.03275883,0.02644695,0.0053029293
203.37456,0.03290727,0.026027009,0.0068387473
203.39128,0.032973144,0.025617342,0.008660016
203.40851,0.032864507,0.024952745,0.010240812
203.42474,0.03292792,0.024868539,0.0051322337
203.44148,0.033151444,0.024326893,0.0068288404
203.45786,0.032966238,0.023133764,0.008460644
203.4753,0.03270519,0.021913705,0.010020157
203.49115,0.03216126,0.02084963,0.011271867
203.5079,0.032209724,0.020774767,0.006619007
203.52446,0.03201777,0.019053075,0.011236955
203.54115,0.032218914,0.018362334,0.012733441
203.55783,0.032575086,0.01752137,0.010967103
203.57452,0.0326504,0.016858872,0.012294619
203.59138,0.03264172,0.016267914,0.013613928
203.60822,0.032585062,0.015762625,0.014673005
203.62453,0.033025943,0.01539569,0.012776863
203.6412,0.0329563,0.014300225,0.0139393145
203.65793,0.033162534,0.014163208,0.012056597
203.67447,0.033197265,0.013721479,0.013063092
203.69122,0.0338376,0.012910788,0.014024067
203.70793,0.03362286,0.013191901,0.012094206
203.72456,0.03415406,0.01303745,0.012890798
203.74129,0.034353852,0.012854807,0.013687408
203.75769,0.034999106,0.012317584,0.011683519
203.775,0.035264887,0.012232342,0.01244216
203.79144,0.035186864,0.012165841,0.010204353
203.80777,0.03600205,0.011669613,0.010833912
203.8243,0.036286198,0.011330933,0.011549911
203.841,0.03690996,0.011023807,0.012051979
203.85783,0.03667845,0.011209764,0.009999017
203.87488,0.036925636,0.010556014,0.010462459
203.89131,0.037258107,0.009780765,0.010774531
203.90858,0.0375927,0.009501346,0.0088202655
203.92477,0.037889782,0.009119519,0.009103544
203.94136,0.03826392,0.008771517,0.0071895937
203.95805,0.038682,0.008209029,0.0076794843
203.97545,0.03929378,0.0079479925,0.008134131
203.99164,0.040021293,0.0076669874,0.008376866
204.00793,0.03989653,0.0077610756,0.0064344485
204.02464,0.04055023,0.00762559,0.006968511
204.04141,0.04128324,0.0073690405,0.0048959134
204.05815,0.04175037,0.0068408274,0.005319466
204.0748,0.04253973,0.0069940113,0.0057944763
204.09209,0.04341188,0.006600644,0.0062912162
204.1081,0.043916065,0.006247986,0.004102075
204.12491,0.0448824,0.0061364025,0.0047467276
204.1418,0.044743147,0.006179429,0.0027005593
204.15765,0.04500527,0.00603181,0.003103819
204.1745,0.04572941,0.005904865,0.0038486992
204.191,0.04592317,0.0059684995,0.0017854344
204.20766,0.046310984,0.00614311,0.0024174338
204.22466,0.04720281,0.006406779,0.002875731
204.24196,0.048439592,0.0070043067,0.0032661157
204.25772,0.048991073,0.0069770836,0.0012211232
204.2748,0.049712986,0.0075586275,0.0020208105
204.29155,0.050190147,0.007957288,0.00000882244
204.3083,0.05122319,0.00890092,0.000646129
204.32492,0.05250947,0.009701432,0.0012760495
204.3419,0.05317002,0.010110265,-0.0005758487
204.35815,0.054448575,0.011134235,-0.000056572262
204.37517,0.05608995,0.012491457,0.0005788997
204.39131,0.056891866,0.012951949,-0.0012548516
204.40807,0.058303557,0.014280376,-0.00055440766
204.42487,0.060080662,0.016346632,0.00014760438
204.44185,0.061105862,0.016768571,-0.001723638
204.45847,0.06364815,0.019123692,-0.0011347207
204.47508,0.06613662,0.021237133,-0.00045684143
204.49178,0.06709515,0.021941824,-0.0024379122
204.50804,0.068787076,0.02369038,-0.0018134513
204.52501,0.070777796,0.025401067,-0.0011907673
204.54155,0.0719426,0.025818164,-0.0031503302
204.55846,0.0730767,0.02751225,-0.0026001974
204.5749,0.074170195,0.028383702,-0.0021885382
204.59158,0.07504885,0.028574048,-0.0039180983
204.60832,0.07594286,0.02944453,-0.0034079365
204.62502,0.07670119,0.030104004,-0.0029569934
204.64154,0.07672867,0.030563086,-0.0047284174
204.6583,0.07712274,0.03069026,-0.004232675
204.67505,0.077148624,0.03093463,-0.0060203634
204.69171,0.07735945,0.031291883,-0.0054849274
204.70828,0.0770564,0.031254895,-0.0048454734
204.72495,0.0770735,0.03064142,-0.006612888
204.74152,0.07672228,0.030308045,-0.005955775
204.75871,0.076463476,0.030089872,-0.0052551557
204.77502,0.07652675,0.02992891,-0.009462299
204.79153,0.07550829,0.028968528,-0.006404491
204.80792,0.07430896,0.028578538,-0.0055565685
204.82475,0.07332607,0.028076543,-0.004692323
204.84114,0.0713266,0.026363766,-0.004026005
204.8583,0.069823354,0.02504206,-0.0031028294
204.8747,0.069875084,0.024898037,-0.0072270003
204.89207,0.068208195,0.023640098,-0.0063809436
204.90811,0.0658111,0.021682937,-0.0057016695
204.92503,0.06268266,0.019505687,-0.004618709
204.9414,0.059857115,0.017499667,-0.0037705433
204.95831,0.057095736,0.015568793,-0.0027903272
204.97455,0.055772826,0.014417925,-0.004311265
204.9913,0.052941192,0.011927882,-0.0032364528
205.00818,0.05030422,0.009856309,-0.0022389262
205.0248,0.048978332,0.00889589,-0.0036840618
205.04141,0.046228744,0.006981959,-0.002687161
205.05788,0.044499088,0.006468715,-0.004076842
205.07458,0.041769065,0.0043832446,-0.0030564445
205.09125,0.03941535,0.00266019,-0.0020820019
205.10783,0.038240083,0.0018892282,-0.0034796433
205.12466,0.035844553,0.000118061085,-0.0024759374
205.14099,0.03319816,-0.0015543529,-0.0014914284
205.1577,0.032429162,-0.002691688,-0.002817144
205.17476,0.030382173,-0.0035863926,-0.0017969777
205.1918,0.028018963,-0.004730165,-0.0008945115
205.2082,0.028009798,-0.0047843256,-0.004760402
205.22464,0.024644298,-0.006278442,-0.0013609964
205.24121,0.022999777,-0.0073831943,-0.00036163136
205.25777,0.022005582,-0.007904219,-0.0017374513
205.27458,0.019926472,-0.009075026,-0.0008359204
205.29149,0.01806097,-0.010235299,-0.000017166467
205.30818,0.017164243,-0.010351391,-0.0015509492
205.32452,0.015094727,-0.011478979,-0.0008010889
205.34114,0.013154993,-0.012626644,-0.00004446586
205.35823,0.0122908745,-0.013025567,-0.0015597697
205.3746,0.010090114,-0.013977553,-0.000927106
205.39114,0.008845041,-0.014283092,-0.002345658
205.40796,0.007099469,-0.015276168,-0.001644135
205.42491,0.005441657,-0.016043497,-0.00094863214
205.4413,0.0041579045,-0.016587818,-0.00037509704
205.4579,0.0038803944,-0.017167255,-0.0017947246
205.47464,0.0025300507,-0.017686665,-0.0011065657
205.49202,0.0012637243,-0.017904332,-0.00046230367
205.50804,0.0012081952,-0.018583527,-0.0020557758
205.52467,0.0005264479,-0.018846484,-0.0011897237
205.5412,-0.0001920871,-0.018741373,-0.002582694
205.5585,-0.0006573918,-0.01895451,-0.001794346
205.57451,-0.0005706095,-0.019041376,-0.0012092813
205.5911,-0.00061391946,-0.01928619,-0.0024407653
205.60764,-0.00046057897,-0.019528171,-0.0016623338
205.62436,-0.0006054158,-0.019649902,-0.0008728574
205.64131,-0.00044937298,-0.019850155,-0.002228891
205.65782,-0.00027849266,-0.019747054,-0.0014937832
205.67471,-0.0002747916,-0.020179005,-0.00068868895
205.6912,0.00005883499,-0.019928208,-0.0020208866
205.70784,0.0008323653,-0.019799246,-0.0011694011
205.72466,0.0011705516,-0.019696075,-0.00034851264
205.74141,0.0016972041,-0.020029828,-0.0016505871
205.75784,0.0022678995,-0.019686826,-0.0008552731
205.77454,0.0027416262,-0.01958057,0.000003159061
205.79132,0.0030734825,-0.01951297,-0.0012796278
205.80814,0.0038612997,-0.019121757,-0.00047922655
205.82475,0.0048922785,-0.019535203,0.00029522378
205.84125,0.0052278964,-0.01921833,-0.0009210756
205.85832,0.0063403985,-0.018934714,-0.00013166975
205.87544,0.007033422,-0.018690392,0.00056798273
205.89139,0.007775654,-0.01893327,-0.0008025258
205.90784,0.008907609,-0.018463094,0.00008124175
205.92508,0.009759847,-0.018438468,0.0008077192
205.94139,0.010118856,-0.017850066,-0.00059707486
205.95793,0.011724966,-0.017421396,0.00019056027
205.97552,0.013049753,-0.01771303,0.000897661
205.99138,0.013784089,-0.01799575,-0.0005559987
206.00769,0.015074836,-0.017677298,0.000377607
206.0254,0.016741296,-0.017636832,0.0010106204
206.04164,0.0174513,-0.017080026,-0.00037933316
206.0581,0.019245157,-0.017363463,0.00035286928
206.07472,0.020147443,-0.016947336,-0.00079955294
206.09142,0.021735923,-0.016281405,-0.0001032377
206.10837,0.023782896,-0.015846951,0.00051583664
206.12482,0.024750693,-0.01568909,-0.0006963208
206.14157,0.026417535,-0.015011061,-0.000046016663
206.1583,0.028971612,-0.014316994,0.00061359914
206.17485,0.029838644,-0.0140398815,-0.00063559687
206.19208,0.032243114,-0.013360561,-0.0000032784171
206.20822,0.03471993,-0.0128086815,0.0005379026
206.22508,0.035888236,-0.012690679,-0.0006276129
206.24156,0.03859249,-0.012204538,-0.000038626535
206.25815,0.041201532,-0.011594052,0.0005807146
206.27475,0.043638136,-0.011486322,0.0011366365
206.29143,0.046375576,-0.011187452,0.0016996143
206.30898,0.04873117,-0.010706338,0.0022349937
206.32484,0.04871393,-0.010783029,-0.00091520126
206.34187,0.050394863,-0.010338719,-0.00023927867
206.35841,0.05216815,-0.009684977,0.0002333804
206.37547,0.05393025,-0.008862018,0.0006948355
206.39186,0.055523723,-0.007830464,0.0010606237
206.40852,0.056847952,-0.0072910115,0.0015095166
206.42508,0.057696894,-0.007496934,0.00019362249
206.44165,0.05928094,-0.006566615,0.0005567285
206.45824,0.06068672,-0.005872215,0.00084597874
206.47511,0.060993977,-0.00519354,-0.0004513972
206.49185,0.062265143,-0.004811718,-0.00026921753
206.50845,0.0627699,-0.0048691193,-0.0015982096
206.52466,0.06381305,-0.004119412,-0.0013920607
206.54172,0.06457517,-0.003407951,-0.001153972
206.55867,0.065054335,-0.0034168207,-0.0025682836
206.57475,0.06606122,-0.0032884926,-0.002461701
206.59158,0.06701843,-0.0028225677,-0.0022135912
206.60802,0.06720272,-0.002004925,-0.0035551833
206.62462,0.06750933,-0.0017635688,-0.0033713984
206.64162,0.06801587,-0.001263194,-0.0032205293
206.65816,0.06834325,-0.0014843652,-0.004570022
206.67503,0.06839319,-0.0010974627,-0.004401103
206.69136,0.06834973,-0.00078397297,-0.0042651882
206.70876,0.06849759,-0.0010521904,-0.0054636737
206.72519,0.06870923,-0.0006242791,-0.0053636148
206.74121,0.06874696,-0.0006463529,-0.00511693
206.75867,0.06853063,-0.00018411009,-0.006201945
206.77501,0.0683109,-0.00007320496,-0.006048957
206.79149,0.06822661,-0.00018368856,-0.0056910776
206.80797,0.06817311,-0.00057202333,-0.0068247104
206.82489,0.06769698,-0.0007273602,-0.006445181
206.84152,0.06728353,-0.0011176403,-0.0061269565
206.85818,0.06725979,-0.0012008045,-0.007212324
206.8746,0.06673078,-0.0015583262,-0.0067987605
206.89162,0.06568645,-0.0014069042,-0.006269689
206.90805,0.06535791,-0.0018012126,-0.0073278667
206.92445,0.064288706,-0.0018412845,-0.0067395903
206.94107,0.063550755,-0.0015707915,-0.00765738
206.95787,0.0624764,-0.0022121717,-0.0070812446
206.97437,0.061224192,-0.002303893,-0.0064528845
206.99147,0.060422875,-0.0017937358,-0.007344306
207.00832,0.059146382,-0.0021503808,-0.006789772
207.02493,0.05778048,-0.0023536154,-0.005949206
207.04155,0.05687392,-0.0029893625,-0.0051434655
207.05817,0.056150403,-0.0027999908,-0.0060590846
207.07457,0.055089545,-0.0028086507,-0.005076203
207.0913,0.054557983,-0.0032457353,-0.006007479
207.1081,0.05354691,-0.0029723835,-0.0050782915
207.12479,0.052314173,-0.0035135725,-0.0043052807
207.14153,0.05209735,-0.00397005,-0.00510691
207.15794,0.05088034,-0.0042133075,-0.0042709108
207.17479,0.049753256,-0.004729794,-0.0034083026
207.1916,0.049074143,-0.0048068278,-0.0042396965
207.20802,0.04763764,-0.0049572526,-0.0032863223
207.22481,0.046300802,-0.005543178,-0.0022893837
207.24153,0.04541187,-0.005288682,-0.0030184763
207.25818,0.043710638,-0.0055264398,-0.0020128929
207.27469,0.04223731,-0.0058836117,-0.0010985987
207.2913,0.041695707,-0.0066384,-0.0017549553
207.30841,0.04028802,-0.007468693,-0.0008916239
207.32486,0.03875523,-0.008058157,-0.000063185216
207.34146,0.037939314,-0.008165122,-0.00073818926
207.35817,0.036837928,-0.008977369,0.000104075436
207.37521,0.035792496,-0.0098042,0.0009334633
207.3918,0.035070285,-0.010038257,0.00015962998
207.40805,0.03398879,-0.010619357,0.000944965
207.4251,0.03335177,-0.011493499,0.0017360125
207.44135,0.032913018,-0.012403095,0.00093316066
207.45798,0.031829692,-0.013200057,0.001679792
207.47461,0.031165767,-0.013441331,0.0009364288
207.49136,0.030968588,-0.01427224,0.0015616018
207.50815,0.03017637,-0.015494354,0.0021279287
207.52463,0.029803172,-0.016176322,0.0013355593
207.54135,0.029434636,-0.016756298,0.0018566028
207.55779,0.029353825,-0.017846363,0.0022922214
207.57481,0.029327514,-0.018626552,0.0014945966
207.5914,0.028798888,-0.019587833,0.0018349693
207.60811,0.028144293,-0.020402228,0.0021641827
207.62465,0.028135967,-0.020791657,0.0012901498
207.6414,0.027603477,-0.022109263,0.0015543835
207.658,0.026830522,-0.022758454,0.001809086
207.67505,0.026194388,-0.023166204,0.0020592802
207.6913,0.025779035,-0.02309737,0.0022606803
207.70805,0.025290502,-0.02365834,0.0025323585
207.72461,0.0252673,-0.023683092,0.00057330314
207.74117,0.024612572,-0.024049511,0.000803326
207.75774,0.024120292,-0.024769878,0.0010087463
207.77463,0.02380798,-0.025813947,0.0012144514
207.79135,0.023517873,-0.02618064,0.0014176446
207.80836,0.023089629,-0.026523499,0.0016503587
207.8246,0.022899525,-0.026441999,0.000808876
207.84117,0.022923708,-0.027489448,0.0011515628
207.85835,0.023177922,-0.02760278,0.0015000334
207.8747,0.023038942,-0.02795554,0.0007220948
207.89122,0.022625007,-0.028755965,0.0011533555
207.90872,0.022553412,-0.029054232,0.0016514346
207.92525,0.022605808,-0.028835678,0.0008870253
207.94176,0.02260399,-0.029254537,0.0014258929
207.95825,0.022555074,-0.029780068,0.00083594694
207.97543,0.022743253,-0.029957881,0.00144306
207.99152,0.023265257,-0.03020891,0.0019995063
208.00848,0.023702802,-0.03029103,0.002683931
208.02496,0.02384039,-0.030571124,0.0021124647
208.04156,0.0241638,-0.030804325,0.002778719
208.05847,0.02438536,-0.031320475,0.0023482156
208.07506,0.024859313,-0.031355422,0.0030400422
208.0916,0.025364252,-0.031336233,0.00379194
208.10811,0.025542201,-0.030934231,0.003349114
208.12518,0.026307495,-0.030995077,0.004157099
208.14154,0.026962996,-0.031123817,0.004962223
208.15825,0.02726304,-0.031345505,0.0045770654
208.17488,0.028447261,-0.031222273,0.005444293
208.19191,0.029227154,-0.031208266,0.0063144406
208.20885,0.029713552,-0.03157901,0.0058844048
208.22537,0.03091546,-0.03157778,0.00676595
208.24156,0.0323289,-0.031385403,0.0076721655
208.25845,0.032870404,-0.03058147,0.007417483
208.2744,0.03405988,-0.03069278,0.008300092
208.29224,0.03533854,-0.030789644,0.009299571
208.30821,0.035928313,-0.030873222,0.008938499
208.32515,0.037359364,-0.030934595,0.00996856
208.3419,0.03832651,-0.030972289,0.010904485
208.35817,0.03880704,-0.031069342,0.010669653
208.37465,0.04022917,-0.031268857,0.011722404
208.39165,0.04146427,-0.03140753,0.01275245
208.40825,0.041741673,-0.03099385,0.012543689
208.4246,0.042986523,-0.031083297,0.013532478
208.44156,0.04351012,-0.030604433,0.01341352
208.4581,0.044216372,-0.030083437,0.014372361
208.47476,0.04504636,-0.029705776,0.015369847
208.49164,0.04564495,-0.029501332,0.01638384
208.508,0.045912843,-0.029789457,0.016169429
208.52473,0.04655397,-0.029314836,0.017198872
208.54117,0.04676065,-0.029707564,0.017009664
208.55792,0.04705482,-0.029142108,0.017993128
208.57474,0.04727007,-0.028470403,0.0189381
208.59154,0.047487527,-0.028603438,0.01874433
208.60873,0.047705367,-0.027931262,0.01964955
208.62556,0.047767323,-0.027860815,0.02048208
208.6417,0.047882956,-0.027315916,0.020298462
208.65819,0.04760685,-0.026956614,0.021166947
208.67505,0.047687862,-0.026669227,0.021965155
208.69135,0.04763887,-0.02684496,0.021724444
208.70824,0.04708936,-0.026609475,0.022431552
208.7254,0.047041606,-0.026179902,0.023054713
208.7417,0.04684478,-0.02648408,0.0226952
208.75812,0.04703279,-0.025518471,0.023142185
208.77478,0.046756707,-0.025072867,0.02346744
208.79167,0.04647297,-0.025400918,0.023032052
208.80807,0.046342608,-0.025038801,0.023241412
208.8248,0.046344023,-0.024462236,0.022784267
208.84132,0.04651012,-0.024211887,0.02291153
208.85826,0.046304278,-0.023825293,0.022941582
208.87486,0.046590585,-0.024004187,0.022903476
208.89172,0.04666323,-0.023382332,0.022317784
208.9082,0.04677316,-0.022931894,0.022168174
208.9247,0.046857942,-0.02342206,0.02155966
208.94176,0.047032624,-0.02301964,0.02134376
208.95811,0.04743685,-0.022689259,0.02100508
208.97466,0.047694914,-0.021998452,0.020353071
208.99136,0.048262455,-0.021745494,0.01996716
209.00816,0.048895646,-0.021717817,0.019524114
209.02469,0.04925133,-0.021559248,0.01875742
209.04195,0.050196458,-0.02140154,0.018266998
209.05833,0.05068226,-0.021596424,0.017618408
209.07516,0.05106515,-0.02100304,0.01682446
209.09154,0.05156734,-0.020851623,0.016132142
209.10814,0.051925313,-0.020946812,0.015384934
209.12456,0.052597158,-0.020564469,0.014631984
209.1413,0.052963458,-0.020647978,0.013825766
209.1581,0.052873403,-0.020480791,0.012998021
209.17488,0.052864924,-0.020502968,0.012160899
209.19139,0.05314425,-0.020639721,0.011286134
209.20811,0.05265201,-0.020548694,0.010346019
209.22487,0.051948216,-0.020307668,0.009367493
209.24132,0.051212322,-0.020201365,0.008339612
209.25792,0.05085527,-0.020629423,0.0074121095
209.27466,0.04982259,-0.020722643,0.0062723923
209.29141,0.04853733,-0.020723332,0.0051083723
209.30807,0.04780986,-0.020493545,0.004148888
209.32458,0.046367824,-0.021049341,0.0029149964
209.34131,0.04446867,-0.021197509,0.001734021
209.35808,0.043194097,-0.020434907,0.0007572858
209.37463,0.041461535,-0.020377923,-0.0004368819
209.3911,0.039624464,-0.020624489,-0.0016622759
209.40775,0.038625393,-0.020930752,-0.0025821154
209.42502,0.036461726,-0.020826476,-0.003777427
209.44139,0.034486268,-0.020889308,-0.0050505036
209.4584,0.03374217,-0.021491686,-0.0059463605
209.4745,0.031931322,-0.021295242,-0.0071644704
209.49106,0.030179048,-0.02114942,-0.008381532
209.5083,0.029187882,-0.020568188,-0.009246873
209.52454,0.027914187,-0.02049356,-0.01047883
209.54117,0.026721772,-0.020501535,-0.011648627
209.55795,0.025985485,-0.0203996,-0.012469689
209.5749,0.024389382,-0.02025935,-0.013610231
209.5913,0.023403829,-0.020207634,-0.014753934
209.60799,0.022982782,-0.02071448,-0.015560358
209.62477,0.022097742,-0.020666648,-0.016665384
209.64148,0.021341009,-0.020957412,-0.017788345
209.65797,0.020864436,-0.020489123,-0.01854359
209.67464,0.020213611,-0.020662325,-0.0196477
209.69113,0.020033212,-0.020984061,-0.020381674
209.70811,0.019392665,-0.0209696,-0.021455728
209.72505,0.018747535,-0.020717474,-0.02251373
209.7419,0.018418005,-0.020621547,-0.02350911
209.75845,0.018149959,-0.02041114,-0.024234107
209.77486,0.017987413,-0.020423977,-0.025129057
209.7917,0.017867211,-0.020287212,-0.025715917
209.80826,0.017958168,-0.019975867,-0.026495328
209.82477,0.017813522,-0.019771442,-0.02719063
209.8417,0.017791264,-0.020230029,-0.027623061
209.85872,0.017693993,-0.020011604,-0.028093662
209.87517,0.017482664,-0.019789372,-0.028421631
209.89174,0.017599598,-0.019756855,-0.028642677
209.9082,0.017526083,-0.019906674,-0.028718466
209.92496,0.017245328,-0.019713776,-0.028675336
209.94162,0.017307416,-0.020035967,-0.028620983
209.95808,0.017520996,-0.019979661,-0.028350785
209.97478,0.017743016,-0.019970605,-0.027943015
209.99152,0.017558161,-0.01981947,-0.027808089
210.00813,0.017974379,-0.01942285,-0.027210716
210.0248,0.01840232,-0.01935691,-0.026459502
210.0417,0.018625889,-0.019238582,-0.026142085
210.05865,0.018811552,-0.019358173,-0.025265668
210.07495,0.018852603,-0.019296866,-0.024406992
210.09186,0.019131731,-0.019550242,-0.023891812
210.10826,0.019179128,-0.019297495,-0.02281956
210.12582,0.01924405,-0.019042032,-0.022259016
210.14203,0.019471345,-0.019045359,-0.021039994
210.1582,0.020205952,-0.018851334,-0.019771572
210.17474,0.020468166,-0.018811712,-0.01841924
210.19168,0.02049194,-0.01918445,-0.017764946
210.20825,0.02104455,-0.01914172,-0.016342422
210.22527,0.021527918,-0.019559411,-0.01495377
210.24173,0.021642901,-0.018951852,-0.0141612245
210.25827,0.02182641,-0.019101096,-0.012746601
210.2749,0.022689918,-0.019575456,-0.011301039
210.29166,0.022923393,-0.0188391,-0.010554494
210.3083,0.02340657,-0.018780084,-0.0091589885
210.32544,0.023589622,-0.019180255,-0.008355381
210.34189,0.02424761,-0.019199407,-0.007006483
210.35837,0.025430968,-0.018901756,-0.00561527
210.37547,0.026212282,-0.01877561,-0.004310768
210.39166,0.02644126,-0.019376088,-0.0035366348
210.40906,0.02745921,-0.019177057,-0.0022155482
210.42491,0.028060868,-0.019044125,-0.0015610023
210.44167,0.029072944,-0.019208679,-0.00023574772
210.45815,0.030011334,-0.019505378,0.0011179498
210.475,0.030573122,-0.019818436,0.0018070661
210.49203,0.03228289,-0.020240761,0.003059949
210.50868,0.03372669,-0.020479934,0.004331145
210.5249,0.035211593,-0.020330619,0.0054835514
210.5414,0.036232803,-0.020444786,0.00662496
210.55803,0.038154177,-0.020937592,0.007747048
210.57474,0.03815721,-0.020932652,0.008013136
210.59212,0.039600816,-0.021110892,0.009173735
210.60849,0.041100714,-0.021485606,0.010207107
210.62517,0.04245421,-0.021595912,0.011155201
210.64159,0.04404457,-0.0220869,0.012142733
210.65834,0.045991518,-0.022168405,0.013055101
210.67502,0.047064394,-0.02245806,0.013708479
210.69194,0.04855459,-0.022482831,0.014561691
210.70857,0.050110392,-0.022649901,0.015354984
210.72498,0.05070287,-0.022265969,0.01595148
210.74129,0.052055445,-0.02242255,0.016620196
210.75827,0.053185157,-0.022446021,0.01719473
210.775,0.053691793,-0.022827039,0.017712384
210.79143,0.054561347,-0.02271524,0.018171636
210.80827,0.05498761,-0.023231665,0.018564265
210.82513,0.055569943,-0.02354948,0.018885119
210.84145,0.05604043,-0.0240107,0.019095605
210.85817,0.056496,-0.023541965,0.019404298
210.87506,0.056807246,-0.023900867,0.019413328
210.89146,0.056868043,-0.024268452,0.019232832
210.90805,0.056950457,-0.024950242,0.019352652
210.92487,0.057046834,-0.024916831,0.018983204
210.94144,0.05739414,-0.025476204,0.018492613
210.95842,0.05744495,-0.025870036,0.018472688
210.97516,0.057250846,-0.025986746,0.017877107
210.99174,0.057017908,-0.02638394,0.01709887
211.00804,0.056880143,-0.026817154,0.017056264
211.02469,0.05643729,-0.027194338,0.016093489
211.04129,0.05608264,-0.02695523,0.015899183
211.05806,0.05515325,-0.02722193,0.014889559
211.0747,0.054309733,-0.02754411,0.013800676
211.09145,0.05408033,-0.027893284,0.013584616
211.10869,0.052816853,-0.028030094,0.0123249795
211.12457,0.051350784,-0.027868567,0.011035419
211.14137,0.05034485,-0.027978627,0.009614923
211.15787,0.049696017,-0.028627949,0.009264347
211.17482,0.047983196,-0.028830122,0.007830886
211.19122,0.047103386,-0.028765108,0.0074862605
211.20804,0.04538444,-0.028659169,0.0060492363
211.22453,0.043333128,-0.028892113,0.0047143083
211.24138,0.04179551,-0.029160684,0.0043251035
211.25801,0.039236054,-0.029605394,0.0029871592
211.2748,0.037081532,-0.029945455,0.0016823835
211.29132,0.035950426,-0.030212551,0.0014350496
211.30806,0.032221604,-0.030257508,0.000115582945
211.32463,0.02903877,-0.030676806,-0.0012018918
211.34138,0.02783035,-0.0303779,-0.0012654916
211.35808,0.024544567,-0.030550608,-0.0025276283
211.37468,0.021445863,-0.030611193,-0.0035998072
211.39198,0.019402694,-0.030637253,-0.0036964868
211.40816,0.0158097,-0.030439967,-0.00464014
211.42471,0.013128895,-0.030384708,-0.005528624
211.44136,0.0113356635,-0.030068047,-0.005563062
211.45813,0.008279286,-0.029623447,-0.0063125053
211.47504,0.005473007,-0.029433696,-0.007001372
211.49199,0.0045411806,-0.029447462,-0.0068396297
211.50824,0.0026148933,-0.029101005,-0.0074700434
211.52515,0.00015010497,-0.02854778,-0.008136464
211.54114,-0.0008542616,-0.028973063,-0.007875286
211.55783,-0.002483659,-0.028478213,-0.008451491
211.57465,-0.0031426349,-0.027571868,-0.008197727
211.59142,-0.0046332222,-0.02716629,-0.008642765
211.60823,-0.0058154226,-0.026966348,-0.009067932
211.62494,-0.0070149894,-0.026465634,-0.009384079
211.64177,-0.007012197,-0.026172474,-0.008980097
211.65883,-0.0073606037,-0.025588974,-0.009304311
211.67546,-0.007529317,-0.026033327,-0.008826741
211.69127,-0.007680002,-0.025539035,-0.009095781
211.70818,-0.0075431936,-0.024906537,-0.009376218
211.72496,-0.0072255135,-0.02417801,-0.009562475
211.74191,-0.007029458,-0.023517154,-0.009757049
211.75868,-0.006778232,-0.023181789,-0.00988077
211.77553,-0.006764259,-0.023186198,-0.008667842
211.7916,-0.005729075,-0.022570724,-0.009385994
211.80898,-0.005409222,-0.022067001,-0.009509365
211.8257,-0.005394915,-0.022070616,-0.008210658
211.84152,-0.00478864,-0.021443699,-0.008265606
211.8582,-0.0034628925,-0.02062358,-0.008333254
211.87498,-0.0024146177,-0.020119634,-0.008268091
211.89186,-0.0013426985,-0.019775849,-0.008230998
211.90854,0.00040042712,-0.019094404,-0.008176625
211.9251,0.00041306365,-0.019094095,-0.006853
211.94165,0.0020104386,-0.01853273,-0.00672484
211.95828,0.0038852142,-0.017990418,-0.0066337036
211.97513,0.005775396,-0.017457299,-0.0064763376
211.9918,0.007944378,-0.016864259,-0.0062883217
212.00844,0.010035346,-0.01652121,-0.0060967617
212.02516,0.011127374,-0.016333226,-0.0052808695
212.04144,0.013182045,-0.015934667,-0.005047301
212.05847,0.015375477,-0.015816638,-0.0048484034
212.07512,0.016568845,-0.015635032,-0.0039712284
212.0914,0.018556332,-0.01493208,-0.0036769768
212.10844,0.020777699,-0.014679866,-0.0034085002
212.12492,0.022055503,-0.014441313,-0.0024550776
212.14168,0.024386689,-0.014003868,-0.002142603
212.15808,0.025608907,-0.014382172,-0.0011988729
212.17497,0.02765987,-0.013993353,-0.0008470208
212.19144,0.02945295,-0.01333646,-0.00048264267
212.20828,0.030250182,-0.01287734,0.00046374695
212.22467,0.031852607,-0.012856403,0.00085393694
212.24152,0.033747092,-0.013158336,0.0012427642
212.25838,0.034679342,-0.012607045,0.002325534
212.27486,0.036518164,-0.012249641,0.002825674
212.29152,0.03804784,-0.011956224,0.00329509
212.30821,0.038834877,-0.0118317595,0.0043990007
212.32487,0.040672474,-0.011911099,0.004888115
212.34169,0.042452645,-0.011598008,0.005307063
212.35823,0.043401472,-0.01081186,0.006448408
212.37483,0.045256983,-0.0108132465,0.006790738
212.39198,0.04696611,-0.0104984855,0.0073716836
212.40823,0.048125852,-0.010517443,0.00841016
212.42482,0.050191853,-0.010159361,0.008798073
212.44156,0.05209677,-0.010290456,0.009119334
212.4582,0.052988447,-0.009993931,0.009983823
212.47499,0.054997265,-0.009860741,0.01027061
212.49147,0.057327874,-0.009664018,0.010340283
212.50807,0.058702618,-0.009759858,0.011160508
212.5247,0.061009627,-0.010063239,0.011029305
212.54132,0.063139565,-0.009916429,0.010829886
212.55815,0.06428746,-0.00932782,0.011588237
212.57462,0.066528164,-0.009581037,0.0114024365
212.59132,0.06751119,-0.0092336405,0.012108414
212.60823,0.0694079,-0.009154872,0.011943965
212.625,0.071068704,-0.009042142,0.011844846
212.64136,0.07199926,-0.00958071,0.012534915
212.65773,0.07404814,-0.009435236,0.012338818
212.67484,0.07575482,-0.009374339,0.012185302
212.69167,0.076549545,-0.008788584,0.013056298
212.70828,0.07839215,-0.008724863,0.012861591
212.72478,0.080288194,-0.009115541,0.012490862
212.74176,0.08120144,-0.008975973,0.013357538
212.75826,0.0828044,-0.009144348,0.01290855
212.77483,0.08437078,-0.009168089,0.012626711
212.79184,0.08528521,-0.009471312,0.013419884
212.80792,0.08757261,-0.009581292,0.013185694
212.82463,0.08968729,-0.009530483,0.012758734
212.84137,0.090842895,-0.009183284,0.013506568
212.85814,0.09363339,-0.009158742,0.013110011
212.87482,0.09603921,-0.009241579,0.0125325415
212.89151,0.09680757,-0.009168863,0.013196309
212.90794,0.0982129,-0.009420374,0.012588228
212.9248,0.100019306,-0.009641181,0.011861387
212.94153,0.10097805,-0.009694558,0.012585268
212.95813,0.10159807,-0.009926686,0.01180952
212.97476,0.10206372,-0.010091913,0.010961982
212.99167,0.10226994,-0.010480964,0.011659102
213.0081,0.10279097,-0.010590566,0.010722728
213.02501,0.10257711,-0.010675606,0.0096579855
213.04149,0.10207877,-0.010823092,0.010297024
213.05785,0.101336345,-0.01121626,0.009070524
213.07468,0.100818686,-0.011063882,0.009609551
213.09135,0.099485986,-0.011500444,0.008359308
213.10811,0.09768058,-0.0119383065,0.0070618885
213.12474,0.09644629,-0.011977416,0.007560264
213.14151,0.094205074,-0.013247768,0.0061149052
213.15816,0.09184445,-0.013802159,0.0047021136
213.17474,0.09035104,-0.013563472,0.005080199
213.19113,0.08733211,-0.014469108,0.003531066
213.2079,0.08426763,-0.015221483,0.0019604638
213.22456,0.08284435,-0.015544478,0.002370701
213.2411,0.07948171,-0.016107274,0.00075790414
213.25809,0.07397336,-0.01733025,-0.0027081987
213.2747,0.07399397,-0.017241644,-0.00031460973
213.29158,0.07029231,-0.01789296,-0.0017721383
213.30833,0.06622792,-0.018101204,-0.0031527425
213.32527,0.061940257,-0.019016178,-0.004579511
213.3416,0.05824806,-0.019543953,-0.005867269
213.35849,0.054377146,-0.019639235,-0.0071480405
213.37518,0.054400895,-0.019572193,-0.0046882485
213.39171,0.05021999,-0.020387856,-0.005998388
213.40858,0.046267264,-0.020690847,-0.00718575
213.4252,0.042245075,-0.021223588,-0.008220224
213.44173,0.037852746,-0.022014655,-0.009321974
213.45839,0.033704977,-0.0228038,-0.010387766
213.47516,0.031963024,-0.022560883,-0.009563218
213.49167,0.028036835,-0.022996636,-0.010496262
213.5089,0.024137527,-0.023576096,-0.011385687
213.52492,0.022513375,-0.023854064,-0.010437169
213.5416,0.019163765,-0.024405537,-0.0113196485
213.55852,0.015796848,-0.024552291,-0.011947461
213.57541,0.01385193,-0.024681605,-0.011048788
213.59131,0.01093398,-0.024780689,-0.011604996
213.60849,0.009521936,-0.024719985,-0.010784672
213.62521,0.006633253,-0.02472851,-0.011271758
213.6419,0.003366041,-0.024425253,-0.011823011
213.65887,0.0021779547,-0.024930615,-0.010752845
213.67543,-0.0001329398,-0.024676802,-0.011208629
213.69136,-0.0024131867,-0.024348425,-0.011660962
213.70853,-0.003704435,-0.024197731,-0.010654141
213.72495,-0.005802865,-0.024133185,-0.010959702
213.74158,-0.0073862835,-0.023987466,-0.01143077
213.75851,-0.008096002,-0.023699531,-0.010288748
213.77515,-0.009502874,-0.02387688,-0.010649692
213.79199,-0.010449438,-0.02411363,-0.011067693
213.80887,-0.010620519,-0.024296219,-0.009848607
213.82516,-0.011259635,-0.02431248,-0.010282245
213.8419,-0.011791628,-0.023908213,-0.010739569
213.85844,-0.012361115,-0.024131982,-0.0096251685
213.87508,-0.012326558,-0.023883266,-0.010068924
213.89156,-0.012857505,-0.02372481,-0.008957944
213.90842,-0.01226525,-0.023648279,-0.009427742
213.92502,-0.011902327,-0.023505576,-0.009821002
213.94173,-0.0117399795,-0.023253825,-0.0103532085
213.95879,-0.011069701,-0.02324389,-0.009155396
213.97513,-0.0106828585,-0.022614447,-0.009614086
213.99228,-0.010111307,-0.021965155,-0.010233546
214.00806,-0.010029013,-0.021140054,-0.008961835
214.02518,-0.008922579,-0.020784892,-0.009696912
214.04176,-0.008266343,-0.020224964,-0.00839807
214.05853,-0.0071237516,-0.019604554,-0.008993827
214.07512,-0.005975522,-0.019055298,-0.009532201
214.09174,-0.005199663,-0.019284572,-0.008310353
214.1083,-0.0038249306,-0.018437346,-0.008868727
214.12506,-0.002119295,-0.017679138,-0.009436327
214.14194,-0.0014688505,-0.01769674,-0.008191875
214.1585,0.00026481517,-0.017202089,-0.008679304
214.17549,0.0022234248,-0.016273497,-0.009210205
214.19179,0.0031166526,-0.016181124,-0.007882212
214.2083,0.0049418053,-0.015569566,-0.008403104
214.22505,0.00724467,-0.014976046,-0.008869918
214.24155,0.008100469,-0.0145198405,-0.0075291684
214.2582,0.010232002,-0.01356287,-0.007966238
214.27518,0.012733583,-0.012790027,-0.008362616
214.29161,0.014151832,-0.012164362,-0.006898335
214.30801,0.016418373,-0.011599256,-0.00730224
214.32529,0.018837374,-0.010906228,-0.0077253263
214.34157,0.02041109,-0.010700429,-0.00618138
214.35837,0.023082195,-0.01037654,-0.006574525
214.37494,0.026216557,-0.009297185,-0.0068205157
214.3916,0.027087213,-0.008611799,-0.00535623
214.40833,0.029658241,-0.00779906,-0.0056320606
214.42488,0.031237701,-0.0074409773,-0.0040817247
214.4414,0.033781115,-0.006217989,-0.0044229473
214.45816,0.036493387,-0.0050438014,-0.004643539
214.47458,0.038115595,-0.0050178627,-0.0031260357
214.49129,0.041016843,-0.0038854699,-0.0033335793
214.50804,0.043835036,-0.0028170482,-0.00351
214.52478,0.045087177,-0.0020219663,-0.0019719552
214.54196,0.048454754,-0.00091509166,-0.0021167086
214.55821,0.051845063,0.00008350826,-0.0022777552
214.57457,0.053317502,0.0013982258,-0.0007697052
214.59131,0.056592084,0.0027551337,-0.0010710638
214.60794,0.059419613,0.0040242933,-0.0012962939
214.62466,0.06126081,0.0043175193,0.0002538961
214.64137,0.0639778,0.0055385944,0.000013949927
214.65787,0.06679982,0.007031022,-0.0002216519
214.6747,0.06932981,0.008199431,-0.00048533853
214.69139,0.07195946,0.009226971,-0.00067290704
214.70859,0.07428834,0.010162157,-0.0009330889
214.72496,0.0742707,0.010292922,0.0025848313
214.74152,0.07660705,0.011202222,0.002237588
214.75816,0.07850544,0.011843513,0.0018903796
214.77475,0.08066732,0.012157688,0.0014446226
214.79134,0.08282961,0.0123210745,0.00086762133
214.80826,0.08443601,0.01264808,0.0001385037
214.82468,0.08527412,0.0127070695,0.0015333837
214.8412,0.08671235,0.013097679,0.0006620608
214.85797,0.08756583,0.012973699,0.0018273019
214.87477,0.088598736,0.013618083,0.00092137733
214.89119,0.08953147,0.013478291,-0.00013314263
214.9081,0.08969925,0.014057899,0.0010123141
214.92506,0.089962505,0.014000336,-0.00001717208
214.94164,0.090035416,0.0137558365,-0.0011038999
214.95845,0.090285756,0.0133674415,0.000047223282
214.97488,0.09032658,0.013189979,-0.0011604301
214.99191,0.08994403,0.012907755,-0.0025535736
215.00835,0.08968633,0.012465035,-0.0012885581
215.02553,0.088930435,0.011933953,-0.0027067275
215.04167,0.08782742,0.011279646,-0.0038533285
215.05835,0.0870999,0.011562538,-0.002743417
215.07501,0.08537565,0.010821618,-0.003988318
215.09157,0.08415689,0.0097920885,-0.005293949
215.10797,0.08335885,0.009357394,-0.0040885922
215.12485,0.08170555,0.0084976,-0.005429309
215.14163,0.07967753,0.0071283393,-0.00671336
215.15831,0.07841613,0.006909821,-0.005429674
215.17519,0.07671988,0.005806817,-0.0067270417
215.1918,0.07457169,0.0045318734,-0.007908127
215.20859,0.07334164,0.0040145833,-0.006703536
215.22504,0.070837736,0.0023771336,-0.0077934535
215.24196,0.068321854,0.0009864123,-0.0088677965
215.25854,0.06674945,0.00082388934,-0.007421757
215.27486,0.0642219,-0.0005062554,-0.008328293
215.29126,0.06303981,-0.0017555589,-0.0069368156
215.30814,0.06033221,-0.0028713099,-0.0077369823
215.32524,0.05790231,-0.003935031,-0.008462092
215.34193,0.055261206,-0.0049340157,-0.008963864
215.35837,0.054105453,-0.0057472424,-0.0073638507
215.37505,0.05167825,-0.006983439,-0.0079570515
215.39153,0.0500983,-0.007122666,-0.0061847884
215.40863,0.04759761,-0.00812162,-0.0067266454
215.42548,0.045423325,-0.009397578,-0.006973099
215.44177,0.043988436,-0.009728333,-0.0051591396
215.45833,0.041702725,-0.010431035,-0.0055368575
215.47504,0.03961417,-0.011284583,-0.005737892
215.49191,0.037530873,-0.012394908,-0.0058687013
215.50916,0.03626294,-0.012356615,-0.0039282846
215.52516,0.034062527,-0.013078137,-0.003938247
215.54181,0.03351911,-0.013756031,-0.0021603554
215.55885,0.031498503,-0.014317479,-0.0023486023
215.5749,0.029567687,-0.015141708,-0.002443138
215.59157,0.028549133,-0.0153380195,-0.0007970705
215.60886,0.02657409,-0.015603425,-0.0010893749
215.62521,0.025040086,-0.016337523,-0.0014261543
215.64186,0.024010614,-0.016445825,0.0004059819
215.65845,0.021965751,-0.016870389,-0.00015598953
215.67546,0.020422142,-0.017272132,-0.0007974726
215.69183,0.019733543,-0.01755682,0.001151422
215.70827,0.017939402,-0.018086175,0.0003433941
215.72519,0.0166468,-0.018473176,-0.00040299873
215.74153,0.016006622,-0.018449008,0.0014091469
215.75883,0.015058505,-0.01859199,0.0005228639
215.77478,0.014045606,-0.018457491,-0.00013453115
215.79137,0.013541812,-0.01842009,0.0013334441
215.80806,0.013155128,-0.018419145,0.00041396642
215.82562,0.0126615325,-0.01808694,-0.0006229367
215.84178,0.0123705575,-0.01771997,0.0013611065
215.85817,0.01173813,-0.017255493,0.00017291654
215.87509,0.011795792,-0.016761357,-0.0010170444
215.8918,0.011872321,-0.015778549,0.0006737817
215.90851,0.0122278975,-0.014811671,-0.00043017772
215.92465,0.012546773,-0.014467593,0.0010469616
215.94165,0.012741416,-0.013473492,-0.00024819782
215.95818,0.013290757,-0.01202662,-0.0014501926
215.97504,0.013558747,-0.011178536,-0.00008237551
215.99188,0.014488536,-0.010037976,-0.0013758137
216.00842,0.014894134,-0.008821252,-0.0026327705
216.02515,0.014869819,-0.007811695,-0.001263109
216.04172,0.015503538,-0.0064694965,-0.0026248724
216.05815,0.015920704,-0.005391888,-0.0040321676
216.07518,0.016591258,-0.0044558556,-0.0055409595
216.09154,0.01801602,-0.0031027661,-0.0068151653
216.10904,0.019284049,-0.0014235511,-0.00813722
216.12492,0.019287024,-0.0013793282,-0.0035529707
216.14163,0.020763943,0.00033106623,-0.0049049696
216.15817,0.022632562,0.002573941,-0.0061529805
216.17474,0.025086394,0.0050068023,-0.0074101323
216.19122,0.027056959,0.007247927,-0.008626824
216.20827,0.029232739,0.009412212,-0.009763009
216.22495,0.030526187,0.010874856,-0.00800525
216.24127,0.033134677,0.013828453,-0.008955317
216.25827,0.03583752,0.016503569,-0.010020593
216.27492,0.037230495,0.018187547,-0.00807956
216.29163,0.04059437,0.021725373,-0.008907185
216.30846,0.04351467,0.024807941,-0.009591823
216.32521,0.04478661,0.026562706,-0.0076579377
216.34177,0.048286263,0.030043487,-0.0081362035
216.35829,0.05029361,0.032087136,-0.0062417435
216.37492,0.05410234,0.036461566,-0.0066304575
216.39156,0.0573789,0.04029909,-0.007055507
216.40828,0.05916911,0.042837985,-0.0049001337
216.4249,0.062635615,0.04721548,-0.005181803
216.44128,0.06601402,0.051506925,-0.005454529
216.4581,0.06735431,0.053189788,-0.0033864074
216.47496,0.06995666,0.05638324,-0.0035026604
216.49158,0.07206414,0.059267223,-0.0035677361
216.50821,0.072377585,0.060784634,-0.0012894322
216.52477,0.0740109,0.063203186,-0.0012781295
216.54156,0.075713806,0.064475864,-0.0011687926
216.55838,0.07582927,0.06525453,0.0012924102
216.57483,0.07670856,0.066643946,0.0016112728
216.59143,0.077382915,0.067618676,0.0018161205
216.60806,0.07742142,0.06797948,0.0043144356
216.6246,0.07751281,0.068061024,0.004616221
216.64182,0.077585876,0.06833593,0.0047913054
216.65842,0.077517495,0.06844957,0.007346956
216.67493,0.07728859,0.068372965,0.0074066008
216.6919,0.076603726,0.06798382,0.0074000615
216.70819,0.076616004,0.06724149,0.009825426
216.72485,0.07606529,0.066844024,0.00971246
216.742,0.075425215,0.06597224,0.009689592
216.75873,0.07529104,0.06518839,0.012150055
216.7746,0.07427828,0.06384399,0.012025681
216.79152,0.07397566,0.06288931,0.014096401
216.8083,0.072900936,0.06142836,0.013993896
216.82486,0.0718502,0.05986619,0.013747306
216.84154,0.07082682,0.059177887,0.015961947
216.85828,0.0700596,0.057134535,0.01551042
216.8748,0.06871152,0.055323727,0.015023109
216.89163,0.0678763,0.054416947,0.017095046
216.90846,0.06661406,0.052176025,0.016448269
216.9254,0.06538911,0.049745247,0.01567859
216.94203,0.064961985,0.048464935,0.017734224
216.95862,0.06397342,0.04631648,0.016766869
216.9752,0.06286492,0.045014065,0.01870981
216.99176,0.06163811,0.04227496,0.01757448
217.00824,0.06062864,0.0401383,0.01645196
217.02501,0.060354766,0.038813397,0.018194508
217.04202,0.0593169,0.036358014,0.016948355
217.05846,0.057562087,0.0333947,0.01580146
217.07523,0.056865193,0.03195355,0.017432824
217.09186,0.05540095,0.029183915,0.01616145
217.10876,0.053717144,0.026338048,0.014602978
217.1251,0.052615415,0.025125414,0.01645307
217.14153,0.051476486,0.021825299,0.014770732
217.15831,0.050076064,0.018875578,0.013030554
217.17523,0.04921059,0.017715301,0.014799311
217.1917,0.04785902,0.014723861,0.01306162
217.20866,0.04643524,0.01173823,0.011255028
217.22527,0.04492258,0.008841645,0.009584042
217.24179,0.04396918,0.005628777,0.0075831204
217.25824,0.043955363,0.0057395147,0.012617277
217.27553,0.042664442,0.0031369878,0.010664449
217.29147,0.04125255,0.00046251318,0.008893928
217.3084,0.039702363,-0.0020117965,0.0066727162
217.3253,0.03850256,-0.004421193,0.0047402116
217.34183,0.03742003,-0.007003658,0.002839951
217.35924,0.03743762,-0.006908303,0.007933309
217.37524,0.036285914,-0.008814163,0.006111956
217.3927,0.035640694,-0.010547101,0.0038075435
217.40901,0.03468629,-0.0125457235,0.0019915814
217.42503,0.03346846,-0.014074797,-0.00023256172
217.44164,0.03261224,-0.015229234,-0.0026116937
217.4583,0.032394543,-0.015894618,-0.001123282
217.47559,0.031827938,-0.017088363,-0.0033650303
217.49228,0.031039177,-0.01818384,-0.005438923
217.50864,0.03042286,-0.018659826,-0.003978924
217.52518,0.029931089,-0.019455371,-0.006370891
217.54234,0.0297087,-0.020463033,-0.008681811
217.55841,0.029285971,-0.02092583,-0.0071070283
217.5749,0.029032076,-0.021463588,-0.009537001
217.5917,0.02880836,-0.021653574,-0.011892963
217.60802,0.028882308,-0.021864822,-0.010394164
217.62476,0.028591257,-0.022100817,-0.012779877
217.64189,0.027991151,-0.021930644,-0.014957713
217.6584,0.028397784,-0.021990385,-0.013306555
217.67516,0.02812222,-0.021716656,-0.015464163
217.69159,0.027617468,-0.021406827,-0.017567858
217.70845,0.027531598,-0.02123912,-0.0159879
217.72507,0.027375033,-0.020703271,-0.017911572
217.7416,0.026918998,-0.020101653,-0.019936599
217.75803,0.026848739,-0.019679062,-0.018123696
217.77495,0.02672655,-0.018928539,-0.01996792
217.79214,0.02682955,-0.017794678,-0.021551624
217.80841,0.02687872,-0.017719693,-0.015981682
217.82523,0.026929218,-0.01634066,-0.0210402
217.84175,0.026518391,-0.015718237,-0.018925868
217.85852,0.026171813,-0.014595069,-0.020255603
217.8752,0.02565115,-0.013577689,-0.021365859
217.8915,0.02594201,-0.012991989,-0.019139279
217.90805,0.025645627,-0.011828806,-0.020191338
217.9251,0.025159415,-0.010513375,-0.021065896
217.94173,0.025130717,-0.00988995,-0.018533435
217.95831,0.024455862,-0.0087081855,-0.019172434
217.9754,0.024912179,-0.007340602,-0.019696275
217.99168,0.024282554,-0.0065414202,-0.01694265
218.00887,0.024273701,-0.005142898,-0.017403161
218.02504,0.024376769,-0.002955956,-0.017376622
218.04176,0.024003206,-0.001939743,-0.014843019
218.05856,0.023638206,0.00012927885,-0.014854363
218.07494,0.023263209,0.0021844867,-0.014743839
218.0917,0.023591256,0.0032477018,-0.012016502
218.10822,0.023359986,0.005643675,-0.011765855
218.1252,0.023116853,0.0079140095,-0.01162418
218.14192,0.023270283,0.009179333,-0.008515183
218.15862,0.023437835,0.011484437,-0.008228518
218.17535,0.02366777,0.014341595,-0.007948843
218.19188,0.02299604,0.015902264,-0.0049802414
218.20825,0.023367181,0.01848307,-0.0048948303
218.22502,0.023934884,0.021755524,-0.00491979
218.24147,0.023911634,0.023175746,-0.0021028758
218.25816,0.024643108,0.025994644,-0.0022344154
218.275,0.024648951,0.029022338,-0.002437858
218.29163,0.024735237,0.030692892,0.0003686807
218.30814,0.024860503,0.03380138,0.000060674858
218.32481,0.024858944,0.037073128,-0.00030959793
218.34167,0.024982871,0.038442995,0.002343149
218.35814,0.025260553,0.04152635,0.0019859404
218.37477,0.024618136,0.04317729,0.0045111743
218.39128,0.025159853,0.046291433,0.0039267857
218.408,0.025423443,0.048901297,0.0032596474
218.42464,0.024704302,0.050262745,0.0058011194
218.44147,0.024705708,0.052609403,0.0050605824
218.45813,0.024735764,0.054994147,0.00434972
218.47488,0.024940228,0.0562787,0.0068373154
218.49167,0.024805611,0.057862796,0.0060403873
218.50853,0.024903644,0.0594754,0.00503825
218.52489,0.024567882,0.060328238,0.0076006693
218.54164,0.024903124,0.061872493,0.0029756238
218.55836,0.024827208,0.062470276,0.0018477765
218.57494,0.024644919,0.06254233,0.0076772934
218.59154,0.024285212,0.06333551,0.0065034605
218.60818,0.024571167,0.06355412,0.0052466863
218.62488,0.024772957,0.06334691,0.003960922
218.64151,0.024306221,0.063628696,0.002689828
218.65881,0.024591839,0.06354667,0.0013472066
218.675,0.024398336,0.06362181,0.007437665
218.69154,0.024856854,0.06376487,0.0022150725
218.7086,0.025022682,0.063609354,0.0006778333
218.72498,0.02541609,0.06382585,0.0029883478
218.74187,0.025711702,0.06365578,0.001342102
218.7582,0.025593888,0.063234575,-0.00006476559
218.7749,0.025163798,0.06306112,0.0019865881
218.7916,0.025124107,0.0628729,0.0005313214
218.80922,0.025143364,0.06216272,-0.0009848329
218.8255,0.025455587,0.061703544,0.0014928144
218.84148,0.025307657,0.061018374,-0.00015571546
218.85788,0.024774302,0.060519397,0.0018187857
218.87474,0.024613336,0.05962631,0.0002016108
218.89124,0.024587791,0.058196954,-0.0012846644
218.90868,0.024458706,0.05682459,-0.002925267
218.92567,0.024602052,0.056310147,-0.00049392536
218.94205,0.024227016,0.05464644,-0.0018869737
218.95839,0.02426807,0.05392266,0.00011004616
218.97485,0.024339747,0.052154507,-0.0014734713
218.99164,0.024583379,0.05015496,-0.0030979668
219.00851,0.023956466,0.049481526,-0.0007412154
219.02553,0.023829876,0.047840443,-0.0021508161
219.04202,0.023676254,0.046358466,-0.0035020793
219.05856,0.024048595,0.045789957,-0.001223393
219.0752,0.024267059,0.044570617,-0.0027687254
219.09167,0.023975095,0.04350166,-0.0041477275
219.10916,0.023640033,0.042797033,-0.0018685063
219.12508,0.023464164,0.041739542,-0.0029362808
219.14262,0.023537168,0.041076154,-0.0045575197
219.15865,0.02309199,0.040632866,-0.0018545997
219.17503,0.022731066,0.039764144,-0.0034477746
219.19127,0.023113117,0.039387263,-0.0011641958
219.20853,0.022692593,0.038494613,-0.0026353733
219.22519,0.022237273,0.037739515,-0.0037269855
219.24185,0.021505505,0.037005607,-0.005077444
219.2585,0.021927366,0.036789954,-0.0027233073
219.2756,0.021472353,0.036104046,-0.004074924
219.2917,0.020651191,0.035631023,-0.0014955931
219.30847,0.020476643,0.03495969,-0.0030832912
219.32527,0.020452756,0.034303915,-0.004423425
219.34215,0.020224154,0.033540037,-0.0057537872
219.35858,0.019473119,0.03293174,-0.003263674
219.37486,0.01953622,0.032337826,-0.0047342833
219.39209,0.019403705,0.03182283,-0.0062348973
219.40852,0.018491458,0.031352732,-0.0035618192
219.42505,0.018203545,0.03070396,-0.0050007515
219.44218,0.018468866,0.030595006,-0.0025495575
219.45874,0.017934468,0.030094167,-0.0036591704
219.47513,0.0173161,0.029697409,-0.0050543235
219.49193,0.017223043,0.02947341,-0.0026851003
219.50827,0.017292045,0.02887856,-0.003965408
219.52536,0.016929282,0.028524507,-0.0053394493
219.54169,0.016338635,0.028184297,-0.0027367165
219.55882,0.015947174,0.0276678,-0.0041467645
219.57552,0.015681773,0.02719656,-0.00537338
219.59196,0.01563972,0.027209261,-0.0027617074
219.60834,0.015356563,0.026524112,-0.004203441
219.6253,0.015253137,0.025841078,-0.0057191257
219.64168,0.015310031,0.025978943,-0.0029996876
219.65866,0.015584075,0.025666418,-0.0045171133
219.67522,0.01562461,0.025505755,-0.0057053976
219.69217,0.015855193,0.025296422,-0.0032034405
219.70831,0.015379898,0.024755506,-0.0044849366
219.72505,0.01521509,0.02447949,-0.005973622
219.74193,0.014680773,0.023811864,-0.0033964252
219.75844,0.0142685715,0.02338864,-0.004617664
219.7751,0.014201777,0.023282772,-0.0020468426
219.7918,0.0139977075,0.022752501,-0.0033572407
219.80917,0.013753752,0.022965508,-0.004578756
219.82489,0.01403078,0.023104811,-0.0017531838
219.8414,0.013655371,0.023048066,-0.003405606
219.85825,0.013198101,0.023020534,-0.0046993997
219.87521,0.0132447425,0.023161614,-0.002115359
219.89178,0.012981181,0.023931015,-0.0032640963
219.90854,0.01243612,0.024292592,-0.004607868
219.9252,0.011855117,0.024677455,-0.005850835
219.94154,0.011319003,0.024984138,-0.0071345717
219.95871,0.0105633605,0.025759822,-0.008505736
219.97496,0.010477228,0.025795022,-0.0018220984
219.99165,0.010342037,0.026331177,-0.0032527505
220.00845,0.009635566,0.026945027,-0.0045436774
220.025,0.008716499,0.028109038,-0.005764617
220.04205,0.007840083,0.029036598,-0.006994509
220.0583,0.006992351,0.030005274,-0.008166586
220.075,0.0063881394,0.03082393,-0.0057197097
220.09175,0.005559333,0.032171376,-0.0069834567
220.10867,0.005026717,0.033553462,-0.008303703
220.12502,0.0043629385,0.034289103,-0.00550862
220.14153,0.0036130385,0.03545838,-0.0069588874
220.15868,0.0024766359,0.03710979,-0.008309562
220.17499,0.0021169686,0.037990645,-0.0054663015
220.19176,0.00095014647,0.03875649,-0.006942456
220.20872,-0.0002916937,0.039921213,-0.008223804
220.22508,-0.00042582085,0.039919745,-0.0015048733
220.24147,-0.0018469397,0.041582093,-0.006971898
220.25816,-0.0021446482,0.042195052,-0.0043170066
220.27492,-0.0030570994,0.04290554,-0.005684997
220.29132,-0.0039380756,0.044013347,-0.0068709925
220.30821,-0.004464752,0.044349182,-0.004289764
220.32497,-0.0050299857,0.045472573,-0.005490487
220.34192,-0.0055698236,0.046171878,-0.0067354576
220.35854,-0.00621669,0.0462195,-0.003953658
220.37488,-0.0069547,0.046825994,-0.0052237073
220.3919,-0.007571978,0.047192376,-0.006587586
220.40858,-0.0073808767,0.04755651,-0.003724211
220.42488,-0.0078573655,0.047762062,-0.0049072583
220.44173,-0.008021773,0.04801034,-0.006262065
220.45825,-0.008090247,0.04808972,-0.0034346557
220.47493,-0.0075573013,0.04783594,-0.004711777
220.49165,-0.0075089573,0.04735916,-0.0059374976
220.50836,-0.008021129,0.046648335,-0.0031434393
220.52484,-0.007536304,0.0460735,-0.0043123765
220.54176,-0.006914525,0.045086995,-0.005560945
220.55833,-0.0064782053,0.044717528,-0.002672248
220.57501,-0.0058194855,0.043607183,-0.0038375899
220.59164,-0.005302742,0.042700656,-0.005033715
220.60835,-0.004728556,0.04273392,-0.0022693132
220.62492,-0.0036509114,0.041445445,-0.0033891983
220.6418,-0.003068073,0.04088268,-0.000616591
220.65831,-0.0022689325,0.040231083,-0.0016314331
220.67491,-0.001376954,0.039059415,-0.002763136
220.6917,-0.0012834066,0.03805523,0.000028075632
220.70853,-0.000624841,0.037168227,-0.0009887748
220.72514,-0.000099763754,0.036543388,-0.00200862
220.74158,0.00035621453,0.036598094,0.0008270651
220.75851,0.00060478196,0.035651114,-0.00034173008
220.77496,0.0008542799,0.035017665,-0.0014134254
220.79189,0.0011969272,0.03520759,0.0013679328
220.80855,0.0015325368,0.034953743,0.00032992772
220.82521,0.0014661092,0.034693584,-0.00080046785
220.84177,0.0013219864,0.034471326,0.002006278
220.85852,0.0012983265,0.0342929,0.0008301559
220.8755,0.001237928,0.03481189,-0.0003171742
220.89226,0.00071496016,0.034827642,0.0026226733
220.90846,0.00023220734,0.035314392,0.0015220167
220.92546,0.00014532242,0.0354715,0.000092272574
220.9419,0.00012033081,0.035929482,0.0030612035
220.9588,-0.00059006433,0.03620046,0.0017735794
220.97514,-0.001300423,0.03645621,0.00059482653
220.99194,-0.0019184492,0.03626971,0.0033201124
221.00865,-0.002367025,0.036668453,0.00209904
221.02534,-0.0032162992,0.03729372,0.00086754013
221.04219,-0.004041407,0.0370634,0.0037365982
221.05847,-0.0048643104,0.037510592,0.002513207
221.07585,-0.0054712477,0.038115162,0.0010564998
221.0914,-0.0062101963,0.037811104,0.0041633896
221.1086,-0.006992598,0.03831691,0.0023732416
221.1253,-0.007472629,0.03898171,0.0012896283
221.14178,-0.007954028,0.038605716,0.004069575
221.15866,-0.009125366,0.0387485,0.0027047251
221.17525,-0.00927464,0.039261412,0.0056533497
221.1918,-0.010248788,0.039493736,0.0043470976
221.2091,-0.011354027,0.03967585,0.0029957788
221.22557,-0.012109185,0.03938564,0.0061059976
221.2418,-0.013206458,0.039818123,0.0046818554
221.25838,-0.014283286,0.04033973,0.0031962576
221.27525,-0.01483846,0.04044855,0.0059879553
221.2919,-0.015740229,0.040659815,0.0047225337
221.30861,-0.016904585,0.04101275,0.003358941
221.325,-0.017961781,0.041212194,0.0019840426
221.3414,-0.018870447,0.04135356,0.000497861
221.35863,-0.019895418,0.041493807,-0.00096848625
221.37578,-0.020046093,0.041420843,0.0063065877
221.39166,-0.020760277,0.041558113,0.0051673017
221.4083,-0.02168941,0.04209195,0.0034468898
221.42561,-0.022339597,0.0424453,0.0020258504
221.44171,-0.02284263,0.042932406,0.000843432
221.45856,-0.02344271,0.042791367,-0.00085487886
221.47511,-0.023829011,0.042433478,0.0020678323
221.49174,-0.02404345,0.042531077,0.0005293996
221.50891,-0.024349196,0.042771976,-0.000949778
221.52518,-0.024590086,0.0419785,0.0021174771
221.54156,-0.024690412,0.04147545,0.00048082
221.55829,-0.024776552,0.041101765,-0.0010366805
221.57498,-0.024752,0.04107528,0.001835221
221.59175,-0.024898997,0.040686347,0.00046609115
221.60835,-0.025078198,0.04009854,0.0033893725
221.62503,-0.025051875,0.039688356,0.0020312094
221.64177,-0.025203714,0.039805103,0.0007648587
221.65822,-0.02567116,0.03902642,0.0037640133
221.67497,-0.02557129,0.03873003,0.0024066267
221.6919,-0.025598805,0.038403466,0.0012333861
221.70842,-0.025547065,0.038654562,0.0043014023
221.72493,-0.02544845,0.037963737,0.0030662646
221.7415,-0.025741277,0.037447806,0.0018123705
221.75806,-0.025777604,0.036651507,0.00474492
221.77467,-0.025741749,0.03644278,0.0035063569
221.79173,-0.025480686,0.0363361,0.0023242906
221.80814,-0.025681112,0.03555522,0.0055293436
221.82564,-0.025307804,0.035009418,0.0042352322
221.84203,-0.025266228,0.034453925,0.0033527212
221.8584,-0.02524776,0.034585353,0.006247916
221.8749,-0.025317635,0.03404763,0.004889341
221.89194,-0.02531958,0.033416074,0.003555844
221.90854,-0.02519894,0.032977667,0.0066420124
221.92491,-0.024959955,0.032350034,0.0053513176
221.942,-0.025001489,0.03179566,0.003925119
221.9583,-0.024935696,0.031433657,0.007106809
221.97495,-0.02460754,0.030932285,0.0056484193
221.99216,-0.024609549,0.0303156,0.004332739
222.00826,-0.024763875,0.029487401,0.0075357645
222.0253,-0.024684936,0.029019492,0.0059643877
222.04152,-0.024595512,0.028940521,0.0048084897
222.0581,-0.024601744,0.02812509,0.007602451
222.07489,-0.024491824,0.0276614,0.0062354547
222.09164,-0.024414385,0.028039863,0.009223422
222.10825,-0.024213202,0.02751277,0.007935703
222.12552,-0.024377044,0.02694451,0.006596485
222.14146,-0.024517858,0.026349537,0.009815154
222.15816,-0.024514753,0.025971694,0.008189618
222.17479,-0.024247529,0.025520785,0.0068355794
222.19127,-0.024340669,0.02543245,0.014127596
222.20804,-0.024543284,0.024933666,0.0083646355
222.2246,-0.024564471,0.02470717,0.0069468394
222.24149,-0.024569072,0.024159025,0.009913125
222.25807,-0.024179673,0.024138842,0.0086018685
222.27461,-0.024352096,0.023769155,0.007180058
222.29143,-0.024518136,0.022792628,0.010111599
222.30803,-0.024496224,0.022440301,0.008747227
222.32494,-0.024674688,0.022300787,0.007338494
222.34131,-0.02478862,0.022267453,0.010381457
222.35803,-0.024804747,0.021775352,0.008884814
222.37476,-0.025039706,0.021536166,0.007563467
222.39153,-0.025120713,0.021909036,0.010432243
222.40837,-0.025625007,0.021739766,0.009102059
222.42499,-0.0257077,0.021978425,0.0076610344
222.4417,-0.025859013,0.02146559,0.010561057
222.45836,-0.026057458,0.021545365,0.008997842
222.4748,-0.026511671,0.021180106,0.011901087
222.49149,-0.027048241,0.020683313,0.0102493
222.50845,-0.026830133,0.020558188,0.00865616
222.52515,-0.02693692,0.020521622,0.007044024
222.54181,-0.027236829,0.020520454,0.009994687
222.55853,-0.027343433,0.020154525,0.008200753
222.57523,-0.02730867,0.019769507,0.011101809
222.5917,-0.027248267,0.019946132,0.009338695
222.60861,-0.026977107,0.019527514,0.0074987365
222.62502,-0.026867496,0.01930849,0.010469133
222.64175,-0.02644684,0.019207837,0.008608387
222.65833,-0.026299672,0.019179447,0.011492763
222.67531,-0.02635973,0.019079192,0.009710399
222.69173,-0.026103768,0.018610597,0.003541579
222.70845,-0.025738066,0.017974375,0.0016042745
222.72511,-0.025805164,0.017878054,0.00908211
222.74184,-0.025882937,0.017753841,0.0072587016
222.7587,-0.025709653,0.018283343,0.0055234213
222.77496,-0.025363903,0.018007135,0.00387778
222.79196,-0.025404908,0.017776495,0.0018792453
222.80869,-0.025366178,0.017492082,0.0002600642
222.8255,-0.025431843,0.017397113,0.0077537964
222.84164,-0.02552351,0.01709459,0.006061051
222.85826,-0.025716806,0.017099174,-0.00067486666
222.87466,-0.025694191,0.016401276,0.0021322519
222.89241,-0.025846642,0.016274786,0.00018901339
222.90894,-0.02596046,0.01644334,-0.0010917564
222.9254,-0.026047269,0.015878802,0.0016538505
222.9422,-0.026348202,0.015631484,-0.00020427226
222.95882,-0.026816266,0.015564404,-0.0019389016
222.9758,-0.027106995,0.015827699,0.000887317
222.99207,-0.027523004,0.015531427,-0.00075665856
223.00882,-0.028039347,0.015061815,-0.002770943
223.02545,-0.028200222,0.0145070525,0.00008941047
223.04227,-0.028720323,0.014219636,-0.0017585364
223.05843,-0.029070258,0.014244535,0.0011615659
223.07527,-0.029478638,0.013923107,-0.0009193278
223.09157,-0.030031381,0.013606673,-0.0026782819
223.10863,-0.030304933,0.013349426,-0.000033439745
223.12512,-0.03108892,0.013090196,-0.0017306998
223.14207,-0.031677995,0.012946127,-0.0036932116
223.15863,-0.03182921,0.01211499,-0.00066295324
223.17542,-0.03226045,0.011746693,-0.002608377
223.19185,-0.032774765,0.011370685,-0.004416997
223.20856,-0.033170864,0.011481475,-0.0016710426
223.22519,-0.033924334,0.010999993,-0.0035031051
223.2419,-0.03441864,0.010728796,-0.0053611547
223.25827,-0.034506623,0.010586735,-0.0024776694
223.27597,-0.03526719,0.010714264,-0.0044508334
223.29173,-0.035989475,0.010243704,-0.005830279
223.30855,-0.0359554,0.009339631,-0.003283406
223.32523,-0.03615726,0.008945169,-0.0050713336
223.34192,-0.036511287,0.008920708,-0.0021425087
223.35881,-0.03679861,0.008425445,-0.003920324
223.37515,-0.036977544,0.0077805594,-0.0055244067
223.39189,-0.03680242,0.007466177,-0.0027734635
223.4086,-0.037000466,0.0071722018,-0.0044459845
223.42505,-0.037088316,0.0066718888,-0.0060248356
223.44193,-0.036852106,0.006251478,-0.0032316085
223.45854,-0.036543686,0.0054991622,-0.004783178
223.47522,-0.03652248,0.0053879395,-0.0064001507
223.49239,-0.036481947,0.0055345353,-0.0034444402
223.50821,-0.03632548,0.0050428375,-0.0047200476
223.52516,-0.035926316,0.0046204543,-0.00658887
223.54214,-0.03579332,0.0049825814,-0.0034429159
223.55867,-0.035388328,0.0046218373,-0.004695552
223.57483,-0.03516097,0.0041545006,-0.006200861
223.59183,-0.035294548,0.0042953203,-0.0033632566
223.60817,-0.035332173,0.0039351364,-0.004601423
223.62514,-0.03548617,0.0034762104,-0.006166133
223.64198,-0.035766907,0.003024305,-0.0028122896
223.65842,-0.03614546,0.0031479693,-0.0041433633
223.6751,-0.036912292,0.0027083037,-0.0056690588
223.69176,-0.037191745,0.0023400695,-0.0024811125
223.7083,-0.037791215,0.0014936352,-0.0038842587
223.72516,-0.038587686,0.0004916815,-0.0052806656
223.74182,-0.03889048,0.0003171576,-0.002020915
223.75832,-0.039705142,-0.00064074295,-0.0034208624
223.77505,-0.039825708,-0.0014129704,-0.00033064774
223.79175,-0.040792074,-0.0019031622,-0.0017293674
223.80853,-0.04126441,-0.0025439006,-0.0030327763
223.8253,-0.04120464,-0.0031264692,0.00009215572
223.84201,-0.041375153,-0.0037029742,-0.0011295928
223.8583,-0.04134493,-0.004110283,-0.0023811858
223.87502,-0.041602336,-0.004599571,-0.0038312452
223.89201,-0.04189154,-0.005193959,-0.0050745895
223.90865,-0.04177646,-0.0056113414,-0.0060086944
223.92487,-0.041754887,-0.0057719187,0.0016777039
223.94174,-0.04184505,-0.006192038,0.00028367914
223.95815,-0.041719396,-0.006769814,-0.00081968884
223.97485,-0.04197344,-0.007254998,-0.0019760327
223.99161,-0.04207725,-0.007666159,-0.0031569214
224.00833,-0.042047117,-0.007829203,0.0045952294
224.02489,-0.042070616,-0.008533355,-0.0009888015
224.04155,-0.0418506,-0.009097073,-0.0022272964
224.05827,-0.04207154,-0.008924299,0.001000903
224.07494,-0.04198294,-0.009121121,-0.00013757846
224.09163,-0.041676924,-0.009249206,-0.0013637978
224.10812,-0.041714825,-0.009542833,0.0019566095
224.1249,-0.041413926,-0.009281295,0.0007619798
224.14122,-0.041463487,-0.0091681,-0.00031688224
224.15807,-0.04124385,-0.009800722,0.0028653045
224.17484,-0.04124925,-0.00999936,0.0018180767
224.19168,-0.04098563,-0.010070101,0.0007646654
224.2082,-0.04119712,-0.009795995,0.004130555
224.22487,-0.04091825,-0.010059028,0.0029499424
224.24121,-0.0407135,-0.010256898,0.0018207675
224.25818,-0.04049767,-0.010299238,0.0049623246
224.27518,-0.040538296,-0.010636771,0.0039990004
224.29144,-0.04096596,-0.01035276,0.0030344718
224.30812,-0.040976636,-0.010639985,0.0061669624
224.32513,-0.041039452,-0.010502935,0.0050547966
224.34184,-0.040901292,-0.010970688,0.008573527
224.35797,-0.0409677,-0.01096807,0.007471693
224.3747,-0.041714173,-0.011391477,0.0060481634
224.39127,-0.04234075,-0.011948872,0.0049530608
224.408,-0.04198609,-0.012021081,0.008237354
224.42462,-0.042592093,-0.0127990795,0.0070999996
224.44144,-0.042578753,-0.013388372,0.010423542
224.45842,-0.042824548,-0.01388554,0.009224139
224.47519,-0.043021344,-0.014474908,0.008135309
224.49193,-0.043084566,-0.014490108,0.0069062556
224.50851,-0.04269927,-0.015116179,0.010173355
224.52518,-0.042637482,-0.01547409,0.008818615
224.54182,-0.042841703,-0.015438696,0.012040182
224.55826,-0.04236579,-0.015821934,0.0107275285
224.57503,-0.042233143,-0.01611921,0.00926771
224.59183,-0.042033423,-0.016671676,0.012515045
224.60828,-0.041828174,-0.016977109,0.011215236
224.62517,-0.041887533,-0.017100349,0.00972056
224.642,-0.04128237,-0.017758762,0.01303917
224.65826,-0.040820375,-0.017431717,0.011672044
224.67494,-0.040373113,-0.017566053,0.009963003
224.69164,-0.04041566,-0.017445423,0.013151844
224.70836,-0.039525095,-0.016598709,0.01164012
224.72545,-0.038448103,-0.015734594,0.010125902
224.74228,-0.038081784,-0.015256804,0.013336261
224.75844,-0.03724301,-0.0142335985,0.011725704
224.77501,-0.036125712,-0.0125686815,0.009879598
224.79198,-0.034725945,-0.012031817,0.012790052
224.8086,-0.033632174,-0.010840773,0.01130746
224.8254,-0.032588735,-0.009863818,0.009579926
224.84198,-0.032361288,-0.009247069,0.012661196
224.85857,-0.03132583,-0.007609595,0.01090812
224.8753,-0.030432198,-0.006696232,0.009060243
224.8922,-0.030509006,-0.0063383915,0.01206816
224.90845,-0.029631197,-0.005175376,0.010313771
224.92523,-0.028906045,-0.004021278,0.008220849
224.94185,-0.028169593,-0.0039870073,0.011270747
224.95854,-0.027708193,-0.0035995243,0.009304318
224.97557,-0.027087152,-0.0029407053,0.0074043544
224.99214,-0.026782429,-0.002517999,0.010521307
225.00877,-0.026234655,-0.0020456403,0.008529933
225.02534,-0.026599746,-0.0018240832,0.011418907
225.04207,-0.026129577,-0.0015331275,0.009406477
225.05869,-0.025412088,-0.0011051173,0.007451128
225.07547,-0.025154386,-0.0006452639,0.005362621
225.09178,-0.024704276,-0.0007112008,0.008298726
225.10852,-0.02443993,-0.00086378556,0.0060829455
225.1251,-0.02391347,-0.001043014,0.009017631
225.14215,-0.023523778,-0.0011828613,0.0069030686
225.15843,-0.023684204,-0.0014170371,0.005020668
225.17535,-0.02352786,-0.0018497978,0.0027760975
225.19194,-0.023641054,-0.0022216397,0.00086037983
225.20807,-0.023481656,-0.00258268,-0.0012052385
225.2246,-0.023471745,-0.0026717149,0.006378837
225.24118,-0.023006102,-0.0037098173,0.0042958674
225.25789,-0.022976942,-0.0047770687,0.002248836
225.27452,-0.023013832,-0.005288487,0.00024110741
225.29124,-0.023043802,-0.0062017143,-0.0017612263
225.30815,-0.023160117,-0.0073685474,-0.0037455724
225.32527,-0.023470951,-0.0078102225,-0.0007071668
225.34177,-0.023172623,-0.008689459,-0.0024616057
225.35832,-0.02285386,-0.009530941,-0.004543975
225.37515,-0.022404483,-0.0100965435,-0.0016264593
225.39194,-0.022040732,-0.011012656,-0.0035433962
225.40851,-0.021899123,-0.011989532,-0.0053954544
225.42537,-0.021691471,-0.012406091,-0.0023946224
225.44186,-0.021255523,-0.013084527,-0.0041803545
225.45847,-0.021064134,-0.014191579,-0.005949623
225.47513,-0.021009844,-0.014631258,-0.002956035
225.4921,-0.020702345,-0.01559923,-0.004609249
225.5088,-0.020179687,-0.016750194,-0.006007787
225.52513,-0.020113546,-0.016829355,0.001858543
225.542,-0.020008417,-0.018607292,-0.004574976
225.55864,-0.01993947,-0.019585684,-0.0060362443
225.57527,-0.019432828,-0.020224879,-0.0029179
225.59169,-0.0196156,-0.021790303,-0.0044972184
225.60852,-0.019571913,-0.022440786,-0.0014583063
225.62485,-0.019238502,-0.023536757,-0.0028710254
225.6418,-0.018544186,-0.024859134,-0.004500027
225.65854,-0.01832006,-0.025521724,-0.0011777086
225.67519,-0.018356942,-0.02710315,-0.002571133
225.69211,-0.017933412,-0.027835423,-0.0040033325
225.70856,-0.017300969,-0.02839715,-0.0006340284
225.7251,-0.0174446,-0.029962748,-0.0021646752
225.74162,-0.017400298,-0.031192822,-0.0036415926
225.75848,-0.016775155,-0.0318194,-0.00046504824
225.77519,-0.01664064,-0.032814283,-0.0017530231
225.79176,-0.01706819,-0.034164198,-0.0031015615
225.80829,-0.0162514,-0.034780473,0.00012199552
225.82477,-0.016016427,-0.035566967,-0.0013038688
225.84164,-0.016426617,-0.036058612,0.0018706926
225.8583,-0.01621235,-0.036974195,0.0005863086
225.8748,-0.016319582,-0.03774694,-0.0007748188
225.89134,-0.016236829,-0.0380854,0.002422871
225.90813,-0.01617648,-0.038608875,0.0009709795
225.92474,-0.016540965,-0.039602846,-0.0003256442
225.9415,-0.0161268,-0.039979804,0.0029055676
225.95819,-0.015788797,-0.040756337,0.0015586253
225.97496,-0.015765378,-0.041537464,0.00023377995
225.99194,-0.015751125,-0.042161502,0.0034448977
226.00839,-0.015411475,-0.043260235,0.0022796362
226.02496,-0.015235738,-0.04387954,0.0007188517
226.042,-0.015551546,-0.04431841,0.0038852377
226.05862,-0.01518494,-0.045129616,0.0025883624
226.07513,-0.01512015,-0.045839593,0.0010891209
226.09174,-0.015335406,-0.04623253,0.004186741
226.10861,-0.015432083,-0.047330685,0.0026834805
226.12543,-0.015356916,-0.048134785,0.0012995739
226.14163,-0.014717984,-0.048647996,0.0045158286
226.15814,-0.0145769,-0.049515173,0.0028149204
226.17517,-0.014731408,-0.050564405,0.0011225218
226.19176,-0.014539569,-0.05113624,0.004461593
226.20833,-0.014005894,-0.051906507,0.0028108663
226.22504,-0.014167677,-0.05249911,0.0058887736
226.24168,-0.013680658,-0.052974984,0.0042372723
226.2585,-0.01362633,-0.053626943,0.0025726063
226.275,-0.0133776385,-0.054111835,0.0010259133
226.29161,-0.01274673,-0.05442507,0.004000047
226.30841,-0.012704732,-0.05487022,0.0023007144
226.32521,-0.012693702,-0.05553951,0.0006519123
226.34187,-0.012777175,-0.056204855,0.0037420476
226.3585,-0.012637323,-0.056856852,0.0020652106
226.37514,-0.012394362,-0.05683914,0.0050708484
226.39182,-0.012339322,-0.05765839,0.0033851566
226.40845,-0.011994483,-0.058932792,0.0017128343
226.42499,-0.011997773,-0.059350874,0.004746214
226.44177,-0.01179387,-0.059760787,0.0029944426
226.45839,-0.011436476,-0.060294624,0.0013579314
226.47525,-0.011193824,-0.060836323,0.004376391
226.49211,-0.011164922,-0.061957903,0.0027406958
226.50893,-0.0110275345,-0.062195644,0.0011233151
226.52548,-0.010935812,-0.06301955,-0.000568667
226.542,-0.0104139475,-0.063847005,-0.0023132444
226.55814,-0.010354876,-0.06449957,-0.0041151037
226.57544,-0.010110017,-0.06453806,0.0034709414
226.59215,-0.009794886,-0.06461727,0.0020245393
226.60867,-0.009303289,-0.06516889,0.00038293935
226.62508,-0.008975655,-0.06564481,-0.0013526811
226.64227,-0.008553116,-0.06617279,-0.0031532543
226.6584,-0.008101076,-0.067263775,-0.004593898
226.67517,-0.007846275,-0.06729402,0.0029777964
226.69174,-0.007255004,-0.06896986,-0.0035338043
226.70879,-0.0065850327,-0.06934499,-0.005201958
226.72522,-0.0062445556,-0.06959206,-0.0020894483
226.74202,-0.0055627264,-0.070506155,-0.0038482589
226.75958,-0.0050561437,-0.070979394,-0.0055193654
226.77534,-0.0044082943,-0.07136437,-0.0019854996
226.79216,-0.004051696,-0.07138628,-0.004048626
226.80891,-0.0035454964,-0.071353756,-0.0056008315
226.8255,-0.0031778216,-0.07127497,-0.0023776647
226.84195,-0.0031039198,-0.07110057,-0.003963545
226.85846,-0.0023505404,-0.07070015,-0.00090379483
226.8751,-0.0019200218,-0.07039664,-0.002467658
226.89223,-0.0016706091,-0.07035168,-0.0039663105
226.9087,-0.0013128393,-0.070383966,-0.00060457404
226.92528,-0.0011674312,-0.069760606,-0.0021416373
226.94232,-0.0010255247,-0.06909214,-0.0035796359
226.95857,-0.00034756013,-0.06854552,-0.000227705
226.9756,0.00017459884,-0.06790168,-0.0017885135
226.99225,0.00036219132,-0.06681101,-0.0030203762
227.00862,0.00032265045,-0.06647877,0.00013255514
227.02527,0.0006648633,-0.06586536,-0.001402394
227.04199,0.0009352157,-0.06460822,-0.0028153586
227.05867,0.001317854,-0.063844696,0.00029563063
227.07553,0.0014033625,-0.062199425,-0.0010662592
227.09242,0.0012895727,-0.060627576,-0.0024052318
227.10881,0.0013852471,-0.060019776,0.00092335464
227.12549,0.0014042924,-0.058345206,-0.000615686
227.142,0.0011078224,-0.056362066,-0.0019862233
227.15862,0.000832849,-0.055409268,0.0011310837
227.1753,0.0004917418,-0.053581424,-0.00030932526
227.19247,-0.00020598406,-0.051221956,-0.0017251511
227.20868,-0.00008131375,-0.049889825,0.0017221553
227.2252,-0.000966272,-0.047420006,0.00013394412
227.24207,-0.0019451041,-0.044785604,-0.0014061383
227.25876,-0.0026293579,-0.043310765,0.0019886289
227.27528,-0.004237322,-0.039792888,0.00049701467
227.29178,-0.0047392324,-0.03801972,0.0036851265
227.30847,-0.0065030167,-0.03462774,0.0020819688
227.32533,-0.008428014,-0.03111464,0.00059321366
227.34172,-0.009261418,-0.029187433,0.004081484
227.35858,-0.011879404,-0.024793372,0.002448873
227.37486,-0.013456554,-0.021662477,0.0012464761
227.39175,-0.014198623,-0.020118352,0.0042552953
227.40842,-0.015732082,-0.016953293,0.0030050625
227.4252,-0.017874539,-0.01332379,0.0015308018
227.44183,-0.018707095,-0.011698161,0.004779693
227.45853,-0.020205012,-0.008880413,0.003285153
227.47563,-0.02216346,-0.0055847135,0.0018571957
227.49187,-0.023440555,-0.0041639055,0.0051617753
227.50833,-0.02533757,-0.00095656543,0.0034832472
227.52538,-0.026859539,0.0010711717,0.0017525398
227.54184,-0.027256563,0.0024394076,0.0052088127
227.55865,-0.029171096,0.00496407,0.0035312716
227.57478,-0.0310126,0.0072989725,0.0020771185
227.59154,-0.03142742,0.0083590215,0.00500327
227.60823,-0.03218785,0.009898434,0.00351849
227.62498,-0.03306728,0.011345452,0.0020561074
227.6416,-0.0339655,0.011959562,0.0051234365
227.65811,-0.03404564,0.013044877,0.0036031865
227.67476,-0.034041483,0.013658561,0.001923606
227.69179,-0.034290332,0.013468663,0.0050081257
227.7084,-0.03454585,0.013720163,0.003508404
227.72546,-0.034485243,0.013584675,0.0018727689
227.74182,-0.033799868,0.013262719,0.0050669815
227.75853,-0.032742646,0.012260564,0.0032471481
227.77496,-0.03244347,0.011980023,0.006308342
227.79175,-0.031916324,0.01139671,0.004520156
227.80832,-0.030838639,0.010247294,0.0027619482
227.825,-0.03038539,0.009303001,0.0056969966
227.84163,-0.02956697,0.008283347,0.0038690083
227.85812,-0.028906597,0.0073429295,0.0019906776
227.87483,-0.028588366,0.007067565,0.004916932
227.89154,-0.027986681,0.005877991,0.0030410062
227.90839,-0.026783094,0.0048801703,0.0012688951
227.92514,-0.026428534,0.0040024566,-0.00043292306
227.94168,-0.026617114,0.00324411,-0.002262344
227.95842,-0.025832687,0.0020109206,-0.0042142645
227.97527,-0.025840005,0.0019110539,0.003514504
227.99178,-0.02542446,0.0012287324,0.0019462691
228.00883,-0.025197435,0.00086193834,0.00007575965
228.02522,-0.024740504,-0.00022988544,-0.0015533513
228.04166,-0.02399268,-0.001313591,-0.003411494
228.0599,-0.02363374,-0.002299247,-0.0051963655
228.07512,-0.023451297,-0.0030192335,-0.0014959911
228.09149,-0.022046184,-0.0046683736,-0.0038806181
228.10847,-0.020764673,-0.005934355,-0.0055923364
228.12582,-0.020729113,-0.0063469876,-0.0024978027
228.14151,-0.019436125,-0.0076355846,-0.0037321036
228.159,-0.017864661,-0.009498365,-0.0055938116
228.17491,-0.017078735,-0.010080448,-0.0022583278
228.19241,-0.01571256,-0.011136021,-0.00399234
228.20844,-0.015475471,-0.011643437,-0.00063152175
228.2251,-0.0137252025,-0.01328119,-0.0022765112
228.2417,-0.011788243,-0.014712232,-0.0035185057
228.25871,-0.010955955,-0.014990528,-0.00050348754
228.27512,-0.009770938,-0.016191388,-0.0015524399
228.29163,-0.009150442,-0.01739049,0.0014431188
228.30936,-0.0060370876,-0.01957278,-0.0042822133
228.32515,-0.004985798,-0.020688709,-0.00052375306
228.34204,-0.0028087464,-0.022014176,-0.0021089353
228.35918,-0.00048398421,-0.02384866,-0.003179511
228.37529,0.0011126758,-0.02457661,0.00027907328
228.39212,0.0042040376,-0.026408887,-0.0011539791
228.40854,0.0057582357,-0.027286673,0.0021738044
228.42538,0.008545849,-0.02905507,0.0009011983
228.44217,0.011396098,-0.031173619,-0.00014907829
228.45847,0.013245642,-0.031924188,0.003159091
228.47513,0.016325703,-0.033992592,0.0018482144
228.49184,0.01951412,-0.035546836,0.0007495165
228.50868,0.021303775,-0.035770215,0.003969483
228.52545,0.024446346,-0.03749577,0.0028505225
228.54279,0.027704239,-0.038889103,0.0016510872
228.55862,0.029374989,-0.039497513,0.0051158997
228.57497,0.03192884,-0.040699665,0.0034992914
228.59178,0.033226587,-0.041043352,0.0064380723
228.60889,0.035678864,-0.0421642,0.005283728
228.62575,0.038044557,-0.043211702,0.004193526
228.64207,0.039975923,-0.043709084,0.0030836335
228.65875,0.040905915,-0.044071134,0.0060385
228.6753,0.04273968,-0.044614293,0.0047852998
228.6921,0.0444293,-0.045424238,0.0034218247
228.70854,0.045449004,-0.0455093,0.00659839
228.72552,0.047117744,-0.046280745,0.005152458
228.74182,0.04805615,-0.046246145,0.008321001
228.7588,0.049563665,-0.046522312,0.0067531085
228.77483,0.05051257,-0.046576317,0.0054259268
228.7915,0.050931748,-0.046363447,0.0081510255
228.80888,0.051734142,-0.046465464,0.0066048084
228.82513,0.052004814,-0.046330072,0.005345527
228.84181,0.052320343,-0.046114713,0.008172822
228.85866,0.052401107,-0.04592888,0.006523029
228.87537,0.05267114,-0.045577995,0.004887268
228.89175,0.052740794,-0.04491738,0.007866783
228.9092,0.05242077,-0.044461086,0.0059432797
228.92548,0.052220438,-0.044164035,0.004592717
228.94218,0.051795416,-0.044076126,0.0072270306
228.95863,0.0510301,-0.043623995,0.005527786
228.97543,0.049331702,-0.042742427,0.0037366739
228.99188,0.04867344,-0.04246445,0.0066005224
229.00835,0.047981773,-0.041448683,0.0048111603
229.02539,0.0468504,-0.040592697,0.0030291735
229.04199,0.04620895,-0.04047557,0.0060035
229.05884,0.044896718,-0.039673716,0.004256466
229.07542,0.04287542,-0.03859795,0.002414258
229.09172,0.042595405,-0.03816095,0.0052387924
229.10861,0.040604666,-0.03762057,0.003255665
229.12505,0.0389831,-0.036437083,0.0014607285
229.14189,0.038480714,-0.035992134,0.0042731864
229.15848,0.036468025,-0.035231784,0.0025062195
229.17532,0.034979563,-0.034790065,0.0006327705
229.19197,0.034282982,-0.03363728,0.0035951575
229.20856,0.032711383,-0.032606013,0.0017815111
229.22516,0.031158213,-0.031955868,-0.0000035765622
229.24191,0.030669004,-0.031784374,0.0027964122
229.25856,0.02976507,-0.031084472,0.001098001
229.27536,0.028701853,-0.030452797,-0.0006170109
229.29184,0.028363982,-0.030511139,0.0022684066
229.30865,0.02818698,-0.029499445,0.00048557052
229.32516,0.027740752,-0.028893298,-0.0012875444
229.34183,0.027629748,-0.027995074,-0.003182689
229.3589,0.027468935,-0.027132036,-0.0049212943
229.37529,0.027571231,-0.027027542,0.00265274
229.39177,0.02770708,-0.026433716,0.0007608369
229.40834,0.027547464,-0.025569139,-0.0011706427
229.42499,0.027565865,-0.024608113,-0.0029850441
229.44179,0.027703846,-0.023727436,-0.00471861
229.45844,0.027630813,-0.023448702,-0.0018428491
229.47514,0.027675118,-0.022342619,-0.0035076845
229.49193,0.02780438,-0.021245364,-0.0051521845
229.50827,0.027872462,-0.021371666,-0.0022562162
229.52505,0.027588515,-0.020277448,-0.003948364
229.54155,0.027649939,-0.019984469,-0.0010310293
229.55829,0.027774837,-0.019091144,-0.0026248256
229.57492,0.02764928,-0.018511074,-0.00412001
229.5917,0.027479233,-0.017631782,-0.0056231786
229.60825,0.027603341,-0.01732134,-0.0026297034
229.6249,0.027365174,-0.017127518,-0.004231977
229.6415,0.027109979,-0.016516862,-0.005677891
229.65854,0.02680665,-0.015774798,-0.0028213074
229.67502,0.026322555,-0.015159901,-0.004143655
229.69167,0.025195004,-0.014802361,-0.0056147543
229.70853,0.02478912,-0.014786429,-0.0026858612
229.72481,0.023870222,-0.014662045,-0.0039841104
229.74142,0.022569207,-0.014459455,-0.0055286605
229.75854,0.021639325,-0.0141482735,-0.0026026862
229.77528,0.02032132,-0.013819622,-0.003751921
229.79182,0.01867397,-0.013191049,-0.005038762
229.8085,0.017846374,-0.013333086,-0.0021033
229.82509,0.015209348,-0.013343803,-0.0033856889
229.84212,0.012792926,-0.013369233,-0.0045629703
229.8586,0.011917771,-0.013207997,-0.0013957226
229.87534,0.010305497,-0.013327114,-0.0026446034
229.89214,0.0083024325,-0.013596535,-0.003748331
229.90852,0.007127184,-0.013348099,-0.0006527994
229.92519,0.0058731767,-0.013181875,-0.001906031
229.9421,0.0052057146,-0.01359789,0.0011606327
229.95914,0.0038540743,-0.013860014,0.000090540896
229.97534,0.0022994785,-0.013965482,-0.0008996934
229.99191,0.00097172963,-0.014278039,-0.0023925093
230.0089,0.00033061064,-0.0142198475,0.00050450576
230.02548,-0.0016174277,-0.014942577,-0.00072945986
230.04158,-0.002678563,-0.015226283,0.0020968108
230.0584,-0.004270067,-0.0157,0.00040662926
230.07568,-0.0057817204,-0.01595244,-0.00097579375
230.09206,-0.006614263,-0.015959589,0.0020766063
230.1085,-0.008111194,-0.01638915,0.000466057
230.12527,-0.008907232,-0.016749458,-0.001261023
230.14217,-0.008685785,-0.01670111,0.0016299594
230.15881,-0.009525817,-0.016921774,0.0001323834
230.17558,-0.0097765755,-0.017015733,-0.001534792
230.19205,-0.009277605,-0.017053787,0.0013113084
230.20888,-0.008351944,-0.017090017,-0.00049818016
230.2254,-0.007891744,-0.016848413,-0.0021193796
230.24193,-0.008006419,-0.01643069,0.0005132669
230.25894,-0.0071147187,-0.01638913,-0.0013165767
230.27557,-0.0053482433,-0.016043292,-0.0029051383
230.29222,-0.004928323,-0.015387888,-0.00026542132
230.30919,-0.00384444,-0.015097983,-0.0020362653
230.32625,-0.0024222815,-0.014796764,-0.003725067
230.34198,-0.0013756291,-0.014729914,-0.0008293438
230.359,0.00043382528,-0.014067244,-0.0030312487
230.37572,0.002100917,-0.01362736,-0.0047043934
230.39206,0.0034432223,-0.013516261,-0.0019067074
230.40865,0.0056766067,-0.012735855,-0.0038728975
230.42522,0.008347583,-0.0114560425,-0.00571532
230.44212,0.009363323,-0.010695704,-0.0029978317
230.4591,0.011866118,-0.009856593,-0.004664491
230.47557,0.013456849,-0.009244572,-0.0017726001
230.49225,0.016277296,-0.008017447,-0.0034832691
230.50883,0.019077402,-0.006668355,-0.005089045
230.52536,0.021932142,-0.0054843593,-0.006633339
230.54199,0.02504009,-0.004123714,-0.008133761
230.559,0.028050872,-0.0027251602,-0.009563364
230.57526,0.028060041,-0.002624397,-0.0023835916
230.59212,0.03119869,-0.001166571,-0.003945957
230.6091,0.034321528,0.00027721765,-0.005180206
230.6254,0.037396856,0.0017066909,-0.006249583
230.642,0.040246833,0.0032280083,-0.007616077
230.65857,0.04327643,0.0046273638,-0.008740565
230.67578,0.043260045,0.004777934,-0.0017816725
230.69246,0.047295578,0.0075145084,-0.006552855
230.70857,0.050128665,0.008963865,-0.007616912
230.72545,0.051675577,0.009671314,-0.004796097
230.74216,0.05403081,0.0108956415,-0.0056990115
230.75914,0.05569419,0.012183908,-0.006637547
230.77518,0.05668706,0.01269405,-0.003471993
230.79166,0.05760954,0.013515583,-0.004601917
230.80853,0.058789767,0.014152502,-0.0054275366
230.8253,0.05846027,0.014359214,-0.002232762
230.84196,0.05894155,0.014249365,-0.0028937778
230.85832,0.058959637,0.014375228,0.00018480283
230.87538,0.05967056,0.014440555,-0.0006152183
230.89214,0.05995363,0.014313317,-0.0012275741
230.90836,0.059876468,0.014862601,0.0019001403
230.9249,0.059750296,0.014822922,0.0009755281
230.94151,0.060235202,0.0144219715,0.00013979513
230.95854,0.059992027,0.015129935,0.0032434806
230.97537,0.060335893,0.015255511,0.0025728897
230.99165,0.06040197,0.01496181,0.0017502778
231.00842,0.06012023,0.015137606,0.0046648006
231.02513,0.06013484,0.015296192,0.0036522702
231.04231,0.060103554,0.015480791,0.002804199
231.05872,0.060048625,0.015692672,0.00985527
231.07501,0.05959269,0.015283241,0.004869697
231.09274,0.059156653,0.015597369,0.0037651467
231.10852,0.0587579,0.015697412,0.0070006866
231.1252,0.05902956,0.015521859,0.0055801156
231.14171,0.058419533,0.015104987,0.0044479705
231.15837,0.05776834,0.015723724,0.0071953544
231.1752,0.057620347,0.015790302,0.0059707295
231.19188,0.057452172,0.015279153,0.004754277
231.20853,0.056914907,0.015719857,0.0075181494
231.22499,0.05653852,0.015546885,0.0062072426
231.24158,0.05674929,0.01553224,0.008830403
231.25824,0.056306798,0.015354,0.0074479105
231.27487,0.055524606,0.015227263,0.0060281213
231.29185,0.05495718,0.015091772,0.0045646788
231.3086,0.055146296,0.014912715,0.0073548765
231.32564,0.05444799,0.015263841,0.005893115
231.34175,0.054048095,0.015213883,0.008687043
231.35867,0.053448133,0.014914113,0.0068842666
231.37523,0.05280266,0.0148795685,0.0054052714
231.39194,0.052573185,0.014857786,0.007926622
231.40863,0.051453225,0.01475749,0.0062647522
231.42517,0.05056975,0.0144899655,0.004642947
231.44182,0.05057032,0.014008629,0.0070883627
231.4586,0.04985226,0.013614291,0.005439766
231.47543,0.04906512,0.013356164,0.0038724125
231.49194,0.04869325,0.013347784,0.0063940682
231.50836,0.048046242,0.013204845,0.0046984856
231.52538,0.047046807,0.012566276,0.0029069218
231.54175,0.04664169,0.012473173,0.0055341935
231.55852,0.045835316,0.012411962,0.0036847335
231.57541,0.04534194,0.012120501,0.0019773361
231.59189,0.04522781,0.0119370315,0.0045323893
231.60847,0.044688623,0.011591939,0.0027254298
231.62517,0.044515517,0.011405507,0.0009289578
231.64168,0.043809243,0.011582316,0.0033717242
231.65863,0.043349646,0.011484429,0.0015198038
231.67537,0.04260733,0.0112801,-0.00015331477
231.69217,0.042062037,0.011379666,0.002263954
231.70851,0.041380644,0.011426042,0.00053684344
231.72533,0.040838342,0.011756516,-0.0013440044
231.74217,0.040725272,0.011623854,0.0011038423
231.7593,0.040033367,0.011931275,-0.0005854781
231.77563,0.039953418,0.012011687,0.0020039298
231.79225,0.03938654,0.012552457,0.00020684338
231.80869,0.03891216,0.013256909,-0.0014741807
231.82545,0.038481303,0.0137430355,-0.0031405408
231.84169,0.038510755,0.01426657,-0.000666132
231.85898,0.03839102,0.015802672,-0.002407135
231.87544,0.038433723,0.016143352,0.0002967635
231.892,0.03852968,0.017080681,-0.0052819885
231.90945,0.038642496,0.018473705,-0.006727492
231.92546,0.03857957,0.018604923,0.00006685208
231.94318,0.0384578,0.020014428,-0.001505792
231.95898,0.038237542,0.02097907,-0.002445033
231.97528,0.038151696,0.022184096,-0.004082906
231.99239,0.038370356,0.024045456,-0.0053339736
232.00879,0.038290426,0.025358727,-0.006291815
232.02545,0.03821004,0.025480192,0.00004995332
232.04205,0.038129393,0.027417436,-0.0047831126
232.05948,0.038142182,0.02920777,-0.005786099
232.07555,0.038233217,0.030247781,-0.002691796
232.0922,0.038198307,0.031647008,-0.0038014743
232.10883,0.038601264,0.033339284,-0.004634407
232.12555,0.038469844,0.034459434,-0.0018837802
232.1421,0.038701665,0.03661012,-0.002583688
232.1591,0.03911906,0.038422793,-0.0032815544
232.176,0.039237164,0.039176796,-0.00033204138
232.19269,0.039102618,0.041219432,-0.0008142218
232.20871,0.03928344,0.043007124,-0.0014832902
232.22531,0.038687613,0.044133145,0.0012970339
232.24226,0.038688593,0.04546609,0.0005380991
232.25941,0.03859099,0.0468309,0.000035112465
232.27533,0.038680434,0.047531128,0.003134645
232.29193,0.038223695,0.0484799,0.0021146364
232.30861,0.03765053,0.049500525,0.0014326746
232.3256,0.037568536,0.049584266,0.004212023
232.342,0.037520904,0.051090278,0.0036960172
232.35854,0.036758587,0.051784605,0.0064450162
232.37509,0.036669385,0.052925967,0.0056386706
232.39188,0.03655471,0.054556772,0.004982394
232.40924,0.036915574,0.0553209,0.0076306183
232.42516,0.03639087,0.05659079,0.0071894913
232.4421,0.036094725,0.057379223,0.0059544607
232.4585,0.036102593,0.058239143,0.008817948
232.47563,0.03625721,0.059482235,0.007771483
232.49283,0.03645529,0.061305173,0.006971471
232.50826,0.03623185,0.062021233,0.009924386
232.52528,0.03650001,0.063411266,0.008434226
232.54247,0.03694489,0.066167936,0.0075546647
232.55887,0.036920574,0.06730175,0.0103440685
232.5753,0.03727563,0.068847716,0.009172002
232.59195,0.03756386,0.07091863,0.008032346
232.60866,0.03776934,0.07219579,0.010504074
232.62582,0.037744593,0.074690856,0.009415696
232.6419,0.0376935,0.07635205,0.008408546
232.65852,0.037448954,0.07684566,0.010534085
232.67531,0.037191294,0.07800583,0.0092755165
232.69174,0.036614917,0.07890368,0.011749391
232.70842,0.036181312,0.07967186,0.010364893
232.72542,0.03603033,0.08019584,0.00891651
232.7419,0.035984095,0.080292754,0.007610989
232.75865,0.03536039,0.08037055,0.009942613
232.77545,0.035368625,0.08003015,0.008486119
232.79184,0.034491073,0.07974744,0.0109277945
232.80873,0.033927765,0.078470506,0.009289599
232.82541,0.033142343,0.07725624,0.007925234
232.84192,0.033056848,0.076488204,0.010194564
232.85863,0.032310806,0.07476767,0.008637609
232.87524,0.031573974,0.07228871,0.0070788
232.8916,0.030894734,0.07067167,0.009307951
232.90862,0.030132467,0.06788544,0.007614152
232.9258,0.029451612,0.06472587,0.006187839
232.942,0.028686348,0.06288649,0.008632824
232.95862,0.028254434,0.058950175,0.0068882634
232.97588,0.027365195,0.054928873,0.0054467157
232.99191,0.02631235,0.05308588,0.007882197
233.00899,0.025410747,0.048922252,0.0062865084
233.02545,0.024654,0.04478535,0.005073139
233.04182,0.024755837,0.04272703,0.0072894273
233.05835,0.024081117,0.039063178,0.0058621466
233.07532,0.023607116,0.035257753,0.0045195795
233.09181,0.023886302,0.033214815,0.0069341385
233.10837,0.023428615,0.02877789,0.0056475922
233.12514,0.023571176,0.025337882,0.004364637
233.14204,0.02352943,0.023942964,0.0067377104
233.15828,0.023725994,0.019883372,0.0055729994
233.17494,0.023604492,0.016250089,0.0041782046
233.19168,0.022947881,0.014546043,0.006494088
233.2084,0.02288897,0.011453476,0.0052131712
233.2252,0.02279774,0.0100514265,0.007628048
233.24211,0.022199504,0.006772325,0.0063612596
233.25847,0.021887021,0.004030958,0.005194841
233.27515,0.022404635,0.0028895147,0.0074059344
233.2919,0.021767883,-0.001155238,0.0025641958
233.30849,0.021644695,-0.0037788793,0.0012968122
233.32518,0.02165573,-0.003716383,0.0070732166
233.34192,0.021919368,-0.0059941798,0.0057944674
233.35837,0.021884818,-0.008212487,0.0044593755
233.37521,0.021684328,-0.0105312215,0.0029701744
233.39201,0.02142751,-0.012698096,0.0019161571
233.40846,0.021486994,-0.014399792,0.00059329055
233.42514,0.021528153,-0.014338882,0.006277145
233.44193,0.022280127,-0.016781265,0.0015419187
233.45874,0.022058142,-0.01780865,0.0003375895
233.47523,0.0224056,-0.018262573,0.002708847
233.49199,0.022330003,-0.018721383,0.001412161
233.50877,0.02194222,-0.018916398,0.00025815782
233.52557,0.021635486,-0.019222248,0.0025331823
233.54213,0.021898668,-0.019354366,0.0013791117
233.55911,0.021955121,-0.019044306,0.00020329501
233.57538,0.022028035,-0.018779377,0.0025430177
233.59212,0.021314323,-0.018334933,0.0012139732
233.60866,0.021271253,-0.017677339,0.000098693716
233.6254,0.021608837,-0.016957274,0.0022761235
233.64206,0.021316601,-0.015802795,0.0012759385
233.65895,0.02166503,-0.014974679,0.003395796
233.67542,0.021453168,-0.0135738645,0.0024831514
233.69215,0.021492908,-0.011819502,0.001234228
233.70906,0.020852145,-0.0097725475,0.00011569619
233.72548,0.02099495,-0.008589251,0.002513886
233.74223,0.020765569,-0.006255573,0.0012570103
233.7587,0.020618131,-0.00520246,0.0035737646
233.77556,0.020399641,-0.0029485489,0.0023719454
233.7922,0.019774564,-0.0006095003,0.0013883701
233.80887,0.019241016,0.00031363755,0.0035587703
233.82555,0.019278543,0.0028832315,0.0024905552
233.8421,0.018964652,0.0053429785,0.0014514123
233.85896,0.018858751,0.0067119226,0.003599119
233.8756,0.018308373,0.009273568,0.002634045
233.89252,0.017798007,0.011841113,0.0016350419
233.90889,0.017641947,0.013027433,0.003887902
233.9255,0.017669411,0.015528856,0.002912634
233.94225,0.017077224,0.018253766,0.0019499887
233.95912,0.016180158,0.01945863,0.004245744
233.9757,0.015743233,0.021955896,0.0033985917
233.99236,0.015424681,0.024944521,0.002343679
234.00911,0.014938923,0.026813053,0.004778431
234.02556,0.014305849,0.030149419,0.0037916214
234.04234,0.013339997,0.033938706,0.0028829544
234.05867,0.013185386,0.035773806,0.0052210507
234.07582,0.012042523,0.040079705,0.0042604846
234.09232,0.010801822,0.04484176,0.0036419886
234.10872,0.010475972,0.046664294,0.005745337
234.12546,0.009395784,0.051146686,0.004873026
234.14194,0.009126162,0.053579364,0.0070415684
234.1583,0.0075454046,0.05765161,0.006134063
234.17522,0.0061151185,0.061338358,0.005087156
234.19221,0.0057256795,0.063420944,0.007350375
234.20851,0.004134669,0.067108296,0.0064873924
234.2252,0.0034040303,0.07027825,0.005350635
234.24158,0.0024667152,0.07180248,0.007544447
234.2583,0.0012873209,0.07428088,0.0064068725
234.27513,0.00014121001,0.07708464,0.0053887498
234.29184,-0.00057123596,0.078269064,0.0075828293
234.30865,-0.0012199754,0.08023878,0.0064968616
234.32527,-0.002191843,0.082109205,0.0055456758
234.34196,-0.0027412635,0.08305499,0.0076412796
234.35873,-0.0036187859,0.08483851,0.006506306
234.37534,-0.004601142,0.08618472,0.005401778
234.39201,-0.004919738,0.08668304,0.0073593943
234.4088,-0.005765113,0.0878078,0.0061300383
234.42538,-0.006068644,0.08834782,0.0048785335
234.44212,-0.0069154724,0.08826076,0.006840815
234.45862,-0.0074647344,0.08811218,0.005485174
234.47539,-0.007824004,0.08771891,0.0040873135
234.49202,-0.0078570405,0.08784205,0.0060344515
234.50862,-0.008483283,0.086825654,0.0046287687
234.52534,-0.008438309,0.08578066,0.0032896674
234.54199,-0.008318577,0.08535642,0.0051304577
234.55862,-0.008395717,0.08402059,0.0037820549
234.57518,-0.008303281,0.082110904,0.0023601744
234.59201,-0.007749489,0.08022493,0.0008769618
234.60861,-0.0073597655,0.078418374,-0.00047806223
234.62547,-0.0075578415,0.078399554,0.0045716264
234.6418,-0.0072886315,0.076420434,0.0032416524
234.65855,-0.0068953033,0.073871695,0.001690954
234.67517,-0.0063345768,0.07140706,0.00031615022
234.69211,-0.0058816113,0.06853254,-0.00097642967
234.70866,-0.005028071,0.06578025,-0.0021492618
234.72525,-0.0051918356,0.06576715,0.0028294898
234.74173,-0.004163657,0.06245143,0.0016043086
234.75839,-0.0031146295,0.059026606,0.0004757754
234.77544,-0.001920123,0.055425752,-0.0005165116
234.79185,-0.00046177165,0.051554915,-0.0012963647
234.8089,0.00085267035,0.047674593,-0.0021767272
234.82521,0.0007318633,0.047676884,0.002890368
234.8419,0.0030245369,0.041801047,-0.00071185303
234.85875,0.00404779,0.037784655,-0.0012834881
234.87544,0.0050511085,0.03597124,0.00088755967
234.89192,0.0064771324,0.032112025,0.00035060997
234.90881,0.0074636554,0.028605564,-0.00019980279
234.92523,0.008281507,0.026746707,0.0020933154
234.9418,0.010145824,0.022940164,0.0015916781
234.95859,0.012153789,0.019374678,0.0011871707
234.97519,0.012734681,0.01790369,0.0033954156
234.9919,0.014447393,0.01469646,0.0030367663
235.0089,0.01642014,0.010935575,0.0026787461
235.0252,0.017321236,0.009249286,0.004998385
235.04208,0.019111907,0.005713488,0.00465452
235.05864,0.02168496,0.001735115,0.004344783
235.07567,0.022862801,-0.00006631682,0.006602023
235.0921,0.025197795,-0.003516451,0.006301664
235.10825,0.026091358,-0.00511916,0.008457983
235.12547,0.02818402,-0.008451707,0.007815082
235.1423,0.030660965,-0.01213268,0.0074589136
235.1589,0.030689983,-0.012059199,0.012250352
235.17557,0.034110915,-0.017185811,0.00902763
235.19208,0.03568641,-0.020062339,0.008370683
235.20839,0.036642756,-0.02135901,0.010439204
235.22546,0.03815765,-0.024083769,0.009639866
235.24207,0.039578702,-0.026308024,0.009026341
235.25845,0.040194374,-0.027127426,0.010913527
235.27505,0.041120365,-0.028051082,0.009976709
235.29181,0.04228443,-0.02959534,0.009009184
235.30869,0.042826172,-0.029987033,0.0108654145
235.32605,0.042806484,-0.030497449,0.009847561
235.34245,0.04289294,-0.030735383,0.00889822
235.35858,0.043253206,-0.030308248,0.010590452
235.3754,0.043251358,-0.029845627,0.009196429
235.39209,0.04281507,-0.029299397,0.008002513
235.40877,0.042647284,-0.028696487,0.009677628
235.42511,0.04193484,-0.027253812,0.008319119
235.44211,0.041663665,-0.026339807,0.0098563265
235.45879,0.040725384,-0.02494503,0.00852606
235.47523,0.039594892,-0.023254044,0.007120702
235.49321,0.038689826,-0.021055449,0.0056673163
235.50868,0.037910644,-0.019959345,0.007578991
235.52565,0.036694717,-0.01744226,0.0058319834
235.54236,0.035239607,-0.015378597,0.004528928
235.5595,0.03417993,-0.0144250365,0.006063673
235.5757,0.032453317,-0.011394532,0.004821746
235.59215,0.030599307,-0.008839383,0.0033558297
235.60878,0.029082516,-0.007908481,0.004833641
235.62616,0.02669298,-0.0051387106,0.0035010788
235.6427,0.024441618,-0.0023944066,0.0024267682
235.65881,0.023560988,-0.000739058,0.0040001357
235.6755,0.020979224,0.0021181367,0.0026379416
235.69217,0.02039777,0.0037944121,0.0042865737
235.70886,0.017766632,0.00684385,0.0031793595
235.7255,0.015449278,0.009768091,0.0021310812
235.74208,0.014322878,0.010479462,0.0037880484
235.75888,0.0119763175,0.013555619,0.0028349136
235.77551,0.009457345,0.017142843,0.0019678187
235.79207,0.007907346,0.017999917,0.0037353707
235.80872,0.005466788,0.020608153,0.0029389183
235.82529,0.003002921,0.023553811,0.0022306354
235.84206,0.001901207,0.02509807,0.004135488
235.85847,-0.0010235395,0.027936894,0.003511839
235.87518,-0.0037405463,0.030717928,0.0029887168
235.89146,-0.004617789,0.032347187,0.0048808157
235.90817,-0.0075364616,0.03509407,0.004384297
235.92482,-0.010287255,0.03797596,0.0040560495
235.94147,-0.011676183,0.03886551,0.0059515033
235.95833,-0.01409012,0.041832317,0.005681012
235.97499,-0.015620789,0.04295773,0.0076546385
235.9915,-0.018073613,0.045558795,0.007408576
236.00818,-0.020280516,0.048189003,0.0071770423
236.02498,-0.02163944,0.049107008,0.009122819
236.04195,-0.023600884,0.05138927,0.0089766085
236.05843,-0.025507342,0.0535268,0.008744867
236.07504,-0.026890375,0.05398884,0.010766645
236.0915,-0.028291786,0.055468705,0.0104415165
236.10815,-0.029825002,0.05717096,0.01031866
236.12485,-0.030989012,0.058530953,0.010276608
236.14159,-0.031645723,0.0595526,0.010050668
236.15862,-0.0328206,0.061269976,0.009720646
236.17525,-0.03294882,0.061201498,0.0139017
236.1919,-0.033862527,0.06228793,0.013516983
236.20871,-0.034666,0.06328788,0.01295965
236.22531,-0.03540927,0.06412904,0.0122040855
236.24223,-0.036221467,0.06496574,0.011444421
236.25842,-0.036965188,0.06555965,0.010707783
236.27539,-0.037251342,0.06544281,0.012018764
236.2921,-0.037469942,0.06538869,0.011138904
236.30913,-0.037603136,0.0659298,0.010009582
236.32579,-0.037864693,0.06567854,0.011470302
236.34222,-0.037563007,0.0657146,0.0102501
236.35863,-0.037035894,0.06531604,0.008911435
236.37534,-0.03686214,0.06482115,0.010183741
236.39194,-0.036587585,0.0644853,0.0088323485
236.40866,-0.036037985,0.06389834,0.007388353
236.42528,-0.035667647,0.06366693,0.008640074
236.44194,-0.03500187,0.06277098,0.007170307
236.45859,-0.03431183,0.061915047,0.0056807497
236.47539,-0.033689883,0.061982222,0.006877214
236.49199,-0.032598548,0.061156623,0.005394886
236.5084,-0.03252318,0.06014696,0.006607863
236.52519,-0.03134887,0.059213087,0.0051015797
236.54181,-0.030317275,0.057892714,0.0037363826
236.55858,-0.029590694,0.057542123,0.0050232713
236.5751,-0.028210606,0.05583495,0.0037415326
236.5917,-0.027404048,0.05455833,0.00243087
236.60835,-0.026735498,0.054371662,0.0037567418
236.62502,-0.025947854,0.053368468,0.0025137712
236.64215,-0.024640879,0.051731378,0.0013999445
236.65854,-0.023848653,0.051271647,0.0027949938
236.67517,-0.023361169,0.049958467,0.0016655589
236.69196,-0.022493,0.048572555,0.0005982037
236.70862,-0.021797681,0.048166517,0.0019865604
236.72525,-0.020501839,0.04646948,0.0010158364
236.74228,-0.019327769,0.04542971,0.00006801559
236.75891,-0.018614337,0.045090705,0.0015272256
236.77522,-0.017316794,0.043665566,0.00061571476
236.79181,-0.01601786,0.042175256,-0.0003536042
236.8088,-0.015414528,0.041248918,0.0010434065
236.82529,-0.014032614,0.040319327,0.00024505207
236.84224,-0.012966043,0.039120127,-0.0006362669
236.85878,-0.0123456335,0.03821801,0.0008305917
236.87529,-0.01105338,0.037254147,-0.000041666426
236.89182,-0.010566435,0.03638172,0.0012785312
236.90866,-0.00993474,0.03517598,0.00041349957
236.92532,-0.008824148,0.033905864,-0.00043322996
236.94232,-0.007901374,0.032469835,-0.0013078451
236.95848,-0.007503728,0.031928115,0.00013179163
236.97499,-0.0068470836,0.030605398,-0.0008680522
236.99203,-0.0062348926,0.030273478,0.0004353696
237.00891,-0.0052827806,0.028698375,-0.00037141173
237.02525,-0.0042877635,0.02746445,-0.001252808
237.04198,-0.003916464,0.027132154,0.00001442475
237.05913,-0.0032851298,0.02578707,-0.00087000773
237.07538,-0.0021305943,0.024773855,-0.0017204784
237.09262,-0.0014851524,0.02449876,-0.00046051855
237.10884,-0.0007556774,0.023240037,-0.0012583531
237.12556,-0.0003625052,0.022390138,-0.0022730639
237.14233,0.00014998218,0.021949302,-0.0009367591
237.15923,0.00075018185,0.021097055,-0.0018588828
237.1759,0.00094980036,0.020388128,-0.002526242
237.1921,0.0014239204,0.020352956,-0.0014601134
237.20871,0.0016078056,0.019670807,-0.0023313165
237.22604,0.0017660016,0.01903816,-0.0030912529
237.24216,0.0016583651,0.018791271,-0.0018099741
237.25867,0.0013292257,0.018224826,-0.0027038527
237.27567,0.0013981943,0.018097807,-0.003681491
237.29224,0.0010099424,0.018126033,-0.002354975
237.30948,0.0005220157,0.017763823,-0.0032747916
237.32538,-0.00039771403,0.017821541,-0.0041426374
237.34245,-0.00068684784,0.018030858,-0.003033764
237.35933,-0.0010148074,0.017714707,-0.0039009214
237.37567,-0.00185108,0.017816223,-0.0047335634
237.3924,-0.0021959322,0.017547848,-0.0036471204
237.40938,-0.0032428566,0.017683942,-0.00455193
237.4262,-0.0038996595,0.017553078,-0.005444989
237.44244,-0.0043890155,0.017779274,-0.0042186333
237.45909,-0.005122604,0.017683469,-0.0052504353
237.47565,-0.0058623357,0.017937476,-0.00618493
237.49219,-0.006361386,0.01772848,-0.0051059253
237.50858,-0.0070347665,0.017995488,-0.006092365
237.52539,-0.0076028784,0.018056242,-0.0049718786
237.54227,-0.008317238,0.018872552,-0.007848946
237.55904,-0.009195717,0.019228308,-0.0087049045
237.57558,-0.009225733,0.019213745,-0.005574519
237.59212,-0.01016699,0.019521419,-0.0064396705
237.60861,-0.010914623,0.019835997,-0.0072426237
237.62527,-0.011908312,0.02018775,-0.008156589
237.64172,-0.01297218,0.020649686,-0.00894708
237.65889,-0.01394314,0.020918267,-0.009715358
237.67476,-0.013975828,0.02089634,-0.006584155
237.69145,-0.015454053,0.02152201,-0.009312832
237.70822,-0.016622752,0.02186875,-0.010024112
237.72519,-0.017263193,0.022468368,-0.00878123
237.74149,-0.017831804,0.022913579,-0.009374469
237.75829,-0.018810935,0.023605816,-0.010082551
237.77513,-0.019728834,0.023376402,-0.008837023
237.7919,-0.020789195,0.02402729,-0.009413406
237.80876,-0.021510588,0.024497977,-0.009962029
237.82578,-0.022014927,0.025017008,-0.008708537
237.84193,-0.022975603,0.02567675,-0.009215366
237.859,-0.023966908,0.02634487,-0.009815942
237.87549,-0.024248643,0.026852254,-0.008537153
237.89185,-0.025193151,0.027330106,-0.009031975
237.90907,-0.026319487,0.02820235,-0.009511387
237.9254,-0.026803257,0.02865508,-0.0082504
237.94212,-0.028078891,0.0294791,-0.0087175295
237.95862,-0.028303487,0.030110277,-0.007487869
237.97536,-0.029680751,0.03098986,-0.007941033
237.99207,-0.03077773,0.031508252,-0.008233804
238.00851,-0.03160257,0.03135362,-0.0070726024
238.02516,-0.032990873,0.032125205,-0.0074394085
238.04207,-0.033882834,0.0328178,-0.007700026
238.05882,-0.03436792,0.03352628,-0.0064740237
238.07535,-0.035396352,0.034296326,-0.0066197426
238.09189,-0.036531035,0.03487512,-0.006738611
238.10927,-0.036849227,0.035458345,-0.0054553873
238.1253,-0.037880845,0.035894994,-0.005297413
238.14192,-0.038992215,0.036306202,-0.0053655277
238.15833,-0.039712623,0.036245078,-0.003965198
238.17534,-0.04043171,0.036804467,-0.0038805217
238.19188,-0.041258268,0.037177682,-0.0035687513
238.20847,-0.0416685,0.037519146,-0.00207785
238.22487,-0.042650167,0.037777748,-0.0017746727
238.24188,-0.04324046,0.038279016,-0.0014128285
238.25832,-0.04349661,0.03902771,0.00017263902
238.27519,-0.044040676,0.03943906,0.00063267635
238.29207,-0.044578377,0.039545536,0.0012552827
238.30869,-0.044788968,0.03934755,0.0028861184
238.32512,-0.045108,0.039782755,0.0035145136
238.34207,-0.04538797,0.040414125,0.004169325
238.35867,-0.045002148,0.04033941,0.0058300956
238.3751,-0.044976305,0.040401064,0.006538552
238.3925,-0.044948116,0.040372085,0.007261785
238.40839,-0.044861324,0.040724523,0.009011439
238.42506,-0.044580203,0.04024847,0.009722945
238.44196,-0.0444827,0.04020674,0.011355599
238.45863,-0.04393225,0.04038229,0.012251428
238.47485,-0.043174896,0.04011562,0.013130389
238.49191,-0.042986758,0.03947217,0.014750536
238.5082,-0.04196704,0.03971885,0.015670652
238.52507,-0.04070296,0.039648283,0.016545553
238.54185,-0.040367894,0.03915232,0.018192764
238.5589,-0.039319575,0.03845192,0.019192867
238.57521,-0.037764005,0.037813406,0.020223534
238.59166,-0.036833037,0.038161617,0.021851337
238.60922,-0.035226665,0.03761683,0.022889301
238.626,-0.033760495,0.037024282,0.024023995
238.64255,-0.033240505,0.036276337,0.025826914
238.65894,-0.030924654,0.036230683,0.026932841
238.67577,-0.029258981,0.035636157,0.028116407
238.69295,-0.02858189,0.034801543,0.029972142
238.70851,-0.026799733,0.034158364,0.031400334
238.7251,-0.02449743,0.033480264,0.03276828
238.74196,-0.023304753,0.033182472,0.034712143
238.75853,-0.021651834,0.03239805,0.03640176
238.77531,-0.020100363,0.031307243,0.038010925
238.79158,-0.01920405,0.031445246,0.03981236
238.80922,-0.017435957,0.030421346,0.041116767
238.82538,-0.016007746,0.029210579,0.042461548
238.84215,-0.015252283,0.028734675,0.043880846
238.8589,-0.0134795075,0.027950177,0.044758808
238.87587,-0.011649559,0.027401222,0.04510428
238.89185,-0.010737741,0.027061667,0.046320554
238.90916,-0.008730028,0.026533784,0.046135977
238.92531,-0.0073627946,0.026330447,0.04571732
238.94202,-0.005991872,0.025965856,0.044908643
238.9588,-0.00440677,0.025650326,0.043898832
238.97551,-0.004433634,0.025646029,0.04598931
238.99223,-0.0033816493,0.02540918,0.044654705
239.00903,-0.001984735,0.025182333,0.043107536
239.02551,-0.0008582273,0.024778927,0.04136873
239.0421,0.00035127,0.024428032,0.039389838
239.05865,0.0016696148,0.024065187,0.037128814
239.07545,0.0021979213,0.024349023,0.036995105
239.09224,0.0034044979,0.024298687,0.034527328
239.10883,0.0041067996,0.023897352,0.031834275
239.12532,0.00430018,0.023300843,0.031497814
239.14151,0.005328328,0.022923486,0.02846216
239.15858,0.0062034884,0.022858666,0.025365593
239.17513,0.006561597,0.02270172,0.02484167
239.19194,0.0072763995,0.022338381,0.02157343
239.20872,0.008105382,0.021651799,0.018387208
239.22575,0.008840967,0.02183891,0.017558439
239.24228,0.009476911,0.021626245,0.0142268045
239.25888,0.01065364,0.02135771,0.010722916
239.27565,0.011309298,0.021199845,0.009928163
239.29228,0.012166277,0.020804692,0.0064941486
239.30876,0.01350741,0.020810585,0.0030934792
239.32588,0.013488993,0.020822933,0.0048805866
239.34206,0.016358351,0.02000595,-0.00086554856
239.35887,0.017669247,0.019465687,-0.0038622834
239.37628,0.01835542,0.019200072,-0.004584188
239.39207,0.020406028,0.018751642,-0.0073324884
239.40875,0.021115549,0.018578608,-0.00809251
239.42528,0.021962244,0.018320546,-0.010790163
239.44199,0.022776855,0.017973695,-0.013510421
239.4589,0.023184491,0.017421339,-0.014007371
239.47531,0.023722228,0.01710461,-0.01656912
239.49226,0.02342338,0.01709868,-0.019153941
239.50879,0.023106266,0.017377954,-0.019497884
239.5255,0.022777135,0.017088247,-0.02198152
239.54218,0.022145553,0.016876457,-0.02442751
239.55875,0.02146103,0.01724284,-0.024788631
239.57571,0.019781679,0.01739915,-0.02718262
239.59265,0.018880391,0.017475167,-0.029462762
239.60861,0.01823856,0.017640047,-0.029775387
239.6259,0.016362105,0.017827967,-0.032143846
239.64215,0.014267134,0.017657863,-0.034300547
239.6587,0.013322418,0.018169755,-0.03459292
239.6757,0.011431403,0.017985938,-0.03647936
239.69226,0.009114235,0.018029002,-0.03803
239.7087,0.00789139,0.017742721,-0.037983906
239.72537,0.005621641,0.01743926,-0.03914649
239.74188,0.0035103422,0.017298682,-0.040034622
239.75896,0.0023814868,0.01720972,-0.039619092
239.77534,0.00005423783,0.016961055,-0.04006738
239.79211,-0.0012976595,0.01730625,-0.039521676
239.80879,-0.0036087967,0.016805062,-0.039648492
239.82518,-0.005867148,0.016595831,-0.03964431
239.84184,-0.0072738123,0.016586741,-0.038846307
239.8588,-0.009385428,0.016550459,-0.038566086
239.87541,-0.010402546,0.016393896,-0.037641164
239.89206,-0.011760487,0.015890835,-0.03702316
239.9086,-0.013178412,0.015362126,-0.03619858
239.92528,-0.014856891,0.014935472,-0.03519991
239.94176,-0.01562745,0.014978077,-0.03391775
239.95856,-0.017224541,0.0147677185,-0.032642998
239.97537,-0.018285656,0.013973041,-0.03126106
239.99191,-0.02001796,0.013395734,-0.02974302
240.00844,-0.021971287,0.012925876,-0.028021112
240.02545,-0.023945943,0.012654588,-0.026242934
240.04192,-0.024983551,0.012272101,-0.024582641
240.05843,-0.027019525,0.011640993,-0.022647707
240.07542,-0.029377375,0.011233626,-0.020644331
240.09198,-0.0302475,0.011222707,-0.018978037
240.10864,-0.032263372,0.010679696,-0.016848905
240.12563,-0.034085788,0.010095857,-0.014658583
240.14182,-0.035830572,0.009566878,-0.0124243
240.15907,-0.03761079,0.0089093335,-0.010227405
240.17543,-0.037615974,0.008886828,-0.009032571
240.1923,-0.03919261,0.0083452845,-0.0068796314
240.20859,-0.040525742,0.007878263,-0.0047128643
240.22502,-0.04256141,0.007511012,-0.002648374
240.24219,-0.043937247,0.007319462,-0.0006211926
240.25854,-0.045435134,0.007132681,0.0013351988
240.27505,-0.046537377,0.007536714,0.002849835
240.29187,-0.04761041,0.007520957,0.0045360657
240.3087,-0.048841145,0.007299325,0.006119566
240.32527,-0.049478658,0.0072065685,0.0075250533
240.34195,-0.0504243,0.0077944105,0.00891949
240.35841,-0.051738556,0.007850772,0.010292038
240.37549,-0.05205951,0.0074938475,0.011457906
240.39221,-0.0526744,0.0075020506,0.012634876
240.40886,-0.053635616,0.0076128147,0.013742677
240.42535,-0.053967845,0.007831231,0.014721372
240.4422,-0.05453396,0.007930762,0.015623756
240.4587,-0.054885924,0.00803207,0.016490832
240.47528,-0.055135418,0.008175129,0.017262261
240.49197,-0.055286366,0.008420329,0.017929401
240.5087,-0.054968834,0.008638794,0.018628903
240.52544,-0.054850813,0.009120777,0.019204335
240.54178,-0.05438537,0.009610174,0.019682668
240.55856,-0.054262985,0.010156605,0.02025829
240.57498,-0.05358166,0.010247457,0.020678872
240.59167,-0.05290441,0.01127604,0.02091487
240.60846,-0.05285001,0.011280853,0.021494593
240.62495,-0.052052613,0.011725672,0.021668715
240.64143,-0.050970644,0.012189273,0.021796653
240.65837,-0.05042628,0.012923493,0.022272537
240.67491,-0.049759474,0.013315018,0.022341628
240.69174,-0.048846927,0.013664433,0.022360735
240.70822,-0.048237953,0.013725291,0.022749009
240.72536,-0.04744011,0.014685658,0.022704046
240.74214,-0.04662513,0.0151185505,0.022640433
240.75864,-0.046111465,0.014845856,0.022936251
240.77531,-0.045277063,0.015720798,0.022718702
240.79234,-0.04425969,0.01636102,0.022318613
240.80922,-0.043679874,0.016971694,0.022511007
240.82588,-0.04236256,0.017341975,0.021980967
240.84213,-0.041139923,0.0178842,0.021381348
240.85889,-0.04041573,0.017904405,0.021338975
240.87561,-0.0390903,0.018743992,0.020611325
240.89268,-0.03763534,0.019365275,0.019941403
240.90909,-0.036724284,0.019321559,0.01976652
240.92554,-0.035478603,0.019659892,0.01899354
240.94232,-0.03395559,0.020222485,0.018111695
240.95937,-0.033292517,0.0210728,0.017909655
240.97539,-0.03211327,0.021557914,0.01687726
240.99226,-0.030795068,0.022264723,0.015724983
241.0092,-0.03013048,0.02292145,0.015381414
241.02533,-0.02893076,0.023626205,0.014163943
241.04236,-0.027893977,0.024412872,0.012908983
241.05875,-0.027407426,0.02421959,0.012503103
241.07535,-0.026593525,0.024964318,0.011130404
241.0925,-0.02574939,0.025871107,0.009732236
241.10889,-0.025272287,0.026477523,0.009220038
241.1254,-0.024821812,0.027058056,0.007728835
241.14253,-0.024355644,0.027141538,0.0072595133
241.15956,-0.02423611,0.027933996,0.0057109906
241.17575,-0.024213571,0.028208459,0.004306761
241.19212,-0.024182394,0.028790835,0.0036454713
241.20882,-0.024915306,0.029493026,0.0020873642
241.22562,-0.025635744,0.030193957,0.00051698275
241.24191,-0.026053902,0.030957557,-0.00019271557
241.25891,-0.026468916,0.03172021,-0.0017654432
241.27565,-0.027068542,0.032569174,-0.0034676467
241.29205,-0.027463384,0.032358535,-0.0042202836
241.30865,-0.028672935,0.032920286,-0.005901968
241.32622,-0.029671842,0.034103237,-0.0077446615
241.34225,-0.030357718,0.034327272,-0.0084797405
241.35886,-0.031160627,0.03509581,-0.010351269
241.37552,-0.032575916,0.03586622,-0.012238199
241.39229,-0.032974236,0.03588922,-0.013075061
241.40906,-0.033634406,0.036179144,-0.015074085
241.42563,-0.034626413,0.03708747,-0.017160647
241.44218,-0.035024054,0.037369527,-0.018189263
241.45866,-0.035831816,0.03782128,-0.020529104
241.47528,-0.03666095,0.038289648,-0.022999737
241.49205,-0.03691702,0.038845733,-0.024332292
241.50879,-0.037290655,0.03888871,-0.026967185
241.52547,-0.03737429,0.039208353,-0.028356489
241.54224,-0.03767249,0.03949269,-0.031102063
241.55876,-0.037656777,0.039341826,-0.033806954
241.57562,-0.03778541,0.03882453,-0.036093872
241.59225,-0.038113773,0.038227584,-0.037996747
241.6096,-0.038059104,0.03766853,-0.03953137
241.62564,-0.03805959,0.037668273,-0.03951187
241.64223,-0.037757408,0.03705857,-0.04062166
241.65886,-0.037767574,0.036250528,-0.04135046
241.67535,-0.037504278,0.035254966,-0.04182834
241.69234,-0.037250467,0.03461896,-0.04209445
241.7089,-0.036885463,0.033339653,-0.042007137
241.72545,-0.036690585,0.033267125,-0.041928332
241.74205,-0.036309846,0.032042023,-0.041502617
241.75858,-0.03563758,0.030828258,-0.040889557
241.77551,-0.03503262,0.030243935,-0.04069703
241.79198,-0.03402431,0.028707223,-0.03971984
241.80882,-0.03272261,0.02790252,-0.03853781
241.8255,-0.031806484,0.026828248,-0.03793909
241.84203,-0.030322488,0.025446014,-0.036394
241.85869,-0.029153308,0.024507709,-0.034612965
241.87575,-0.028510973,0.02412473,-0.03375712
241.892,-0.027370628,0.022896232,-0.03174677
241.90868,-0.025950562,0.021508384,-0.02944356
241.92543,-0.025371544,0.021449378,-0.02848036
241.94211,-0.024306012,0.020081725,-0.02595131
241.95877,-0.02294325,0.018699873,-0.0233593
241.97531,-0.022703826,0.01837967,-0.02220681
241.99236,-0.021822946,0.0171156,-0.019467307
242.00865,-0.021195197,0.016147848,-0.018264104
242.02513,-0.020157792,0.0152048385,-0.015398736
242.04178,-0.019415164,0.014621085,-0.012602962
242.05867,-0.018290065,0.013551769,-0.009736446
242.07518,-0.017702758,0.0134096695,-0.008396887
242.092,-0.016582688,0.0128671555,-0.00547962
242.10858,-0.016256744,0.012064615,-0.0041936855
242.12527,-0.015093428,0.011076379,-0.0013302839
242.14186,-0.013962057,0.010433899,0.0014972716
242.1583,-0.013354393,0.009754366,0.0027505863
242.17497,-0.012633012,0.009148477,0.0055218455
242.19159,-0.011498965,0.008388594,0.008230358
242.20828,-0.011215105,0.008197981,0.009415071
242.22504,-0.010841726,0.007684429,0.011968124
242.2418,-0.010300833,0.0072167753,0.014528811
242.2584,-0.010209967,0.0071301376,0.015514921
242.27524,-0.01031968,0.00680975,0.017854508
242.29248,-0.010178361,0.006422824,0.020065172
242.30902,-0.009950029,0.006436244,0.020812953
242.32545,-0.009756105,0.0061134156,0.022801323
242.34251,-0.009677807,0.0060673445,0.024675628
242.35881,-0.00945816,0.0060416246,0.025268136
242.37541,-0.009358642,0.006215762,0.026938317
242.39258,-0.009624053,0.006514115,0.028475357
242.40877,-0.009586031,0.00694887,0.028889898
242.42534,-0.009711882,0.0066723144,0.030310035
242.44185,-0.0096725095,0.0068927007,0.030654572
242.4592,-0.009069403,0.0067602387,0.031939656
242.47548,-0.00897633,0.007147054,0.033088826
242.49243,-0.008844475,0.007384055,0.034187753
242.50885,-0.008974531,0.007305484,0.034346897
242.52576,-0.009023786,0.0075968676,0.03529082
242.542,-0.009255609,0.0074818945,0.035348423
242.5586,-0.009558108,0.0077665797,0.036131926
242.57523,-0.0097131925,0.007973105,0.03685854
242.59245,-0.009595991,0.008473981,0.036745086
242.60876,-0.009353625,0.008628753,0.037344288
242.6257,-0.009033836,0.009101893,0.03792077
242.64198,-0.0088205105,0.009510434,0.03770735
242.65869,-0.00830796,0.009945891,0.038181037
242.67612,-0.008309608,0.010313282,0.03854472
242.69214,-0.0083320625,0.01012078,0.038175166
242.7089,-0.008147188,0.010783921,0.03842217
242.72594,-0.00857434,0.011797909,0.038521662
242.74252,-0.0089377165,0.011546343,0.03808969
242.75873,-0.009305071,0.01237447,0.037996624
242.77576,-0.00953886,0.013298707,0.037878733
242.79205,-0.009733063,0.013522704,0.037297986
242.809,-0.01046921,0.014280518,0.03698808
242.82576,-0.011180812,0.01513365,0.036571134
242.84235,-0.01135671,0.015750032,0.03584966
242.85898,-0.01201837,0.016760824,0.035296243
242.87569,-0.012755825,0.017876243,0.034636084
242.893,-0.013144644,0.018668627,0.03380308
242.90924,-0.013727218,0.019942278,0.032963917
242.92561,-0.014517788,0.021181688,0.032045014
242.9422,-0.015121166,0.021357857,0.031098885
242.95906,-0.016291155,0.022416458,0.030067135
242.97652,-0.017166683,0.02332052,0.028969718
242.99242,-0.01762769,0.02410313,0.027862154
243.00984,-0.019302024,0.025313867,0.026625872
243.0255,-0.019287676,0.025324633,0.025499156
243.04216,-0.020312944,0.026572404,0.024327239
243.059,-0.021316668,0.027461987,0.023041613
243.07565,-0.022411112,0.028161991,0.021682974
243.09213,-0.023383649,0.029209673,0.020268051
243.10909,-0.024269987,0.030137219,0.018835355
243.12544,-0.024252074,0.030151196,0.017661069
243.14229,-0.025218045,0.031014543,0.016186707
243.15863,-0.026493778,0.032581825,0.01440788
243.17563,-0.026979957,0.03234685,0.013021025
243.19202,-0.027904501,0.0331773,0.011359489
243.20929,-0.028758712,0.034093123,0.009733238
243.2255,-0.029203681,0.034912977,0.0081565725
243.24205,-0.029909438,0.035571527,0.006477976
243.25938,-0.030345151,0.036286984,0.0046756025
243.27531,-0.030569185,0.036505245,0.003081386
243.29222,-0.031086074,0.037401155,0.00126941
243.30882,-0.031362325,0.038062897,-0.00065875467
243.32536,-0.031469017,0.038026106,-0.0021728051
243.34203,-0.031709533,0.038606975,-0.0041246717
243.35938,-0.032129142,0.03914744,-0.006081702
243.3756,-0.032352567,0.03993654,-0.00785459
243.39244,-0.032758106,0.040443707,-0.01001304
243.40907,-0.032889258,0.040863443,-0.012331547
243.42522,-0.032786515,0.040874615,-0.014312705
243.44221,-0.033264082,0.041277606,-0.01681947
243.4587,-0.03317142,0.04174892,-0.018927714
243.47578,-0.033291753,0.042102817,-0.021570576
243.49228,-0.03307067,0.042302012,-0.024173982
243.50893,-0.032949124,0.042639133,-0.02606298
243.52539,-0.03270928,0.04267455,-0.028067742
243.543,-0.032800965,0.04239593,-0.029729137
243.55882,-0.033046,0.042180564,-0.03122853
243.57582,-0.033048913,0.041974317,-0.032337923
243.59215,-0.03322108,0.041390005,-0.033099238
243.60881,-0.033430982,0.041403603,-0.03407469
243.62538,-0.0338555,0.041122343,-0.034364235
243.64197,-0.034136336,0.04035885,-0.03441071
243.65858,-0.034383357,0.03977399,-0.035143398
243.67542,-0.03512306,0.039549604,-0.03485807
243.69206,-0.03562584,0.039288748,-0.034442075
243.70872,-0.03577497,0.038293067,-0.034870785
243.72513,-0.036198717,0.037733905,-0.034137696
243.74207,-0.03641343,0.037181836,-0.033088643
243.75876,-0.03656337,0.036830094,-0.033383824
243.7755,-0.036608208,0.035637364,-0.032083377
243.7919,-0.036877926,0.03557605,-0.03053466
243.80873,-0.036894485,0.03487105,-0.030495344
243.82521,-0.036743052,0.033805538,-0.02867698
243.84192,-0.036293544,0.03261923,-0.026616652
243.85852,-0.03610078,0.032398205,-0.026388498
243.87512,-0.035652116,0.030889474,-0.024136085
243.89183,-0.035358507,0.030186312,-0.023856105
243.90883,-0.034895353,0.029329814,-0.021421937
243.92528,-0.034464028,0.028317811,-0.018949253
243.94221,-0.033835545,0.026914837,-0.016297534
243.95871,-0.033410728,0.025732834,-0.01591794
243.97563,-0.032488655,0.024451762,-0.013205885
243.99278,-0.031773757,0.023549927,-0.010463132
244.00893,-0.03140645,0.022544434,-0.010053475
244.02513,-0.030382048,0.021305334,-0.0072051296
244.0418,-0.029901352,0.021298626,-0.006710792
244.05846,-0.02875624,0.019970123,-0.0038816778
244.07549,-0.027716229,0.018559895,-0.0010440826
244.09195,-0.027108392,0.017709522,-0.0006879309
244.10832,-0.025881594,0.017013738,0.00212015
244.1251,-0.02476583,0.015821688,0.0049129226
244.1417,-0.024121642,0.014687522,0.0052807163
244.15826,-0.022870889,0.013579963,0.00793687
244.1749,-0.022362242,0.013117895,0.008320712
244.19153,-0.021352096,0.012258699,0.010819113
244.20822,-0.02048131,0.010619992,0.013363648
244.22488,-0.019938756,0.010334239,0.013530694
244.24167,-0.019552458,0.009255601,0.015859907
244.25888,-0.018760184,0.008088383,0.018166656
244.27492,-0.018127989,0.007636066,0.018017603
244.29181,-0.01765475,0.006713801,0.020133378
244.30875,-0.016898796,0.0057962094,0.022020483
244.32559,-0.01639478,0.0053313896,0.023642594
244.34235,-0.016422663,0.0051924814,0.023404183
244.35957,-0.01601852,0.004675741,0.024881111
244.37555,-0.015663086,0.004614593,0.026129847
244.3922,-0.015607563,0.0048001776,0.02583565
244.4088,-0.015230564,0.0043477793,0.026994474
244.42557,-0.0152359335,0.0037629837,0.026461754
244.4423,-0.015059164,0.0035173097,0.027444156
244.45886,-0.01483896,0.0034117482,0.028382195
244.47542,-0.015063196,0.0036042386,0.02923556
244.49205,-0.015220873,0.0038085124,0.030017938
244.5089,-0.015510469,0.004078702,0.030654045
244.5254,-0.015505838,0.004096146,0.028403495
244.54256,-0.015818682,0.0045310846,0.029032053
244.5589,-0.016003033,0.0051884945,0.02952643
244.576,-0.016765824,0.0057127485,0.029970177
244.59201,-0.017510803,0.0064032604,0.03026288
244.60889,-0.018054178,0.0071622836,0.030691052
244.62575,-0.018350152,0.0072520915,0.029574066
244.64218,-0.018909238,0.0077328873,0.029762601
244.65926,-0.019587334,0.00888457,0.029988844
244.67552,-0.020031411,0.00937959,0.028722376
244.69194,-0.020626614,0.010405449,0.028863402
244.70895,-0.021032246,0.011232776,0.028851766
244.72588,-0.021212103,0.012223431,0.027561016
244.74207,-0.021606652,0.013229522,0.027390666
244.7597,-0.021873571,0.014342016,0.02727299
244.77574,-0.02199454,0.014565909,0.02582683
244.79224,-0.022183148,0.01588805,0.025637655
244.80864,-0.022069972,0.017291963,0.025327265
244.8255,-0.021822464,0.018012302,0.023984155
244.8421,-0.021738844,0.018746894,0.023525976
244.85902,-0.021596964,0.019707188,0.023110898
244.87566,-0.021356855,0.019884689,0.02157453
244.89273,-0.021095397,0.02093477,0.021075306
244.90884,-0.021099305,0.021278998,0.019500878
244.92567,-0.020848516,0.022025863,0.018959181
244.94252,-0.020088166,0.023063064,0.018322261
244.9588,-0.019933708,0.02366415,0.016581068
244.97556,-0.019224396,0.024296902,0.015926406
244.99199,-0.018249957,0.025332307,0.015013189
245.00932,-0.01796108,0.025853144,0.013439695
245.02539,-0.016607163,0.026439197,0.012345986
245.04216,-0.015896883,0.027490852,0.011429817
245.05945,-0.015020222,0.028023392,0.009737838
245.07567,-0.012982995,0.02859005,0.008548588
245.09221,-0.01147431,0.029160393,0.007604174
245.10883,-0.011064735,0.029288525,0.0057563037
245.12543,-0.009504007,0.030047737,0.0046460424
245.1421,-0.0077737933,0.030768935,0.0035933144
245.15913,-0.0068674693,0.031304415,0.0016189382
245.17523,-0.005652683,0.03195859,0.00048711293
245.19211,-0.0048043034,0.032162014,-0.0013980904
245.20859,-0.0033067474,0.032435775,-0.0024683936
245.22505,-0.0019004088,0.03255932,-0.0033550526
245.24193,-0.0011397946,0.03289051,-0.0050793956
245.25873,0.00013122601,0.03327121,-0.005842673
245.27579,0.0014931614,0.033664342,-0.0063411295
245.29219,0.0019049731,0.0341708,-0.008028376
245.30853,0.002331515,0.034601334,-0.008292307
245.32526,0.0029907185,0.035434265,-0.0084256055
245.34239,0.0034016273,0.035489086,-0.009928084
245.3587,0.0038307165,0.035910293,-0.009986562
245.37541,0.003830425,0.036471713,-0.009788656
245.39217,0.003765466,0.03672989,-0.011129266
245.40886,0.0039905533,0.037225205,-0.010800383
245.42583,0.0040994114,0.037737995,-0.0103138415
245.44208,0.0037628757,0.037928425,-0.011524289
245.45903,0.0030150735,0.038717307,-0.010772075
245.4754,0.0027406514,0.039471727,-0.009998765
245.49213,0.0028096102,0.03944521,-0.010970016
245.50864,0.0022425149,0.039736748,-0.010000201
245.52533,0.0013928486,0.040221017,-0.008843929
245.54193,0.0009847077,0.040399406,-0.009730438
245.5589,0.00032072022,0.040329583,-0.008407064
245.57556,-0.00041604583,0.04033279,-0.007050332
245.59204,-0.0009979741,0.040633593,-0.007858317
245.6084,-0.0018069703,0.040491268,-0.0063014533
245.6254,-0.0023053105,0.040568072,-0.0070338915
245.64182,-0.0030356182,0.040369265,-0.0054521933
245.65894,-0.0041512866,0.04007557,-0.0038139217
245.67567,-0.005485485,0.039821494,-0.0022389
245.692,-0.006615236,0.039729737,-0.0005411247
245.70853,-0.007617909,0.039520465,0.0012371811
245.72548,-0.007556951,0.039532185,-0.0018470401
245.74216,-0.008796587,0.03927658,-0.0002391495
245.75894,-0.009971632,0.03908428,0.001437637
245.77533,-0.011034338,0.039019015,0.0030745422
245.79196,-0.012224651,0.038975183,0.004752549
245.80896,-0.012162801,0.03899429,0.0015834388
245.82544,-0.013757309,0.038939133,0.0031145546
245.84189,-0.014836335,0.038670715,0.0047018225
245.8586,-0.016685326,0.038070247,0.008659284
245.87534,-0.017547658,0.03812508,0.007766989
245.89188,-0.018753925,0.037783578,0.009185825
245.90869,-0.019765744,0.037644375,0.010570317
245.9254,-0.02041592,0.037107218,0.009538776
245.94185,-0.021941576,0.03663201,0.010764121
245.95845,-0.022478852,0.03683844,0.009758585
245.97531,-0.023920404,0.036346518,0.010907958
245.99179,-0.025231598,0.0359975,0.011921413
246.0086,-0.026048299,0.035778254,0.010807469
246.02513,-0.027231086,0.035725553,0.011758504
246.04178,-0.028107053,0.035602164,0.012620571
246.05855,-0.028680244,0.03510891,0.0114903115
246.07533,-0.029773006,0.034809772,0.012255199
246.09193,-0.031020993,0.03460855,0.013019239
246.10876,-0.03116616,0.03473039,0.011726119
246.12532,-0.03219327,0.034262363,0.012429441
246.142,-0.033054996,0.033815674,0.013157688
246.15886,-0.033077084,0.033699896,0.011658139
246.17542,-0.033592623,0.033516325,0.012225006
246.19246,-0.033765893,0.03301725,0.012752528
246.20863,-0.033844206,0.03240139,0.011214577
246.22542,-0.034049947,0.03156623,0.011697111
246.24236,-0.034018293,0.03105296,0.0120558925
246.25903,-0.03381805,0.031302575,0.010435334
246.2753,-0.033600803,0.03063392,0.010758974
246.29263,-0.033067066,0.029878486,0.011149962
246.30885,-0.03301193,0.029938787,0.0074836295
246.32552,-0.032237366,0.029509496,0.009792671
246.34236,-0.031642802,0.028658194,0.010096114
246.35924,-0.031031735,0.02845936,0.008449995
246.37538,-0.029956348,0.027550057,0.008682224
246.39226,-0.029405246,0.027053116,0.009102129
246.40923,-0.028935535,0.027094128,0.0074079107
246.42578,-0.027764188,0.026568705,0.0076849246
246.44229,-0.026518328,0.0259725,0.008081441
246.4589,-0.026161151,0.02562052,0.006491086
246.47536,-0.025732463,0.024972923,0.006903656
246.49213,-0.025170015,0.024581242,0.0073599326
246.50945,-0.024446608,0.024510324,0.0057136402
246.52542,-0.023823917,0.023985898,0.0060542757
246.54214,-0.023759075,0.023705035,0.0067874957
246.55908,-0.023280347,0.024072291,0.0051776525
246.5755,-0.023157228,0.024070073,0.005695476
246.59238,-0.023313532,0.02425661,0.0063039474
246.60886,-0.023563685,0.024243785,0.0046644923
246.62607,-0.023862295,0.024669722,0.0052946527
246.64233,-0.023818998,0.025577405,0.0036662843
246.65945,-0.024235928,0.026239743,0.00438029
246.67564,-0.02545952,0.027843453,0.004944035
246.69223,-0.026484849,0.02828533,0.0034789885
246.70929,-0.02748227,0.02970947,0.004156712
246.7267,-0.028931765,0.031258456,0.0048094057
246.7427,-0.029384045,0.03232202,0.0029789312
246.75899,-0.031291496,0.03389846,0.0037427326
246.77637,-0.032057147,0.03511347,0.0045769443
246.79251,-0.03248911,0.03571488,0.0027702646
246.80905,-0.033607673,0.03719629,0.00352301
246.82556,-0.034122925,0.03855376,0.0041836533
246.8421,-0.033783585,0.03921981,0.0025512401
246.859,-0.033838168,0.03989209,0.0032048356
246.87637,-0.034464333,0.04124159,0.0037426017
246.89236,-0.03411158,0.04219276,0.0018855846
246.90886,-0.033383768,0.043003824,0.0026510167
246.92558,-0.03305399,0.042853165,0.0010265206
246.94221,-0.032465585,0.043395974,0.0016300321
246.95885,-0.0319407,0.04438865,0.0022392613
246.97601,-0.030432334,0.044826817,0.0028619124
246.99236,-0.030106198,0.0446251,0.0010407635
247.00916,-0.029160107,0.044912584,0.001683081
247.02576,-0.027910408,0.045593835,0.002176066
247.04199,-0.02706569,0.04557458,0.00046055805
247.05888,-0.02544636,0.045722913,0.0011076975
247.07535,-0.025088312,0.04573729,-0.00068153697
247.09193,-0.023716886,0.045832895,-0.00006122066
247.10861,-0.022408487,0.045873158,0.0005170049
247.12546,-0.020873653,0.04568312,0.0010343643
247.14262,-0.019099345,0.04591577,0.0014323826
247.15909,-0.017822322,0.04587889,0.0017378887
247.17534,-0.017728765,0.045915104,-0.0023377496
247.19203,-0.016420584,0.045637213,-0.0018885132
247.2091,-0.014348004,0.044575714,0.00058298657
247.2252,-0.014253121,0.044606175,-0.0036724606
247.24208,-0.012235117,0.044236157,-0.0010868678
247.25935,-0.010927411,0.043903835,-0.00090433884
247.27557,-0.01035488,0.04343537,-0.0030465964
247.29224,-0.008667497,0.043006413,-0.002711396
247.30873,-0.0073439865,0.042355597,-0.0024352092
247.32533,-0.0068798936,0.041470375,-0.004404743
247.34245,-0.0054758117,0.04066519,-0.004084152
247.35876,-0.004182546,0.04015008,-0.003901801
247.37543,-0.0034386981,0.04021025,-0.0057346537
247.39207,-0.002430858,0.03959481,-0.0053896736
247.4089,-0.0013216743,0.039000656,-0.0050474997
247.42548,-0.0005439837,0.038473945,-0.006980719
247.4419,0.00081366,0.037600543,-0.006550751
247.45882,0.0015226208,0.03713047,-0.0059791543
247.47559,0.0018937815,0.036108863,-0.007929853
247.49208,0.003166609,0.035130486,-0.00736505
247.5087,0.003877834,0.035081178,-0.009118513
247.52556,0.0047595156,0.03435575,-0.00847236
247.54204,0.0056300666,0.03358694,-0.0078341225
247.55885,0.0059282794,0.03293188,-0.009622144
247.57545,0.006966585,0.03246876,-0.008858567
247.59206,0.007744067,0.032082804,-0.008025995
247.60887,0.00786475,0.031448312,-0.009762565
247.62523,0.008733329,0.030887708,-0.008870752
247.64218,0.009315362,0.030552465,-0.007870953
247.65878,0.00943448,0.030913766,-0.00949988
247.67535,0.009749874,0.03070691,-0.008495952
247.69241,0.009544111,0.030894594,-0.007423539
247.70866,0.009579029,0.031367682,-0.009158309
247.7252,0.009154978,0.031489026,-0.008009046
247.74188,0.009156941,0.031465117,-0.006819654
247.75873,0.009255332,0.031111458,-0.008511891
247.77518,0.008934903,0.031590573,-0.0073620337
247.79207,0.009395916,0.031627864,-0.0060232216
247.80873,0.009688549,0.031510536,-0.007788978
247.82541,0.009545728,0.030975139,-0.006420444
247.84186,0.009547585,0.030827228,-0.005148801
247.8586,0.009187432,0.030512698,-0.006693636
247.87527,0.009148472,0.030237842,-0.0053715194
247.8921,0.008997181,0.029942852,-0.004001217
247.90866,0.008500598,0.029420689,-0.0056701195
247.9253,0.008289673,0.029079197,-0.0042109215
247.94212,0.008260073,0.028763711,-0.002769215
247.95876,0.00775876,0.028499363,-0.0043501705
247.9755,0.0076203435,0.02807841,-0.0028898325
247.99219,0.007876966,0.028253354,-0.004465373
248.00906,0.007506629,0.027688019,-0.0029712976
248.02539,0.007013453,0.026927289,-0.0014878355
248.04237,0.00695423,0.026386552,-0.0030433896
248.05884,0.0067516463,0.026121898,-0.0015404068
248.07565,0.0063352003,0.02572689,0.000040531995
248.09206,0.0057873726,0.025120655,-0.0016614179
248.10924,0.005486423,0.024807375,-0.000027419004
248.12619,0.005330367,0.024455635,0.0012431375
248.14224,0.0052245087,0.023960799,-0.0004024037
248.15895,0.0050504813,0.022860391,0.0012437407
248.17561,0.00468759,0.022109559,0.002736751
248.19298,0.0045472416,0.021947365,0.001109142
248.20908,0.0043959506,0.02151319,0.0023335181
248.22571,0.0041944,0.021023853,0.003947661
248.24254,0.0038077803,0.0205975,0.0022954666
248.25891,0.003410574,0.020487335,0.0036061355
248.27617,0.0031931708,0.020334983,0.0052131065
248.2929,0.0032454887,0.020087998,0.0032508
248.30984,0.0025501996,0.02038134,0.004575795
248.32588,0.0020133168,0.020562263,0.005932087
248.34235,0.0015464629,0.02051671,0.004196324
248.35907,0.0006663814,0.02038277,0.0055498523
248.3754,-0.000089423345,0.020422017,0.006676307
248.39305,-0.000033394423,0.020768434,0.004923956
248.40915,-0.00040578417,0.02066053,0.005811877
248.42578,-0.00082170404,0.020597475,0.0070988606
248.44235,-0.0010441052,0.0205046,0.0052106576
248.45877,-0.0016545637,0.02040762,0.0062707206
248.4758,-0.0018144248,0.020504277,0.007362747
248.4924,-0.002066179,0.02040253,0.0052287304
248.50975,-0.0029132257,0.020671755,0.009201138
248.52559,-0.0028596285,0.020679312,0.00401578
248.54204,-0.003471132,0.020720517,0.0052156495
248.55884,-0.003967945,0.021137578,0.0061242417
248.5762,-0.004352679,0.021823077,0.006926189
248.5923,-0.0049695945,0.022429166,0.007563383
248.60904,-0.0057570045,0.022716478,0.008479126
248.6255,-0.005699334,0.022730676,0.003410492
248.64207,-0.006549112,0.023270136,0.004123113
248.65887,-0.00655857,0.024164187,0.0048187976
248.67589,-0.006637335,0.024697179,0.0054639257
248.69208,-0.00709356,0.025529444,0.005923304
248.70908,-0.0076154433,0.025994256,0.0066278083
248.726,-0.007887249,0.026374623,0.004225474
248.74236,-0.007907944,0.026528506,0.0047047785
248.75887,-0.008106911,0.026770808,0.005261508
248.77574,-0.0082721645,0.02702433,0.0029918996
248.79234,-0.008680815,0.027176896,0.003490039
248.80913,-0.008915604,0.027347613,0.003977778
248.82579,-0.008737333,0.027816491,0.0017216583
248.84222,-0.009138545,0.027982792,0.0022033083
248.85892,-0.009343401,0.028483447,0.0027143373
248.8758,-0.0090213865,0.028844519,0.00045236028
248.89203,-0.009178552,0.029506186,0.00089667446
248.90886,-0.009624177,0.030232284,0.0015777491
248.92552,-0.009545781,0.030322328,-0.00077512756
248.94225,-0.009538849,0.0308604,-0.00024283852
248.95886,-0.009240609,0.03178792,0.00044672535
248.97559,-0.00973279,0.03175689,-0.0019616582
248.9922,-0.009449821,0.03256291,-0.0012867114
249.00867,-0.009015512,0.032742485,-0.003647527
249.02548,-0.008787504,0.03333704,-0.0028118393
249.04242,-0.008317529,0.033838123,-0.0020467856
249.05893,-0.007722369,0.034002952,-0.004497413
249.07562,-0.0073923627,0.03437925,-0.0036285806
249.09221,-0.0071264026,0.0348108,-0.0028564183
249.10849,-0.007239131,0.034807898,-0.0051679113
249.12563,-0.0066999756,0.03499965,-0.0041851704
249.14226,-0.00593871,0.035610467,-0.003554412
249.15883,-0.005843466,0.035626136,-0.008901076
249.17528,-0.005646609,0.035692457,-0.004839482
249.19212,-0.0050794855,0.036089506,-0.003829862
249.20883,-0.004340517,0.03645346,-0.0060998388
249.2252,-0.0037170358,0.036903594,-0.0051525272
249.24234,-0.003104402,0.037218533,-0.004009367
249.25894,-0.0026587825,0.037053764,-0.0064340327
249.27576,-0.0019253908,0.036844324,-0.00533725
249.29198,-0.001291792,0.037362367,-0.004227258
249.30888,-0.0008272283,0.03741436,-0.006339835
249.32553,-0.00031104003,0.0372628,-0.005259384
249.34264,0.0003511124,0.037549227,-0.004100467
249.35893,0.000679676,0.03790845,-0.0064074555
249.3756,0.0011812234,0.03803802,-0.0050912574
249.39249,0.0017551985,0.03794427,-0.0038257362
249.40913,0.0025197144,0.038199365,-0.0060885223
249.42546,0.0031116933,0.038584664,-0.0047986684
249.44218,0.0031105496,0.038524378,-0.0068538925
249.45876,0.0044233813,0.03876126,-0.005598502
249.47533,0.0049639386,0.03849555,-0.0042633354
249.49223,0.0057838494,0.038663726,-0.0063516884
249.50871,0.005858035,0.03878203,-0.008625611
249.52528,0.007058402,0.03865717,-0.0037567038
249.54199,0.007344171,0.038566045,-0.005819728
249.55872,0.0085584875,0.03896519,-0.0045109494
249.57526,0.009505224,0.039080575,-0.0032191721
249.5921,0.009444225,0.038904905,-0.0052430728
249.60861,0.010261477,0.038730323,-0.004045173
249.62537,0.0110779395,0.039139763,-0.0027345275
249.64194,0.011977526,0.039152868,-0.0049382653
249.65868,0.012849019,0.039433748,-0.0036873554
249.67554,0.01370667,0.03953778,-0.0025204902
249.69211,0.014304177,0.039436657,-0.0048667933
249.70853,0.015379868,0.03962721,-0.0037220009
249.7255,0.016469551,0.03916747,-0.0025359883
249.7421,0.017033909,0.039300207,-0.004941585
249.7587,0.017916631,0.039657224,-0.003852438
249.77505,0.018859463,0.039682504,-0.0061707404
249.79207,0.020023054,0.03983089,-0.005020046
249.80885,0.02115077,0.039568413,-0.0040621795
249.8256,0.021997614,0.03902904,-0.003037965
249.84206,0.022404484,0.03896197,-0.005375759
249.85854,0.023188291,0.03912188,-0.0041820933
249.87517,0.023783326,0.039155345,-0.0064384514
249.89186,0.024365418,0.038783185,-0.0053315386
249.90944,0.024753807,0.03826034,-0.0042218394
249.92548,0.025110751,0.03770875,-0.0034339416
249.94217,0.0257752,0.037279274,-0.002093771
249.95895,0.02640273,0.036566004,-0.0009852315
249.97517,0.026509773,0.036488865,-0.0068348222
249.99194,0.02661576,0.03600114,-0.0055726445
250.00893,0.02675156,0.035444044,-0.0045006312
250.02557,0.026986795,0.03460662,-0.0034997833
250.04227,0.027158564,0.034017038,-0.0023745503
250.05872,0.027231721,0.033466276,-0.0012627196
250.076,0.027054153,0.033110574,-0.003582556
250.09213,0.027224079,0.03218302,-0.0027373838
250.10896,0.027363999,0.031382874,-0.0014785373
250.12578,0.027916322,0.031057829,-0.003938507
250.14226,0.02788536,0.030016204,-0.002993522
250.15942,0.028106611,0.02912872,-0.0018912436
250.17561,0.027994882,0.028725618,-0.004529341
250.19234,0.028091934,0.02808388,-0.0033871145
250.2094,0.028582228,0.027320255,-0.0024304152
250.22589,0.028186696,0.026688382,-0.005082579
250.2423,0.02809931,0.026077306,-0.0040436075
250.2591,0.02832194,0.02524756,-0.003119673
250.2757,0.028504983,0.02500363,-0.0056398837
250.29233,0.028538216,0.02391199,-0.004765869
250.30939,0.028369285,0.023241267,-0.0038485618
250.3259,0.028031982,0.02269516,-0.0065336
250.34209,0.02777544,0.02192423,-0.0055703083
250.35951,0.028101938,0.021159358,-0.0045368276
250.37535,0.02786118,0.020516135,-0.007316663
250.39232,0.027434597,0.019583713,-0.00611218
250.40903,0.027807096,0.019282486,-0.008756227
250.4259,0.027715351,0.018174568,-0.007813034
250.44254,0.027349189,0.016690375,-0.006999539
250.459,0.026907919,0.01603628,-0.009534368
250.47556,0.026531918,0.014814907,-0.008489067
250.49286,0.026173746,0.013540212,-0.007409782
250.50938,0.025979407,0.0127961235,-0.010124987
250.52573,0.02561142,0.011679619,-0.008999425
250.5429,0.025469461,0.010989759,-0.007788393
250.55894,0.025660366,0.010516541,-0.0104502
250.57611,0.02546475,0.009473808,-0.009100746
250.59311,0.025316456,0.008971982,-0.008057627
250.60919,0.025023986,0.008722953,-0.010637096
250.62585,0.025205223,0.008278687,-0.009175545
250.6428,0.024899915,0.007984963,-0.007881437
250.65884,0.02502893,0.007820734,-0.010414947
250.67538,0.024934677,0.0076186955,-0.008853896
250.69217,0.02524071,0.007805026,-0.007447764
250.70882,0.0253174,0.0079838075,-0.009903763
250.72563,0.025598148,0.007572159,-0.008494991
250.74219,0.025739187,0.0073519344,-0.007120674
250.75919,0.025609527,0.007251232,-0.009429706
250.77554,0.02527437,0.0075449063,-0.008067413
250.79204,0.025454927,0.007606372,-0.010325085
250.8089,0.025476726,0.0078013814,-0.008751014
250.82523,0.025491985,0.007744406,-0.007329617
250.84169,0.025275394,0.0077242525,-0.009525012
250.85847,0.025187913,0.0075248242,-0.00786123
250.87529,0.02463394,0.0073685497,-0.006242086
250.89215,0.024788037,0.0072063804,-0.008579225
250.90909,0.02431728,0.0072425776,-0.0069807195
250.92552,0.023802713,0.007210082,-0.005348052
250.94215,0.02367356,0.0071127047,-0.0075653433
250.95871,0.023481509,0.0072840992,-0.0057655345
250.97623,0.023487587,0.007471369,-0.0039389823
250.99245,0.022813074,0.007958701,-0.0065185716
251.00902,0.02258873,0.00835816,-0.004567249
251.0256,0.022286536,0.0087679215,-0.0027699035
251.0422,0.022420546,0.0090989405,-0.0050074197
251.05869,0.022462552,0.009279826,-0.0032292593
251.07553,0.022334069,0.009823232,-0.0013716159
251.09233,0.022222867,0.010291958,-0.0037414148
251.10933,0.022312393,0.011154747,-0.0020524329
251.12584,0.02252481,0.0116963,-0.0003875027
251.14233,0.022176126,0.012155163,-0.0026175396
251.15895,0.02216802,0.012813427,-0.0007474941
251.17543,0.022409469,0.013642507,0.0009377356
251.1921,0.02285043,0.014829332,0.002706537
251.20915,0.023181684,0.015567245,0.004437654
251.2257,0.023232821,0.015491074,-0.0021329743
251.2427,0.023821479,0.016686486,-0.00042830702
251.25885,0.024390534,0.017813511,0.0009865565
251.27559,0.024413468,0.019246524,0.0028496783
251.2921,0.02451594,0.02058972,0.004355334
251.30894,0.025092298,0.021914385,0.005910936
251.32619,0.025164085,0.02183238,-0.00063133414
251.34279,0.02597175,0.02326791,0.00060468866
251.35889,0.026076445,0.024366194,0.002072627
251.37553,0.026575424,0.025320958,0.0036509484
251.39232,0.027186869,0.026700316,0.004977481
251.40907,0.027559519,0.027535353,0.006275623
251.42532,0.027851356,0.027554136,0.003663548
251.4423,0.028070468,0.028404156,0.005109518
251.4587,0.028328419,0.028888911,0.0063009737
251.4754,0.028923215,0.028694944,0.003737493
251.49213,0.028874613,0.029015856,0.004985589
251.50876,0.028859824,0.028955262,0.0023313493
251.5256,0.029364033,0.028757071,0.003549957
251.54208,0.029652204,0.028740618,0.004657653
251.55908,0.030211741,0.02863397,0.005954737
251.57559,0.030544002,0.028138595,0.003122902
251.59236,0.030734006,0.027781269,0.0043228497
251.6089,0.031104606,0.027815985,0.0054456787
251.62544,0.031028103,0.027495194,0.0026631586
251.64195,0.030816507,0.026535789,0.0038538894
251.65887,0.030710915,0.025698233,0.001150562
251.67569,0.030578269,0.024644958,0.0020994074
251.69223,0.030338597,0.023422644,0.003079023
251.70877,0.03007887,0.022442812,0.00038787106
251.7255,0.029784253,0.02073446,0.001438393
251.74216,0.029392786,0.019525997,0.0025300363
251.75885,0.029103315,0.018775737,-0.00029982606
251.7762,0.028565193,0.017589726,0.00073448615
251.79247,0.027834155,0.01585683,0.0015016162
251.80934,0.02771296,0.014726679,-0.0012405479
251.82579,0.02717434,0.01313999,-0.00036050423
251.84262,0.026115837,0.011316764,0.0007387024
251.85936,0.025102068,0.010361535,-0.0022416662
251.87543,0.024598353,0.008579058,-0.0012819547
251.89279,0.023662671,0.006743323,-0.000040353156
251.90903,0.0234025,0.005629341,-0.0032550613
251.92549,0.02214112,0.0036656624,-0.002064109
251.94243,0.021154456,0.0013097207,-0.0010347626
251.95868,0.020841436,0.00052293116,-0.004020487
251.97531,0.019763056,-0.0017087199,-0.0029165735
251.99222,0.018079815,-0.0044045523,-0.0019694278
252.00865,0.017486904,-0.0056504635,-0.004943995
252.02562,0.016463617,-0.007765642,-0.0038996127
252.04227,0.015412842,-0.009970649,-0.0030944434
252.05875,0.014145973,-0.011385203,-0.0059509454
252.07549,0.012703361,-0.014002108,-0.0049234387
252.0927,0.0109510375,-0.016000442,-0.003939911
252.10881,0.00994945,-0.017210862,-0.0070672585
252.12581,0.007953641,-0.019505344,-0.0058023073
252.14229,0.0063534593,-0.021513294,-0.0047863857
252.15932,0.005322403,-0.022587981,-0.0076273805
252.17574,0.0033315292,-0.0242376,-0.0065999473
252.19244,0.0019114497,-0.025876526,-0.005303718
252.20901,0.0015586367,-0.026531124,-0.008184859
252.22565,0.0007670777,-0.027355386,-0.0068998085
252.24246,-0.00025802592,-0.028349513,-0.0056648944
252.25908,-0.0001854862,-0.028560987,-0.008547977
252.27583,0.0001915514,-0.028707266,-0.007275176
252.2925,0.0004959715,-0.02866698,-0.010101884
252.30875,0.0005271372,-0.028292703,-0.008850057
252.3256,0.00046759422,-0.028099213,-0.007401068
252.34262,0.00094138575,-0.028000338,-0.010259817
252.35954,0.0017057502,-0.027192887,-0.009139947
252.37614,0.0027197618,-0.026475552,-0.007904371
252.39288,0.002874484,-0.026141081,-0.010733541
252.40936,0.003913209,-0.024979612,-0.0093288645
252.42616,0.0050592977,-0.023682637,-0.0078386525
252.44261,0.0059117125,-0.023113308,-0.01066249
252.45924,0.007838199,-0.021398867,-0.009008497
252.47597,0.009966545,-0.019450214,-0.0075818016
252.49257,0.011512158,-0.01867004,-0.010273948
252.50871,0.014323025,-0.0165027,-0.008745695
252.52574,0.01781442,-0.014035442,-0.0071047507
252.54247,0.019116651,-0.012285386,-0.009839245
252.559,0.022355953,-0.010295598,-0.008404451
252.5757,0.02650935,-0.0074493308,-0.006699445
252.59233,0.02911711,-0.0062036724,-0.009406577
252.60876,0.033763852,-0.003305183,-0.007725942
252.62569,0.038620677,-0.00033707902,-0.0060307444
252.64233,0.041128565,0.0011098064,-0.008773061
252.65916,0.047015928,0.004411955,-0.007227735
252.67587,0.05283035,0.007725467,-0.0056961505
252.69225,0.055452146,0.008973328,-0.008524242
252.70938,0.062015112,0.013339911,-0.002591872
252.7258,0.06206286,0.013115654,-0.009818544
252.74216,0.067025654,0.015735295,-0.008247977
252.75911,0.07120529,0.018100273,-0.0065421998
252.77565,0.07481479,0.01965624,-0.0052287406
252.79228,0.07800382,0.02153654,-0.0038065503
252.80908,0.08097314,0.023441494,-0.0023260477
252.826,0.08105625,0.023152823,-0.009448846
252.84308,0.08340111,0.024029437,-0.008122274
252.85933,0.08668788,0.02575677,-0.002666424
252.87546,0.087754406,0.025873408,-0.005338029
252.89238,0.08904329,0.026476244,-0.0036894258
252.9088,0.090057366,0.02715844,-0.0023757094
252.92557,0.09038426,0.027282814,-0.0051313634
252.94229,0.09097387,0.027770499,-0.0037981395
252.95917,0.091050394,0.027871273,-0.0025343304
252.97577,0.0909697,0.027659848,-0.0055383528
252.99231,0.09091608,0.027781215,-0.0043364367
253.00916,0.09066298,0.027471201,-0.0031728146
253.02554,0.09040881,0.02719403,-0.006288125
253.04256,0.08944433,0.02673849,-0.0050699
253.05931,0.08886773,0.02613277,-0.0041293357
253.07608,0.08832783,0.025873836,-0.0071851453
253.09229,0.087138824,0.025540946,-0.0061586243
253.10875,0.0858352,0.025055094,-0.004883898
253.12581,0.08519342,0.024110386,-0.007850009
253.14287,0.08345708,0.023540858,-0.006902947
253.15897,0.08165047,0.022896446,-0.0059308885
253.17557,0.08068092,0.022076141,-0.008713434
253.1922,0.078769565,0.021699535,-0.007553431
253.20898,0.078033306,0.021095285,-0.010572687
253.22562,0.0759,0.020384217,-0.0094835
253.24213,0.07355398,0.01964156,-0.008308834
253.25882,0.07217745,0.019235268,-0.011282657
253.27617,0.069527514,0.018266205,-0.010183592
253.29231,0.06674694,0.01710201,-0.009429292
253.30891,0.06561631,0.016437646,-0.012231384
253.32524,0.062214825,0.0152181545,-0.011081185
253.3422,0.05910039,0.013690559,-0.009734503
253.35892,0.057408176,0.013040388,-0.012824214
253.37518,0.054573793,0.011727768,-0.011592047
253.39195,0.05166554,0.010930691,-0.010112269
253.40883,0.050182395,0.010037239,-0.013136474
253.42537,0.04680465,0.008990507,-0.011913039
253.44208,0.043554705,0.0079809,-0.010591159
253.45876,0.042267676,0.0070440765,-0.0135562
253.47552,0.039481934,0.006377922,-0.012272409
253.49219,0.036271144,0.0052929176,-0.011007461
253.50867,0.0348644,0.0043776343,-0.013924274
253.5254,0.032027546,0.0032016102,-0.012489541
253.54213,0.029119093,0.0020570063,-0.011097672
253.55878,0.027583705,0.0014983133,-0.01410453
253.57547,0.024825,-0.00009888785,-0.012721603
253.59239,0.022327717,-0.0010543747,-0.01123498
253.60886,0.021160295,-0.0014744201,-0.014318199
253.62543,0.018584581,-0.0024779157,-0.012686418
253.64232,0.016254539,-0.003615223,-0.011129447
253.65935,0.015328476,-0.0040051527,-0.014183
253.67537,0.01339433,-0.005341346,-0.012825606
253.69196,0.01208349,-0.0055678566,-0.0154412
253.70872,0.010156397,-0.0066886875,-0.013830784
253.72581,0.008662168,-0.0077651595,-0.012252351
253.74196,0.008033752,-0.008716835,-0.01530646
253.75882,0.0064257896,-0.00983633,-0.013380148
253.77531,0.004863789,-0.010928531,-0.011674915
253.79227,0.0040398836,-0.010806141,-0.014360665
253.80879,0.0030930561,-0.011856843,-0.012637684
253.82593,0.0015456084,-0.012810524,-0.010764169
253.84288,0.0009271768,-0.013369007,-0.013679997
253.85876,-0.0005704491,-0.01417773,-0.011880998
253.87566,-0.0015805346,-0.014924127,-0.009511616
253.89232,-0.002309203,-0.0154919475,-0.012297217
253.90897,-0.0029787703,-0.01644038,-0.010185583
253.92567,-0.0035501316,-0.017105259,-0.0080154175
253.9425,-0.003881144,-0.016985234,-0.010729116
253.95877,-0.0040582945,-0.018111095,-0.00858864
253.97627,-0.004212416,-0.019091181,-0.006111947
253.99202,-0.0039049452,-0.019420013,-0.009178791
254.00885,-0.0037124064,-0.020143097,-0.0064973766
254.02635,-0.00397751,-0.020897573,-0.0043871403
254.04234,-0.0040064985,-0.021340292,-0.007394682
254.05968,-0.003925349,-0.022076832,-0.004910449
254.076,-0.0037909942,-0.023309113,-0.003048521
254.09225,-0.0036153344,-0.0227489,-0.0054637976
254.10963,-0.0029276593,-0.023105377,-0.0031654984
254.12592,-0.0021930998,-0.023544736,-0.0012867843
254.14307,-0.0016505589,-0.024043845,0.0010585361
254.1598,-0.0011645268,-0.024792045,0.0029524753
254.17549,-0.0012574404,-0.02478767,-0.004542679
254.19193,-0.00029818583,-0.024907704,-0.0019814372
254.20906,0.0010165657,-0.024913853,0.00018167998
254.22571,0.0018867453,-0.025138887,0.0019171131
254.24275,0.002790902,-0.025647726,0.003876342
254.25926,0.0036939774,-0.025882358,0.0056568407
254.27568,0.0035980109,-0.025896192,-0.0017598267
254.29207,0.004867905,-0.026318187,0.0048539243
254.3089,0.005963629,-0.026738148,0.006813459
254.32567,0.006030731,-0.027057853,0.0038473182
254.34259,0.006816253,-0.027319875,0.005531712
254.35909,0.0074205888,-0.027292356,0.0071517704
254.3761,0.007376382,-0.026964199,0.0042928746
254.39273,0.008062697,-0.026955023,0.0057830955
254.40955,0.008536742,-0.026743874,0.007403725
254.42583,0.008668693,-0.026844872,0.0044444627
254.4424,0.009455439,-0.026820185,0.006123411
254.45918,0.010413036,-0.027181892,0.007713025
254.47585,0.010669375,-0.027247595,0.004628879
254.4922,0.011741247,-0.027130429,0.0061111157
254.50961,0.012679438,-0.026928412,0.007686707
254.5255,0.013065618,-0.026734117,0.004208391
254.54233,0.013979859,-0.026512,0.005943877
254.55902,0.014956753,-0.026246538,0.007159855
254.57579,0.015388374,-0.025997443,0.004008121
254.5926,0.016478727,-0.025602216,0.0052881907
254.60918,0.017676296,-0.02513713,0.0064556943
254.62569,0.01839869,-0.025016261,0.0033369195
254.6421,0.019593623,-0.025029682,0.0045599844
254.65938,0.021380385,-0.02451462,0.00586317
254.6755,0.022177925,-0.024209242,0.0024022858
254.69229,0.023995735,-0.024280416,0.0037669553
254.70898,0.024781408,-0.024480779,0.00052287837
254.72571,0.026886053,-0.02458007,0.0016013599
254.74254,0.029381992,-0.024471786,0.0026435775
254.75903,0.03104035,-0.024036214,-0.00063030096
254.77588,0.03337751,-0.024045683,0.00036748644
254.79271,0.035739522,-0.024206316,0.0013215994
254.80878,0.0369212,-0.024335222,-0.002081267
254.82552,0.039155774,-0.024432749,-0.0008223167
254.8422,0.040803783,-0.024321266,0.00012840045
254.85913,0.041391067,-0.024797454,-0.0032822785
254.87564,0.043239795,-0.024847792,-0.0024236054
254.89299,0.044888105,-0.024873735,-0.0013845902
254.90904,0.045695692,-0.024645053,-0.0049919276
254.9257,0.046787854,-0.024775425,-0.0037163731
254.94234,0.047679834,-0.025109015,-0.0027435878
254.95934,0.04820449,-0.025329275,-0.006019221
254.97594,0.04904803,-0.025376454,-0.005168908
254.9925,0.049503583,-0.025648484,-0.0041179606
255.00917,0.049871344,-0.02563272,-0.007329299
255.02576,0.050868455,-0.025633624,-0.0063060294
255.0424,0.051317994,-0.02549157,-0.005206183
255.05902,0.051197942,-0.025747543,-0.008468686
255.07567,0.05163092,-0.025498684,-0.007389584
255.0925,0.051939294,-0.025438026,-0.006271815
255.10907,0.05199421,-0.025612343,-0.009639435
255.12605,0.05201731,-0.02538013,-0.008468681
255.14244,0.051819462,-0.025457775,-0.011867705
255.15894,0.052009586,-0.02537121,-0.010594727
255.1755,0.052005082,-0.025450356,-0.00936713
255.19218,0.051883657,-0.025476547,-0.012570039
255.2086,0.051439855,-0.025194572,-0.01137868
255.22517,0.05113695,-0.024822246,-0.010035371
255.24226,0.050926235,-0.025111228,-0.013157282
255.25896,0.05047317,-0.025019731,-0.012064557
255.27554,0.04962521,-0.024685487,-0.0107005285
255.29208,0.049345586,-0.024688508,-0.013892266
255.30873,0.049053025,-0.025011135,-0.012382525
255.32538,0.04824106,-0.02527544,-0.010907355
255.34267,0.0480586,-0.024941022,-0.014036734
255.35895,0.047549084,-0.024931297,-0.012867274
255.37534,0.046744782,-0.025508868,-0.011228067
255.39235,0.046290908,-0.025501521,-0.01414394
255.4091,0.04551705,-0.025717199,-0.012737754
255.4255,0.04521408,-0.02610319,-0.011112239
255.44254,0.04439977,-0.026729675,-0.014097622
255.45885,0.04372437,-0.027025444,-0.012570362
255.47552,0.04320353,-0.027143251,-0.010555878
255.49202,0.04286737,-0.027207132,-0.013599621
255.50856,0.042417523,-0.02810847,-0.011744405
255.52547,0.04252518,-0.02841055,-0.014585522
255.54205,0.041701987,-0.028980028,-0.012923783
255.55873,0.040855598,-0.029600032,-0.010968936
255.57573,0.040186655,-0.030503374,-0.009115532
255.59213,0.03924211,-0.03125391,-0.00721907
255.60889,0.038304973,-0.032091215,-0.005200044
255.62532,0.038180124,-0.032240003,-0.012972002
255.64201,0.037747953,-0.03326848,-0.0109137595
255.6587,0.036800332,-0.034285642,-0.008963582
255.67598,0.035913635,-0.035099503,-0.007050663
255.69263,0.03487297,-0.035519205,-0.0054389136
255.7091,0.03361975,-0.036357794,-0.0035343287
255.72546,0.032639667,-0.036602095,-0.00637265
255.74194,0.031551186,-0.037763428,-0.0044634193
255.75882,0.030438658,-0.03814424,-0.00252414
255.7756,0.029309694,-0.03830335,-0.005630013
255.7921,0.02785738,-0.038357597,-0.003872694
255.80939,0.026498167,-0.03822008,-0.0020331105
255.826,0.025555782,-0.03853646,-0.005326508
255.8428,0.023953926,-0.038429897,-0.0035441567
255.85927,0.022230832,-0.03846099,-0.0018289388
255.87566,0.021440595,-0.0384042,-0.004690952
255.89268,0.019736135,-0.038569372,-0.00280729
255.9096,0.017915374,-0.038353916,-0.0011669678
255.92595,0.016783552,-0.03860465,-0.0042459965
255.9422,0.01519546,-0.038604256,-0.0022945392
255.95898,0.013496933,-0.03840233,-0.0002922611
255.97557,0.012664901,-0.038250007,-0.0033930922
255.99254,0.010725678,-0.038015574,-0.0015911291
256.0092,0.008987873,-0.03763361,0.000015140471
256.02618,0.008357827,-0.037254672,-0.0029788178
256.04254,0.0065871007,-0.03690908,-0.0014404227
256.05884,0.0054361685,-0.03680662,-0.004317353
256.0759,0.0036900886,-0.036579132,-0.0024330206
256.0926,0.0020581079,-0.036365878,-0.0009355503
256.1093,0.0014796442,-0.035877377,-0.004008311
256.12613,-0.00021818366,-0.03550547,-0.0023880727
256.14233,-0.0018407025,-0.03514374,-0.00080309866
256.15933,-0.002329872,-0.034630314,-0.0036745816
256.17603,-0.003983555,-0.033852078,-0.0021737046
256.19275,-0.0055222837,-0.0332425,-0.0005390912
256.20892,-0.005775567,-0.032627918,-0.0036509917
256.22614,-0.006898817,-0.03193935,-0.0018320775
256.2429,-0.00816635,-0.03140943,-0.0004879169
256.25974,-0.008754932,-0.031262353,-0.0036404943
256.27652,-0.009685726,-0.030668346,-0.0021709946
256.29266,-0.01048127,-0.030156463,-0.0007470267
256.3095,-0.010790888,-0.02979234,-0.0036014146
256.32626,-0.011904812,-0.029374367,-0.0021977164
256.34296,-0.012581085,-0.028732222,-0.0005937785
256.35962,-0.012773662,-0.028102431,-0.0037872684
256.37573,-0.013022262,-0.028520033,-0.002284387
256.3928,-0.013259585,-0.028837059,-0.00040994596
256.4091,-0.013968346,-0.0290434,-0.0038890187
256.42633,-0.0138638755,-0.029440103,-0.0020723958
256.4429,-0.014237085,-0.02955995,-0.0057032327
256.45966,-0.013999557,-0.02984147,-0.0040718336
256.4755,-0.013801125,-0.030316107,-0.002666437
256.49243,-0.013932262,-0.030666852,-0.0054719043
256.5089,-0.013786157,-0.031051243,-0.004156341
256.52557,-0.01345901,-0.03150967,-0.0026134227
256.54242,-0.013655579,-0.031949896,-0.0057928837
256.5591,-0.01343421,-0.03248421,-0.0044172425
256.57587,-0.012928587,-0.03316541,-0.0029404045
256.59222,-0.012620081,-0.033426415,-0.006065315
256.609,-0.012341649,-0.034217,-0.004338635
256.6258,-0.0120322,-0.035114825,-0.0027262582
256.64288,-0.012125397,-0.035449106,-0.0059300996
256.6592,-0.011376696,-0.0361483,-0.004428151
256.6758,-0.010884597,-0.037277754,-0.0025580882
256.69232,-0.010899917,-0.03768745,-0.0056554857
256.70892,-0.0102060875,-0.038824778,-0.0038399415
256.72577,-0.0096115535,-0.03983777,-0.0019569823
256.74222,-0.0097794775,-0.040446285,-0.0052001677
256.75912,-0.009206803,-0.041340362,-0.0031987992
256.7757,-0.008930033,-0.042276338,-0.0064200135
256.79248,-0.008336718,-0.043885697,-0.0044521512
256.80893,-0.007684379,-0.045634404,-0.0027271148
256.8255,-0.0070216255,-0.047889825,-0.00080325175
256.84213,-0.0060093775,-0.049953442,0.0011739471
256.85883,-0.0062048724,-0.04992975,-0.006652306
256.87616,-0.005681603,-0.052249666,-0.0049082255
256.89255,-0.0052181627,-0.053860795,-0.0034758488
256.90878,-0.0045434595,-0.055866335,-0.0015158964
256.92557,-0.0041291816,-0.057963777,0.00047682805
256.94226,-0.0035728985,-0.05975537,0.0022431335
256.9589,-0.003807674,-0.05974109,-0.0056128628
256.9757,-0.0032358128,-0.061553,-0.0036927017
256.99246,-0.003241258,-0.06364654,-0.0019503041
257.0092,-0.0027156482,-0.06639208,-0.00013702664
257.0257,-0.0024653322,-0.06846733,0.0017443085
257.0422,-0.0019880924,-0.070320025,0.0037033593
257.0597,-0.0017009624,-0.072664484,0.0055691833
257.0756,-0.0014103423,-0.07413214,0.00220114
257.0924,-0.0010115089,-0.075347774,0.0043576933
257.10944,-0.0013000171,-0.075980924,0.0011773375
257.1256,-0.001030162,-0.077451065,0.0028115308
257.14267,-0.001140228,-0.078656435,0.004611007
257.15918,-0.0011871952,-0.07926837,0.0059939655
257.17575,-0.0014617534,-0.07918047,0.0029885925
257.1922,-0.0015342291,-0.07951203,0.004545051
257.2096,-0.001679792,-0.07975514,0.006192206
257.22546,-0.0016839454,-0.0794319,0.0027087044
257.2426,-0.0020158265,-0.078653015,0.004556844
257.2589,-0.0028754156,-0.07818732,0.0011413712
257.27573,-0.003175241,-0.0771275,0.0027122083
257.29263,-0.0036102727,-0.075778306,0.003992039
257.30887,-0.0041399426,-0.07472287,0.00056402304
257.32538,-0.004958544,-0.07307361,0.0019976662
257.34225,-0.0053050104,-0.071218036,0.0032933087
257.3588,-0.0054029636,-0.06996817,-0.0001344287
257.37567,-0.0061417636,-0.06784057,0.0010560472
257.39258,-0.006633364,-0.06539842,0.0020014176
257.40936,-0.007084049,-0.06407374,-0.0015255471
257.42575,-0.007834705,-0.06141039,-0.0006052751
257.44266,-0.008451982,-0.058542196,0.0005417928
257.45917,-0.008953702,-0.05711134,-0.0029974214
257.47565,-0.009673497,-0.05427473,-0.0019445517
257.49222,-0.010159197,-0.051493056,-0.00091169524
257.50922,-0.010129212,-0.049916286,-0.004324938
257.52542,-0.0110644875,-0.046856873,-0.00359162
257.54196,-0.011214135,-0.045385364,-0.006849097
257.55893,-0.011772223,-0.04232623,-0.005853335
257.57544,-0.012229464,-0.039406754,-0.0051517123
257.5925,-0.012414673,-0.037789844,-0.008471626
257.60892,-0.012984881,-0.03424503,-0.0078022606
257.62585,-0.013331237,-0.031132974,-0.0068070646
257.64227,-0.013060626,-0.029576566,-0.01027406
257.65973,-0.013657567,-0.02613808,-0.009153446
257.67548,-0.014085857,-0.022656966,-0.0083300145
257.69223,-0.014226752,-0.020926397,-0.011103091
257.7092,-0.014378344,-0.017600322,-0.009874545
257.7256,-0.014260746,-0.014511919,-0.008536085
257.7424,-0.01499065,-0.012379967,-0.011563386
257.75888,-0.014784134,-0.008810489,-0.010020781
257.77545,-0.014907188,-0.0057518724,-0.008265513
257.79218,-0.014905797,-0.004266587,-0.01132707
257.80908,-0.015147389,-0.0009680101,-0.009645761
257.82684,-0.015124753,0.002690033,-0.008036688
257.84256,-0.0154347,0.0043436475,-0.011502651
257.85876,-0.015529311,0.0081216,-0.009228919
257.8756,-0.01567176,0.011771019,-0.0071863458
257.89233,-0.01584909,0.013425452,-0.010241194
257.90894,-0.015856925,0.0167152,-0.008368738
257.92563,-0.015977388,0.019885145,-0.0064668087
257.94263,-0.01587964,0.021513065,-0.00941448
257.95883,-0.015848108,0.024904469,-0.0076581575
257.97644,-0.015769554,0.028375994,-0.005505801
257.99243,-0.015266935,0.030134007,-0.008842161
258.00903,-0.014987529,0.033094406,-0.006601362
258.0258,-0.014768827,0.03446073,-0.009393558
258.04327,-0.014717405,0.03718982,-0.007541844
258.05954,-0.014173153,0.039631974,-0.005878623
258.07565,-0.01325236,0.041974656,-0.0036777179
258.0925,-0.012728094,0.043220855,-0.006414028
258.10886,-0.011991914,0.045114264,-0.0045705885
258.12567,-0.011164691,0.04672918,-0.0026619905
258.14246,-0.010503636,0.047989234,-0.0010113271
258.1591,-0.009862944,0.049533665,0.0004460983
258.17606,-0.009669428,0.049571935,-0.0073637255
258.19254,-0.008920454,0.05125704,-0.0060469145
258.20926,-0.008070379,0.052760284,-0.004423216
258.22635,-0.007308456,0.054181717,-0.0029399083
258.24277,-0.006517432,0.05544723,-0.0018345185
258.25974,-0.005723207,0.05639138,-0.00034471013
258.27634,-0.0049258447,0.057312224,0.0008901368
258.29285,-0.004695933,0.05753733,-0.0024532778
258.30923,-0.003637203,0.057691906,-0.0011527968
258.32574,-0.0031112698,0.05805245,-0.0044049355
258.34238,-0.0021321652,0.05807112,-0.0031767879
258.35965,-0.0014291253,0.05774136,-0.0020530645
258.3759,-0.0013439265,0.05786734,-0.0056044185
258.39243,-0.00061736716,0.057284012,-0.0042601773
258.40918,-0.00015518142,0.055973936,-0.0030896529
258.42593,0.00053813425,0.055229194,-0.006430807
258.44183,0.0009907165,0.053564254,-0.0053238454
258.4586,0.0011343586,0.052752238,-0.008133549
258.47546,0.0015798977,0.050997086,-0.0070339963
258.4923,0.0014637945,0.048390955,-0.0057572937
258.5092,0.0012392679,0.047318734,-0.009264273
258.52612,0.0009135478,0.04464441,-0.0079519795
258.54214,0.00094339537,0.04169605,-0.006634303
258.5594,0.00023214635,0.038279433,-0.005086992
258.5758,0.00028563573,0.03599564,-0.008442183
258.5924,-0.0012103303,0.032001287,-0.0069050477
258.60922,-0.0018457045,0.029276036,-0.009996216
258.6259,-0.003556434,0.024301335,-0.008517638
258.64246,-0.005740504,0.018844973,-0.0071448716
258.65906,-0.00711092,0.016468702,-0.010094673
258.67548,-0.00985279,0.011067197,-0.008617733
258.69257,-0.013020794,0.0043240045,-0.0069045727
258.7092,-0.014728759,0.0011086268,-0.010251061
258.72562,-0.017975414,-0.005545543,-0.008614297
258.74258,-0.021728246,-0.012027275,-0.006800708
258.75916,-0.02406552,-0.015671005,-0.010036091
258.7758,-0.028751485,-0.023115566,-0.008350183
258.79257,-0.0328406,-0.029734211,-0.006821403
258.8088,-0.034858126,-0.032911696,-0.009906188
258.82556,-0.03883919,-0.039424066,-0.008220395
258.84222,-0.042645197,-0.045869403,-0.0066879336
258.8595,-0.04463828,-0.04870089,-0.009804067
258.87582,-0.04803477,-0.05424248,-0.008412938
258.89258,-0.05127545,-0.059552982,-0.0066421004
258.9091,-0.05314343,-0.061733447,-0.009944364
258.9256,-0.056450374,-0.06637356,-0.00828239
258.9423,-0.058657456,-0.070061974,-0.0067159077
258.95892,-0.05922633,-0.07213194,-0.009834434
258.97565,-0.061303474,-0.07512819,-0.008313521
258.99255,-0.062955454,-0.07794041,-0.0068444917
259.00916,-0.06385803,-0.07912505,-0.009999399
259.02588,-0.06486276,-0.0807811,-0.008488244
259.04236,-0.06570424,-0.08132544,-0.011550718
259.0589,-0.06653418,-0.08293189,-0.009863013
259.07608,-0.06672383,-0.08408733,-0.008201915
259.09244,-0.06658699,-0.084691875,-0.006811581
259.1092,-0.06641848,-0.08496634,-0.00975411
259.12576,-0.06629867,-0.08535658,-0.00820414
259.14285,-0.066267975,-0.08545206,-0.011270401
259.159,-0.06562215,-0.08554836,-0.0099646095
259.17566,-0.06465609,-0.084984675,-0.008308876
259.19238,-0.06437,-0.08457806,-0.011464141
259.20886,-0.063902415,-0.083903186,-0.0101050995
259.2254,-0.06245435,-0.08289612,-0.008601074
259.24225,-0.061356537,-0.08243189,-0.0116665615
259.2589,-0.05973703,-0.081374854,-0.010294283
259.2755,-0.058538653,-0.080263525,-0.008838341
259.29227,-0.057703003,-0.07917484,-0.011924066
259.30893,-0.05524624,-0.077472776,-0.010493475
259.32578,-0.052939557,-0.07569913,-0.009060777
259.34235,-0.05240165,-0.07434932,-0.012323196
259.35898,-0.050461102,-0.072431356,-0.0108930115
259.37552,-0.047880907,-0.070096165,-0.009545473
259.3925,-0.04653733,-0.06878069,-0.0126583595
259.40897,-0.04452879,-0.066493675,-0.011484976
259.42563,-0.042022355,-0.06390509,-0.010099253
259.44232,-0.04097725,-0.06222204,-0.013255191
259.45886,-0.037395183,-0.057877466,-0.0074588535
259.47562,-0.037616074,-0.057735085,-0.015083374
259.49228,-0.035311706,-0.054835055,-0.013774826
259.5089,-0.03131929,-0.05021734,-0.00794483
259.5257,-0.031511433,-0.050097402,-0.01559687
259.54205,-0.029132878,-0.046911597,-0.014373989
259.559,-0.026661882,-0.043721214,-0.012985827
259.57593,-0.023953246,-0.040098336,-0.011851955
259.5925,-0.021629887,-0.036795,-0.010764946
259.60886,-0.019263726,-0.033284184,-0.009499667
259.62558,-0.017887773,-0.031019777,-0.012693324
259.6423,-0.015535136,-0.027424926,-0.011434403
259.6589,-0.012945221,-0.023552507,-0.010265691
259.6758,-0.01206646,-0.02127634,-0.013481987
259.69232,-0.009577857,-0.01760561,-0.012379342
259.70908,-0.0069278562,-0.014193441,-0.011109772
259.72595,-0.0058122324,-0.01211251,-0.01435472
259.74277,-0.0030506034,-0.008016659,-0.013168411
259.7591,-0.00060748035,-0.004421702,-0.011972963
259.7758,0.00011464691,-0.0023522163,-0.014994393
259.7926,0.0019731233,0.0016753958,-0.013697424
259.80896,0.0041466793,0.005442139,-0.012390426
259.82568,0.0053263903,0.007209058,-0.015326454
259.84274,0.006875863,0.0105465725,-0.013803166
259.8593,0.008441667,0.0139538115,-0.012414143
259.87573,0.009146323,0.015812628,-0.015331605
259.8925,0.0106259035,0.019019768,-0.013494028
259.9099,0.011353283,0.02185678,-0.011724786
259.92587,0.011560502,0.023578214,-0.014961484
259.94278,0.012349626,0.026777353,-0.012742982
259.9591,0.012799226,0.029470475,-0.01085376
259.97626,0.0131330285,0.030428387,-0.01352279
259.99283,0.013023141,0.03289648,-0.011733215
260.00906,0.013004711,0.03461795,-0.014451052
260.02573,0.0129582295,0.037094895,-0.012172387
260.0427,0.012426273,0.039273154,-0.010025588
260.05927,0.012016249,0.04012287,-0.012886979
260.07608,0.011726409,0.04245893,-0.01060311
260.0928,0.011137293,0.044691723,-0.008426537
260.10934,0.010502385,0.04551968,-0.011093427
260.12567,0.008895838,0.047167294,-0.008723948
260.14276,0.007801324,0.048786066,-0.0062901536
260.1595,0.007408306,0.0496671,-0.00906792
260.17648,0.0062437835,0.05108675,-0.006738206
260.19284,0.004353443,0.05216918,-0.004495323
260.20938,0.0035705522,0.052655447,-0.0069037043
260.2259,0.0020365685,0.053398076,-0.0044430555
260.2434,0.000345637,0.054264735,-0.0018938789
260.25937,-0.0006725487,0.054791383,-0.00488899
260.2759,-0.002803476,0.055438124,-0.0021743057
260.29263,-0.004771297,0.055925388,0.00021925477
260.30966,-0.005994179,0.05615918,-0.0024422074
260.32648,-0.008432793,0.056459002,-0.00028238643
260.34317,-0.01052617,0.056825086,0.0018464534
260.35938,-0.011391211,0.056556184,-0.0008199163
260.3756,-0.013416771,0.056327198,0.0014959326
260.39282,-0.015895184,0.05613339,0.0036947094
260.40964,-0.016909244,0.05614086,0.00073478924
260.4258,-0.018971942,0.055732574,0.0025739155
260.44247,-0.019888552,0.055815656,0.000044888984
260.4594,-0.022389898,0.055275045,0.0018927875
260.47562,-0.02477517,0.05442634,0.0035708465
260.49243,-0.025684975,0.05368259,0.00091512856
260.50934,-0.028053176,0.05318504,0.002523988
260.52612,-0.03039283,0.052858725,0.004046521
260.54245,-0.031462487,0.052292626,0.0010567771
260.55908,-0.033669867,0.05123635,0.0027384937
260.5762,-0.035509042,0.050065145,0.0041678064
260.59232,-0.036176637,0.04931375,0.000945713
260.60904,-0.037790902,0.04828744,0.0025135034
260.6257,-0.039385956,0.047041144,0.0038614955
260.64255,-0.040166862,0.046243906,0.0007669908
260.65933,-0.041568357,0.044706307,0.002001659
260.67572,-0.043082405,0.043302756,0.0032132578
260.69235,-0.043666426,0.042328626,0.0003057599
260.70898,-0.04530793,0.0411262,0.001566058
260.7258,-0.047070995,0.03975329,0.0028262478
260.74237,-0.047949374,0.039032407,-0.00032573068
260.7591,-0.050333213,0.037467603,0.0009746344
260.77588,-0.052874736,0.035974406,0.0021438692
260.7925,-0.054174837,0.03573061,-0.001014532
260.8093,-0.058264527,0.033250146,0.0044819815
260.8262,-0.058140587,0.033466693,-0.0029540332
260.8425,-0.06052088,0.031789295,-0.0018398205
260.85904,-0.06268959,0.030149901,-0.00044366723
260.8757,-0.06448919,0.028496385,0.0007832461
260.8927,-0.06627672,0.026507413,0.0019561076
260.90915,-0.06769869,0.024878299,0.002985356
260.92612,-0.06760759,0.025124077,-0.00427982
260.94244,-0.06853735,0.023546947,-0.0032470133
260.95944,-0.069639996,0.020891272,0.0024178568
260.97586,-0.069757536,0.020096764,-0.0008251117
260.99265,-0.06987733,0.018546795,0.00056756014
261.00903,-0.06998388,0.017014967,0.0018102302
261.0256,-0.069950454,0.016100032,-0.0010712638
261.04233,-0.07013164,0.014579315,0.00024186762
261.05917,-0.0700698,0.013445016,0.0015273939
261.07565,-0.06972375,0.012917405,-0.0015703732
261.0925,-0.06922666,0.011066803,-0.00022403974
261.109,-0.068609305,0.009789861,0.0010111594
261.1259,-0.068050146,0.0092608305,-0.0019333032
261.1422,-0.06705458,0.0078122327,-0.00067980116
261.15884,-0.06602866,0.0064908913,0.00077058893
261.17587,-0.06536175,0.0059194425,-0.0021449677
261.1924,-0.06388663,0.00430341,-0.0009702889
261.20895,-0.062448166,0.0027264599,0.00064336014
261.226,-0.06188067,0.0017962729,-0.002268912
261.24243,-0.060293708,0.00024253617,-0.0010425826
261.25897,-0.0583632,-0.0010468157,0.000460749
261.27588,-0.05738932,-0.0010638376,-0.0023540512
261.29233,-0.055008344,-0.0021345837,-0.0010578198
261.30905,-0.052387435,-0.0035925612,0.00047736982
261.326,-0.051168602,-0.0040815775,-0.0024325454
261.34225,-0.048653577,-0.0055480893,-0.0010089722
261.35898,-0.047215488,-0.00585947,-0.0037190735
261.37564,-0.044791866,-0.0068658283,-0.0021156645
261.39264,-0.042211954,-0.007751676,-0.00052980817
261.4093,-0.04105752,-0.008190976,-0.003523449
261.4257,-0.038586818,-0.008928651,-0.0019093112
261.4425,-0.035775933,-0.009620748,-0.00018120867
261.45905,-0.034719925,-0.010147373,-0.003026047
261.4758,-0.03236112,-0.010685662,-0.0013213869
261.49225,-0.030159568,-0.010788899,0.00022328815
261.50928,-0.02925735,-0.010575992,-0.002389691
261.52594,-0.027131464,-0.011050747,-0.0010107558
261.54227,-0.02536328,-0.011042964,0.00052453903
261.559,-0.02433025,-0.010437179,-0.002092071
261.57565,-0.022417117,-0.010450759,-0.00061650283
261.59235,-0.020190135,-0.010163123,0.000945467
261.60904,-0.019138647,-0.010291102,-0.001739665
261.62552,-0.017148763,-0.00975705,-0.00018430263
261.6424,-0.015530029,-0.009209273,0.0014879908
261.6592,-0.014775109,-0.008367084,-0.001406074
261.67584,-0.013428939,-0.0077096308,0.00013899936
261.69324,-0.012281654,-0.0065989136,0.0016216043
261.70972,-0.011586954,-0.005570257,-0.0014128446
261.72604,-0.010384561,-0.004162188,0.0001406659
261.74274,-0.009286971,-0.0026175226,0.0017735985
261.7597,-0.008820793,-0.0022432054,-0.0010163917
261.77567,-0.0075560445,-0.0005880505,0.00034969934
261.79285,-0.0070669116,0.00060638937,-0.0021364808
261.80887,-0.00615842,0.0024076137,-0.00084573537
261.8255,-0.0051704156,0.004293922,0.0009084614
261.84283,-0.0047015557,0.0051092817,-0.0019045273
261.85953,-0.0037270144,0.007056706,-0.000702745
261.87656,-0.0028025012,0.009124085,0.0007823634
261.8928,-0.0024775965,0.009718038,-0.0022061754
261.9095,-0.0017777637,0.011756427,-0.00052930205
261.92664,-0.00094673806,0.013832997,0.0008704107
261.94348,-0.00034468257,0.015125575,-0.002134236
261.9592,-0.00016083346,0.015738463,-0.005020142
261.97668,0.0009645206,0.019157276,0.0010857867
261.99283,0.0011494838,0.020030573,-0.0020531183
262.01,0.0016894075,0.021654528,-0.0003573996
262.0259,0.0024505348,0.023469111,0.00073702954
262.0428,0.0029540146,0.024593689,-0.0016675462
262.05914,0.0040246365,0.026226629,-0.00041909542
262.07657,0.005218927,0.0277214,0.0010339364
262.09274,0.005722211,0.028071627,-0.0020113161
262.10938,0.0067001656,0.029596426,-0.00045581663
262.12607,0.007332246,0.031535845,0.00096999493
262.14325,0.00823641,0.032320026,0.0024253526
262.15936,0.009394767,0.03374509,0.0035391469
262.1761,0.009508457,0.033713438,-0.003198387
262.19247,0.010456736,0.03495472,-0.0017683842
262.2093,0.011237108,0.036032144,-0.00015837884
262.226,0.012141283,0.036933836,0.0011615276
262.24237,0.012742903,0.03810269,0.0025201226
262.259,0.01342083,0.03863591,0.004121525
262.27643,0.013554441,0.038589474,-0.002794293
262.29263,0.01464125,0.03878805,0.0024477856
262.3092,0.015306066,0.039228775,0.004111347
262.32596,0.015488717,0.03924226,0.001413688
262.34283,0.015819639,0.039830953,0.0028195684
262.36005,0.016266402,0.040117238,0.0041346387
262.37585,0.01655402,0.040502813,0.001187542
262.39282,0.016704269,0.040650398,0.0029678212
262.40924,0.016792377,0.040779196,0.0042268573
262.4259,0.016750755,0.04080529,0.001567602
262.44257,0.016476735,0.041237112,0.0029534902
262.45935,0.016558366,0.041663174,0.004299424
262.47577,0.016241042,0.041317932,0.0015714333
262.49222,0.016081927,0.041647885,0.0030108928
262.50995,0.015603524,0.042038184,0.004433215
262.5259,0.015469669,0.042496435,0.0013020008
262.54242,0.01500109,0.04277119,0.0028474259
262.55942,0.014123689,0.04334156,0.0041892705
262.57663,0.01405267,0.043707155,0.0012602127
262.59247,0.013179764,0.043944106,0.0022908777
262.609,0.012623916,0.04375884,-0.00016392683
262.626,0.011899419,0.044101913,0.0010664843
262.64227,0.010833177,0.044252742,0.0021049336
262.65887,0.010456526,0.04445683,-0.00055508857
262.6756,0.00937317,0.04433253,0.0005745193
262.69247,0.0081463335,0.04417037,0.0016402218
262.70947,0.008059378,0.04443937,-0.0012737396
262.726,0.007157249,0.044380713,-0.00031849495
262.74265,0.006189064,0.044222258,0.00090767804
262.75912,0.0053915656,0.04371769,-0.0019315765
262.77576,0.004319354,0.04347287,-0.0007035723
262.79257,0.0034952417,0.043306097,0.0004644168
262.80896,0.0033280128,0.043270476,-0.0024013682
262.8259,0.0027166544,0.04311204,-0.0011148734
262.84244,0.0015406694,0.042871818,-0.00009972575
262.85913,0.0015554415,0.043068364,-0.0028048034
262.87564,0.0006362696,0.042685457,-0.0016662013
262.89243,-0.00036474323,0.042172402,-0.00038852997
262.9089,-0.0010020165,0.041808613,-0.0031713075
262.92584,-0.0020149765,0.041215796,-0.001903022
262.94284,-0.0025889662,0.041121993,-0.0007726459
262.95905,-0.003175395,0.040331826,-0.0036163437
262.97586,-0.0039323475,0.039471705,-0.002140781
262.99243,-0.004372857,0.03850085,-0.00095624296
263.00903,-0.0042115515,0.03798273,-0.0036377234
263.02545,-0.004470312,0.036569454,-0.0023973838
263.0422,-0.0046286,0.03556056,-0.004981102
263.05896,-0.0042142007,0.033755388,-0.003767843
263.07584,-0.0036082333,0.031755213,-0.0024952139
263.09232,-0.0034862382,0.030871877,-0.0052778786
263.1088,-0.0035157576,0.028861638,-0.003922328
263.12585,-0.003328097,0.02675281,-0.0025269499
263.14243,-0.0026209375,0.025818568,-0.005438553
263.15958,-0.0023971093,0.023178022,-0.00410608
263.1755,-0.001873885,0.020333184,-0.0032272164
263.1921,-0.001673465,0.018911352,-0.005605246
263.2088,-0.0006011286,0.015748827,-0.004491956
263.22537,0.00022579057,0.012182265,-0.003413029
263.24203,0.00055693934,0.010730673,-0.00610566
263.2586,0.001703048,0.007919409,-0.0050538466
263.2763,0.0028120521,0.0048060757,-0.0038909053
263.29272,0.0035578143,0.0030642918,-0.0069874334
263.309,0.004531359,-0.00027564573,-0.005785234
263.3256,0.0052722218,-0.003145669,-0.0044364827
263.342,0.005266208,-0.0049341246,-0.007109612
263.35898,0.0058118724,-0.007488992,-0.005888105
263.37555,0.0063551874,-0.0104698185,-0.004745691
263.39243,0.006957913,-0.011683197,-0.0073974333
263.40894,0.0071017747,-0.013662304,-0.0061948095
263.4259,0.00743758,-0.01574776,-0.004953219
263.44315,0.007640149,-0.01742401,-0.0039520543
263.45914,0.0075795692,-0.018668242,-0.0030038198
263.47568,0.0075220354,-0.018691855,-0.009176836
263.49347,0.0075494465,-0.019675357,-0.007941101
263.509,0.0078055696,-0.020523492,-0.0072624465
263.52576,0.0075826906,-0.020846676,-0.0057131024
263.5433,0.0074581495,-0.021011721,-0.0046700453
263.55914,0.0074825077,-0.02107104,-0.0039754068
263.5759,0.0078792535,-0.020991564,-0.0063168798
263.59256,0.0077151763,-0.020660048,-0.0053272718
263.60907,0.007666117,-0.02005806,-0.004269697
263.62573,0.007727976,-0.019820355,-0.0068471236
263.64243,0.007476164,-0.019217046,-0.005816611
263.65967,0.0072558452,-0.01815739,-0.0048038643
263.67584,0.007434517,-0.0177115,-0.0076584397
263.6928,0.0074730953,-0.016781779,-0.0064580827
263.71002,0.007661824,-0.016084991,-0.005556473
263.7262,0.007842989,-0.015660202,-0.008395253
263.74277,0.0076202517,-0.014449642,-0.0071979463
263.75955,0.007701877,-0.013395074,-0.0061287857
263.77606,0.008103737,-0.012869002,-0.008789554
263.79248,0.008267118,-0.011874846,-0.0076936176
263.80927,0.008707376,-0.010706837,-0.00652977
263.82587,0.008662281,-0.010349309,-0.00916114
263.84265,0.009062648,-0.008913961,-0.008030827
263.85922,0.009116393,-0.0076098256,-0.006941014
263.8761,0.009419045,-0.0070242416,-0.009423433
263.89246,0.00957334,-0.005755652,-0.008314526
263.90912,0.009617638,-0.0050280862,-0.010728852
263.92636,0.0102002,-0.0037799599,-0.009542098
263.94266,0.010477692,-0.0026565292,-0.008357413
263.95963,0.010885243,-0.00063994434,-0.006844345
263.97623,0.010396951,0.00010000195,-0.009430508
263.9927,0.010728705,0.0018434173,-0.007950607
264.0094,0.011498587,0.0027697121,-0.010222778
264.02625,0.01174958,0.00452293,-0.0087494515
264.04263,0.011887623,0.0062094573,-0.007305158
264.05942,0.0117538525,0.006815739,-0.009628972
264.0764,0.011698396,0.008449656,-0.0080608465
264.09268,0.011971322,0.009757894,-0.0065772342
264.10953,0.012506234,0.010584631,-0.008692126
264.1259,0.0131889675,0.011781002,-0.0070648384
264.1425,0.013628623,0.013232184,-0.005285698
264.1594,0.014079365,0.01431722,-0.0074869688
264.176,0.014773272,0.015852695,-0.00581391
264.19302,0.015260742,0.017455827,-0.0040775314
264.20932,0.0152495075,0.018116899,-0.006364252
264.22543,0.016020073,0.019797713,-0.0044766148
264.24222,0.016457807,0.021669826,-0.0024418377
264.2597,0.01665323,0.022263352,-0.004646435
264.2761,0.017168976,0.023632316,-0.0030859173
264.29297,0.01755692,0.025739871,-0.0011578391
264.30872,0.018105885,0.026689116,-0.0033761645
264.32623,0.018930033,0.028388562,-0.001191993
264.34222,0.019502213,0.02985925,0.0003431048
264.3597,0.019671064,0.030987639,-0.001450802
264.37582,0.02040263,0.0326772,0.00008377923
264.39267,0.020860776,0.03417355,0.0021073676
264.40927,0.020668376,0.034956213,0.000041711028
264.42615,0.020823741,0.036125485,0.0018824525
264.44266,0.021020886,0.037856154,0.0036581263
264.45926,0.021239001,0.038584303,0.0016873096
264.47577,0.021387702,0.039824247,0.003527893
264.4925,0.021608781,0.040354706,0.0015606821
264.50934,0.021928778,0.04165738,0.0033867843
264.52573,0.021927401,0.042818498,0.0051451
264.54257,0.02166323,0.04324294,0.0032634446
264.55933,0.021977713,0.044318676,0.004994213
264.57574,0.022264518,0.045553442,0.0067980425
264.59244,0.022307094,0.045900933,0.0047893682
264.60913,0.022312382,0.04654993,0.006507035
264.62613,0.022344425,0.04717129,0.008217992
264.64255,0.022533836,0.0476019,0.005986488
264.65927,0.022477241,0.04815772,0.00766697
264.67618,0.022425063,0.048462413,0.009229733
264.69287,0.023081599,0.048614345,0.006936294
264.70932,0.022926925,0.04903067,0.008468842
264.72632,0.022867026,0.04922377,0.009955789
264.7426,0.022892646,0.04920075,0.0076257423
264.7597,0.022681585,0.049659383,0.0126851825
264.77625,0.023216994,0.049614713,0.0102966
264.79257,0.02331577,0.04956739,0.011600303
264.8094,0.023123201,0.049211822,0.0129620405
264.8257,0.023266217,0.049144275,0.0071458654
264.84283,0.023210987,0.048632354,0.008455856
264.8592,0.02303103,0.048377085,0.009406478
264.8759,0.022964317,0.047582828,0.010534481
264.89252,0.022267748,0.046917915,0.0115796095
264.909,0.022164213,0.046453465,0.012561805
264.92575,0.022496227,0.04627503,0.010284158
264.94235,0.021973869,0.04546229,0.011207047
264.95935,0.021741332,0.045119897,0.012109582
264.97562,0.021625554,0.045028333,0.009672362
264.99222,0.021823231,0.04439727,0.010645735
265.00906,0.02196567,0.043711197,0.011453797
265.0257,0.02252398,0.04328225,0.008971203
265.04233,0.02250399,0.042944606,0.009771134
265.05893,0.022768606,0.042436965,0.010585377
265.07584,0.023024345,0.0417911,0.008151342
265.09238,0.023247994,0.041077055,0.008900281
265.1092,0.023445861,0.040747084,0.009697672
265.12598,0.023747308,0.040581584,0.007191596
265.1428,0.023579804,0.039840758,0.007932342
265.15897,0.023614263,0.03885118,0.008647663
265.17593,0.023973979,0.03855076,0.006367757
265.19254,0.023718175,0.038141664,0.007082422
265.20972,0.023445632,0.03760065,0.007915742
265.22562,0.023230404,0.03738227,0.0053342218
265.24237,0.022954563,0.036717054,0.006399484
265.2592,0.022726052,0.03613475,0.007122351
265.27576,0.02279276,0.036109224,0.0047925566
265.29236,0.022640403,0.03551183,0.0056034406
265.30954,0.02273971,0.035253778,0.003273609
265.32565,0.023005778,0.034617756,0.0039197095
265.34302,0.023146803,0.0345786,0.004912164
265.3592,0.022680618,0.034349885,0.0024570024
265.37567,0.023006234,0.03356114,0.0034086432
265.39252,0.023198655,0.03348909,0.0044463
265.40927,0.023312815,0.03324903,0.0020597796
265.4262,0.023310896,0.033261202,0.0030504449
265.4424,0.023354413,0.032382227,0.003991405
265.45935,0.024001015,0.0319597,0.0019648876
265.47577,0.024219895,0.03184475,0.00299522
265.4925,0.024272084,0.03147994,0.004171047
265.50916,0.023811493,0.031130793,0.0020533917
265.52563,0.02406982,0.030567456,0.0032369033
265.54245,0.024421323,0.030326234,0.0045409286
265.55923,0.024545843,0.030141123,0.0024424128
265.57578,0.02503509,0.029892918,0.0036513722
265.59302,0.025369922,0.029631443,0.004996896
265.60928,0.026124218,0.029408632,0.0028008427
265.6261,0.02644865,0.029273676,0.0042853397
265.64264,0.026667656,0.02901376,0.0055691376
265.65942,0.027083393,0.028740035,0.0036521682
265.67587,0.027596703,0.028375281,0.0049728397
265.69263,0.02784749,0.02789809,0.0063425074
265.7095,0.02764293,0.02767208,0.004422991
265.72632,0.027774226,0.027125308,0.005638508
265.74365,0.02817123,0.02656696,0.0069220928
265.7594,0.028364077,0.026014842,0.0048208823
265.77594,0.028487414,0.025432702,0.006457993
265.79318,0.028784223,0.024486022,0.00792813
265.80933,0.029045241,0.023921348,0.005808386
265.82587,0.029087735,0.022471601,0.00743753
265.8426,0.029180534,0.021746667,0.005609114
265.85944,0.02947594,0.020390686,0.0070269634
265.87604,0.029629504,0.019016873,0.008521802
265.8929,0.029710013,0.017474659,0.0099768555
265.9093,0.029586116,0.017168822,0.008162521
265.92603,0.029041324,0.015331324,0.009714479
265.94272,0.029223569,0.014583821,0.007846801
265.95944,0.02866963,0.012781768,0.009329037
265.9763,0.02802056,0.010710204,0.010616086
265.9931,0.027445432,0.010005734,0.0087232115
266.0096,0.027183587,0.008067437,0.01003823
266.02676,0.026859963,0.006147735,0.01131696
266.04282,0.026544984,0.0051729376,0.009405308
266.05933,0.025673423,0.0028150955,0.010817758
266.07623,0.02498504,0.000721937,0.012025053
266.0929,0.024778686,-0.00044798772,0.010148466
266.10962,0.024536123,-0.0026094953,0.01123407
266.1259,0.023546217,-0.0048386734,0.0124364905
266.14304,0.02313072,-0.0064646997,0.010536019
266.1592,0.022211734,-0.008257228,0.011477182
266.17557,0.021027364,-0.010557077,0.012725553
266.19266,0.020217743,-0.01309974,0.01376943
266.20914,0.019608613,-0.015397419,0.014521925
266.22598,0.019570502,-0.015445264,0.009615154
266.24268,0.018754158,-0.017513549,0.010429046
266.25928,0.018071746,-0.019192662,0.011355857
266.27655,0.017529758,-0.02108421,0.0121268695
266.2925,0.016980935,-0.022548385,0.012714409
266.30945,0.015946466,-0.02358853,0.013605545
266.32608,0.015090486,-0.02472085,0.014169831
266.34262,0.015170131,-0.025353165,0.012062799
266.3592,0.014298998,-0.026345182,0.012658964
266.376,0.014443339,-0.026857587,0.010525911
266.3928,0.014056637,-0.027335688,0.010977627
266.40958,0.013712573,-0.028384607,0.011312264
266.4262,0.013433387,-0.028602563,0.009135734
266.4428,0.013287168,-0.029565277,0.009421562
266.45932,0.012572521,-0.030103391,0.009729583
266.4759,0.012186135,-0.030237399,0.0075942264
266.49252,0.011953734,-0.031199772,0.007873669
266.5094,0.011461632,-0.031820808,0.008157614
266.5259,0.01090114,-0.032163482,0.0058876993
266.54272,0.010222115,-0.03279015,0.0061943987
266.5595,0.009763703,-0.032833137,0.006430587
266.5758,0.009978081,-0.033014525,0.0041527255
266.59232,0.009111952,-0.033936687,0.0044586924
266.60916,0.008322179,-0.035094313,0.004767114
266.62573,0.0082483515,-0.03537762,0.0023841257
266.64224,0.007713412,-0.03549465,0.0027243139
266.65894,0.007652491,-0.03598454,0.00043519764
266.67578,0.006821312,-0.036507927,0.0007375313
266.69257,0.0062386487,-0.037091967,0.0009065813
266.70926,0.005777453,-0.037085142,-0.0013471985
266.72595,0.0048851953,-0.03705874,-0.0010312266
266.74246,0.0041912845,-0.03727973,-0.0007369904
266.75925,0.0041869283,-0.037759483,-0.0028012947
266.77588,0.0037686606,-0.037267584,-0.002576516
266.79236,0.0039548324,-0.036346413,-0.0021877259
266.8091,0.0039612697,-0.036100525,-0.0043133544
266.82596,0.0039432705,-0.035426777,-0.003845904
266.84247,0.0041473694,-0.034112584,-0.0034626557
266.8592,0.004909326,-0.03339634,-0.0054868446
266.87585,0.005964761,-0.03167838,-0.0050056693
266.8926,0.006836467,-0.030460749,-0.0044576856
266.90915,0.0076563354,-0.029472833,-0.0064422507
266.92578,0.00919562,-0.026890598,-0.0058252504
266.9424,0.010790622,-0.02477427,-0.005201286
266.95914,0.011084714,-0.023694752,-0.00708561
266.97565,0.012404242,-0.021475976,-0.0064569116
266.99265,0.014279579,-0.018456994,-0.005714428
267.00897,0.015626695,-0.01715459,-0.0076488233
267.0257,0.016759617,-0.0147461975,-0.00682871
267.0428,0.018797472,-0.012216761,-0.0060533863
267.05927,0.01999342,-0.010964449,-0.0079754
267.07565,0.022428688,-0.008134271,-0.007092044
267.09232,0.023063203,-0.006667581,-0.008809024
267.109,0.024934564,-0.004277293,-0.007954293
267.12555,0.02693922,-0.0016588125,-0.00705427
267.14236,0.028197365,-0.00018654676,-0.008777153
267.15897,0.030321844,0.0024532438,-0.007834456
267.17538,0.032208327,0.0046538324,-0.0068759965
267.19226,0.033035964,0.0060832435,-0.008529949
267.2089,0.03479867,0.008351078,-0.0075264457
267.22583,0.0362982,0.010525414,-0.0065552946
267.2425,0.037055526,0.011186816,-0.0081823245
267.25916,0.038129076,0.0130520575,-0.0070801675
267.27573,0.039686147,0.014822794,-0.0059305467
267.29242,0.0402788,0.015810674,-0.007392078
267.30875,0.041652992,0.017467102,-0.006218826
267.326,0.04277738,0.018919963,-0.0048845927
267.34268,0.043556828,0.019512538,-0.0065201577
267.35895,0.044826135,0.021559965,-0.005255168
267.3761,0.04585589,0.023238122,-0.0038428428
267.3924,0.046292514,0.023722677,-0.005452021
267.4088,0.047208834,0.02501603,-0.0039952523
267.4257,0.04832915,0.026513016,-0.0026624107
267.44226,0.048826743,0.02748669,-0.004103383
267.45892,0.04988164,0.0286692,-0.0028461658
267.47583,0.050965127,0.029786106,-0.0016278664
267.49292,0.051686864,0.030328233,-0.0031036069
267.50955,0.052845508,0.032768518,0.0005904193
267.5264,0.052912984,0.03265968,-0.0035272015
267.54276,0.05353534,0.033405587,-0.0024510538
267.55975,0.054532744,0.034228414,-0.0011949243
267.5764,0.055459376,0.03488317,-0.00013204782
267.59274,0.055737197,0.0354593,0.00093846954
267.60938,0.05608114,0.035877638,0.0020938285
267.62616,0.05615354,0.035763472,-0.001965941
267.64236,0.05661957,0.03644432,-0.00090896647
267.65936,0.056833547,0.036890015,0.00019631539
267.67612,0.056912262,0.03661876,0.0010696305
267.69278,0.05696961,0.036690183,0.002026112
267.70956,0.05708061,0.03691908,0.0029659085
267.72626,0.056823634,0.03646738,0.0014064037
267.74286,0.056389194,0.03627169,0.0023048625
267.75952,0.055821594,0.035745382,0.0031005489
267.77603,0.05579358,0.035171945,0.0016350714
267.79318,0.055016633,0.03446381,0.0023774444
267.80945,0.054124154,0.03384282,0.0030198519
267.82614,0.053648133,0.03319843,0.0015548053
267.8429,0.052678704,0.032242604,0.0022143614
267.85934,0.05171341,0.031668942,0.0029449856
267.87616,0.051321544,0.03123335,0.001360441
267.89288,0.050035264,0.03027156,0.002015644
267.90973,0.049084004,0.029254427,0.0026338708
267.92615,0.048922822,0.028349489,0.0009926133
267.94284,0.047723852,0.027469225,0.0017135
267.95914,0.046865705,0.026940176,0.00006962695
267.9764,0.045509253,0.025564553,0.00079545344
267.99265,0.04440698,0.024349125,0.0012607748
268.0097,0.043378126,0.023254618,0.0019355558
268.02603,0.042574123,0.022485295,0.00023379226
268.04333,0.041392293,0.020967381,0.00090004905
268.05948,0.040943045,0.019869136,-0.0008498538
268.07584,0.040064834,0.018546592,-0.00021060073
268.09268,0.038650256,0.017061431,0.00042554917
268.1092,0.037820894,0.016111981,-0.0012444541
268.12598,0.036726516,0.014571113,-0.0006289316
268.14285,0.035552897,0.013007839,-0.00012821787
268.15952,0.03521759,0.012127683,-0.0017564159
268.1761,0.03390584,0.01015412,-0.0011919705
268.19284,0.03232704,0.008435303,-0.0006256968
268.20984,0.031448547,0.007863024,-0.0021645883
268.22592,0.030131368,0.005979177,-0.001658575
268.24283,0.028974818,0.0042301794,-0.0008055851
268.25958,0.028270416,0.0040167673,-0.0023831201
268.2756,0.027120668,0.0026102508,-0.0016760771
268.29263,0.026457181,0.0011039526,-0.0008256604
268.30927,0.026155666,0.00023001916,-0.0024054556
268.32605,0.025228923,-0.0010634612,-0.0016947307
268.3432,0.02468502,-0.0025736797,-0.0010454261
268.35944,0.02468049,-0.0026189222,-0.004709259
268.3757,0.024232075,-0.0053235483,-0.0017533168
268.3926,0.023683863,-0.006898835,-0.0010413211
268.40906,0.023573149,-0.007755666,-0.002443428
268.4261,0.02338246,-0.009893287,-0.0017251775
268.4429,0.023024468,-0.011215543,-0.001096394
268.45932,0.02305298,-0.0120910555,-0.0023983426
268.47617,0.022802006,-0.013116546,-0.0016355964
268.4927,0.022355499,-0.014115188,-0.0008395616
268.5093,0.021885684,-0.014579544,-0.002147795
268.52618,0.02156796,-0.015648961,-0.0013055109
268.54263,0.021217136,-0.016577605,-0.0004556321
268.55936,0.021170298,-0.017159691,-0.0016428819
268.5757,0.020709636,-0.017814292,-0.00076314155
268.59317,0.020553146,-0.018709943,0.00018108333
268.60925,0.020883378,-0.019481257,-0.0011989849
268.6259,0.020844053,-0.02003782,-0.00023824809
268.64282,0.020846512,-0.020443946,-0.001426559
268.65933,0.020807793,-0.021034759,-0.0006132952
268.67578,0.021077514,-0.021467824,0.00026382145
268.69232,0.021491649,-0.022211345,-0.0009181217
268.7097,0.021811243,-0.022879925,-0.00004071174
268.72623,0.022315303,-0.023507783,0.00064513047
268.7424,0.022324618,-0.023539346,-0.0005834372
268.75906,0.02287402,-0.02400471,0.00029899026
268.77585,0.02334364,-0.024472086,0.001104527
268.79245,0.023696737,-0.024809327,-0.00017506794
268.80896,0.024335962,-0.02517662,0.0005975651
268.8257,0.02490633,-0.025422808,0.0013968584
268.84256,0.025619155,-0.02590068,0.00013912497
268.85913,0.026515685,-0.025941217,0.0008912555
268.87573,0.027230527,-0.026150716,0.0017208959
268.89236,0.0275645,-0.025782902,0.00055244885
268.9094,0.028705522,-0.025819665,0.0013551412
268.92584,0.029084967,-0.02580014,0.00015790177
268.94278,0.030096915,-0.025556833,0.001014359
268.95908,0.03124152,-0.025347546,0.0018332588
268.9758,0.032524582,-0.025332365,0.0027559085
268.99255,0.03351609,-0.02511356,0.0035170428
269.00916,0.034851104,-0.02522548,0.004212941
269.02588,0.034812268,-0.025279015,0.0011387144
269.0426,0.036063485,-0.025290465,0.0019306953
269.05917,0.037445206,-0.024708392,0.0026290196
269.07565,0.039057422,-0.024236387,0.0032728864
269.09256,0.04040745,-0.023814786,0.0039372686
269.10953,0.041999817,-0.023410287,0.004494334
269.12573,0.042831216,-0.02354243,0.0031734342
269.1425,0.044338897,-0.023244694,0.00377676
269.15964,0.046153996,-0.023275992,0.0042164326
269.17587,0.046906985,-0.022997776,0.0028494806
269.19257,0.048226047,-0.022294559,0.003304223
269.2095,0.049436513,-0.021728802,0.0035948816
269.22577,0.049898107,-0.021359878,0.0021884697
269.2426,0.050836124,-0.020739673,0.0024972782
269.25916,0.052163374,-0.020012693,0.0026710557
269.27606,0.05255931,-0.01960485,0.0013458708
269.29263,0.053517424,-0.018978065,0.0014333222
269.30927,0.054185223,-0.018298592,0.0014874635
269.32608,0.05463814,-0.018261122,0.00010312988
269.34247,0.05498056,-0.01748491,0.00009114785
269.35953,0.054915033,-0.016697155,0.000038092574
269.37613,0.054731987,-0.016742447,-0.0013922584
269.3929,0.05428273,-0.016407084,-0.0013663801
269.4095,0.05468661,-0.015754556,-0.0013495091
269.4261,0.054657664,-0.015943183,-0.0027252461
269.44263,0.053862877,-0.015529036,-0.0026415468
269.45953,0.053727943,-0.014804534,-0.0025059292
269.4759,0.053773273,-0.014548757,-0.0038431385
269.49265,0.053562317,-0.01386849,-0.0035934167
269.5093,0.0535055,-0.013686449,-0.004878611
269.5258,0.053235143,-0.0135332085,-0.0046600746
269.54254,0.05304277,-0.013163748,-0.004358257
269.55933,0.05300596,-0.012427179,-0.0055477433
269.57608,0.053010557,-0.011865863,-0.0052548046
269.59265,0.05238882,-0.011748105,-0.0049788267
269.60938,0.05230451,-0.011840368,-0.0061203437
269.62604,0.051758826,-0.0112666,-0.005778587
269.64307,0.051637452,-0.011079089,-0.0053785997
269.65982,0.0512066,-0.010602137,-0.0065516587
269.67657,0.050344765,-0.010068754,-0.0061292723
269.69327,0.04980841,-0.009545571,-0.005672646
269.7096,0.049611844,-0.009122278,-0.0067187385
269.72617,0.048659045,-0.008737442,-0.006216646
269.74344,0.047724806,-0.008551808,-0.005697688
269.7597,0.047214217,-0.008405789,-0.006808923
269.77658,0.046902608,-0.007986513,-0.006235573
269.79346,0.045594066,-0.0077801077,-0.005721169
269.8097,0.04497342,-0.00749275,-0.0067977086
269.82605,0.04362886,-0.007375531,-0.006189476
269.84283,0.041818626,-0.0075935707,-0.0056923805
269.85925,0.04053084,-0.0077577597,-0.0066415714
269.87592,0.038023826,-0.008105523,-0.006091125
269.89374,0.03599146,-0.008231753,-0.005525923
269.91003,0.03504772,-0.00849845,-0.0065642195
269.92596,0.032543194,-0.008829585,-0.0059420625
269.94244,0.03137179,-0.009008999,-0.006643565
269.95914,0.029324241,-0.009264475,-0.0060408222
269.9761,0.027453916,-0.009206676,-0.005347326
269.99277,0.026711801,-0.00949851,-0.006241973
270.0091,0.024738887,-0.009339785,-0.005525029
270.02573,0.023544371,-0.009283751,-0.004817523
270.04272,0.023492137,-0.009550019,-0.0055886284
270.05945,0.022496114,-0.00950481,-0.0049467464
270.0764,0.021599827,-0.009758603,-0.0042028036
270.09268,0.021225248,-0.009789935,-0.0050696423
270.10928,0.021008829,-0.00995744,-0.0042555914
270.1261,0.021134142,-0.010234396,-0.003567557
270.14276,0.020686517,-0.010596285,-0.0043360787
270.15942,0.020357853,-0.010498518,-0.0036791866
270.17633,0.02043106,-0.010295749,-0.0029420636
270.19278,0.020640459,-0.0106321005,-0.003772542
270.20935,0.020776395,-0.010513975,-0.0030726762
270.2261,0.02074142,-0.010812667,-0.0024084582
270.24265,0.021015655,-0.011174856,-0.0032338137
270.2599,0.021772755,-0.011517095,-0.002589211
270.27588,0.02228887,-0.012057405,-0.0020916571
270.2932,0.0225137,-0.011942731,-0.002800218
270.30927,0.024011193,-0.012758871,-0.0010093743
270.32587,0.023998091,-0.012783442,-0.0030573276
270.34277,0.025274368,-0.013485054,-0.0025376868
270.3593,0.025719287,-0.013910728,-0.0020858797
270.37607,0.02693636,-0.014507802,-0.0016209001
270.39246,0.028234856,-0.014956046,-0.0012359472
270.4091,0.029295404,-0.015129748,-0.0008398641
270.426,0.02927983,-0.015159695,-0.0028871824
270.44275,0.029679606,-0.01534082,-0.0025476653
270.45944,0.030099941,-0.015507094,-0.0022753843
270.47614,0.030865371,-0.015594915,-0.0020519951
270.4929,0.031120302,-0.015864028,-0.0018203598
270.5095,0.031605557,-0.016251141,-0.001611737
270.52597,0.032094352,-0.016884303,-0.0025065797
270.54263,0.03276525,-0.017228497,-0.0022729721
270.5595,0.033027273,-0.017664405,-0.002142783
270.5759,0.03300442,-0.01729224,-0.0029945388
270.59253,0.03303032,-0.017871529,-0.0028848064
270.60922,0.03343543,-0.018798815,-0.0027786458
270.62604,0.033325605,-0.019079937,-0.0036258383
270.64252,0.032830726,-0.019835755,-0.0034835539
270.65912,0.033184446,-0.02021657,-0.0032042558
270.67575,0.033187892,-0.02056644,-0.0040821442
270.6924,0.03344595,-0.020963214,-0.0038060003
270.70914,0.03306551,-0.021548243,-0.0035193616
270.72595,0.033029653,-0.022215508,-0.0043526175
270.74268,0.032572232,-0.022881296,-0.004064845
270.7591,0.03262664,-0.023483254,-0.0037475936
270.7763,0.032541182,-0.023929024,-0.0044672843
270.7926,0.03203,-0.024199387,-0.004189261
270.8095,0.031954225,-0.024685774,-0.0037386203
270.82596,0.031747214,-0.025085779,-0.0044638026
270.8428,0.03157375,-0.025581732,-0.003995977
270.8594,0.030873606,-0.025719337,-0.0035454843
270.87595,0.030865751,-0.025950294,-0.004267189
270.89297,0.030572874,-0.026259596,-0.003703831
270.90942,0.030004703,-0.026775468,-0.0044381027
270.9259,0.02949082,-0.027365275,-0.0039054807
270.94266,0.028879678,-0.027592689,-0.0033196236
270.9595,0.028600048,-0.02786992,-0.004014411
270.97568,0.028158253,-0.028041614,-0.0033998906
270.99265,0.027141055,-0.02823367,-0.0029090021
271.00946,0.02683756,-0.028755236,-0.0033455188
271.02612,0.02565597,-0.02915777,-0.0028722885
271.04272,0.025274947,-0.029441433,-0.0023063002
271.05923,0.025317987,-0.029327434,-0.0027058192
271.0757,0.025019422,-0.029516393,-0.0021294432
271.09222,0.025114277,-0.029329186,-0.0013791645
271.10925,0.025220502,-0.029531887,-0.0018138156
271.1258,0.0256149,-0.029709226,-0.0009847968
271.14252,0.026305687,-0.030108083,-0.00015420801
271.15903,0.026540507,-0.029548967,-0.00042536863
271.17563,0.027320804,-0.029632676,0.0004174987
271.19232,0.028872078,-0.0296885,0.0012643068
271.2093,0.029295664,-0.029442914,0.0009886109
271.22565,0.03026066,-0.029315174,0.0018072217
271.2426,0.030760977,-0.02915692,0.001587096
271.2591,0.03144705,-0.029280815,0.0012602014
271.2757,0.03346971,-0.029541627,0.003300052
271.29288,0.033950653,-0.029038433,0.0030439547
271.30936,0.034951188,-0.029369604,0.0038541516
271.32614,0.035976697,-0.029065184,0.004696067
271.3426,0.03642527,-0.02896002,0.004496628
271.35944,0.037583906,-0.028979411,0.005263672
271.376,0.038501605,-0.028668048,0.006081445
271.39255,0.038648784,-0.028629862,0.005839276
271.40942,0.039053906,-0.028365603,0.0065979674
271.42606,0.039748445,-0.028609933,0.0073485123
271.44275,0.039974302,-0.02834935,0.007126738
271.45944,0.040264066,-0.028118186,0.007885202
271.47644,0.040832005,-0.027671963,0.008706892
271.49265,0.041203126,-0.027836641,0.00838749
271.50943,0.042054247,-0.02762632,0.009247123
271.52618,0.042514056,-0.02733657,0.009958474
271.54263,0.042751286,-0.02693681,0.009776606
271.55936,0.04382063,-0.026652548,0.010574429
271.57666,0.044442,-0.026462441,0.011295257
271.59305,0.04489745,-0.026791463,0.01109713
271.60953,0.04607024,-0.026473328,0.01188018
271.6268,0.04744597,-0.026190652,0.012646395
271.6425,0.04816662,-0.026379608,0.012459953
271.65924,0.04942551,-0.025813065,0.014288966
271.67636,0.049411148,-0.025840016,0.013193879
271.69324,0.050767105,-0.026184916,0.01395498
271.70926,0.05203193,-0.025740696,0.014794634
271.72626,0.053096335,-0.025769396,0.015612607
271.7426,0.053943973,-0.025562786,0.016434973
271.75998,0.05524343,-0.025344666,0.017287169
271.77637,0.05523029,-0.025373893,0.016233254
271.79306,0.056663364,-0.0249585,0.01712408
271.8096,0.057297405,-0.024710272,0.017958155
271.82626,0.058268216,-0.024736388,0.018848967
271.8433,0.05949089,-0.024222817,0.019745624
271.86008,0.06027571,-0.024015162,0.0205222
271.876,0.06062821,-0.023895081,0.020466717
271.893,0.061173018,-0.02379987,0.02111596
271.91,0.061657134,-0.023485146,0.02161682
271.92633,0.062126454,-0.02347056,0.021382306
271.9428,0.06226546,-0.02332039,0.02180195
271.9599,0.061496366,-0.022998044,0.022200422
271.97635,0.061413586,-0.02229984,0.02191541
271.99286,0.0613457,-0.022218827,0.022064393
272.00922,0.060222182,-0.022278279,0.022124054
272.026,0.05990091,-0.022562793,0.021678403
272.04272,0.058877088,-0.022321837,0.021609107
272.06003,0.057989027,-0.022542901,0.02126428
272.0773,0.057485517,-0.02231418,0.020775408
272.0929,0.05609798,-0.022685979,0.020296535
272.1101,0.05536131,-0.022752471,0.019846143
272.12628,0.05495625,-0.022487221,0.019187918
272.143,0.05393202,-0.022429228,0.01856467
272.1594,0.052705687,-0.022685349,0.017865088
272.17593,0.052322213,-0.022480607,0.017129686
272.19278,0.051649302,-0.02246579,0.016246216
272.2094,0.050936006,-0.02271005,0.015437527
272.22614,0.04945522,-0.022929102,0.014419619
272.2427,0.04825795,-0.022862121,0.013311642
272.2595,0.047436092,-0.022756508,0.012154893
272.27585,0.046743974,-0.022464158,0.011228798
272.2925,0.04537947,-0.02246667,0.010050902
272.30933,0.044789,-0.022510335,0.009165825
272.3259,0.043846812,-0.022397477,0.0079742875
272.34256,0.042555273,-0.022291688,0.0067313104
272.36,0.041766692,-0.02231637,0.005833929
272.37616,0.040720854,-0.022308016,0.004568373
272.39294,0.039797816,-0.022539757,0.003335884
272.40927,0.039397005,-0.022106055,0.0024538927
272.4258,0.038145382,-0.022186836,0.0012102479
272.44263,0.037127383,-0.022395125,-0.00003671939
272.4592,0.036691085,-0.022779567,-0.00089903094
272.47583,0.03603696,-0.02269827,-0.0021252995
272.49304,0.034939315,-0.0228845,-0.0033596342
272.50922,0.034615353,-0.023145553,-0.0042059915
272.52606,0.0339793,-0.02323161,-0.0054168724
272.54266,0.033138692,-0.023005934,-0.0066580884
272.55963,0.032668136,-0.023114815,-0.0074673444
272.5764,0.031956602,-0.023188874,-0.008703887
272.593,0.031292588,-0.023614489,-0.00992624
272.60907,0.031155622,-0.023617199,-0.010681681
272.62585,0.030595796,-0.023979515,-0.01190626
272.6427,0.029777743,-0.024338838,-0.013098722
272.6593,0.02940898,-0.024188053,-0.013894488
272.67587,0.028644128,-0.02419985,-0.015079523
272.69247,0.028648647,-0.024375342,-0.015827948
272.70923,0.028194392,-0.02447077,-0.016963402
272.72586,0.02744512,-0.02439115,-0.01806066
272.74255,0.027241413,-0.02440204,-0.01877657
272.7591,0.026806116,-0.024320003,-0.019916546
272.7758,0.0262386,-0.024335716,-0.021050183
272.79272,0.026311858,-0.024017904,-0.021800892
272.8094,0.025600761,-0.02400931,-0.022849495
272.82608,0.024933467,-0.023986714,-0.024111265
272.84268,0.024738744,-0.024011591,-0.024667805
272.85934,0.023849709,-0.023969421,-0.025791092
272.8761,0.022285921,-0.02368462,-0.026859887
272.89255,0.021490414,-0.023910627,-0.027382253
272.90918,0.019198535,-0.023957023,-0.028238835
272.92606,0.016605081,-0.023808533,-0.028789753
272.9426,0.014842038,-0.023701414,-0.02916341
272.95938,0.0120515805,-0.0238565,-0.029402757
272.97592,0.008976326,-0.023792548,-0.029442757
272.9925,0.0074029355,-0.02423978,-0.029591521
273.0094,0.004967468,-0.024079876,-0.029352568
273.02603,0.0014303706,-0.024266373,-0.028966228
273.0429,-0.000531526,-0.024392834,-0.028876621
273.05963,-0.0057890075,-0.024025481,-0.027976086
273.07617,-0.0057889717,-0.024025762,-0.027968219
273.09268,-0.008767213,-0.023960588,-0.027139569
273.1093,-0.011810073,-0.024176132,-0.026278377
273.126,-0.014960308,-0.024601853,-0.025306629
273.14267,-0.017858379,-0.024433097,-0.024157237
273.15936,-0.017857553,-0.024433836,-0.024084423
273.17596,-0.02033638,-0.0244455,-0.022893887
273.19284,-0.023606567,-0.02402959,-0.02101496
273.20956,-0.024463015,-0.024462897,-0.020278612
273.2259,-0.025764693,-0.024417445,-0.018872766
273.24274,-0.02704862,-0.024072101,-0.017364224
273.2593,-0.027785512,-0.02407338,-0.015890846
273.27655,-0.028037267,-0.024331344,-0.015099794
273.29276,-0.027599795,-0.024370784,-0.013552603
273.30975,-0.027380463,-0.024480768,-0.01275184
273.32605,-0.026999513,-0.024375493,-0.011183771
273.34268,-0.025958724,-0.024210507,-0.009696317
273.35995,-0.024716543,-0.024386955,-0.008237757
273.37643,-0.024167787,-0.024786262,-0.0073808427
273.39294,-0.022757072,-0.02515638,-0.0058850083
273.40952,-0.021086762,-0.025360277,-0.004369193
273.4263,-0.020159805,-0.02505237,-0.0035424829
273.44324,-0.018400865,-0.025137002,-0.0020409538
273.46033,-0.016057244,-0.02583256,-0.00057067623
273.47607,-0.014640405,-0.025513327,0.0003016681
273.49335,-0.012246881,-0.025764365,0.0016956279
273.5097,-0.009564518,-0.026071535,0.0030876917
273.52658,-0.008168972,-0.026433649,0.0039381143
273.54318,-0.0053258985,-0.026336761,0.0053418754
273.55963,-0.0038948096,-0.02626697,0.0061602765
273.57663,-0.00077649864,-0.026359411,0.0074933157
273.5929,0.002552768,-0.026669709,0.008823935
273.60944,0.004049167,-0.026794039,0.009678299
273.62628,0.0076373694,-0.02662436,0.011007411
273.64273,0.01093949,-0.02671438,0.012285602
273.6597,0.012643985,-0.027169919,0.01311246
273.67612,0.016079484,-0.026984423,0.014428901
273.69342,0.019391362,-0.027091227,0.015693149
273.7096,0.02118649,-0.0275226,0.016576337
273.72614,0.0245412,-0.02823504,0.01783211
273.74295,0.027661143,-0.028172942,0.019040555
273.76007,0.029499926,-0.028178513,0.019900579
273.77615,0.03292817,-0.028093359,0.021047551
273.793,0.036295094,-0.028198527,0.021953575
273.80942,0.03794464,-0.02824199,0.022621114
273.8259,0.04116367,-0.02846892,0.02321338
273.84293,0.044400748,-0.02874861,0.0236098
273.8596,0.046151973,-0.028634189,0.024086256
273.87616,0.04947129,-0.0282784,0.024222618
273.89282,0.051209558,-0.02887286,0.024532354
273.90955,0.054754455,-0.028868215,0.02442197
273.92603,0.05822817,-0.028986186,0.024125611
273.9427,0.05983308,-0.02862239,0.02432127
273.9592,0.06257946,-0.028971689,0.023800945
273.97626,0.06546618,-0.029235788,0.02314932
273.99295,0.06688158,-0.029086895,0.023182442
274.0092,0.0696659,-0.029217074,0.022367781
274.02615,0.07221802,-0.029351408,0.021405024
274.04288,0.07317832,-0.029156754,0.021311635
274.05942,0.075504586,-0.029128067,0.020219784
274.07678,0.07788618,-0.029217951,0.018976985
274.0927,0.07878635,-0.029784182,0.018732334
274.10928,0.08054322,-0.029555004,0.017334426
274.1258,0.081666745,-0.029469304,0.016981335
274.1427,0.08345788,-0.029739792,0.015393883
274.15973,0.08478078,-0.03018894,0.013670994
274.17603,0.08573783,-0.030498935,0.011853953
274.19263,0.0867095,-0.030863784,0.0099649085
274.20953,0.087678626,-0.031132363,0.008024328
274.22623,0.0880514,-0.03136853,0.006032278
274.2428,0.088066205,-0.03132794,0.0069562136
274.25943,0.08843243,-0.03166593,0.0049694567
274.27594,0.08903958,-0.031683896,0.0030419307
274.29272,0.08869681,-0.031307653,0.0010284423
274.31012,0.08831632,-0.03097737,-0.0008652982
274.32562,0.08833231,-0.03093188,0.00016433043
274.34244,0.088345446,-0.030688286,-0.0017026919
274.3596,0.08752402,-0.030006729,-0.0048211203
274.37604,0.08697247,-0.03013487,-0.005228886
274.39322,0.08613745,-0.029497918,-0.0068710395
274.40945,0.08548572,-0.02902097,-0.008474682
274.42633,0.08490357,-0.028671043,-0.008790959
274.4427,0.08340639,-0.028445043,-0.010281931
274.4595,0.08180799,-0.028051632,-0.011775098
274.47586,0.081439786,-0.027525041,-0.011879695
274.4925,0.07956285,-0.02691587,-0.013207161
274.50952,0.07751864,-0.02654619,-0.014493569
274.52603,0.07667282,-0.026560048,-0.0144933695
274.54272,0.07502243,-0.026081506,-0.015650934
274.5597,0.07310738,-0.025423016,-0.016742298
274.5759,0.071893595,-0.025415676,-0.016675485
274.5925,0.069781415,-0.024850916,-0.017705103
274.60974,0.067802206,-0.024438664,-0.018664042
274.62616,0.066318996,-0.023992453,-0.018481862
274.64255,0.06377053,-0.024089107,-0.019364174
274.65955,0.061253957,-0.023625363,-0.020173583
274.676,0.060233958,-0.02288023,-0.01991936
274.69257,0.057854246,-0.0226018,-0.020653911
274.70932,0.056515586,-0.022213731,-0.020379724
274.72592,0.05405304,-0.02235467,-0.021013696
274.7423,0.05155644,-0.021855818,-0.021614091
274.75958,0.0493479,-0.02118819,-0.022180617
274.77628,0.047934167,-0.021144059,-0.021721812
274.79288,0.04528514,-0.020487653,-0.02216429
274.80927,0.043947373,-0.020498307,-0.021730715
274.8257,0.041336812,-0.020249704,-0.022104418
274.84225,0.0386363,-0.019991497,-0.022405742
274.85916,0.037478197,-0.020217026,-0.021824108
274.87628,0.035029624,-0.020208377,-0.02199434
274.89264,0.032548666,-0.01998582,-0.022044146
274.90912,0.0313186,-0.019723227,-0.021348916
274.92587,0.028780097,-0.01940161,-0.021265844
274.94302,0.026469884,-0.019061642,-0.021062803
274.9595,0.025528312,-0.019161442,-0.020155031
274.97595,0.023396961,-0.018998047,-0.019819058
274.9927,0.02139316,-0.019142885,-0.01940177
275.0096,0.02027204,-0.019060524,-0.018383764
275.02603,0.018643118,-0.018974658,-0.0177928
275.04288,0.017244622,-0.019131882,-0.017153282
275.05923,0.016710036,-0.01927998,-0.016009182
275.07663,0.015191719,-0.019335711,-0.015291035
275.0928,0.013670405,-0.018846665,-0.014367973
275.10947,0.012813485,-0.01865381,-0.013226123
275.1264,0.011435848,-0.018605357,-0.012289298
275.14352,0.009967059,-0.018257301,-0.011282328
275.1595,0.009379714,-0.018379916,-0.0099864295
275.1758,0.008088382,-0.018079033,-0.008977823
275.19254,0.007238729,-0.018088585,-0.0077510853
275.2096,0.0063360403,-0.01795931,-0.006588277
275.22684,0.0046957866,-0.017921051,-0.005385057
275.24258,0.0042720065,-0.017847938,-0.003960202
275.25946,0.0024722503,-0.01765198,-0.0028073653
275.27597,0.000738102,-0.017713197,-0.0016126402
275.293,0.00019877742,-0.017820604,-0.000052035495
275.31,-0.0013686446,-0.017948259,0.0012262588
275.32608,-0.0026727172,-0.018242514,0.002543687
275.34323,-0.0032037033,-0.018298816,0.00404959
275.36,-0.0046776966,-0.01857843,0.0054502646
275.37674,-0.0061075906,-0.01882919,0.006916234
275.39294,-0.0068138363,-0.018929858,0.008558215
275.40942,-0.0079142265,-0.01917625,0.0100355055
275.42636,-0.008818515,-0.01950132,0.011526816
275.4429,-0.009025269,-0.01978296,0.013266879
275.45953,-0.009841643,-0.020320807,0.01491137
275.4764,-0.0110731665,-0.020817263,0.016576668
275.4936,-0.011557793,-0.020827059,0.018483533
275.51016,-0.012301417,-0.02136916,0.0204344
275.52652,-0.012894176,-0.021861898,0.022464858
275.5426,-0.013252089,-0.02176134,0.024529278
275.5601,-0.013729812,-0.02198768,0.026493127
275.57608,-0.013590951,-0.022052746,0.028665
275.5929,-0.013401659,-0.02235076,0.030524192
275.60934,-0.012794695,-0.022687012,0.032146852
275.6262,-0.012232715,-0.023029668,0.033035092
275.64288,-0.012209517,-0.023042273,0.035059813
275.6596,-0.010980915,-0.023454897,0.035856735
275.67603,-0.010055886,-0.0240911,0.036254447
275.69318,-0.008859817,-0.024957482,0.036469627
275.70938,-0.0071132374,-0.025326185,0.036511943
275.7262,-0.007087891,-0.025333663,0.038521063
275.74298,-0.0054081734,-0.025909685,0.038318105
275.75992,-0.0038064893,-0.026338626,0.037910916
275.77634,-0.00053239695,-0.026899235,0.03593937
275.79285,0.00079224235,-0.027156511,0.036486443
275.80975,0.0035437196,-0.027585505,0.035498224
275.826,0.0048575653,-0.027073551,0.035993297
275.84308,0.007626671,-0.027422527,0.034695037
275.85934,0.010632042,-0.027819943,0.033266198
275.87622,0.012396012,-0.02835329,0.033548206
275.8928,0.015585283,-0.02854518,0.031891417
275.90967,0.018851018,-0.028751984,0.030021261
275.9263,0.020567022,-0.028911894,0.030179156
275.9428,0.024183955,-0.029471358,0.028095528
275.96005,0.027361251,-0.030081583,0.025888577
275.97617,0.028908877,-0.029889528,0.025973644
275.9928,0.032560438,-0.030197974,0.023564147
276.00937,0.03469182,-0.030607466,0.023499392
276.02597,0.03852703,-0.030890578,0.02099222
276.04266,0.041907977,-0.031127669,0.018437041
276.05945,0.045509357,-0.031171735,0.015777912
276.07614,0.047461882,-0.031213824,0.015608048
276.09283,0.050691552,-0.031083077,0.0128239235
276.10916,0.053583052,-0.031095108,0.01001367
276.12592,0.05506054,-0.030983342,0.009702509
276.14264,0.05801046,-0.030828152,0.006902976
276.15952,0.060330775,-0.030672848,0.004019381
276.1761,0.061360773,-0.030647429,0.003795656
276.19284,0.06316031,-0.030573685,0.0009203666
276.2095,0.06386256,-0.030540843,0.0007534392
276.22632,0.06536877,-0.030595062,-0.002122748
276.24283,0.06691848,-0.030319944,-0.004772837
276.25937,0.06690639,-0.030425077,-0.0049753054
276.27597,0.067646995,-0.030179083,-0.00750112
276.29306,0.06790131,-0.029918034,-0.009996371
276.3093,0.068307824,-0.029814208,-0.009909536
276.32642,0.06784184,-0.029675454,-0.012290391
276.34332,0.06702194,-0.03011874,-0.014492221
276.3593,0.067085095,-0.029743738,-0.01417846
276.37598,0.0663962,-0.029775985,-0.01634445
276.39258,0.06605896,-0.029672293,-0.018341469
276.4092,0.065842,-0.02937972,-0.017961657
276.42593,0.06479606,-0.029466862,-0.019699661
276.4426,0.06370761,-0.02929603,-0.02140219
276.45966,0.063108586,-0.028749267,-0.0207615
276.4761,0.06207923,-0.028704714,-0.022212168
276.4926,0.061095677,-0.028520254,-0.023572074
276.50928,0.060696688,-0.028621055,-0.022885693
276.5257,0.059727408,-0.02803635,-0.024081625
276.54306,0.05904652,-0.02742763,-0.025246533
276.55905,0.058736015,-0.027175562,-0.024274796
276.5759,0.057857558,-0.026636323,-0.025369868
276.59244,0.057510916,-0.026671227,-0.02440072
276.60974,0.056912385,-0.0260568,-0.025291126
276.626,0.056275036,-0.02536865,-0.025967758
276.6427,0.055944193,-0.024442842,-0.026649136
276.65933,0.05579473,-0.024446163,-0.02569555
276.6759,0.05518512,-0.02353215,-0.026217885
276.69235,0.054765556,-0.02339079,-0.025164155
276.7095,0.054360207,-0.022395471,-0.025764648
276.72598,0.053860907,-0.021616107,-0.026110351
276.74274,0.05335187,-0.020852832,-0.025029536
276.75943,0.052580733,-0.020176077,-0.025449332
276.7765,0.051329557,-0.019624371,-0.025793014
276.79263,0.050713465,-0.019781299,-0.024522124
276.80933,0.049557816,-0.019287875,-0.024915462
276.8261,0.047936086,-0.018694071,-0.025149995
276.84247,0.04703883,-0.01839249,-0.023843313
276.85938,0.045365404,-0.017851656,-0.024094157
276.87613,0.043635752,-0.01797937,-0.024226427
276.89282,0.04264533,-0.017937893,-0.022806764
276.90985,0.04041907,-0.018095685,-0.022901617
276.92657,0.03831789,-0.018099662,-0.022868833
276.94318,0.0373113,-0.018345134,-0.021395877
276.95984,0.035107154,-0.018320415,-0.021406317
276.97623,0.032536007,-0.018269567,-0.021328084
276.9933,0.030900598,-0.018194638,-0.019873163
277.00986,0.02898311,-0.018488996,-0.019703161
277.0269,0.02691266,-0.018519787,-0.019515855
277.04294,0.02575501,-0.01873777,-0.017915305
277.05945,0.023314087,-0.018642545,-0.017808232
277.07608,0.020722615,-0.018840646,-0.017526697
277.09274,0.018287534,-0.018832251,-0.017113632
277.1098,0.015787775,-0.019255584,-0.01668129
277.1259,0.015818277,-0.019230457,-0.01350718
277.1426,0.013589102,-0.019204345,-0.01313654
277.15958,0.011765124,-0.019114746,-0.012551362
277.1764,0.010288553,-0.019077672,-0.011910733
277.19284,0.008559452,-0.01866663,-0.011334953
277.2097,0.007827343,-0.018611241,-0.010590069
277.22604,0.007082464,-0.018102234,-0.008701093
277.2429,0.00688076,-0.017805789,-0.007898249
277.26,0.0062505836,-0.017096752,-0.006989566
277.27652,0.00607048,-0.016959008,-0.004944863
277.2931,0.005815099,-0.016446663,-0.0040232893
277.30978,0.006287918,-0.015742091,-0.0031751564
277.32678,0.006631454,-0.015443347,-0.0011208709
277.34308,0.006963972,-0.014855654,-0.000052155076
277.36002,0.007670777,-0.01390739,0.0008513546
277.37604,0.007994424,-0.0131149655,0.0030766623
277.3929,0.009353971,-0.012172892,0.0038872096
277.40964,0.010451461,-0.0113570895,0.0047432114
277.42688,0.011303763,-0.011210164,0.006809061
277.4428,0.013333946,-0.010244067,0.0074779545
277.4596,0.015307782,-0.00909171,0.007644236
277.47626,0.016215766,-0.008746354,0.009458012
277.49274,0.017830871,-0.008408046,0.009431792
277.50974,0.02032285,-0.0072486275,0.009325047
277.52615,0.021349901,-0.006279764,0.0110637
277.5426,0.023676936,-0.005718563,0.010597288
277.55963,0.026082419,-0.004986901,0.010147248
277.57614,0.027571855,-0.0046367445,0.011593069
277.59305,0.030290172,-0.003588789,0.010871519
277.60992,0.03279482,-0.002557445,0.010064074
277.6261,0.0337109,-0.0024760817,0.011288627
277.6425,0.036363967,-0.0017338954,0.01014072
277.65936,0.03713771,-0.0012963598,0.011179256
277.6761,0.039565556,-0.00096795056,0.010009221
277.69263,0.041518074,-0.00064993184,0.008648158
277.70935,0.042857885,-0.0005701327,0.009690171
277.72635,0.044484682,-0.00009164984,0.008254923
277.74316,0.046515122,0.0002387139,0.006808537
277.75958,0.047544222,0.00022873386,0.00786599
277.77594,0.04951226,0.0004684058,0.0062448746
277.79318,0.05105346,0.0007028104,0.004628154
277.8095,0.051625866,0.001056794,0.0057830876
277.8258,0.053362753,0.0014167348,0.004137456
277.8427,0.05516859,0.0012011968,0.0025204667
277.85904,0.055613983,0.0016241387,0.0035948162
277.87576,0.0571155,0.0020528282,0.002005725
277.89273,0.0583196,0.0022035902,0.00050903566
277.90924,0.05910733,0.002339776,0.0016433574
277.92593,0.060439717,0.002568154,0.00014140409
277.94272,0.06147008,0.0028945813,-0.0012830752
277.9594,0.062470563,0.0026803194,-0.000109571345
277.97592,0.06377874,0.002896316,-0.0014052344
277.99298,0.06472789,0.0027589677,-0.0026836253
278.00967,0.065265454,0.003140801,-0.0012976449
278.026,0.06638478,0.0033416126,-0.0023591018
278.04285,0.06716903,0.0035829742,-0.0034091377
278.05942,0.06760026,0.0034521862,-0.0019392461
278.076,0.068003036,0.0035715413,-0.0027658236
278.0927,0.06802467,0.0038526696,-0.0012822279
278.1101,0.06870028,0.0036884295,-0.0019608499
278.126,0.069042586,0.0038616534,-0.002408024
278.14255,0.06898449,0.0043172846,-0.0009604837
278.1594,0.069224596,0.0044924384,-0.0015457434
278.1761,0.06929954,0.0044552926,-0.00204747
278.19287,0.06946104,0.004554209,-0.0024018376
278.2092,0.06954358,0.004620579,-0.0007289334
278.22586,0.07016079,0.0050041396,-0.0010480027
278.24274,0.069842696,0.005621816,0.00075474713
278.25922,0.07072718,0.0066965176,0.000637905
278.27594,0.07249227,0.0078370655,0.00044534518
278.29272,0.073064834,0.008162623,0.0023342348
278.3093,0.074238636,0.009431935,0.0022481536
278.3262,0.07583954,0.011035561,0.0021958998
278.34274,0.07641858,0.011571631,0.0041696215
278.35913,0.078507945,0.013259047,0.004035534
278.376,0.08060626,0.014971351,0.003828592
278.39288,0.081573404,0.015725978,0.005766381
278.40918,0.083244435,0.017407237,0.0055965893
278.42603,0.084909275,0.019030925,0.005215496
278.4425,0.08581392,0.020020822,0.0071551725
278.4593,0.08773651,0.021943232,0.0067773927
278.47623,0.08983874,0.023483861,0.0064344984
278.4925,0.091606155,0.025479108,0.006155627
278.5091,0.09361924,0.027760005,0.0056108553
278.52582,0.09356288,0.027950305,0.00967265
278.5424,0.094733305,0.029733323,0.009226858
278.55905,0.095434226,0.03119844,0.008671396
278.57578,0.09642824,0.03268307,0.008116783
278.5924,0.09704593,0.03401173,0.007577487
278.60922,0.09695726,0.034666356,0.006961033
278.62616,0.09688488,0.034868967,0.011136372
278.64255,0.096500084,0.03520732,0.008199691
278.65918,0.09613697,0.035461955,0.0074566053
278.6757,0.09527978,0.035649315,0.009209932
278.69272,0.09381405,0.035142522,0.008398006
278.70944,0.09216849,0.034714013,0.007689014
278.72595,0.09141071,0.034465298,0.009381498
278.74265,0.08924651,0.033512644,0.008483067
278.75912,0.08640214,0.032131817,0.0076373117
278.77582,0.084654875,0.03192532,0.009229804
278.79233,0.08240835,0.03051656,0.008264563
278.80914,0.07947415,0.0289946,0.0072765825
278.82602,0.0778499,0.028102797,0.008901842
278.84265,0.07467211,0.026512656,0.007993678
278.85953,0.07212351,0.025241114,0.006919902
278.87622,0.070436805,0.02457196,0.008611702
278.89252,0.06720892,0.02252007,0.0075353733
278.9093,0.06383144,0.020439753,0.0063334927
278.92676,0.062316373,0.019654132,0.008008073
278.9429,0.059439432,0.018054705,0.007069261
278.95926,0.058487877,0.016945062,0.008564662
278.976,0.05502166,0.015175948,0.0073168944
278.9927,0.052506123,0.013663469,0.0060638045
279.0096,0.04993502,0.012206549,0.0048728003
279.02637,0.048345815,0.011129795,0.0064234966
279.043,0.045440666,0.0092809405,0.005243613
279.0597,0.042623844,0.007337679,0.0039445893
279.07645,0.041303605,0.0065243784,0.0054881186
279.09296,0.03903447,0.0048147477,0.004197475
279.1106,0.036329467,0.0029274959,0.0028579554
279.12634,0.034662824,0.0024414754,0.004711098
279.1429,0.032257058,0.0012469452,0.003144995
279.15958,0.03170192,0.00032112826,0.004800421
279.1766,0.029359864,-0.00067107996,0.0034059586
279.19305,0.027397102,-0.0017280788,0.0021660596
279.2103,0.026658332,-0.002335743,0.0036732757
279.22614,0.025011027,-0.003117067,0.002485062
279.2427,0.023318162,-0.0039571314,0.00089015753
279.26016,0.02219488,-0.0044298363,0.0023946094
279.2766,0.02091947,-0.0056658885,0.0012123793
279.29282,0.0195405,-0.006333871,-0.00022417783
279.30927,0.018635422,-0.0063956687,0.0011807285
279.3259,0.01741687,-0.0071086427,-0.00029951808
279.34344,0.017312529,-0.007872861,0.001250994
279.3596,0.016245684,-0.008106627,0.00005114155
279.376,0.01530536,-0.00833536,-0.0015432388
279.3925,0.014744821,-0.008469116,-0.000028133594
279.4092,0.013946351,-0.008713465,-0.0015259428
279.42606,0.013182354,-0.008970759,-0.0030020985
279.44318,0.012865355,-0.008858424,-0.0013052779
279.45953,0.012497163,-0.008597902,-0.002678141
279.47623,0.012019153,-0.008748797,-0.004205505
279.49286,0.012039862,-0.008720538,0.00050759583
279.50952,0.011775505,-0.008781589,-0.00404399
279.52597,0.011683596,-0.008513966,-0.005443786
279.5427,0.011392746,-0.008615354,-0.0040156534
279.56024,0.01131289,-0.008500229,-0.0053448468
279.5764,0.011576626,-0.007992347,-0.006546684
279.59274,0.012030162,-0.0077584754,-0.005080023
279.6096,0.012429506,-0.00750243,-0.0065498315
279.62607,0.012960159,-0.0072974935,-0.007942856
279.6428,0.013589237,-0.0068019372,-0.0062556663
279.65955,0.014522779,-0.005980316,-0.007658641
279.67636,0.015870493,-0.0055144792,-0.009010469
279.69293,0.015956488,-0.005053203,-0.007195142
279.70932,0.017306851,-0.0042842957,-0.008556952
279.72623,0.018482262,-0.0037474735,-0.0099662505
279.74286,0.019175569,-0.003564243,-0.0081050275
279.75946,0.020621415,-0.0028304097,-0.009400488
279.77686,0.022195894,-0.0016537862,-0.010649441
279.79303,0.02345194,-0.00088883215,-0.011623142
279.8096,0.024397649,-0.0000303518,-0.012877083
279.82593,0.024397425,0.000029268374,-0.007989907
279.84268,0.025498606,0.0011962724,-0.009142222
279.8594,0.026733536,0.0027366318,-0.010086165
279.87622,0.02829059,0.0036025185,-0.010987472
279.8931,0.029245455,0.0047419025,-0.011864512
279.90988,0.030384516,0.006225383,-0.012651696
279.9263,0.030368516,0.0063014226,-0.007641374
279.943,0.03175289,0.0075580557,-0.008490419
279.95984,0.033099346,0.00959041,-0.012100076
279.9761,0.033528652,0.010167154,-0.009876529
279.99332,0.034619104,0.011512481,-0.010658541
280.0095,0.035674985,0.01261665,-0.011092319
280.02628,0.036495846,0.013125544,-0.009033886
280.04285,0.0375341,0.0144386105,-0.009524585
280.05957,0.03826105,0.015751535,-0.0100845685
280.07623,0.038953904,0.01628878,-0.007773587
280.09268,0.039874077,0.017612763,-0.008277601
280.1092,0.040813774,0.01895943,-0.008835901
280.12637,0.041274723,0.019889262,-0.006580769
280.14304,0.042043526,0.021192051,-0.0069497027
280.15994,0.04296886,0.022221765,-0.0074733887
280.17615,0.043404195,0.022867236,-0.005073817
280.19272,0.04424875,0.024316337,-0.0056841117
280.20987,0.04505324,0.025457492,-0.0061435774
280.22598,0.045615185,0.025924422,-0.003643862
280.24265,0.04614051,0.027165066,-0.0041730236
280.25955,0.047230408,0.028567547,-0.004531681
280.27634,0.047289483,0.029486328,-0.002055755
280.29306,0.048199583,0.030769821,-0.0023586778
280.30948,0.04844057,0.03159126,-0.0027324983
280.326,0.04905841,0.032241855,-0.0003263822
280.34262,0.049589828,0.03325447,-0.00074937026
280.35944,0.049935814,0.03441315,-0.0011436327
280.37607,0.05045757,0.03498027,0.0013311503
280.3928,0.050909158,0.035887085,0.0009582674
280.4094,0.050806746,0.0365938,0.0034422323
280.42584,0.051060606,0.03747542,0.0030150358
280.44284,0.051297445,0.038287833,0.0025628977
280.45926,0.05154699,0.03878557,0.005091881
280.47586,0.05157816,0.0397856,0.004529253
280.49222,0.051889855,0.040672027,0.0039640157
280.5093,0.05197267,0.040981054,0.006220097
280.5257,0.051855158,0.041796025,0.005795859
280.5424,0.0517562,0.042235326,0.005037374
280.5595,0.051293418,0.0424594,0.007315191
280.57605,0.051395204,0.042735897,0.006681699
280.59274,0.0513277,0.042887896,0.0057938215
280.60968,0.05122751,0.042785797,0.008126915
280.62625,0.050962403,0.04228772,0.007343928
280.6431,0.050164588,0.041891783,0.006467712
280.65945,0.049962014,0.041624926,0.008836251
280.67596,0.049303845,0.041034125,0.0078113093
280.69278,0.048567403,0.04041564,0.0068946704
280.7093,0.048511956,0.040191595,0.009205997
280.72604,0.048051912,0.03976468,0.008239058
280.74292,0.047356267,0.039368648,0.0073412163
280.75995,0.046691746,0.039418895,0.009658764
280.7763,0.046369135,0.03884958,0.008806493
280.79276,0.045686297,0.038495526,0.0076774177
280.80945,0.045257844,0.03821242,0.009850224
280.82663,0.044536203,0.03759815,0.008803176
280.84305,0.04394753,0.037532166,0.011147299
280.86,0.04324956,0.036802758,0.009991501
280.8763,0.042692173,0.036108173,0.008938803
280.89337,0.04193651,0.03579521,0.007698266
280.90958,0.04115675,0.03570013,0.010030574
280.9269,0.04042375,0.035469428,0.008659318
280.94318,0.040310625,0.035301834,0.01108109
280.96,0.039612122,0.03499407,0.0096941935
280.97644,0.039016753,0.034586504,0.008499848
280.99326,0.038834747,0.03454916,0.010622063
281.0104,0.038376763,0.0343318,0.009318394
281.0266,0.0375174,0.033991747,0.008112649
281.0433,0.036697272,0.03376365,0.0065352162
281.05975,0.036082257,0.03372025,0.00858133
281.0762,0.035372186,0.033712927,0.007000909
281.09286,0.034890607,0.033405595,0.00896239
281.1098,0.034355097,0.03321127,0.0073757395
281.12662,0.03366836,0.0329753,0.00589449
281.14316,0.033302937,0.032908164,0.007903392
281.15976,0.032688502,0.032779723,0.006223572
281.1761,0.032043308,0.032370202,0.0045205792
281.19302,0.0317363,0.03255582,0.006295733
281.20984,0.030883996,0.032366995,0.0046187085
281.22595,0.030514266,0.032044504,0.0028270716
281.24307,0.029700022,0.031740412,0.00076494494
281.25986,0.028860064,0.030985808,-0.0009836796
281.27646,0.028377226,0.030239157,-0.002816208
281.29297,0.028290253,0.030320365,0.0029217103
281.30957,0.027661676,0.029723778,0.0010884946
281.32672,0.027230788,0.028983817,-0.0007852794
281.3431,0.02661548,0.028458485,-0.0024813316
281.3598,0.025883013,0.0279705,-0.004519604
281.3765,0.025801545,0.02804562,0.0012954643
281.39288,0.024670696,0.027088195,-0.0045666336
281.40958,0.024043567,0.026383646,-0.006630493
281.4265,0.023444027,0.025629979,-0.008696698
281.44296,0.022738298,0.025454149,-0.0065838373
281.45935,0.022204965,0.024705477,-0.00861797
281.47632,0.021929557,0.02425386,-0.006835726
281.493,0.021594903,0.023484955,-0.008610446
281.5095,0.021025328,0.022886438,-0.010474634
281.5263,0.020864759,0.02254721,-0.008633056
281.54285,0.020404771,0.022102417,-0.010424077
281.55963,0.020241698,0.020762334,-0.012444598
281.57687,0.019513715,0.020497654,-0.010311485
281.59277,0.019107891,0.019081008,-0.012041477
281.60944,0.018976502,0.017492268,-0.014173033
281.62634,0.018769022,0.01661666,-0.012077288
281.643,0.01871394,0.014551718,-0.013795409
281.66022,0.018589865,0.012844964,-0.0154464105
281.67636,0.018763684,0.011435533,-0.013151053
281.69324,0.018909102,0.008863393,-0.014922826
281.7099,0.018956123,0.006284236,-0.016359638
281.72638,0.019188587,0.0048035174,-0.0141448565
281.74295,0.019387178,0.002109708,-0.015637275
281.75958,0.01976897,-0.0010420957,-0.01706351
281.7765,0.019989086,-0.0021506725,-0.0147416415
281.79297,0.020344526,-0.005151372,-0.01587226
281.80948,0.020744422,-0.0065020835,-0.013541956
281.8265,0.021344027,-0.009823744,-0.01469086
281.84296,0.022197463,-0.012601582,-0.01568523
281.85922,0.02225617,-0.01396114,-0.013109557
281.8763,0.022536665,-0.016691333,-0.014242815
281.89273,0.022923479,-0.019349447,-0.014942246
281.9098,0.02334155,-0.020264402,-0.012437105
281.92657,0.023694571,-0.022351585,-0.01305426
281.9431,0.024305664,-0.023578225,-0.0137032475
281.95944,0.024062116,-0.024100065,-0.011019541
281.9766,0.024372611,-0.025110546,-0.011766799
281.993,0.024645995,-0.024772067,-0.012294129
282.00967,0.02449888,-0.024284082,-0.009582759
282.02618,0.024581233,-0.023308692,-0.010231166
282.04263,0.024685062,-0.021943547,-0.010957762
282.05948,0.024751406,-0.021868495,-0.0048924806
282.0762,0.024803694,-0.019200992,-0.0089062
282.0927,0.0242612,-0.016554885,-0.009503363
282.10925,0.023649603,-0.0154823335,-0.0069017173
282.1259,0.023669954,-0.013265813,-0.00758784
282.14273,0.024103506,-0.012024689,-0.004852169
282.15927,0.02357848,-0.008937433,-0.0054480997
282.1759,0.023419304,-0.0062195947,-0.00617605
282.19275,0.023469392,-0.0036668223,-0.0068896012
282.20923,0.023455104,-0.0018809232,-0.004057229
282.22592,0.022962015,0.0019138225,-0.0048368643
282.2425,0.022870589,0.0035715126,-0.0020959694
282.25925,0.022594742,0.0063016945,-0.0028270278
282.27612,0.022062395,0.009051844,-0.0035656965
282.2926,0.021469431,0.010332988,-0.00072281685
282.30972,0.021063274,0.013179757,-0.0015192716
282.32617,0.021226633,0.015848065,-0.00209225
282.34277,0.020948969,0.017131701,0.00063802814
282.3595,0.02033302,0.0200096,-0.00012603901
282.37622,0.01990453,0.022979433,-0.00082829257
282.39273,0.019754233,0.02433005,0.002000313
282.40985,0.019245949,0.026866896,0.0012070811
282.42645,0.018518958,0.030189838,0.0006561303
282.443,0.017971437,0.03176518,0.0034140884
282.45953,0.017122565,0.034576323,0.0026039125
282.47614,0.016553037,0.037415266,0.0017716719
282.49274,0.01554662,0.03880983,0.004623354
282.50943,0.014482175,0.04187527,0.003718624
282.52597,0.013290919,0.04467374,0.002907505
282.5428,0.013265513,0.046290196,0.005638192
282.5599,0.012312338,0.04956992,0.004818484
282.5764,0.010983019,0.052391555,0.0042100507
282.59262,0.010751117,0.05355521,0.0069019604
282.60953,0.009793391,0.05608214,0.005918533
282.6265,0.008820899,0.058603734,0.0051017315
282.64346,0.008264081,0.059953313,0.007937448
282.65985,0.0068834345,0.06305956,0.0033280407
282.67673,0.0057884217,0.064752795,0.002255832
282.69305,0.0055770474,0.064771675,0.008782141
282.7096,0.004330258,0.06664154,0.0075908517
282.72656,0.0030465226,0.068280295,0.0064832335
282.74286,0.0019213683,0.069705084,0.0055551445
282.76007,0.0010226881,0.07097764,0.004329557
282.77603,0.0007854376,0.0709807,0.011011795
282.7933,-0.00037298864,0.072319396,0.009660794
282.8092,-0.0015447638,0.07354244,0.008769145
282.82703,-0.0023716267,0.07527714,0.0034752782
282.84335,-0.003502457,0.075570345,0.006615065
282.8595,-0.0041666063,0.07660028,0.0052134283
282.87668,-0.005082519,0.07682941,0.003735033
282.89343,-0.0054705036,0.07693086,0.006593029
282.90942,-0.0061206166,0.077092655,0.0052778115
282.92627,-0.006699366,0.077055275,0.007690274
282.94278,-0.0070270607,0.076911606,0.006369273
282.9594,-0.0071382127,0.07648904,0.0047821975
282.97598,-0.007772329,0.0759816,0.007505523
282.99292,-0.00808425,0.07518235,0.0060051954
283.01028,-0.007872101,0.074105226,0.004686006
283.02652,-0.0075896154,0.07374013,0.0076832054
283.0429,-0.0077865734,0.07291228,0.006077996
283.0602,-0.007854033,0.072014116,0.0045618145
283.07642,-0.0077823596,0.071458146,0.007430549
283.09308,-0.007835298,0.07051823,0.005859061
283.11047,-0.00801478,0.06945343,0.0044968883
283.1264,-0.007696844,0.06922285,0.0073883776
283.1429,-0.007574314,0.0681706,0.005724716
283.15973,-0.0072998777,0.06665314,0.004266707
283.17645,-0.007570138,0.0660908,0.0069819544
283.19318,-0.0075142845,0.06480561,0.0056228675
283.20996,-0.007535034,0.064466186,0.008257765
283.2266,-0.007474364,0.06357031,0.0069149877
283.2428,-0.007297986,0.0623261,0.005479166
283.25955,-0.0071896217,0.060982116,0.003885035
283.27612,-0.007054397,0.06053186,0.006564587
283.29297,-0.006797602,0.059526417,0.0051074666
283.30975,-0.0067057703,0.058777258,0.007813893
283.32642,-0.0063489405,0.057481308,0.006406304
283.34317,-0.0059689204,0.056352947,0.0049152323
283.3596,-0.005931604,0.055681635,0.007556575
283.3762,-0.0055237883,0.054241993,0.005985603
283.39294,-0.005172499,0.052797664,0.004464041
283.40942,-0.0049239974,0.05214477,0.007150933
283.4264,-0.004366953,0.050503653,0.005609719
283.4427,-0.0038173338,0.048884314,0.0041973246
283.46033,-0.0032123998,0.04709631,0.0025327688
283.47623,-0.0030005944,0.04623579,0.00557775
283.493,-0.0026200598,0.045138806,0.0037854153
283.50967,-0.0022379432,0.044114325,0.0065488745
283.527,-0.0017807279,0.042566612,0.0050814077
283.54272,-0.0018420673,0.0413581,0.0039775306
283.55954,-0.0017063603,0.04074536,0.006257356
283.576,-0.0015640385,0.039553337,0.0049202037
283.59308,-0.0014050142,0.03852117,0.003436072
283.60962,-0.0020543067,0.037755203,0.0063270316
283.62625,-0.0028416403,0.037349842,0.004922226
283.64282,-0.0036514024,0.037238922,0.0035621705
283.65982,-0.004151603,0.037737668,0.0062477533
283.67645,-0.0056790444,0.038178977,0.0050134477
283.69296,-0.0076260944,0.03935239,0.0036124792
283.70996,-0.008574671,0.040067818,0.0062853103
283.72623,-0.010403418,0.041020554,0.005007521
283.7427,-0.011910579,0.041913107,0.0076417224
283.76007,-0.014324352,0.043313332,0.0061479122
283.77615,-0.016790358,0.044933043,0.0049886312
283.79285,-0.018612027,0.04559582,0.0074943644
283.80975,-0.02108077,0.04669513,0.0060856417
283.82645,-0.023318663,0.04764094,0.004789455
283.84274,-0.024256539,0.04831014,0.0075160023
283.8591,-0.026420778,0.04909757,0.005995648
283.87576,-0.028345592,0.049490016,0.0045598242
283.89252,-0.029037472,0.0496266,0.007340898
283.90958,-0.030265227,0.04979483,0.0061777886
283.92633,-0.03163868,0.049808223,0.005107204
283.94287,-0.032106716,0.049287185,0.008024588
283.95926,-0.03262646,0.048921794,0.0067363507
283.9763,-0.033074915,0.048681084,0.0054088556
283.99274,-0.033575412,0.048402432,0.008477906
284.0093,-0.03363909,0.04798396,0.0071614855
284.02612,-0.03346225,0.047248617,0.005931546
284.0432,-0.0332521,0.047282103,0.008933802
284.0595,-0.033322446,0.046329394,0.007940528
284.0762,-0.033032686,0.045371838,0.0066448273
284.0931,-0.03280827,0.04454052,0.009565914
284.10953,-0.03189686,0.04332616,0.008507051
284.126,-0.031430263,0.042404603,0.00726181
284.1429,-0.030995732,0.041587006,0.00601681
284.1594,-0.03002618,0.040010683,0.0049750297
284.1759,-0.030165067,0.039906103,0.011924683
284.19275,-0.029272601,0.03875976,0.01063894
284.20926,-0.02841669,0.03730641,0.009563152
284.22632,-0.02718918,0.03582021,0.008292979
284.24304,-0.025424192,0.03445469,0.007212189
284.25946,-0.024236074,0.033168644,0.0061093643
284.27594,-0.023322273,0.032489628,0.008961801
284.29272,-0.021852242,0.03130843,0.007719101
284.30954,-0.020559458,0.030077871,0.0066312775
284.32602,-0.019642742,0.029338665,0.009604195
284.34274,-0.018678356,0.028464992,0.008372284
284.35922,-0.01728944,0.027964698,0.007278278
284.37592,-0.016448433,0.027588336,0.010069172
284.3927,-0.015086719,0.026863333,0.008963755
284.40933,-0.014108503,0.026189031,0.007830035
284.42627,-0.01384221,0.026061725,0.010782438
284.44275,-0.012638827,0.025427753,0.009690316
284.46082,-0.011480246,0.024883132,0.008362238
284.47614,-0.011296669,0.024667902,0.011930478
284.49274,-0.010761507,0.024101555,0.010120817
284.51028,-0.009761436,0.023641447,0.008820963
284.52667,-0.009352143,0.023375956,0.012172668
284.54288,-0.008800054,0.022794966,0.010798324
284.55957,-0.008545643,0.022785988,0.013588615
284.57605,-0.008007686,0.022129305,0.012278427
284.5926,-0.007489317,0.021928532,0.010821927
284.6094,-0.0072449064,0.021904284,0.013681718
284.62613,-0.0071589095,0.021458318,0.012277931
284.643,-0.0071534947,0.021579612,0.0107835615
284.6595,-0.0067878226,0.021427408,0.0136896875
284.67664,-0.0065318886,0.021662522,0.012010734
284.6933,-0.0068468917,0.021550657,0.010610088
284.70978,-0.0068276664,0.021202078,0.0133842155
284.7268,-0.0063142977,0.020948794,0.011587777
284.74362,-0.0064017363,0.021133142,0.009971553
284.76004,-0.0065147,0.021052467,0.012808527
284.77676,-0.0061523537,0.020818435,0.010898287
284.79324,-0.005753198,0.020604841,0.009186682
284.8098,-0.005500711,0.020849498,0.011745292
284.82632,-0.005870363,0.020774188,0.009955601
284.84317,-0.005871212,0.02093907,0.00806326
284.85986,-0.0057592653,0.02087513,0.0108219
284.8761,-0.0055258693,0.020904286,0.008983166
284.89343,-0.0055952813,0.021142136,0.0068979682
284.90933,-0.005785465,0.021303067,0.00994949
284.92612,-0.0058814576,0.021468297,0.007763423
284.943,-0.005729625,0.021135295,0.005913899
284.95984,-0.0057042986,0.021593653,0.008672742
284.97632,-0.005659908,0.02161736,0.0068232776
284.99298,-0.0055342326,0.021678202,0.0047858045
285.00946,-0.0051709013,0.02121874,0.007491706
285.02637,-0.0051442543,0.021685787,0.010080525
285.04294,-0.0051756534,0.02178258,0.0083016995
285.0597,-0.004774749,0.021944875,0.0063710813
285.0763,-0.0043961178,0.022207893,0.0044683376
285.093,-0.004517881,0.022338161,0.007219834
285.10968,-0.0044385395,0.022955235,0.005275617
285.12625,-0.004560653,0.023659851,0.003422828
285.1431,-0.0043644817,0.02348559,0.0061619678
285.15964,-0.0046328837,0.024032427,0.0043717595
285.17627,-0.0050363042,0.024547962,0.002495343
285.19284,-0.0048323832,0.024579939,0.005217499
285.20975,-0.0052938126,0.025003703,0.0033374662
285.22647,-0.0059539466,0.0251292,0.0017217431
285.24298,-0.00645002,0.025562245,0.0044320943
285.2602,-0.0072798966,0.026030397,-0.002067757
285.27634,-0.007378938,0.026002357,0.005548286
285.29294,-0.007958021,0.025970679,0.00358107
285.30978,-0.008502587,0.026738485,0.0016406752
285.32632,-0.009769647,0.027093314,-0.00004339336
285.34286,-0.010809481,0.027405102,-0.0017838037
285.36026,-0.011669003,0.027975785,-0.0035618881
285.3763,-0.011777244,0.027930342,0.004183109
285.3931,-0.013223469,0.028548544,0.0021485284
285.4095,-0.015055791,0.028961336,0.00049378624
285.42606,-0.016617022,0.029362887,-0.0013020091
285.4427,-0.017903693,0.029621774,-0.0030665647
285.45932,-0.018013325,0.029555216,0.004343712
285.4768,-0.019680941,0.030001607,0.0026398655
285.493,-0.022090461,0.030462869,-0.0032308728
285.5096,-0.023927163,0.03052642,-0.0050934996
285.52625,-0.024743209,0.030643854,-0.002270785
285.543,-0.026654338,0.030463876,-0.003961797
285.55957,-0.028559327,0.030548325,-0.0055899364
285.57635,-0.029558767,0.030748142,-0.002758473
285.593,-0.031340472,0.03064654,-0.0043524667
285.61008,-0.033114254,0.030350136,-0.0060255514
285.6261,-0.03393179,0.029916348,-0.0029158106
285.6427,-0.035577975,0.029714439,-0.0048403987
285.65945,-0.03741378,0.029173382,-0.0064877192
285.67627,-0.038288403,0.029005298,-0.0035156384
285.69278,-0.040010147,0.028362842,-0.0050152102
285.70953,-0.040866695,0.027780075,-0.0021464096
285.72632,-0.042747967,0.027186757,-0.0036789435
285.74286,-0.04354767,0.027076567,-0.0006275281
285.75995,-0.0457797,0.026366154,-0.006738134
285.77603,-0.046615135,0.025714297,-0.0035329384
285.7928,-0.048223622,0.024917811,-0.005321451
285.80948,-0.04922917,0.024707098,-0.002282135
285.82614,-0.05071655,0.023748858,-0.0037440897
285.8427,-0.052193087,0.022895435,-0.0052126525
285.8595,-0.0530107,0.022283766,-0.0021789651
285.87607,-0.054478522,0.02134253,-0.0035588616
285.89258,-0.05575639,0.020484934,-0.005010163
285.90927,-0.056610253,0.020279983,-0.0019838181
285.92603,-0.057830166,0.019306455,-0.0033454858
285.94272,-0.05879371,0.018437179,-0.0046230895
285.95926,-0.059202712,0.017874252,-0.0015096708
285.97607,-0.060269378,0.01685091,-0.0028143285
285.9926,-0.061269417,0.015774945,-0.0039643277
286.0093,-0.061697476,0.015129188,-0.00080396136
286.026,-0.06262989,0.013919574,-0.0019286592
286.04272,-0.0633329,0.012850299,-0.00305015
286.05933,-0.0639092,0.0129451305,0.00022814762
286.0761,-0.064377114,0.011839905,-0.0008319933
286.09256,-0.06484342,0.010641858,-0.0017934089
286.10934,-0.06510725,0.010195206,0.0014028058
286.12592,-0.06544826,0.009120861,0.0004776978
286.14276,-0.06591282,0.008358069,-0.0004971934
286.15915,-0.06591511,0.007341787,0.0028589205
286.1761,-0.06618567,0.0061306157,0.0017701634
286.19272,-0.065866604,0.0055510746,0.00094055076
286.20947,-0.06607869,0.005236076,0.004213388
286.2261,-0.06609456,0.0044465126,0.0033102664
286.24277,-0.066083655,0.0035499695,0.0022850623
286.25983,-0.066203125,0.0034007088,0.0055703092
286.27652,-0.06546643,0.002763743,0.0047833724
286.29282,-0.06524183,0.0019586964,0.0037299583
286.30957,-0.06496797,0.0011875472,0.0069107916
286.32614,-0.064010225,0.0006079682,0.0058779563
286.34286,-0.06341378,0.00059847586,0.0048273015
286.3596,-0.06322001,0.00008480407,0.0082122525
286.37637,-0.062889226,-0.00036298862,0.007179106
286.39288,-0.06286218,-0.00057728036,0.010550755
286.40955,-0.06167857,-0.0007509134,0.009376643
286.4265,-0.061104648,-0.0011761017,0.008296344
286.44315,-0.060865726,-0.0014844049,0.011725623
286.4598,-0.060124926,-0.0019211546,0.010602649
286.47604,-0.05915775,-0.0023302326,0.009484018
286.49283,-0.058532193,-0.002606248,0.012541547
286.50952,-0.057912562,-0.0030127096,0.011492836
286.52652,-0.057239555,-0.003470127,0.010356612
286.54312,-0.056724653,-0.0036702692,0.013768261
286.55954,-0.055995185,-0.0038204014,0.012527909
286.5765,-0.055142608,-0.0042220596,0.011138866
286.59314,-0.05497795,-0.004141487,0.014472547
286.60968,-0.05414498,-0.004303849,0.013157762
286.62625,-0.053264573,-0.0045407275,0.011756135
286.64273,-0.052782305,-0.0047447393,0.014861095
286.65933,-0.05214864,-0.0047367406,0.013400939
286.6762,-0.051129814,-0.0053803083,0.012058555
286.6933,-0.0506351,-0.00561177,0.010670446
286.71005,-0.050210416,-0.0059107286,0.009342383
286.72644,-0.05018784,-0.006104968,0.017076444
286.74335,-0.050498288,-0.0065167267,0.015418199
286.7601,-0.050707374,-0.007245464,0.0141184945
286.7768,-0.050395206,-0.0077650957,0.012587915
286.79254,-0.050289813,-0.008402348,0.010853379
286.80954,-0.04999901,-0.009155344,0.008767481
286.82614,-0.049415983,-0.009233054,0.011915021
286.84293,-0.048821285,-0.009775582,0.010153566
286.86005,-0.048169717,-0.009695868,0.008452817
286.8764,-0.04731427,-0.009732411,0.0068529174
286.89316,-0.046679955,-0.010213536,0.009667117
286.90967,-0.045521982,-0.009825281,0.007836683
286.92642,-0.04536663,-0.009497054,0.010707328
286.9428,-0.04435094,-0.009580584,0.008854646
286.9595,-0.043077327,-0.009460656,0.006854123
286.9761,-0.042346817,-0.009629474,0.009806585
286.9931,-0.04111998,-0.009043493,0.007957573
287.0095,-0.039992776,-0.008554287,0.0062568393
287.02625,-0.039320536,-0.008956483,0.009096203
287.04306,-0.038171552,-0.008586679,0.007271556
287.05978,-0.03706302,-0.008018661,0.005452552
287.07632,-0.036852267,-0.007859897,0.008439856
287.09302,-0.035674363,-0.0076566134,0.006535229
287.10922,-0.034386974,-0.007357529,0.004679358
287.12622,-0.033504076,-0.0071520926,0.0073747216
287.14276,-0.032256622,-0.006850414,0.005662799
287.15976,-0.031241871,-0.0068358076,0.0037275515
287.17636,-0.030792965,-0.006881134,0.006855203
287.19287,-0.029430741,-0.006574812,0.0049042515
287.2095,-0.028381655,-0.0062170397,0.0029063278
287.22623,-0.02847273,-0.005969283,0.0058304584
287.24307,-0.027510403,-0.005954028,0.0039614583
287.25983,-0.026446588,-0.0059048147,0.002139592
287.2764,-0.02577342,-0.0059467037,0.005073332
287.29294,-0.025048014,-0.0059052543,0.0030487485
287.3095,-0.024295436,-0.0055477377,0.00094202004
287.32635,-0.023876635,-0.0056595067,0.0038778835
287.34293,-0.023174804,-0.005365299,0.0018548748
287.36026,-0.022565654,-0.005165927,-0.0001596258
287.37665,-0.022697138,-0.0049791005,0.0030382313
287.3929,-0.021863243,-0.004813661,0.00097271404
287.40967,-0.021391863,-0.004936265,0.0036270444
287.42615,-0.020765899,-0.005162405,0.0017984186
287.44275,-0.020398133,-0.0048633027,-0.00019962042
287.45963,-0.020193817,-0.0046159565,0.002757472
287.47647,-0.019398956,-0.004572513,0.0010373647
287.49316,-0.01889353,-0.0047510285,-0.00079322857
287.50974,-0.018924436,-0.004878112,0.002285375
287.5263,-0.019031081,-0.0049949754,0.0003393952
287.54297,-0.01846722,-0.0047318386,-0.0015285946
287.5597,-0.018146176,-0.0048320433,0.0014829788
287.5763,-0.017763093,-0.004745126,-0.00037068618
287.59308,-0.017318599,-0.0040809917,-0.0022361337
287.6096,-0.017319845,-0.0034107673,0.0008213046
287.62714,-0.016690766,-0.0025340095,-0.0010607501
287.64304,-0.0161324,-0.0016010968,-0.0024552236
287.65958,-0.016126245,-0.0016611691,0.0049944385
287.67596,-0.0152806025,0.0002495512,-0.0016969901
287.69345,-0.014716656,0.0017721488,-0.003594582
287.70966,-0.014349125,0.002385492,-0.00025522534
287.7263,-0.013787468,0.0038764372,-0.002213153
287.74283,-0.01271957,0.005910197,-0.0038896655
287.7595,-0.012165762,0.0067034867,-0.0010156961
287.77603,-0.011690052,0.007819399,-0.0026353702
287.7927,-0.011880256,0.008736713,0.00022310141
287.8095,-0.01106243,0.010417578,-0.0014697748
287.82608,-0.010915586,0.01196135,-0.0031414365
287.84268,-0.010623831,0.012344829,-0.00012809118
287.85928,-0.010430768,0.014273398,-0.0019040373
287.87598,-0.009868008,0.015776344,-0.0036147372
287.89264,-0.009802542,0.016552307,-0.00057048665
287.9095,-0.0099822935,0.017223183,-0.0022854335
287.92587,-0.009994919,0.01837229,-0.0039101825
287.94272,-0.010084947,0.019241696,-0.0009834571
287.95944,-0.010070405,0.020579016,-0.0026501894
287.97623,-0.010115604,0.02143202,-0.0043570404
287.99277,-0.00984498,0.021716882,-0.0012444359
288.0095,-0.0099212965,0.022743355,-0.0030438094
288.02615,-0.010089162,0.023367641,-0.004789744
288.0427,-0.010702165,0.02368229,-0.0017665251
288.05927,-0.010610894,0.024604216,-0.0036583943
288.07605,-0.0106730135,0.025747376,-0.0054288637
288.09283,-0.010587979,0.026334979,-0.0023111224
288.1094,-0.011159593,0.026481852,0.00080745557
288.12604,-0.010900595,0.027018292,-0.0009101935
288.1427,-0.010948943,0.027937079,-0.0026114502
288.15927,-0.011543142,0.028433492,-0.0041901716
288.1758,-0.011966794,0.027633311,-0.0057145613
288.19254,-0.012593095,0.02658073,-0.0072725844
288.20908,-0.0133331325,0.025725007,-0.008826913
288.2257,-0.013433002,0.025672724,-0.0010464232
288.24252,-0.014319994,0.023452608,-0.0024982963
288.25937,-0.015680596,0.020038065,-0.003793322
288.27585,-0.016919045,0.017329164,-0.0050777993
288.2926,-0.018533083,0.014202894,-0.006488738
288.30936,-0.020357298,0.009207615,-0.0077456757
288.32635,-0.020763084,0.006344756,-0.0043768785
288.34286,-0.022437982,0.0015207882,-0.005466281
288.35938,-0.024110526,-0.003782853,-0.0067472914
288.37625,-0.025919955,-0.010118037,-0.007955436
288.393,-0.026737582,-0.013377292,-0.0044630496
288.40964,-0.02792232,-0.019455442,-0.0055056573
288.42636,-0.02846612,-0.022634266,-0.0020647114
288.44272,-0.03015567,-0.029144684,-0.0031395834
288.45947,-0.031451676,-0.03649411,-0.0042230226
288.4761,-0.03180963,-0.040019974,-0.0007825305
288.493,-0.03275138,-0.046644952,-0.001795477
288.5098,-0.033735238,-0.05279039,-0.0025124496
288.52612,-0.03393717,-0.05609311,0.0009299063
288.5427,-0.03464713,-0.062209252,-0.00016923108
288.56046,-0.035148345,-0.06750454,-0.0010824216
288.5762,-0.035183012,-0.06985849,0.002852107
288.593,-0.03558225,-0.0748687,0.0016063254
288.6098,-0.035843655,-0.0792779,0.0007992223
288.6261,-0.035857365,-0.0816806,0.0043693893
288.64285,-0.035775088,-0.08522697,0.0032408116
288.6596,-0.035394188,-0.08679088,0.0067489427
288.67624,-0.035330668,-0.08998259,0.005779126
288.6925,-0.03505525,-0.092841074,0.0047292765
288.70932,-0.03470253,-0.09401833,0.007936059
288.726,-0.034385815,-0.09580163,0.0068994616
288.74344,-0.033763215,-0.097793795,0.0057652206
288.75974,-0.033099294,-0.09944108,0.0049190205
288.77652,-0.032813188,-0.099960715,0.008003883
288.79254,-0.032139104,-0.100623876,0.0068180105
288.80908,-0.031289376,-0.10116298,0.009829968
288.82584,-0.030405039,-0.10178842,0.008465479
288.8425,-0.029726854,-0.1018517,0.0071081333
288.85947,-0.029326716,-0.10196813,0.014956096
288.87592,-0.028403107,-0.101391345,0.008910905
288.8926,-0.027715344,-0.10092349,0.00716196
288.9092,-0.02715778,-0.10060277,0.010268655
288.92593,-0.026545724,-0.09946147,0.008512747
288.94275,-0.026002727,-0.098369375,0.006841079
288.96027,-0.025668826,-0.09791258,0.009971057
288.97644,-0.024861643,-0.096730985,0.008634334
288.99374,-0.02420812,-0.09515666,0.006648132
289.00974,-0.023810439,-0.09407363,0.00992268
289.02618,-0.023275374,-0.09282542,0.007818225
289.04333,-0.022803895,-0.09119073,0.0059558926
289.06,-0.022057012,-0.08977807,0.009152006
289.07678,-0.021404076,-0.087222144,0.007402783
289.0934,-0.020770052,-0.08463244,0.00558672
289.1099,-0.02076799,-0.0838159,0.008657085
289.12668,-0.020414764,-0.08104681,0.0066887196
289.14313,-0.020058447,-0.07787758,0.004929554
289.15964,-0.019516002,-0.07650122,0.00790604
289.17627,-0.019197257,-0.07341505,0.006036766
289.19302,-0.019042883,-0.0705289,0.004352209
289.2095,-0.01869276,-0.06870264,0.007423157
289.22684,-0.01862232,-0.066113584,0.0057596993
289.24362,-0.018555814,-0.06304191,0.004434488
289.26038,-0.018650895,-0.061650816,0.0075872783
289.27646,-0.018201673,-0.058849808,0.006075271
289.29318,-0.01803089,-0.0574667,0.008850975
289.30942,-0.017734114,-0.054842677,0.0073390123
289.32687,-0.017184203,-0.05335726,0.010225003
289.34335,-0.017201852,-0.05082098,0.009065598
289.35983,-0.017224327,-0.048488837,0.0074342107
289.37628,-0.017033994,-0.045735348,0.0057321806
289.39313,-0.01669815,-0.044396956,0.008780957
289.4098,-0.016865008,-0.04205077,0.007307644
289.42615,-0.01690277,-0.039531086,0.005800287
289.44293,-0.01657118,-0.038099438,0.00884629
289.4599,-0.016650902,-0.035808846,0.007408412
289.47653,-0.016442833,-0.033703715,0.0060837925
289.49313,-0.016643131,-0.03270499,0.0092133675
289.50995,-0.016423311,-0.030658355,0.0076858103
289.52606,-0.016444776,-0.029676357,0.010879447
289.54297,-0.016307186,-0.027813766,0.009035881
289.55978,-0.016254647,-0.025906771,0.007610429
289.57632,-0.016273912,-0.024080945,0.0059301276
289.59305,-0.015960816,-0.022441546,0.00424626
289.60962,-0.01583706,-0.020782419,0.0026947407
289.62625,-0.01575607,-0.020843886,0.010476609
289.643,-0.01595545,-0.018932797,0.00870655
289.6597,-0.015903983,-0.017507574,0.0070417896
289.6763,-0.016102558,-0.015588925,0.0005311826
289.6928,-0.016036032,-0.014751394,0.003558196
289.7094,-0.016141405,-0.0135500515,0.0016352972
289.72647,-0.016276212,-0.012657563,-0.00022361017
289.743,-0.016498588,-0.012151854,0.002965779
289.7598,-0.017047364,-0.0113374675,0.0010885476
289.77637,-0.017190346,-0.010591885,-0.0006566762
289.793,-0.01669914,-0.010440558,0.0022805978
289.80942,-0.01632627,-0.010691332,0.0004356852
289.82617,-0.016624354,-0.010595396,0.00330303
289.84296,-0.016721448,-0.010323297,0.0015196642
289.85962,-0.016393777,-0.010613055,-0.00027725572
289.87643,-0.016123028,-0.010953699,0.0026865436
289.8928,-0.015892755,-0.011125988,0.0009213752
289.9097,-0.015843919,-0.010984013,-0.0010514967
289.92636,-0.015607721,-0.0114448,0.002037698
289.94287,-0.014853097,-0.011840078,0.00019246705
289.9598,-0.014111172,-0.012405405,-0.0017575466
289.97632,-0.014176645,-0.012549673,0.0013771364
289.99292,-0.013558157,-0.012640314,-0.000626219
290.00958,-0.013025825,-0.013072181,-0.0024585344
290.0263,-0.012401032,-0.01303174,0.00041181306
290.04288,-0.012257734,-0.012970381,-0.0013942458
290.05966,-0.012119537,-0.012609491,-0.0032577564
290.0765,-0.012263138,-0.012519177,-0.00026125094
290.09296,-0.012007102,-0.01255012,-0.001996864
290.10944,-0.011946856,-0.012580138,-0.003963812
290.126,-0.011843394,-0.012435437,-0.0010477455
290.14297,-0.012067691,-0.012011438,-0.0029211836
290.1594,-0.011805392,-0.012308614,0.00019359558
290.17636,-0.011680097,-0.012535831,-0.0017292217
290.193,-0.011922801,-0.012371442,-0.0034607635
290.20953,-0.01167954,-0.012433457,-0.005329236
290.2262,-0.011506321,-0.012853017,-0.0024092798
290.24307,-0.011145113,-0.01316834,-0.0042540245
290.25943,-0.011291067,-0.013440164,-0.0011977123
290.27625,-0.011414046,-0.012927515,-0.0031355517
290.29303,-0.011457926,-0.0129213,-0.0049765063
290.30972,-0.011402532,-0.012976639,-0.0018474773
290.32632,-0.01143581,-0.013414011,-0.0036971406
290.3433,-0.01141843,-0.013405423,-0.005415167
290.3597,-0.011612096,-0.013339194,-0.002316975
290.37646,-0.011536411,-0.013536193,-0.004115369
290.393,-0.011173597,-0.013179423,-0.0056672855
290.4099,-0.01112293,-0.013222377,0.002021295
290.42645,-0.011285496,-0.0133799035,-0.0041441694
290.4432,-0.011040584,-0.013550507,-0.005792051
290.45984,-0.010433873,-0.013645175,-0.0026078094
290.47668,-0.009964662,-0.014367714,-0.0041635768
290.49347,-0.009168022,-0.01533479,-0.0055101137
290.50983,-0.008429709,-0.01615002,-0.002180926
290.52682,-0.007268214,-0.017723678,-0.0037580563
290.54337,-0.0050847344,-0.01984636,-0.0048569376
290.55997,-0.0045228456,-0.020912752,-0.0017731638
290.5764,-0.0018614841,-0.02399142,-0.0030324245
290.59354,0.0009086195,-0.026530879,-0.0043429583
290.6101,0.0022395854,-0.02806185,-0.0010352476
290.62686,0.0058099055,-0.030752812,-0.0022462436
290.64285,0.0075834133,-0.032666955,0.0009065728
290.65976,0.011655981,-0.03590982,-0.000622968
290.67654,0.015415525,-0.03917687,-0.0017985217
290.69305,0.019243902,-0.04243747,-0.0031307312
290.7097,0.021430131,-0.044273112,0.00014133625
290.7263,0.025475493,-0.047746547,-0.0013594537
290.74332,0.027575513,-0.04930431,0.0019296521
290.75995,0.031116612,-0.05232117,0.0007296139
290.7766,0.035230197,-0.055416327,-0.0005933496
290.79333,0.03779984,-0.056526832,0.002707163
290.81006,0.042096194,-0.059907664,0.001511254
290.8265,0.04681267,-0.063038275,0.00033524353
290.84348,0.050921842,-0.066773765,-0.0010610985
290.86063,0.055753637,-0.06965027,-0.0021020619
290.87677,0.06032783,-0.072263665,-0.0031091147
290.893,0.06059636,-0.07203869,0.0043281843
290.90988,0.06460585,-0.07429246,0.0028582509
290.92667,0.0682602,-0.076270126,0.0016995353
290.94336,0.07249554,-0.078269094,0.0005207735
290.9598,0.0763349,-0.08022141,-0.00068944006
290.97665,0.07663821,-0.07993219,0.0068721194
290.9932,0.079763085,-0.08102665,0.0056466
291.00986,0.0830013,-0.08226834,0.0041904417
291.02655,0.08616243,-0.0833827,0.0028288655
291.0438,0.088566765,-0.084122464,0.0013450416
291.06,0.090579025,-0.08461594,0.00010729756
291.07693,0.09268733,-0.08506181,-0.0016068104
291.093,0.0937903,-0.08443521,0.0015011234
291.1098,0.09482968,-0.084361255,-0.00047304173
291.12646,0.09497458,-0.084024206,0.002569904
291.14328,0.09588193,-0.083255015,0.0009092839
291.1601,0.096499145,-0.082263425,-0.00068817957
291.1765,0.096393704,-0.08171232,0.0023272606
291.19327,0.09545584,-0.08001,0.000565001
291.20978,0.09461358,-0.0785365,-0.001056442
291.22647,0.09435756,-0.077795595,0.0018277812
291.2429,0.09315699,-0.07606408,0.00021381128
291.25998,0.091433026,-0.07404836,-0.0014782146
291.2767,0.09069863,-0.07251428,0.0017069603
291.29324,0.08897587,-0.07049658,0.00016245033
291.30972,0.08689091,-0.068445794,-0.0014270043
291.32642,0.08572439,-0.067063175,0.0015119632
291.34332,0.08288294,-0.064624764,-0.000012343818
291.35983,0.08154661,-0.06372234,0.0030886075
291.3764,0.07884512,-0.06140859,0.0014875173
291.3931,0.075467,-0.059217855,-0.00011585596
291.41016,0.07194693,-0.05660698,-0.0016628968
291.42642,0.07052046,-0.05509015,0.001533366
291.44318,0.06725032,-0.05299605,-0.00027366824
291.45978,0.06552574,-0.05162233,0.0027598343
291.4765,0.061864335,-0.04909517,0.0011976515
291.49335,0.058215264,-0.046418536,-0.00031877938
291.50998,0.05465125,-0.04402459,-0.001666355
291.52634,0.052700754,-0.042703133,0.0012694083
291.5431,0.048238803,-0.040157426,-0.00019768206
291.56018,0.04395196,-0.037455954,-0.0015325263
291.5767,0.0418007,-0.035945732,0.001709196
291.593,0.03749183,-0.033536248,0.0003475319
291.6099,0.03323786,-0.031611875,-0.0011538067
291.6269,0.03140253,-0.030178806,0.0020827425
291.6432,0.027777236,-0.027881024,0.0009811554
291.6596,0.025504641,-0.027232822,0.0039492194
291.67642,0.021691963,-0.025155231,0.0026791894
291.69333,0.018086005,-0.023100814,0.0015659232
291.70944,0.016356831,-0.022247821,0.004854454
291.7263,0.012799613,-0.020397322,0.0034581432
291.7429,0.0093710385,-0.018698223,0.0023539595
291.75986,0.007794813,-0.018237738,0.0055109495
291.7764,0.004466848,-0.016509678,0.0044926866
291.79306,0.001209591,-0.015213984,0.0032901221
291.80963,0.000024314639,-0.01438643,0.006499868
291.82632,-0.0025897739,-0.013137357,0.0052662753
291.84348,-0.0054498417,-0.0119918445,0.0040868167
291.85956,-0.0065521137,-0.011734231,0.00747987
291.87613,-0.008804127,-0.010487897,0.005970412
291.89304,-0.010985714,-0.009648415,0.004634081
291.9096,-0.012013532,-0.009685255,0.007877621
291.9261,-0.014398618,-0.008554785,0.0065353564
291.94302,-0.01624049,-0.008140931,0.0051629525
291.95975,-0.01713864,-0.0075733904,0.008405682
291.97623,-0.019084958,-0.006747158,0.0071054767
291.99274,-0.019899976,-0.006594968,0.010145383
292.00964,-0.0211675,-0.0058373194,0.008735778
292.02637,-0.022396937,-0.0050218077,0.0074945884
292.0431,-0.02304118,-0.005158299,0.010494867
292.0597,-0.02398388,-0.004716589,0.009144458
292.07623,-0.024246419,-0.0043486753,0.0076859235
292.09302,-0.024239624,-0.0037791564,0.010575401
292.11,-0.024511559,-0.0036777009,0.009121508
292.12643,-0.024546666,-0.00369135,0.0077769593
292.14313,-0.024193488,-0.0038204566,0.010616761
292.15967,-0.023877686,-0.003572796,0.009131426
292.1762,-0.023437873,-0.003422617,0.0075914892
292.19266,-0.022921482,-0.0038258182,0.01037704
292.20947,-0.021535484,-0.003996864,0.008764001
292.2263,-0.020633439,-0.003878249,0.0071891705
292.24304,-0.019875076,-0.0038289176,0.010138674
292.2596,-0.018308572,-0.004044501,0.00851221
292.27637,-0.01554751,-0.0040332964,0.0022304975
292.29352,-0.015532545,-0.0040908083,0.009629904
292.3097,-0.013555122,-0.004259485,0.008135118
292.32666,-0.011452635,-0.0046247584,0.0062492127
292.34335,-0.008625524,-0.0048659425,0.0046998495
292.3597,-0.0063698823,-0.0050256923,0.0029338615
292.37668,-0.0038540636,-0.0052393326,0.0010857326
292.3933,-0.0038343307,-0.0052535194,0.008558432
292.40994,-0.00065018685,-0.0056000394,0.00679362
292.4265,0.0023326506,-0.0059356205,0.004945666
292.4428,0.0054721367,-0.006197182,0.0030976683
292.46,0.008092579,-0.0063731736,0.0011812871
292.47647,0.010834891,-0.006470276,-0.00047017128
292.49335,0.012642629,-0.0067789145,0.0022120567
292.5097,0.015359881,-0.007104656,0.00044054014
292.52612,0.016731065,-0.0073078442,0.0030175257
292.54288,0.019945815,-0.00767026,0.0010807731
292.55963,0.022858849,-0.008019342,-0.00076153263
292.57605,0.024224633,-0.007950416,0.0019749943
292.59302,0.026980476,-0.008161074,0.0000046492855
292.60995,0.02990822,-0.008342824,-0.0016986306
292.6266,0.031251177,-0.008097805,0.0011242446
292.6429,0.033966336,-0.008066003,-0.0006947312
292.66043,0.036251705,-0.008040871,-0.0026156737
292.67673,0.037504204,-0.00825605,0.0004186312
292.6933,0.0400401,-0.007995866,-0.0014214827
292.70947,0.04266203,-0.007857521,-0.0032527603
292.7265,0.043988638,-0.007240589,-0.00064509374
292.74374,0.046318762,-0.0067732832,-0.0022508681
292.7599,0.04901549,-0.0066311997,-0.0037622286
292.77658,0.050417572,-0.006725707,-0.0011664699
292.7928,0.05248205,-0.006164772,-0.0029147035
292.8098,0.054638572,-0.005783149,-0.0048146877
292.82666,0.05565862,-0.005540862,-0.0019249459
292.84314,0.057663072,-0.0053516193,-0.0035818971
292.8597,0.05952177,-0.0051888647,-0.00529124
292.87653,0.059909232,-0.0046602017,-0.0026629502
292.893,0.061601736,-0.0041945516,-0.004189039
292.91022,0.06258134,-0.004188341,-0.005895681
292.92667,0.06323307,-0.004400724,-0.002908655
292.94336,0.06406573,-0.0040082717,-0.004643235
292.95978,0.06464801,-0.0039145234,-0.0061146077
292.97662,0.06464063,-0.004080948,-0.003444024
292.9935,0.06475102,-0.00411979,-0.004779538
293.00983,0.065024555,-0.004116916,-0.0060745724
293.02637,0.06493897,-0.003631823,-0.0033078035
293.04297,0.06490864,-0.0037066387,-0.004667675
293.05978,0.064839356,-0.0039026223,-0.0018109909
293.07632,0.064264216,-0.0038197222,-0.0029148662
293.09344,0.06375034,-0.003586315,-0.0041421624
293.10956,0.06370356,-0.0036076484,-0.0010138103
293.12653,0.06296301,-0.0038880166,-0.002320727
293.14352,0.062326312,-0.0039534764,-0.003307528
293.1598,0.061878994,-0.0036124694,-0.00015493682
293.17648,0.061391994,-0.0037920813,-0.0014387873
293.1931,0.06082967,-0.003867866,-0.0025669662
293.20963,0.06057526,-0.0037222235,0.0004066263
293.22644,0.059506282,-0.0035996474,-0.00076037255
293.243,0.05860589,-0.0035938525,-0.0018127711
293.25983,0.058230136,-0.0036927965,0.0010613559
293.27634,0.05744073,-0.004015562,0.000056989946
293.29318,0.056597043,-0.0037238693,-0.00113359
293.3099,0.05600325,-0.0031787376,0.001845242
293.32645,0.05529464,-0.003328708,0.0007195193
293.3432,0.05516088,-0.0035592483,0.0035785234
293.3597,0.054529577,-0.003752291,0.002435744
293.37656,0.053717464,-0.003588562,0.0011822238
293.3932,0.05300815,-0.0035194836,0.00006920917
293.4099,0.05250176,-0.0036035576,0.0029287753
293.42618,0.051870964,-0.0039646346,0.0017315287
293.4431,0.050914053,-0.0036685374,0.00028625334
293.4599,0.050291713,-0.00338629,0.0032375313
293.47665,0.049268674,-0.003453606,0.0019723435
293.4931,0.048719637,-0.0032300127,0.0049041766
293.50983,0.047543507,-0.003095786,0.0034781494
293.52655,0.04633676,-0.002681526,0.0022291173
293.5435,0.04587568,-0.0027786798,0.0050338805
293.55966,0.04491541,-0.0025384445,0.0038184794
293.5765,0.04383933,-0.0023646452,0.0022942012
293.59302,0.042887677,-0.0015367725,0.00514027
293.6099,0.04211811,-0.0012735443,0.0037029055
293.6266,0.041194867,-0.00096339075,0.0024166114
293.64297,0.04090872,-0.0006743242,0.005242637
293.65982,0.04008115,-0.00051793637,0.0037276973
293.67657,0.039802298,-0.00051246263,0.0066114063
293.69333,0.038970973,-0.00051949866,0.005205036
293.70975,0.037985906,-0.00043754355,0.003884852
293.72632,0.037445027,-0.00018011821,0.006449161
293.7429,0.036545377,0.00027638927,0.0049099713
293.7597,0.03575832,0.0003360896,0.0033331115
293.77646,0.034794286,0.0006268931,0.0017971796
293.79285,0.034145705,0.0010801924,0.00021649335
293.80957,0.033393472,0.0013527927,-0.0015809028
293.82635,0.03338866,0.0014679596,0.005316436
293.84274,0.0329097,0.0012819326,0.0037064992
293.85947,0.03225053,0.0012189733,0.0018360757
293.87616,0.031733073,0.0015538341,0.00007510445
293.89285,0.030972116,0.0014860793,-0.0016858579
293.90973,0.029804619,0.0012365311,-0.003414187
293.9265,0.029338026,0.0015841913,-0.00517111
293.94302,0.028779287,0.0019560908,-0.0025785165
293.9597,0.028119318,0.0020845924,-0.004549243
293.97638,0.027879663,0.0024263423,-0.0019210023
293.99274,0.026781159,0.0025143574,-0.0039033908
294.00977,0.02621491,0.0023539746,-0.0059116613
294.02658,0.026116988,0.0022435186,-0.0032503165
294.04327,0.025348904,0.002102449,-0.005095838
294.05954,0.024429386,0.0017486523,-0.006812198
294.07648,0.02396,0.0017759608,-0.004557227
294.09326,0.023145612,0.001953761,-0.0061481595
294.10974,0.023022354,0.0017633613,-0.007913843
294.12637,0.02266833,0.0019681326,-0.005440784
294.14285,0.022476973,0.0021504043,-0.0072531877
294.15967,0.022378454,0.002843275,-0.00903925
294.1764,0.022455404,0.0030195361,-0.0065277996
294.19302,0.022434365,0.003332476,-0.008204581
294.20966,0.022220999,0.0037588365,-0.005680374
294.2267,0.0225856,0.0044655083,-0.007427834
294.24274,0.022797247,0.005557027,-0.008890641
294.25952,0.02270833,0.0060349754,-0.0067086043
294.276,0.023332248,0.007251642,-0.008258587
294.293,0.024072044,0.008714748,-0.009895141
294.3096,0.024040207,0.00971648,-0.0072432524
294.32657,0.024638025,0.011125275,-0.008714489
294.34363,0.025370833,0.012705183,-0.01009913
294.35934,0.0261434,0.013553736,-0.0073078154
294.37616,0.027153626,0.01568616,-0.0091898795
294.3935,0.02806567,0.017272433,-0.01066463
294.40973,0.028306302,0.018185733,-0.0077248416
294.42645,0.029201452,0.02011822,-0.009336322
294.44293,0.030124499,0.021853363,-0.010682687
294.46002,0.030504392,0.021946572,-0.0081282165
294.47653,0.031233888,0.02328898,-0.009314514
294.49313,0.031789742,0.024899831,-0.010622036
294.51013,0.03209083,0.025664117,-0.007977477
294.5265,0.032658458,0.026459202,-0.009020575
294.543,0.033205256,0.027225439,-0.010321581
294.56,0.0334724,0.028296106,-0.0075641116
294.57675,0.034260627,0.029393207,-0.008576594
294.5933,0.03487291,0.030521167,-0.009573188
294.6104,0.034842614,0.03088524,-0.0068497076
294.62628,0.035245795,0.031681396,-0.007706036
294.64288,0.035547137,0.032736298,-0.008954141
294.65973,0.036071688,0.033080824,-0.00620716
294.67627,0.0362736,0.033928793,-0.0070872908
294.69272,0.036474694,0.034070283,-0.008046112
294.71005,0.03649678,0.034648087,-0.0052874205
294.72626,0.03660613,0.03541952,-0.0059647756
294.7432,0.03661063,0.035886977,-0.0070372336
294.7599,0.03667437,0.036058724,-0.0041316794
294.77646,0.03659124,0.036342673,-0.005003945
294.79288,0.036528505,0.036971573,-0.0059794933
294.81012,0.037100337,0.03687829,-0.0033208018
294.82648,0.03698116,0.03689157,-0.004003586
294.84323,0.0367691,0.037098058,-0.0050587333
294.8602,0.036513735,0.03732405,-0.0022385935
294.87692,0.03622952,0.03724206,-0.0030280228
294.8928,0.036393743,0.037017852,-0.00033403328
294.91046,0.0362596,0.036669135,-0.0015289956
294.9267,0.03643809,0.036875445,-0.002117628
294.94327,0.03608352,0.03707405,0.0004933152
294.96005,0.036227953,0.036941607,-0.00044070766
294.977,0.036289643,0.036790427,-0.0012994127
294.99338,0.03631302,0.037014578,0.0015208885
295.0104,0.0364127,0.037401367,0.0004193068
295.02695,0.036497694,0.037504937,-0.00047739723
295.04318,0.0362708,0.03741568,0.0021078375
295.05975,0.03628197,0.03748371,0.00085205596
295.07645,0.036483753,0.03757947,-0.0004394857
295.09293,0.0370156,0.037551917,0.0021418796
295.11008,0.036766015,0.037276864,-0.0030768113
295.12653,0.03695062,0.03731145,-0.004253592
295.14304,0.036834218,0.037426043,0.0019663125
295.15964,0.03698981,0.037210003,0.00049191265
295.17648,0.036755,0.03623719,-0.0009770014
295.1933,0.03656714,0.03548416,-0.0024977918
295.2096,0.036621336,0.03507308,-0.0039663245
295.227,0.036219556,0.033756875,-0.0055485796
295.24323,0.03610903,0.03387521,0.0009908185
295.2599,0.035765763,0.032661874,-0.0007628623
295.27652,0.035658523,0.031372152,-0.006194102
295.29327,0.035700575,0.030614028,-0.003934348
295.30972,0.035179622,0.02909867,-0.0053635403
295.32648,0.034983855,0.028021133,-0.0069256183
295.34348,0.035058483,0.027650716,-0.004509256
295.36047,0.0347884,0.026497869,-0.0058400123
295.37653,0.034742698,0.02587458,-0.0033740422
295.39334,0.034575965,0.02443863,-0.0049792374
295.4098,0.034086365,0.023085121,-0.0063201236
295.4267,0.034189567,0.021883473,-0.0077656303
295.44324,0.033349946,0.021147488,-0.0052226614
295.45978,0.033281982,0.020039467,-0.0065763122
295.47644,0.033612408,0.01961431,-0.004140466
295.49295,0.033448715,0.018778268,-0.005418473
295.50992,0.033278566,0.018111788,-0.0067282137
295.52637,0.033150993,0.017560208,-0.0041679177
295.5431,0.033015516,0.016274484,-0.0054432633
295.56052,0.03311069,0.016069122,-0.0065571214
295.57654,0.033108152,0.015608412,-0.0038165576
295.59308,0.032972883,0.014772139,-0.0051856404
295.60968,0.032645818,0.014211959,-0.006331794
295.6265,0.03270441,0.014110853,-0.003850026
295.64304,0.03248244,0.013681215,-0.0048329597
295.6601,0.03255129,0.012754913,-0.0059447545
295.67676,0.03193392,0.012546712,-0.003240101
295.6932,0.03189314,0.012140265,-0.0042325933
295.70987,0.031865224,0.0116305025,-0.0052677756
295.72638,0.031692013,0.011216673,-0.0027123005
295.7429,0.03155853,0.010608411,-0.003695432
295.75974,0.031280983,0.010437839,-0.004636818
295.77634,0.031339124,0.010433622,-0.0020433515
295.79303,0.031242305,0.010393093,-0.0029303213
295.8097,0.03149752,0.010235404,-0.00038820738
295.82672,0.03114461,0.010080343,-0.0012755636
295.843,0.03108476,0.010266429,-0.0020395843
295.85956,0.031050587,0.010545136,0.00037269635
295.87674,0.03073012,0.010582768,-0.0005787454
295.8929,0.030513352,0.0102828825,-0.0012751719
295.90955,0.03034057,0.010506891,0.0010781416
295.92667,0.030215457,0.0105476845,0.00014446233
295.94308,0.029950632,0.010810591,-0.0006186777
295.95944,0.029423127,0.010960862,0.0017375022
295.97604,0.029001173,0.011292122,0.00065376505
295.99274,0.028990345,0.011920134,-0.00030337358
296.0096,0.02852079,0.012399695,0.0022089782
296.0263,0.028445968,0.012760665,0.001302248
296.0428,0.028535193,0.013134435,0.003724213
296.05957,0.028038127,0.014412891,0.0026081747
296.07657,0.02760695,0.015577257,0.0015403269
296.0934,0.027134454,0.016133953,0.00399353
296.10983,0.026906725,0.017297601,0.0028516916
296.12656,0.026746511,0.018662462,0.001484297
296.1434,0.026588967,0.01997212,0.0002732223
296.15967,0.026009452,0.020308476,0.0024938518
296.17642,0.025440877,0.021245448,0.0010274139
296.19305,0.025312457,0.02171486,0.0032135416
296.20972,0.025026806,0.022684509,0.0017790208
296.22662,0.024452286,0.023490712,0.00033788692
296.24298,0.024481205,0.023782168,0.002450447
296.25958,0.023988731,0.02427322,0.00087655644
296.27618,0.023438282,0.025019035,-0.0006498799
296.29285,0.023075676,0.025347963,0.0014246603
296.30978,0.022525745,0.025979137,-0.00013293291
296.32666,0.022493087,0.025756637,-0.0015166453
296.34323,0.022602553,0.025780668,0.0005830874
296.35992,0.022323266,0.025722118,-0.0009697131
296.37692,0.02205802,0.024960676,-0.0025081409
296.39334,0.021696467,0.02445431,-0.0003280058
296.41016,0.021783356,0.023755295,-0.0018393358
296.4264,0.021519057,0.02281733,-0.0033038973
296.44357,0.02169712,0.022664066,-0.0013480491
296.4599,0.021510007,0.022028677,-0.002569374
296.47647,0.02163713,0.021101117,-0.0040588994
296.49365,0.021694953,0.020589031,-0.005413654
296.5098,0.021897016,0.019995388,-0.0065352065
296.5267,0.021987762,0.019458089,-0.007968058
296.54373,0.02193253,0.019520413,-0.0022962564
296.55954,0.02202665,0.019250445,-0.0033353833
296.576,0.02162997,0.01857657,-0.0047948672
296.59286,0.021975758,0.018508026,-0.006054586
296.60928,0.02173788,0.018317375,-0.006993192
296.626,0.021687401,0.018376563,-0.0015203787
296.64294,0.021718029,0.017822852,-0.00240005
296.65942,0.021636553,0.016940955,-0.0064031114
296.6761,0.0217959,0.016758604,-0.0041406034
296.69275,0.021344135,0.015888276,-0.0048570544
296.70963,0.021461632,0.015520826,-0.005591415
296.72614,0.02124981,0.015748024,-0.0030526652
296.74268,0.021186344,0.01568388,-0.0037045598
296.7593,0.021031376,0.015412835,-0.0043334085
296.77637,0.021132078,0.01539703,-0.0018226077
296.79343,0.021102566,0.015692001,-0.0021452592
296.8102,0.020771611,0.01619753,-0.0024169013
296.8266,0.02050927,0.016792485,-0.002701345
296.84378,0.020457312,0.01703778,-0.00029323145
296.86017,0.019838192,0.017998084,-0.0004486575
296.87653,0.019677456,0.018802036,0.0020494517
296.89307,0.01922455,0.019730914,0.0016106254
296.90982,0.018951103,0.02069747,0.0013163566
296.9265,0.01886956,0.021303317,0.0038333717
296.94315,0.018644521,0.023087513,0.0035164154
296.95996,0.018381633,0.0245934,0.0031434584
296.97742,0.017601296,0.025000975,0.0056635677
296.99298,0.017105736,0.026647257,0.0055085444
297.00983,0.01682095,0.028261203,0.0046950066
297.02637,0.01694984,0.0291468,0.007159248
297.04294,0.016528582,0.030371169,0.006573543
297.05984,0.015865812,0.032094676,0.0059170136
297.0765,0.015796399,0.032905586,0.008274828
297.09366,0.015159788,0.034566484,0.007590319
297.11023,0.014682106,0.03609475,0.0069269063
297.12643,0.01444021,0.036860615,0.009117846
297.14307,0.014277312,0.038925365,0.008039913
297.15982,0.0136959385,0.04028042,0.0070664645
297.17633,0.013342734,0.040995147,0.009236951
297.1926,0.012996616,0.04246499,0.008106462
297.20923,0.0126780635,0.043146174,0.010026149
297.2259,0.012161288,0.044114303,0.0088757435
297.24274,0.0116930865,0.045214526,0.0076483046
297.25952,0.011299666,0.045797862,0.00971619
297.27643,0.010697432,0.0466653,0.00850595
297.2931,0.009994934,0.047932222,0.007321705
297.3097,0.010332627,0.048673354,0.009242479
297.32654,0.00979306,0.04946436,0.007860708
297.34354,0.009275822,0.05047438,0.0065232036
297.36,0.008857348,0.050779574,0.008464036
297.37656,0.008558575,0.05193405,0.006899782
297.39313,0.008363891,0.052813437,0.005321207
297.40994,0.008056656,0.05295401,0.0070922873
297.42676,0.007886719,0.05360492,0.0055993027
297.44305,0.0072124135,0.05434434,0.0041271313
297.45984,0.007112388,0.05445328,0.0057756966
297.47665,0.006384125,0.054656792,0.0043447693
297.49326,0.005911662,0.05460599,0.0029480811
297.50998,0.005833882,0.054827,0.0046550436
297.52676,0.0051714377,0.055297695,0.0032667625
297.5432,0.004417086,0.05581471,0.0018791356
297.55966,0.0042853667,0.056315348,0.0035950847
297.5764,0.0034858196,0.056734394,0.002134193
297.59305,0.002747752,0.057300325,0.0008244137
297.61008,0.0025089777,0.057444658,0.002565618
297.62646,0.0020097916,0.058077212,0.0013597975
297.64313,0.0013704463,0.05825529,0.0000028912327
297.66028,0.0006212237,0.058188003,0.0018245139
297.6767,0.00006505947,0.058188304,0.0007885639
297.69315,-0.00050033897,0.058245853,-0.00041389273
297.70963,-0.0008113171,0.058279894,0.0014602172
297.72668,-0.0012058,0.057844326,0.0003563658
297.74313,-0.0016802782,0.05736275,0.0024204007
297.75967,-0.0020492682,0.05655031,0.0013854561
297.77643,-0.0021602984,0.05613241,0.00044298108
297.7933,-0.0030412688,0.055668708,0.002475286
297.8096,-0.0033367416,0.054934822,0.0016680717
297.8263,-0.00371731,0.054044873,0.00078413816
297.84323,-0.0038911914,0.053554147,0.0027884683
297.8596,-0.003917821,0.052927393,0.0021528206
297.87643,-0.0041217734,0.05189431,0.0014092114
297.8934,-0.0046412917,0.050983783,0.0035932267
297.90973,-0.00507539,0.050141294,0.0031691433
297.9263,-0.005131613,0.048777275,0.000068194575
297.94308,-0.005247594,0.04876487,0.004823568
297.95935,-0.0060148947,0.04802428,0.0046526636
297.9762,-0.006677886,0.047558494,0.004247737
297.9928,-0.007434413,0.047529783,0.004015488
298.00958,-0.008591124,0.047918897,0.0039024146
298.02594,-0.008705428,0.04789851,0.008671551
298.04288,-0.010125479,0.048572823,0.0083542075
298.0597,-0.011186012,0.049323596,0.0081706755
298.07648,-0.012737034,0.05020107,0.005550475
298.09308,-0.013558583,0.050499663,0.007830409
298.10992,-0.014604185,0.050799567,0.007483693
298.1264,-0.015417708,0.050791696,0.0072440575
298.14316,-0.016000466,0.050780747,0.009349915
298.15964,-0.016668376,0.05063667,0.0090050185
298.17688,-0.017469788,0.050164886,0.008591834
298.1939,-0.017371966,0.049947154,0.010692906
298.20953,-0.017768247,0.04947559,0.010351272
298.22638,-0.01832394,0.048479613,0.011941658
298.24268,-0.018447787,0.047774516,0.01147164
298.25943,-0.018137844,0.046808172,0.010707227
298.27603,-0.017923662,0.04637291,0.012637133
298.29272,-0.01793507,0.04543482,0.011882213
298.30963,-0.017293617,0.04435309,0.010972175
298.32608,-0.01686714,0.044249248,0.012879118
298.34354,-0.016214456,0.043109752,0.011882936
298.35956,-0.015435521,0.042219624,0.011111344
298.37634,-0.0153316725,0.04156012,0.012746743
298.3934,-0.014801765,0.040609136,0.011758942
298.41013,-0.0137353875,0.03953989,0.010887958
298.42685,-0.013623171,0.03892547,0.012695517
298.44345,-0.013236155,0.03792776,0.011716668
298.4603,-0.012264285,0.037100904,0.010714608
298.4766,-0.01179276,0.036714196,0.0125180315
298.49335,-0.011157746,0.03559129,0.011453446
298.5101,-0.010721418,0.034612257,0.010458913
298.52664,-0.010304113,0.03417853,0.0121418405
298.54318,-0.009515283,0.033205416,0.011047032
298.5603,-0.008627672,0.032440513,0.0099515645
298.5765,-0.008970974,0.031591244,0.011816847
298.5932,-0.008544805,0.030956239,0.010592921
298.6101,-0.007635042,0.03025817,0.009394238
298.6264,-0.007321649,0.030163469,0.011188409
298.64383,-0.0072977957,0.029624363,0.009831365
298.65982,-0.007136204,0.029436871,0.011635075
298.67657,-0.0062151714,0.028949978,0.010219004
298.69354,-0.0059046163,0.02882543,0.009094772
298.71,-0.005790676,0.028586699,0.010673199
298.72714,-0.0054309703,0.028767264,0.009481943
298.74298,-0.0053043854,0.02877827,0.008380358
298.76025,-0.005337455,0.028761461,0.009685199
298.7765,-0.0055395355,0.028908014,0.008572077
298.79355,-0.0054725558,0.029457103,0.0072287465
298.81003,-0.005634995,0.029491883,0.008819409
298.8268,-0.005401306,0.03000458,0.00753017
298.84372,-0.0056312545,0.030334955,0.0063522398
298.86023,-0.0055085467,0.030914705,0.007868557
298.87643,-0.005798215,0.03167831,0.006596174
298.89334,-0.0055380105,0.031977534,0.0052326405
298.90994,-0.0056120325,0.03227512,0.0067247455
298.92657,-0.005906262,0.032729875,0.0055191186
298.94354,-0.0059416383,0.03299962,0.0042513465
298.95975,-0.00608411,0.033115804,0.005827434
298.97635,-0.005820097,0.03344979,0.004474831
298.99304,-0.0058359187,0.034205165,0.0033133528
299.0101,-0.0057449425,0.034690306,0.0048049106
299.02704,-0.00561414,0.03499637,0.0037862945
299.04373,-0.006060865,0.035266258,0.0027855334
299.06003,-0.006018317,0.035220213,0.0042744116
299.07663,-0.006196276,0.035532594,0.0031843716
299.0932,-0.0061477525,0.03553882,0.0021857691
299.11005,-0.0062183435,0.035540912,0.00374303
299.1265,-0.006238896,0.03554681,0.0029089157
299.143,-0.006060074,0.035550006,0.004399721
299.15988,-0.005570849,0.035571873,0.0035205693
299.17688,-0.0053221746,0.03530058,0.0027615605
299.19333,-0.0054517733,0.034709863,0.0044160783
299.21002,-0.0052913004,0.034936488,0.0036127167
299.22693,-0.0051385825,0.03474255,0.0028843419
299.24368,-0.0050246683,0.034735028,0.004539637
299.25995,-0.0050191223,0.034573384,0.0038663286
299.2765,-0.0047149416,0.034645442,0.003039273
299.29297,-0.0045855884,0.034856528,0.004612027
299.31,-0.0044625257,0.0345331,0.0038615188
299.32666,-0.0040693106,0.034374673,0.000939057
299.3432,-0.0041358517,0.03436701,0.0048086974
299.3597,-0.0041634133,0.034409147,0.004012549
299.37646,-0.0040192655,0.03445092,0.0032219521
299.39325,-0.0037815783,0.03488391,0.0024866513
299.4102,-0.003690016,0.035199784,0.0017258244
299.4266,-0.003716397,0.03556857,0.0010322352
299.44324,-0.003782816,0.0355614,0.0047677997
299.45984,-0.003864522,0.03556567,0.0040293094
299.47675,-0.0041884226,0.03587117,0.0032900616
299.4932,-0.0043156785,0.03604713,0.0026188826
299.50986,-0.004304496,0.035869557,0.0018695327
299.5266,-0.0043461323,0.036317974,0.0012286329
299.54318,-0.004630338,0.03654982,0.0028064
299.56012,-0.0050469227,0.036814984,0.0021495172
299.57675,-0.0056485366,0.036785442,0.0015895609
299.59314,-0.0057900613,0.037223816,0.0031302015
299.60968,-0.006482269,0.03736698,0.0024616425
299.62634,-0.006971445,0.03749016,0.003967366
299.6429,-0.007811628,0.037724532,0.003375862
299.6595,-0.008255632,0.03779698,0.0027868266
299.67615,-0.00872896,0.037986655,0.0042959796
299.69266,-0.009917615,0.038108405,0.0036901247
299.70944,-0.010974697,0.03861321,0.003045819
299.7263,-0.011302981,0.039355632,0.0045424593
299.7429,-0.0122819375,0.039905474,0.003930435
299.75958,-0.013233543,0.040253036,0.0032331494
299.77634,-0.013983785,0.040146165,0.0046384325
299.7929,-0.014898992,0.040689133,0.003940943
299.8096,-0.015581699,0.04139078,0.003151908
299.82608,-0.016041338,0.041849613,0.004551379
299.84293,-0.01676221,0.042176344,0.0036917117
299.8595,-0.01767564,0.042567078,0.002937286
299.87613,-0.018172674,0.04246401,0.004240219
299.89282,-0.018888367,0.04251582,0.0034359863
299.90952,-0.019034145,0.042330913,0.004748237
299.92642,-0.01932091,0.042292815,0.003900698
299.94296,-0.019507974,0.04230132,0.0031540392
299.9597,-0.019780729,0.042167444,0.0022802732
299.97632,-0.02000959,0.04224052,0.0035462463
299.99323,-0.020000376,0.04202598,0.002727334
300.00964,-0.019560898,0.04218757,0.004019317
300.0265,-0.019486424,0.041840598,0.0031649373
300.043,-0.019265007,0.041404538,0.0023924306
300.0597,-0.019489055,0.041349735,0.0036201102
300.07642,-0.019642007,0.041107744,0.0028142259
300.0933,-0.019446373,0.040562183,0.0020216708
300.1097,-0.019633261,0.04045888,0.003386888
300.12607,-0.01988846,0.040090326,0.0025500415
300.14288,-0.02027025,0.039564203,0.0016857537
300.1596,-0.020087563,0.039510325,0.0029439225
300.17624,-0.020450976,0.039069913,0.0021728773
300.19275,-0.020868935,0.03872512,0.0013057468
300.2095,-0.021206906,0.038481943,0.002510285
300.22598,-0.021637863,0.03821495,0.0016157769
300.24268,-0.021850727,0.0381223,0.0027028813
300.25943,-0.022383705,0.037938315,0.0017609758
300.27625,-0.023019183,0.03770277,0.0008329237
300.29355,-0.023533009,0.03762474,-0.000090785354
300.30988,-0.024213374,0.036721826,0.0012011864
300.32687,-0.024710666,0.03673857,0.000059073056
300.34348,-0.025292719,0.03651782,-0.00080490374
300.3602,-0.025494793,0.036708754,0.00027253648
300.3766,-0.025874449,0.03627099,-0.0007484555
300.3934,-0.026060192,0.035725888,-0.0016738862
300.40982,-0.025853919,0.035703745,-0.0006892662
300.42673,-0.026122335,0.035357952,-0.0016548205
300.44354,-0.025961598,0.034973636,-0.0024855894
300.45978,-0.025847856,0.03455298,-0.0014842773
300.47647,-0.025971321,0.034516554,-0.0024554369
300.49313,-0.02581356,0.03409964,-0.0034266484
300.5101,-0.02582455,0.03382448,-0.002442304
300.52692,-0.025323413,0.03343921,-0.0033502157
300.5433,-0.025366325,0.033111483,-0.0023469871
300.55997,-0.02525388,0.032560874,-0.0033603406
300.57663,-0.025204135,0.03282035,-0.002399927
300.59305,-0.024679665,0.032576315,-0.0034041381
300.6097,-0.024284136,0.03200009,-0.004417733
300.6269,-0.024202583,0.031544354,-0.0054244907
300.64478,-0.024269111,0.030906817,-0.0063472767
300.66052,-0.02413183,0.030606695,-0.0051729353
300.67728,-0.02363292,0.030306201,-0.0063192933
300.6934,-0.023539057,0.029551053,-0.0053787557
300.7099,-0.023495844,0.0292142,-0.0064528026
300.72693,-0.023354106,0.028696984,-0.007486104
300.7432,-0.023076277,0.029139297,-0.00651611
300.76028,-0.02270317,0.028827298,-0.007564523
300.7765,-0.022369564,0.028620107,-0.008539835
300.79346,-0.022176173,0.028671062,-0.009701122
300.81006,-0.021949729,0.028478611,-0.010676766
300.82675,-0.021573905,0.028357511,-0.011705499
300.8435,-0.021613568,0.028327115,-0.008900957
300.85992,-0.021065557,0.02841588,-0.009994577
300.87646,-0.020291083,0.028070997,-0.01111325
300.89325,-0.019098403,0.027572712,-0.012175799
300.90997,-0.017977342,0.027242292,-0.013271748
300.9266,-0.01653053,0.027183753,-0.014306531
300.94327,-0.015645614,0.027379626,-0.013444046
300.95993,-0.014058344,0.026908008,-0.014434746
300.9766,-0.012936283,0.026616745,-0.015416357
300.9932,-0.012265763,0.026319806,-0.014498473
301.00995,-0.010711585,0.025851425,-0.01546119
301.02686,-0.009602675,0.025558151,-0.01637569
301.04318,-0.009014171,0.025582448,-0.015454768
301.06,-0.008365312,0.025493775,-0.016412148
301.07687,-0.007916054,0.024924912,-0.015543352
301.09314,-0.0069926144,0.025212923,-0.016364807
301.1101,-0.006458769,0.025158677,-0.017310511
301.1264,-0.006383583,0.024472006,-0.016343791
301.1432,-0.005872109,0.024780514,-0.017302355
301.16016,-0.005655306,0.024765747,-0.018062046
301.17667,-0.0055583064,0.025182998,-0.017156186
301.19284,-0.005828952,0.025345005,-0.0179822
301.20984,-0.0057805954,0.025413182,-0.018729119
301.22714,-0.0058138426,0.025337573,-0.017798273
301.24368,-0.006158524,0.025426611,-0.018304441
301.26047,-0.0065610544,0.025733033,-0.018844794
301.2766,-0.0070394734,0.025440045,-0.017794127
301.2931,-0.007337944,0.025511937,-0.0183135
301.3099,-0.0076002046,0.025959475,-0.017264457
301.32632,-0.008302075,0.026132032,-0.0175622
301.3429,-0.009310254,0.026210537,-0.017822921
301.35956,-0.009922608,0.026332296,-0.016662328
301.37625,-0.010936583,0.026272232,-0.016756076
301.39325,-0.01193184,0.026118353,-0.016871087
301.41016,-0.012392654,0.026793733,-0.015548563
301.4265,-0.013168045,0.02700448,-0.015582322
301.44354,-0.0139418775,0.027283045,-0.015520358
301.46057,-0.014407818,0.026713312,-0.014222908
301.47696,-0.015329915,0.026803141,-0.014008337
301.4939,-0.016261192,0.026919212,-0.013785046
301.50967,-0.016960867,0.027318552,-0.012500056
301.52643,-0.01783336,0.027551647,-0.012384703
301.54324,-0.01863894,0.028027296,-0.012069062
301.5598,-0.019059021,0.02835443,-0.01083153
301.5768,-0.02000093,0.028425083,-0.01052069
301.59363,-0.02082649,0.028521426,-0.010153366
301.6098,-0.021126524,0.028642094,-0.008916774
301.6266,-0.02196489,0.02894829,-0.008621293
301.6431,-0.022804858,0.02887126,-0.0083014965
301.65985,-0.023419142,0.028842537,-0.007016881
301.67636,-0.024029993,0.029016381,-0.0066987504
301.69324,-0.024972461,0.029273931,-0.0063661067
301.70978,-0.025309714,0.029878518,-0.005115702
301.72635,-0.025927741,0.030066213,-0.004764887
301.74313,-0.026163623,0.029623594,-0.0035281791
301.7599,-0.026966672,0.030178612,-0.0031080628
301.7763,-0.028032266,0.030309195,-0.0027147075
301.79297,-0.028613947,0.030395608,-0.0014561295
301.81024,-0.029236086,0.030238993,-0.001154862
301.82657,-0.029861476,0.030142283,-0.0008493139
301.84302,-0.030337853,0.03038933,0.00028606525
301.85977,-0.030681677,0.030468754,0.0004906435
301.8768,-0.030695397,0.030485503,0.0007231218
301.8931,-0.03084969,0.030085431,0.0018313077
301.9099,-0.031129578,0.029913241,0.0019467771
301.92615,-0.031430587,0.029826164,0.0020991378
301.94305,-0.031344313,0.029649083,0.003126996
301.95966,-0.03127666,0.029356206,0.0032561726
301.9767,-0.031289157,0.029138016,0.0033152828
301.99295,-0.031307314,0.02944311,0.004324648
302.0098,-0.030832887,0.028725214,0.0032989308
302.02625,-0.030650083,0.028478768,0.0033217657
302.04303,-0.030676888,0.028450191,0.0051945834
302.0601,-0.030344116,0.028503133,0.005113464
302.07648,-0.029216979,0.02837767,0.0049765417
302.09338,-0.028151415,0.02805581,0.0049409005
302.1098,-0.02711474,0.027834194,0.0047894777
302.12616,-0.027139695,0.02780964,0.0065911757
302.1428,-0.025604978,0.02780393,0.006278924
302.15945,-0.024150655,0.027586725,0.0060303914
302.1761,-0.021825917,0.027062858,0.005802793
302.19296,-0.019138867,0.026591953,0.005529149
302.20972,-0.016272066,0.026370725,0.005299504
302.22662,-0.013668719,0.025996935,0.005092186
302.2431,-0.012356249,0.026424916,0.005817773
302.25977,-0.010013328,0.026201718,0.005544313
302.27658,-0.0084176995,0.026075535,0.006241281
302.2932,-0.006280204,0.026085394,0.005954169
302.31024,-0.0044634608,0.025705002,0.0056629186
302.3265,-0.0037797173,0.025656613,0.0063836044
302.34323,-0.0022851757,0.025362633,0.0059894007
302.36014,-0.00072377984,0.024974542,0.005618728
302.3765,-0.00024035935,0.025446275,0.006283665
302.393,0.0003067614,0.025322488,0.005869892
302.41,0.0011282582,0.025032008,0.005434676
302.42706,0.0015759043,0.024590952,0.006058943
302.4435,0.0020982663,0.024425825,0.0056393063
302.45987,0.0019541876,0.024003219,0.005198028
302.47696,0.0017037381,0.024113467,0.00570016
302.493,0.0016661771,0.023710426,0.0052930764
302.51038,0.0013607256,0.023412716,0.004772668
302.52686,0.0011179039,0.02370623,0.005254288
302.54343,0.00042485597,0.023621999,0.004756284
302.56024,-0.00041763464,0.023867814,0.004141706
302.5771,-0.0010504157,0.023195192,0.0045801047
302.5934,-0.0023519257,0.02338661,0.004010326
302.6103,-0.003430693,0.023165999,0.0033317201
302.6266,-0.0042209583,0.023046836,0.00386004
302.64316,-0.0052458965,0.022777718,0.0031891756
302.6606,-0.00664656,0.022492588,0.0025473346
302.6771,-0.0073337182,0.022879714,0.003030108
302.6935,-0.008249151,0.022813806,0.0023951468
302.7103,-0.009461555,0.022770016,0.0017787574
302.72702,-0.010016852,0.022270232,0.0021280164
302.74362,-0.0112677645,0.022254452,0.0015024231
302.76016,-0.011873019,0.022402775,0.0018585691
302.77728,-0.013256546,0.022191213,0.001217587
302.7933,-0.014187652,0.022255426,0.00060929277
302.81003,-0.014997445,0.022198658,0.0009363633
302.82675,-0.016044434,0.021786634,0.00029433562
302.84378,-0.017446814,0.021656753,-0.0003182979
302.8603,-0.018156076,0.021676822,0.000050546383
302.87677,-0.019590747,0.021537123,-0.0005961236
302.89334,-0.021164158,0.021238187,-0.0012199746
302.91003,-0.02170909,0.021756517,-0.0009435129
302.9266,-0.023077821,0.021749403,-0.0015661689
302.9432,-0.024199497,0.021409225,-0.0021930023
302.96048,-0.024762483,0.021035155,-0.001934382
302.9765,-0.02624992,0.020819865,-0.0025029636
302.9933,-0.027509289,0.020756466,-0.0031750714
303.0104,-0.027526803,0.020605914,-0.002919284
303.02676,-0.02827452,0.020369647,-0.00349583
303.0439,-0.02908101,0.020358155,-0.004036693
303.06015,-0.029282704,0.020027578,-0.0037903436
303.07672,-0.029449277,0.019800384,-0.0043761316
303.0934,-0.029860703,0.019504659,-0.0048383963
303.11005,-0.03037353,0.019760258,-0.004571699
303.12683,-0.030693842,0.019784765,-0.005000425
303.14328,-0.030561103,0.019616356,-0.0053722383
303.1601,-0.03085058,0.019169532,-0.0050921333
303.17694,-0.031537134,0.019022388,-0.0053414614
303.19345,-0.03145974,0.01944846,-0.0056408816
303.20984,-0.031672128,0.019326003,-0.0051596514
303.22653,-0.031795464,0.01930856,-0.0053872922
303.24316,-0.03224749,0.019243883,-0.004922289
303.25998,-0.03304223,0.019505173,-0.0051036994
303.2767,-0.033113398,0.019661104,-0.005266439
303.29324,-0.03322082,0.01940566,-0.00477261
303.3103,-0.033919357,0.018948194,-0.004853611
303.3267,-0.034648273,0.018366517,-0.0048038727
303.3432,-0.034657173,0.018616233,-0.0044356505
303.36017,-0.034814905,0.018423699,-0.0043265712
303.3771,-0.03556456,0.01823276,-0.0042087906
303.39392,-0.035807762,0.017786607,-0.003712527
303.41016,-0.036617327,0.017756084,-0.0035591414
303.42682,-0.037044402,0.017485727,-0.0033835047
303.44373,-0.037987486,0.01771877,-0.0032352891
303.4601,-0.03893649,0.017870823,-0.0030427466
303.47653,-0.039264966,0.017828228,-0.002816965
303.4936,-0.039271493,0.017813088,-0.0020528166
303.50998,-0.039673768,0.017921949,-0.0018534322
303.52634,-0.0401111,0.01813457,-0.0016561834
303.54355,-0.04036333,0.017833756,-0.0013885495
303.56015,-0.04046047,0.01743,-0.0010590833
303.57642,-0.04045332,0.01733172,-0.00078899093
303.59332,-0.04065516,0.017619843,-0.0003551531
303.61008,-0.040218625,0.017889107,-0.00008941419
303.62674,-0.03970275,0.018034326,0.0000634837
303.64322,-0.03988872,0.017767547,0.0005375003
303.65982,-0.039645974,0.017888105,0.0006766836
303.67664,-0.039541084,0.017906653,0.001066234
303.69308,-0.03885665,0.01765465,0.001242796
303.70966,-0.03794097,0.017659709,0.0012666966
303.72665,-0.037726603,0.018043736,0.0016238762
303.74332,-0.037228797,0.018341752,0.001632742
303.7599,-0.036812183,0.018255295,0.001667255
303.77655,-0.03619071,0.017753186,0.0019571302
303.79303,-0.035913788,0.01837888,0.0019116413
303.80972,-0.035754375,0.01868964,0.0019569604
303.82663,-0.035162155,0.019081436,0.002071347
303.84317,-0.035218637,0.019889371,0.00202287
303.86023,-0.034412064,0.020600453,0.0018516915
303.87643,-0.03446306,0.02097239,0.0019419346
303.89313,-0.03434738,0.021680333,0.0017045622
303.91016,-0.033547502,0.022393515,0.0013386285
303.92627,-0.03343345,0.022674222,0.0014073642
303.94308,-0.033090524,0.02326067,0.0010646053
303.95972,-0.033209726,0.023486262,0.0011044265
303.97653,-0.032856945,0.02407919,0.00074612367
303.9931,-0.032289498,0.024769973,0.00035985856
304.00992,-0.032273833,0.025426647,-0.0000062588997
304.02643,-0.03243953,0.025795074,-0.0000106104435
304.0432,-0.03230436,0.026245503,-0.0004064126
304.05984,-0.03186827,0.026255518,-0.0004299603
304.0769,-0.0313081,0.026371056,-0.0008434687
304.09317,-0.030904302,0.02629369,-0.0012958869
304.10992,-0.030061495,0.02618105,-0.0018093523
304.1264,-0.029564144,0.026488341,-0.0019181394
304.14282,-0.028306901,0.026492927,-0.0024048549
304.15985,-0.027664676,0.026007889,-0.002572084
304.17664,-0.026732953,0.026258402,-0.0030472747
304.19345,-0.025148967,0.0262372,-0.0035159548
304.20996,-0.024253642,0.026613109,-0.0036645057
304.22665,-0.022506414,0.02665617,-0.0041103153
304.24338,-0.020473776,0.026734244,-0.0046454724
304.25977,-0.019538216,0.026503552,-0.004724863
304.2765,-0.017368915,0.026849823,-0.005245596
304.2934,-0.015495894,0.026961813,-0.005604224
304.3101,-0.014295741,0.026910441,-0.005692914
304.32645,-0.011668663,0.026818193,-0.0059874053
304.3431,-0.008941151,0.026760507,-0.006177187
304.3608,-0.007902755,0.026762893,-0.006160969
304.37637,-0.0060296142,0.027121967,-0.006218294
304.39313,-0.0036398366,0.027280511,-0.006180945
304.4099,-0.0024094833,0.027510747,-0.0060642874
304.42645,-0.0005486373,0.02780012,-0.005955588
304.44333,0.0007643649,0.027816866,-0.005659683
304.4601,0.0021507624,0.027683573,-0.0055123563
304.47684,0.0039538722,0.027872497,-0.0051158997
304.49402,0.0057213483,0.027490683,-0.0046017324
304.51038,0.0065012295,0.027584914,-0.0044717877
304.52667,0.007866051,0.027222192,-0.0038829246
304.54382,0.009346022,0.027087996,-0.0032282628
304.56085,0.010208569,0.027017571,-0.0029971923
304.5778,0.011490804,0.026721071,-0.002249312
304.5936,0.01191384,0.02657258,-0.0020045761
304.6101,0.012981925,0.026080396,-0.0012043489
304.62674,0.013753378,0.026020186,-0.00033260512
304.64346,0.014524664,0.026034115,0.00051166216
304.6603,0.014807654,0.02574977,0.00091520196
304.67715,0.014835461,0.025229257,0.0017601246
304.69357,0.01485538,0.025404964,0.0021065043
304.70996,0.014890626,0.025049096,0.0029637066
304.72665,0.014926293,0.024709554,0.0038267535
304.74323,0.015009867,0.024137974,0.0041600284
304.76016,0.014948923,0.024148064,0.005529654
304.77682,0.01455834,0.023980206,0.0063073686
304.79327,0.014561447,0.023978697,0.006062278
304.80994,0.01437517,0.023872057,0.006885387
304.82657,0.013737859,0.023980321,0.0077181533
304.84344,0.012639916,0.023663562,0.008475648
304.86002,0.011469785,0.023601219,0.009142321
304.87677,0.011473297,0.023599198,0.008834118
304.89352,0.009908174,0.023359176,0.009470343
304.9106,0.0071432213,0.02345116,0.010450459
304.92682,0.0051268823,0.023150783,0.0109360395
304.94345,0.0041577164,0.022991395,0.010991787
304.96014,0.0021658675,0.022847842,0.011353922
304.97675,-0.0004372007,0.022529416,0.011699134
304.99335,-0.0016508226,0.02284734,0.011628825
305.01007,-0.0041369773,0.022571387,0.011867709
305.02655,-0.0066261976,0.02229695,0.012032055
305.0435,-0.008092331,0.022138983,0.011857036
305.06003,-0.011159846,0.02221266,0.011969915
305.07693,-0.012735851,0.021712277,0.011727057
305.09357,-0.01523628,0.021762896,0.01174804
305.11044,-0.017974328,0.021592978,0.0116508575
305.12668,-0.019536952,0.021950997,0.01132617
305.14316,-0.022403535,0.021902915,0.01116077
305.16,-0.02459928,0.021968672,0.010908069
305.17657,-0.025656821,0.022333546,0.010485234
305.19327,-0.02811759,0.022427144,0.010160787
305.2099,-0.030054083,0.022488749,0.009801017
305.22675,-0.030794552,0.022082547,0.009376813
305.24323,-0.031615097,0.022040313,0.0089502195
305.26007,-0.032805063,0.021969825,0.0085580405
305.27664,-0.033236686,0.022033822,0.008117442
305.29303,-0.034389373,0.021641921,0.0077735824
305.30972,-0.03472848,0.021563292,0.0073015876
305.32703,-0.035852086,0.021330526,0.0069294986
305.3434,-0.037577294,0.02120738,0.0064991764
305.36035,-0.039024398,0.021108,0.0061691385
305.3769,-0.03955885,0.020710317,0.0055537126
305.3933,-0.040428456,0.02037568,0.0051529
305.4099,-0.041046064,0.020762116,0.0045970543
305.42667,-0.04209886,0.020533232,0.0040620654
305.44324,-0.043314528,0.020361558,0.0035695273
305.46002,-0.043399125,0.02014362,0.0031297703
305.47647,-0.043511137,0.02032826,0.002374636
305.49335,-0.043741047,0.020098625,0.001952596
305.51,-0.0438531,0.01983025,0.0012052072
305.5267,-0.043021202,0.019241322,0.000802588
305.54324,-0.041802086,0.018988742,0.00035259404
305.55984,-0.041488722,0.019166758,-0.00018950013
305.5767,-0.040622603,0.019108983,-0.0005592572
305.59317,-0.03954085,0.018855197,-0.0008767359
305.61002,-0.039135676,0.01880158,-0.0014158415
305.6265,-0.03764196,0.018841494,-0.0016661958
305.64307,-0.03647483,0.018591683,-0.0018017303
305.6599,-0.035503883,0.018390823,-0.0023503583
305.67642,-0.033586234,0.01827085,-0.002438683
305.69305,-0.031850222,0.018202206,-0.0024394018
305.70963,-0.030222666,0.0180567,-0.00294529
305.72647,-0.02767352,0.01826485,-0.0028612216
305.74326,-0.024685593,0.017930392,-0.0027067012
305.75977,-0.023052825,0.01790264,-0.0031675743
305.77615,-0.020037455,0.017483344,-0.0028806652
305.79306,-0.017392756,0.01705282,-0.00261177
305.8101,-0.016529072,0.01737357,-0.0028817584
305.82654,-0.015158965,0.016749673,-0.0032628004
305.8432,-0.012301183,0.016414197,-0.0019556584
305.85953,-0.011411005,0.016211243,-0.0022066764
305.87622,-0.009939717,0.01602453,-0.0016283438
305.89316,-0.00916898,0.016199997,-0.0018435171
305.90952,-0.00844372,0.015836747,-0.0012151158
305.9263,-0.007972056,0.01565188,-0.00055188854
305.94327,-0.00763329,0.015467691,-0.00074715103
305.96005,-0.007371542,0.015461557,-0.000036597656
305.97684,-0.007858254,0.015618172,0.0006839768
305.9935,-0.008263908,0.015354884,0.000547472
306.00995,-0.008827368,0.015087399,0.0013345788
306.02643,-0.009900866,0.015211977,0.0022915634
306.04337,-0.010779702,0.015336334,0.0021267894
306.0599,-0.012969603,0.015202275,0.0030855606
306.0766,-0.015206259,0.015532574,0.0039923256
306.09338,-0.01653697,0.015656522,0.0038653917
306.1101,-0.019510677,0.016247414,0.004777948
306.1267,-0.02300368,0.016915184,0.0057093366
306.14316,-0.026443718,0.017482696,0.0066044047
306.16028,-0.029636238,0.01827273,0.0075300876
306.177,-0.03320069,0.018980255,0.00845209
306.19366,-0.03318772,0.01900243,0.007108884
306.2101,-0.037208278,0.019976774,0.008034214
306.22708,-0.040860966,0.020789538,0.009018776
306.2435,-0.04497684,0.021630498,0.009912932
306.25995,-0.049336404,0.022560205,0.010788468
306.27673,-0.05342634,0.023557363,0.011625536
306.2934,-0.055220358,0.02389631,0.011310989
306.30997,-0.05878106,0.024874242,0.012007801
306.32657,-0.060439393,0.02484156,0.011728186
306.34308,-0.063144274,0.02575456,0.012385681
306.3601,-0.06600523,0.026400156,0.013071599
306.37692,-0.06778641,0.027093003,0.013616625
306.39352,-0.06837661,0.027489861,0.013095144
306.4103,-0.06979099,0.028020596,0.013625609
306.42734,-0.070844024,0.028481236,0.014055326
306.44333,-0.071376815,0.029120108,0.013487529
306.46017,-0.07180742,0.029729458,0.013914837
306.477,-0.07203063,0.030205581,0.014209662
306.4933,-0.07209639,0.030443558,0.013569778
306.51065,-0.07225206,0.031018114,0.013767184
306.5274,-0.072080635,0.030923305,0.012992001
306.54355,-0.071078055,0.031223984,0.012997116
306.56104,-0.069723286,0.03143397,0.013152766
306.5774,-0.06893093,0.031655617,0.012149009
306.59326,-0.06738885,0.031854037,0.012111619
306.61044,-0.06504469,0.032321755,0.012050551
306.62668,-0.06370198,0.03258892,0.010922857
306.643,-0.06201568,0.03264946,0.010758834
306.6599,-0.060798056,0.032640878,0.009731306
306.6767,-0.058558576,0.032652896,0.009409561
306.6933,-0.056089148,0.03270683,0.009041089
306.71008,-0.05454097,0.03289259,0.00861277
306.7267,-0.054070283,0.033128332,0.007550462
306.74326,-0.05224202,0.033124622,0.0070735216
306.75986,-0.050853364,0.03327722,0.006542395
306.77676,-0.050569292,0.03363376,0.0054772464
306.79333,-0.049369242,0.03386711,0.0049039423
306.81003,-0.047857694,0.03361034,0.004513303
306.82645,-0.046895806,0.03370242,0.0033724923
306.84308,-0.045775566,0.033553556,0.0030348257
306.85995,-0.044303916,0.033760317,0.0028108538
306.877,-0.043327577,0.03345255,0.001696266
306.8937,-0.04197262,0.03347159,0.0014837956
306.91107,-0.04051032,0.033383008,0.0013841805
306.92688,-0.039956804,0.033662442,0.00031284097
306.94342,-0.038097803,0.033437923,0.0004450544
306.96005,-0.037147813,0.033433568,-0.0005036514
306.9766,-0.035688628,0.033199888,-0.0003649359
306.99356,-0.03363032,0.033154428,-0.0001762072
307.0102,-0.032860357,0.033305444,-0.0010091389
307.0268,-0.030865122,0.03282686,-0.0006785378
307.04382,-0.028733592,0.03236734,-0.00033375403
307.06067,-0.02820083,0.032076385,-0.0010237827
307.07663,-0.02644189,0.031850357,-0.0005811267
307.0941,-0.02437728,0.03174583,0.00008911542
307.10992,-0.023498658,0.031768493,-0.00068150787
307.12656,-0.022032145,0.031650826,0.000086670996
307.14352,-0.020487322,0.03134835,0.0008481014
307.16055,-0.019307902,0.030984396,0.00011170552
307.1768,-0.017493023,0.030554863,0.00090532587
307.19363,-0.01608479,0.030203043,0.0017560339
307.2101,-0.015441879,0.029731922,0.0011516806
307.2266,-0.013740598,0.029247709,0.002028562
307.2432,-0.011986294,0.029043525,0.003022156
307.26007,-0.011268923,0.029186143,0.0024465783
307.27637,-0.009533574,0.028860878,0.0034808828
307.29318,-0.0086620115,0.028589824,0.0029286721
307.31033,-0.0070013464,0.027942995,0.00410342
307.32642,-0.0059698573,0.027820827,0.0051334943
307.34406,-0.005066752,0.027620882,0.006393985
307.36,-0.0046499074,0.027232867,0.0057976022
307.3765,-0.0039315037,0.027121145,0.0069943885
307.39334,-0.0036625124,0.027100293,0.0065903882
307.4099,-0.0028101224,0.026913255,0.0076531307
307.42664,-0.002121201,0.026669737,0.0089253755
307.4434,-0.0014775975,0.026810354,0.008319977
307.46045,-0.0012886381,0.026953908,0.009477657
307.47668,-0.0007723025,0.02696111,0.010565929
307.49326,-0.0005575016,0.027013175,0.009995636
307.50995,-0.00018340848,0.027612839,0.012820783
307.52655,0.00020031417,0.027979966,0.01386949
307.54324,0.00023336087,0.02797951,0.0115073575
307.55984,0.00046545677,0.028440475,0.012504834
307.57645,0.0004283201,0.0289071,0.013457414
307.59314,0.00051305525,0.029162055,0.014359623
307.60977,0.0006952254,0.029778818,0.0151980175
307.62646,0.00073132466,0.029778134,0.012774054
307.64322,0.000020312224,0.030144941,0.013530868
307.65976,-0.0003073636,0.030921273,0.015700584
307.67636,-0.0010270157,0.03079415,0.016349038
307.69296,-0.0010747901,0.03109386,0.015297614
307.70966,-0.0013207708,0.031101923,0.015810788
307.72635,-0.001297225,0.03088865,0.0146974595
307.7432,-0.0017614606,0.030773034,0.0150562925
307.7598,-0.0018602789,0.030427525,0.015335511
307.77658,-0.0015757878,0.03073409,0.014148814
307.79306,-0.0016571896,0.030533453,0.014360298
307.80954,-0.0020048907,0.030428948,0.014536706
307.8263,-0.0023419708,0.030569403,0.013320622
307.8431,-0.0029975532,0.030508032,0.013397934
307.8599,-0.0034886478,0.030439582,0.01341451
307.87708,-0.0037371349,0.030511787,0.012069373
307.89398,-0.00450478,0.030452743,0.0119663915
307.90976,-0.005202134,0.03026361,0.011884508
307.9266,-0.005363623,0.029867597,0.010633626
307.94318,-0.0059548244,0.030277763,0.010505511
307.96,-0.0067048026,0.030132744,0.010372143
307.97754,-0.007457286,0.030009015,0.010203784
307.99323,-0.007823062,0.029810982,0.008649345
308.0102,-0.008134379,0.02963619,0.008654422
308.02658,-0.008496442,0.029419571,0.007208242
308.04333,-0.009289165,0.02917495,0.007180764
308.05994,-0.009807524,0.028981816,0.007112546
308.07684,-0.010255599,0.029033957,0.0057557677
308.09344,-0.010970547,0.028658923,0.0057367105
308.1103,-0.011738667,0.028380824,0.0056921965
308.1267,-0.012029907,0.028451651,0.004367153
308.1434,-0.012723856,0.028224843,0.004393875
308.1605,-0.013440017,0.027937878,0.0044952664
308.17654,-0.014011316,0.027134677,0.0031456258
308.19385,-0.014905399,0.027239198,0.0034078092
308.21045,-0.015965099,0.027024636,0.0035864257
308.2269,-0.01626199,0.026946472,0.0023054306
308.24353,-0.017220773,0.026721368,0.0026778658
308.2599,-0.017398987,0.026690194,0.0013583236
308.2766,-0.018465698,0.026840929,0.0017812359
308.29346,-0.019381098,0.026539052,0.0023380218
308.31015,-0.020587832,0.02644487,0.0027950052
308.3268,-0.02117402,0.026213385,0.001537222
308.34332,-0.022239707,0.026157161,0.0021193994
308.3605,-0.023353187,0.025909426,0.0026804954
308.37683,-0.023706282,0.026414089,0.0014085287
308.394,-0.02474168,0.026499098,0.0020867416
308.41006,-0.025412623,0.02586029,0.0007881963
308.4273,-0.026083738,0.025805024,0.0015257789
308.4432,-0.02685135,0.026040347,0.0019646327
308.4607,-0.027052583,0.026400097,0.0009786423
308.47702,-0.027874446,0.026382448,0.0014506243
308.49362,-0.028710352,0.026489614,0.0021430438
308.51077,-0.02888753,0.026818762,0.00096184487
308.52704,-0.02948004,0.026653498,0.0015148957
308.54337,-0.030335872,0.026612129,0.0023044245
308.5602,-0.030318743,0.02679713,0.0010838042
308.5768,-0.030652562,0.026724225,0.0017856447
308.59348,-0.030978147,0.026814697,0.0025193212
308.61023,-0.031326175,0.026655078,0.0012594763
308.6274,-0.031522077,0.026944214,0.0019929162
308.64383,-0.031789113,0.026752515,0.0027475695
308.65997,-0.032113764,0.026989814,0.0015996059
308.6769,-0.03232822,0.026683925,0.002576596
308.6937,-0.032705054,0.026831528,0.0033151167
308.71027,-0.03290749,0.027348837,0.0021371727
308.7269,-0.03339386,0.027254082,0.0030216612
308.74344,-0.033635147,0.02721779,0.0018415008
308.76,-0.03358604,0.02746746,0.002727544
308.7767,-0.033402577,0.027798032,0.003553779
308.7932,-0.033771764,0.027718099,0.0024351159
308.81012,-0.033456508,0.027907368,0.0033178597
308.8264,-0.033048652,0.028216423,0.00421267
308.8431,-0.03275945,0.028203573,0.00311596
308.85968,-0.03309756,0.028810294,0.0040040473
308.87704,-0.03287963,0.028991269,0.0049615866
308.89337,-0.032555413,0.028840994,0.0035840163
308.9099,-0.03214091,0.028883873,0.006728278
308.9271,-0.032233395,0.028943941,0.0076795784
308.94342,-0.03218254,0.029000005,0.004185823
308.96008,-0.03174516,0.029284352,0.005204112
308.97684,-0.030832468,0.029428968,0.0060989237
308.99362,-0.03071305,0.02952644,0.0069644665
309.01004,-0.030806672,0.029599031,0.007863013
309.0268,-0.030654162,0.029571444,0.008827887
309.0433,-0.030602688,0.02962465,0.005352247
309.06003,-0.029883228,0.029791348,0.0062350323
309.07715,-0.029399656,0.03004558,0.009213912
309.0934,-0.029478133,0.030117502,0.007762939
309.1102,-0.028411008,0.030315671,0.008613622
309.12668,-0.027815174,0.03053203,0.009364765
309.14337,-0.027562445,0.030981136,0.007986498
309.15997,-0.026897397,0.031251285,0.008698697
309.17682,-0.025918908,0.03094672,0.009417757
309.19342,-0.025451912,0.030723196,0.007980309
309.21033,-0.024771204,0.030829664,0.008670556
309.22675,-0.024402466,0.03075043,0.007168254
309.24316,-0.023151796,0.030785052,0.007854885
309.26016,-0.022161944,0.030702125,0.008571054
309.27676,-0.021882437,0.03023071,0.0069966186
309.2934,-0.021390148,0.030398665,0.0076282364
309.30997,-0.020281963,0.03047723,0.00828032
309.3266,-0.019819232,0.03042074,0.006748132
309.3432,-0.018890284,0.030144716,0.007385554
309.35977,-0.017844144,0.029884158,0.008024888
309.37704,-0.016975438,0.03000238,0.0064673596
309.39316,-0.015767248,0.029816506,0.0070125526
309.40997,-0.014667808,0.029795632,0.0077577247
309.42636,-0.014422318,0.029261654,0.0062494003
309.443,-0.013187273,0.029296674,0.006867313
309.4597,-0.012237336,0.029346403,0.007478662
309.4765,-0.011520434,0.02930843,0.0058994563
309.49295,-0.010352159,0.029341638,0.0064671673
309.51,-0.009515414,0.02935195,0.007143919
309.5266,-0.008904047,0.029311918,0.005401096
309.5431,-0.008018931,0.029172204,0.0060379147
309.55975,-0.007451726,0.028850056,0.004464168
309.5766,-0.0072131664,0.028999388,0.0051160348
309.59323,-0.006169334,0.028997026,0.0057452563
309.61,-0.0056352415,0.029435499,0.0040675714
309.62674,-0.0053101233,0.029527942,0.004677376
309.64313,-0.0048551727,0.029691366,0.0052061663
309.65997,-0.004718483,0.02973737,0.0036530204
309.67673,-0.004370901,0.029789723,0.0041658576
309.6932,-0.0037029574,0.03022629,0.004708765
309.70978,-0.0034922664,0.030381376,0.0031349154
309.72644,-0.0031138314,0.030898286,0.0037471184
309.7434,-0.0028908886,0.031020783,0.004377582
309.76007,-0.0025049874,0.031437475,0.002654531
309.7767,-0.0022232763,0.032003924,0.0032490143
309.7931,-0.0019648217,0.032416664,0.0039407024
309.81003,-0.001530503,0.032379508,0.002310274
309.827,-0.0011613867,0.032335922,0.0028943035
309.84344,-0.0009486544,0.03259904,0.0035097462
309.86002,-0.001283984,0.032223053,0.0018955662
309.87665,-0.0010264122,0.03229021,0.0025716873
309.89346,-0.0006864724,0.032570254,0.0032544406
309.91006,-0.00033312026,0.033050254,0.0015180202
309.92667,-0.00016634529,0.03293133,0.0022225764
309.94354,-0.000035703808,0.03306439,0.0029471612
309.96045,-0.000009165593,0.032958686,0.001274052
309.97684,0.00014672642,0.03269738,0.001966734
309.99365,0.00022692433,0.032510538,0.0027687508
310.00998,0.00045095093,0.032615673,0.0010501663
310.02682,0.0007221932,0.032701433,0.0018899054
310.0436,0.00032117576,0.032109525,0.00018198029
310.06042,0.0005480063,0.032204278,0.00092676975
310.07736,0.0006515139,0.031942014,0.0016912249
310.09354,0.0007805756,0.031753782,0.0024531842
310.11017,0.00075096486,0.031997543,0.0009379202
310.1267,0.0009846686,0.031831756,0.0017173359
310.14404,0.0012317501,0.031582516,0.0026082378
310.16037,0.0011831179,0.03156964,0.00079909153
310.17712,0.001310417,0.03128995,0.0017520183
310.19345,0.0018096343,0.03128351,0.000040711377
310.21014,0.0016826094,0.031158874,0.0010192746
310.22693,0.0015065141,0.03101181,0.001969131
310.2437,0.0014018136,0.03072355,0.00024313832
310.26044,0.0014133655,0.030578675,0.0011641772
310.27707,0.0012984641,0.030256294,0.0021002635
310.29376,0.0011753126,0.030330164,0.0004901465
310.31003,0.0010414588,0.030110277,0.0014724594
310.32672,0.00085356453,0.029919805,0.0025984414
310.3434,0.0005168297,0.029556157,0.003626515
310.36,0.000032580785,0.029378407,0.0047045974
310.37692,-0.00039314566,0.029350523,0.005833768
310.3934,-0.00032770864,0.029351054,0.0013754258
310.41028,-0.0006781964,0.029464023,0.0024837505
310.42694,-0.00068984303,0.029882662,0.0035226499
310.4432,-0.0010467777,0.029946474,0.0046131383
310.45975,-0.0015031717,0.029625086,0.0058661546
310.47717,-0.0016950961,0.03009815,0.007024349
310.49344,-0.0022770576,0.030091561,0.005189646
310.51035,-0.0028736673,0.03015582,0.0064248866
310.5268,-0.0030551779,0.03087961,0.0074424823
310.5442,-0.0031354367,0.031048138,0.005827078
310.56085,-0.0035072677,0.03149383,0.0067326208
310.57675,-0.004396014,0.032079447,0.007804723
310.5937,-0.0042081093,0.03212977,0.0062752333
310.61078,-0.004763626,0.032347724,0.0072606145
310.6271,-0.0053924634,0.03256572,0.008241014
310.64417,-0.005714029,0.032370783,0.0065029524
310.66028,-0.0060211695,0.0329255,0.0074354783
310.67673,-0.005869577,0.033189032,0.0057562767
310.69388,-0.0060554305,0.033484016,0.0067386627
310.71066,-0.006398548,0.033655904,0.007605627
310.72708,-0.0067178486,0.033313714,0.0056948843
310.74338,-0.0068795686,0.033345357,0.0066965143
310.76035,-0.0067756474,0.03300924,0.0076824683
310.77707,-0.0067984136,0.032829024,0.005730769
310.79346,-0.006658903,0.03240827,0.0065853875
310.81018,-0.0065255556,0.03186634,0.0075080357
310.82654,-0.0059326505,0.031687677,0.005569396
310.84332,-0.0054917326,0.030715425,0.006501972
310.86032,-0.004761693,0.029755592,0.0073043364
310.87686,-0.004488461,0.02883665,0.0053183497
310.8942,-0.0035831558,0.02743872,0.006099931
310.9101,-0.0023812202,0.026326088,0.00678452
310.92673,-0.0019333685,0.02538024,0.0049588503
310.9436,-0.001168388,0.024116637,0.0057979194
310.96008,0.000023230294,0.022131646,0.006496934
310.97668,0.00076122436,0.021293957,0.004521075
310.994,0.0020037752,0.019574184,0.005337831
311.01022,0.0039484072,0.017483117,0.005910243
311.02655,0.004577033,0.01637227,0.0040409854
311.04324,0.006085816,0.014074945,0.0049057635
311.06003,0.0069172294,0.013155589,0.0028029159
311.07745,0.00830278,0.011080059,0.0035426877
311.09375,0.009507225,0.00867331,0.004081053
311.1104,0.010641396,0.006147911,0.0050457283
311.1269,0.011658523,0.0052591464,0.0030492942
311.14346,0.012407459,0.0036929206,0.003988878
311.16,0.012893039,0.002831485,0.0019354438
311.17706,0.013879309,0.0011966395,0.002896921
311.1932,0.0144134285,-0.00032402235,0.0036930756
311.2097,0.015112293,-0.0007843034,0.0017627005
311.22638,0.015914736,-0.0020823411,0.0028042896
311.24368,0.01656608,-0.0033298729,0.0036931678
311.2603,0.016769364,-0.0035528901,0.0014275919
311.27698,0.017286459,-0.004665169,0.0024280988
311.2938,0.017912181,-0.0058194892,0.003218627
311.31027,0.018105876,-0.006129125,0.0012645671
311.32672,0.018972164,-0.007210266,0.0021853712
311.3437,0.019357352,-0.007940758,0.003273383
311.36014,0.01960242,-0.008319779,0.0011609398
311.37665,0.020132761,-0.009151674,0.0022579369
311.39325,0.020459918,-0.010066576,0.0033625239
311.4099,0.020788515,-0.010508012,0.0013022653
311.42664,0.02077181,-0.01096771,-0.0006834747
311.44324,0.021809192,-0.011990765,0.0033431922
311.45996,0.021991026,-0.012686896,0.0013659893
311.4765,0.02270874,-0.013643965,0.0024105164
311.49304,0.022934124,-0.0138341235,0.00044878002
311.50977,0.023490898,-0.014393597,0.0015607353
311.52658,0.023872284,-0.015375155,0.0025152655
311.54327,0.024378655,-0.016158212,0.0036272064
311.56006,0.024696216,-0.017007962,0.001607709
311.5767,0.02494805,-0.017668368,0.0026985714
311.59335,0.024772985,-0.01813787,0.00072274014
311.60992,0.024689136,-0.018288692,0.0018273807
311.6263,0.024193842,-0.017866487,0.0031015323
311.64325,0.024078837,-0.017512195,0.0011459959
311.6602,0.02321943,-0.016670723,0.0022874977
311.6765,0.022332108,-0.014908654,0.0032651047
311.69327,0.02237849,-0.013764374,0.0013356991
311.7103,0.020523401,-0.009985773,0.0056186607
311.72675,0.020496733,-0.010040312,0.00029907055
311.7432,0.019581556,-0.0065327664,0.0015600953
311.7598,0.018057961,-0.002788167,0.0028020665
311.7765,0.016621932,0.0018555645,0.003930938
311.7935,0.014916402,0.0069146133,0.0050752885
311.81012,0.013275379,0.011882738,0.0060681007
311.82663,0.011959692,0.014356551,0.0040000486
311.84296,0.010195763,0.020329839,0.005114027
311.8597,0.008405412,0.026838658,0.006255826
311.87665,0.00765086,0.029896494,0.004093957
311.89343,0.0059515783,0.035765138,0.0049757157
311.90994,0.004089837,0.04206403,0.005882179
311.92694,0.0023357372,0.0486006,0.0068884473
311.94333,0.0018369029,0.051374614,0.004497345
311.96008,0.0002957875,0.0572824,0.0055201147
311.978,-0.0012249971,0.06322674,0.00634573
311.99344,-0.002259909,0.06623659,0.003713133
312.01056,-0.0040495503,0.07191283,0.004947508
312.02676,-0.004135586,0.074718006,0.0024508825
312.0434,-0.0052238926,0.07960549,0.0034581593
312.0603,-0.0064830384,0.08433418,0.0042955964
312.07684,-0.0073141204,0.0866035,0.0019254737
312.0933,-0.007976063,0.09048001,0.0028663944
312.11002,-0.008499774,0.09312407,0.003835325
312.12683,-0.008707438,0.09455563,0.0016327702
312.14407,-0.009390358,0.09726841,0.0025901408
312.1601,-0.00985708,0.09937769,0.0034117713
312.1767,-0.009140059,0.10023267,0.0014106355
312.19357,-0.009316685,0.10146817,0.002546187
312.2103,-0.009353214,0.102664314,0.0036525025
312.2274,-0.009475949,0.102980874,0.0014756646
312.24362,-0.009200114,0.10310102,0.0025593254
312.2604,-0.009197047,0.10348383,0.003960593
312.27664,-0.009288329,0.10367705,0.0018004858
312.2934,-0.008763931,0.10353123,0.003191475
312.31036,-0.008056624,0.10247938,0.0044069877
312.32672,-0.0078576775,0.102136664,0.0021645688
312.3433,-0.007160042,0.101122774,0.0035490533
312.36017,-0.0062926267,0.09985653,0.0048590787
312.37674,-0.0062110117,0.09899808,0.0026777205
312.39362,-0.005789743,0.096972816,0.004028693
312.41058,-0.005259702,0.09499848,0.0052680536
312.42703,-0.004819581,0.09392789,0.0030221008
312.44342,-0.004219571,0.09141023,0.0043500774
312.45993,-0.003448915,0.0903219,0.0022402988
312.47678,-0.0024983624,0.08793452,0.003506896
312.4935,-0.001756976,0.08507805,0.004615938
312.51,-0.0014242157,0.083466835,0.0023248224
312.5268,-0.0007435231,0.08070327,0.0035076642
312.5434,-0.00018552381,0.07799635,0.0046089166
312.5601,0.00014394234,0.07655984,0.0023417552
312.57697,0.0008577299,0.07349776,0.0035187146
312.5935,0.0015470434,0.07075741,0.0045580785
312.61032,0.0016890299,0.06997217,0.0023396548
312.6272,0.0026947663,0.06719529,0.0032438918
312.6437,0.0037927292,0.06409441,0.004038935
312.65973,0.0039336104,0.062122222,0.0017630432
312.67642,0.0047363336,0.058568858,0.0028733218
312.69324,0.0059555257,0.054808278,0.0038469457
312.71036,0.006752211,0.05246574,0.001268824
312.7268,0.0079276515,0.048849143,0.0019870335
312.74353,0.008798573,0.04518786,0.002885721
312.76068,0.009377947,0.043067083,0.00031261906
312.77698,0.010222083,0.03879114,0.0008953901
312.79324,0.011098169,0.0350747,0.0016508067
312.80988,0.012084103,0.03313139,-0.0008020891
312.8266,0.012816422,0.028927896,-0.00019850659
312.8434,0.013764099,0.024925562,0.00032818405
312.86044,0.014144196,0.023162354,-0.0023297216
312.87665,0.015346677,0.019557688,-0.0019651132
312.89337,0.01595168,0.017823236,-0.004463705
312.91003,0.01673334,0.014008447,-0.003961503
312.92725,0.017867118,0.010502009,-0.003483
312.9435,0.018448802,0.008938607,-0.0062865065
312.96036,0.019318998,0.005509664,-0.0056502977
312.97696,0.020028867,0.002539084,-0.005154717
312.99353,0.020613024,0.00096470735,-0.00778609
313.01,0.021667724,-0.0019512416,-0.007158786
313.02673,0.022753226,-0.0046795155,-0.0064700283
313.04312,0.023577105,-0.0070504057,-0.005886249
313.05988,0.024769505,-0.009275932,-0.005071772
313.07654,0.0256932,-0.011389601,-0.0044600875
313.09357,0.025659084,-0.01146587,-0.010405307
313.11017,0.026414469,-0.013648556,-0.009882217
313.1266,0.027216403,-0.015421525,-0.009090946
313.14346,0.027812695,-0.01720267,-0.008152832
313.1602,0.028709078,-0.018604886,-0.0074658133
313.17697,0.029577548,-0.01979513,-0.0067191045
313.19354,0.029517679,-0.01988464,-0.012769987
313.21008,0.030289171,-0.021620665,-0.008571546
313.2266,0.03078668,-0.022126533,-0.007601741
313.2432,0.030924384,-0.022582762,-0.010179811
313.25998,0.031525124,-0.022575444,-0.009298276
313.27692,0.03208309,-0.022987695,-0.008404135
313.29333,0.031955156,-0.023086648,-0.011150096
313.31003,0.032074966,-0.023176473,-0.01013437
313.32663,0.032452367,-0.023228996,-0.012740541
313.34326,0.03290773,-0.023256851,-0.011748302
313.35992,0.033111732,-0.02299013,-0.010726679
313.3769,0.03299653,-0.023173973,-0.013299711
313.39334,0.03315149,-0.02281895,-0.01234988
313.41003,0.033034813,-0.022590892,-0.011146914
313.42673,0.033007536,-0.022190733,-0.013656774
313.44324,0.032949165,-0.021641474,-0.012517188
313.46002,0.032590892,-0.021124579,-0.011331967
313.47705,0.032837342,-0.020941025,-0.013814034
313.4932,0.032641843,-0.01995466,-0.012710482
313.5102,0.032601196,-0.018965319,-0.011213982
313.52646,0.0322178,-0.018427173,-0.013774457
313.5431,0.031776927,-0.017542757,-0.0122754425
313.56,0.03133648,-0.016445346,-0.010859559
313.57663,0.03158454,-0.01583416,-0.013343076
313.59378,0.031193359,-0.014397105,-0.011855519
313.61026,0.03057622,-0.013123087,-0.010600349
313.62677,0.03038228,-0.01216164,-0.012855949
313.64325,0.029999053,-0.010261896,-0.011315057
313.65955,0.02997497,-0.009432901,-0.013594779
313.67624,0.030020144,-0.0072802496,-0.0119867185
313.6929,0.029581139,-0.005809531,-0.01050104
313.70984,0.028965933,-0.0050448407,-0.012918834
313.72668,0.028511468,-0.0032610218,-0.01153945
313.74332,0.028055768,-0.0018262704,-0.01015927
313.76007,0.02760189,-0.0005971277,-0.008632159
313.77686,0.027439889,0.0003198193,-0.011070423
313.79346,0.026765728,0.0014617844,-0.009621454
313.81036,0.026044922,0.0025611355,-0.008051004
313.82693,0.0258347,0.0029029045,-0.010586061
313.84415,0.025249343,0.0041505457,-0.0089555085
313.86026,0.02451459,0.00492901,-0.011613984
313.87756,0.023446592,0.006361735,-0.009788585
313.8936,0.02223873,0.0076536676,-0.00851382
313.9109,0.02159525,0.008903785,-0.0067048743
313.9276,0.021240797,0.009557184,-0.0092866765
313.94363,0.020203495,0.01088073,-0.007725927
313.9605,0.019507926,0.011664698,-0.009848278
313.9769,0.018617703,0.013229678,-0.008340876
313.994,0.01792006,0.015067354,-0.0066602505
314.01062,0.017198617,0.015816001,-0.009169696
314.02695,0.016527865,0.017207814,-0.007610578
314.04364,0.016062729,0.018380135,-0.0058811456
314.06036,0.015820878,0.01936088,-0.008249214
314.07693,0.015340532,0.020884948,-0.006736571
314.09375,0.014687812,0.02229764,-0.005127092
314.11032,0.014621891,0.022975033,-0.0076024695
314.12723,0.014091474,0.024488723,-0.0060514957
314.1436,0.013590137,0.025854545,-0.004575094
314.16034,0.013388785,0.026255848,-0.0069632693
314.17688,0.012982502,0.027583757,-0.0053878613
314.19385,0.012568424,0.028776083,-0.0037347886
314.2102,0.012011102,0.029485492,-0.0063542137
314.22696,0.011413988,0.030737,-0.004618875
314.24365,0.01132009,0.031748693,-0.003137013
314.26028,0.011667488,0.03244758,-0.00563128
314.27728,0.01161267,0.033676095,-0.004065924
314.29376,0.011828554,0.034600575,-0.0027294077
314.31042,0.012220602,0.03493924,-0.0051487777
314.32742,0.012511721,0.03585213,-0.0036681073
314.34372,0.0121700205,0.036433402,-0.0063128565
314.36044,0.01247632,0.03729095,-0.0046814554
314.37717,0.01273933,0.03823334,-0.0032302518
314.39313,0.013062327,0.03905228,-0.00579694
314.41043,0.0132831605,0.04029857,-0.0040280893
314.42712,0.014511136,0.042172022,0.0011584555
314.44376,0.014650228,0.042123806,-0.0054420596
314.46088,0.015597103,0.04279561,-0.0040952642
314.47717,0.015936973,0.043519698,-0.0028485232
314.49353,0.016668865,0.044554245,-0.001311188
314.51044,0.017603986,0.045043822,0.00012512201
314.52698,0.01870999,0.045647904,0.0013040488
314.54364,0.01885982,0.045586284,-0.0052625807
314.56024,0.019553997,0.04612727,-0.0039687143
314.57712,0.02045281,0.046560988,0.0012080136
314.59344,0.020753609,0.04673471,-0.0016072317
314.61017,0.021273047,0.046716478,-0.00031594027
314.62708,0.021775551,0.04651234,0.00079628854
314.64362,0.022406794,0.04600856,-0.0020943102
314.66022,0.023133336,0.04579774,-0.0010095133
314.67676,0.023663439,0.04514033,0.000023188766
314.6935,0.023904756,0.04494592,-0.002710585
314.7104,0.024446793,0.044294383,-0.0017856534
314.72684,0.025155356,0.043835223,-0.0009909136
314.74356,0.026109219,0.043120883,-0.0037553627
314.76,0.026886541,0.04253597,-0.0028857135
314.77698,0.027849361,0.041925248,-0.0018603413
314.79364,0.028254723,0.04149673,-0.004958956
314.81042,0.028789598,0.041173894,-0.0077761346
314.82764,0.030503793,0.039703645,-0.0031577602
314.84366,0.030770736,0.039371446,-0.006348701
314.86026,0.031625364,0.038134698,-0.0051769232
314.87692,0.03255353,0.03738733,-0.008093856
314.8934,0.03365242,0.03606324,-0.0072883223
314.91046,0.03442132,0.034449674,-0.0063090315
314.92694,0.03427281,0.033453997,-0.009480402
314.94357,0.03473337,0.031442083,-0.008487949
314.96048,0.0349714,0.029184628,-0.0074466406
314.97696,0.034850277,0.02758689,-0.010560501
314.99344,0.034893844,0.02530456,-0.009418109
315.01,0.034946747,0.023330364,-0.008266616
315.02686,0.034920394,0.022049673,-0.0112617025
315.0434,0.034723215,0.019268557,-0.010213948
315.0599,0.034302905,0.016516332,-0.009085896
315.0766,0.034369078,0.015499464,-0.011872226
315.0934,0.034094177,0.013137185,-0.010789422
315.11023,0.03356636,0.010561452,-0.009761741
315.12668,0.033707935,0.009264538,-0.01263542
315.14316,0.03344003,0.0072101564,-0.011407272
315.15982,0.033564836,0.0057276003,-0.014192796
315.17645,0.033279695,0.0035107408,-0.013037731
315.1931,0.03307458,0.001096927,-0.0117907105
315.20996,0.032617155,-0.000038173166,-0.0147126205
315.22723,0.032278694,-0.0022474176,-0.013498164
315.24362,0.031590972,-0.00446232,-0.012461
315.26013,0.031265896,-0.005344231,-0.015168369
315.27652,0.030852709,-0.0072210226,-0.013778518
315.29327,0.03042737,-0.008898419,-0.012416429
315.3102,0.0304296,-0.010616472,-0.01110105
315.3268,0.030424643,-0.011761421,-0.014000945
315.34338,0.029973395,-0.013696493,-0.012602807
315.3601,0.029766377,-0.014453743,-0.015315084
315.37662,0.029747162,-0.015718913,-0.013867636
315.39343,0.030061945,-0.017294005,-0.012298556
315.40997,0.029895334,-0.017445192,-0.015040728
315.42648,0.030045077,-0.01853408,-0.0134799015
315.4431,0.030015659,-0.019777872,-0.011826306
315.46002,0.030265378,-0.020677866,-0.01450056
315.47644,0.030644083,-0.021338806,-0.012956137
315.49326,0.031257633,-0.021945441,-0.011181756
315.5101,0.031444263,-0.022306342,-0.013924604
315.5269,0.031938113,-0.02309168,-0.012287754
315.5434,0.032169625,-0.023566954,-0.015012703
315.5605,0.032482482,-0.024457384,-0.013216842
315.57724,0.032986023,-0.025142558,-0.011648565
315.59344,0.03353128,-0.025324062,-0.014357858
315.61005,0.034011055,-0.025480606,-0.012383813
315.62708,0.034499403,-0.025891261,-0.010602953
315.6433,0.034730516,-0.025843687,-0.013386385
315.6598,0.035670962,-0.025798285,-0.0114248805
315.67633,0.036278952,-0.025751244,-0.00955684
315.69308,0.036593854,-0.025877494,-0.012124376
315.71036,0.037110638,-0.025541937,-0.0103201745
315.72653,0.03762487,-0.025035389,-0.008703375
315.74374,0.037926055,-0.024916044,-0.011110023
315.7602,0.0383631,-0.02452004,-0.009464436
315.77686,0.039339125,-0.023917785,-0.00742439
315.79318,0.039577972,-0.023305126,-0.009934112
315.8099,0.04060802,-0.02243559,-0.007771316
315.82657,0.041331753,-0.02181996,-0.0057253214
315.84323,0.042864352,-0.020901356,-0.0035607156
315.86057,0.0440337,-0.019891845,-0.0013630536
315.87698,0.0450228,-0.018856574,0.00055271044
315.89334,0.0449562,-0.019014845,-0.0064815925
315.9099,0.046866763,-0.018031424,-0.004125808
315.92664,0.049016975,-0.016701125,-0.001923653
315.94357,0.050806277,-0.015703136,0.0001264955
315.9603,0.052271083,-0.014504098,0.0021311792
315.97736,0.05221896,-0.014692115,-0.0050605363
315.99384,0.055341102,-0.012557113,0.0013983919
316.01038,0.05660078,-0.011405435,0.0033664156
316.02728,0.057969365,-0.01059688,0.0053375396
316.0437,0.058844205,-0.010055765,0.0026016568
316.06067,0.060451567,-0.008706837,0.004561083
316.07718,0.061688986,-0.0075239604,0.0061379685
316.0939,0.062366735,-0.007128927,0.003519696
316.111,0.0640116,-0.0058064316,0.005021864
316.1268,0.06530879,-0.005137283,0.0020685284
316.14377,0.06668282,-0.0042706984,0.0038504715
316.1604,0.06837099,-0.0035877537,0.0050843684
316.177,0.06940302,-0.0028135094,0.002210823
316.1935,0.07111101,-0.0017721779,0.003457322
316.21072,0.07285999,-0.0005988234,0.00463892
316.22668,0.07361278,-0.00065211224,0.001370378
316.24347,0.07463893,0.000409844,0.0026611935
316.2602,0.0755677,0.0012144865,0.0035985885
316.27704,0.075744554,0.0012267473,0.00040970073
316.2937,0.076104924,0.0015867931,0.0012564732
316.31012,0.07571281,0.0019476912,0.0022035798
316.32678,0.07552014,0.0020568843,-0.00093160605
316.3435,0.0749412,0.0024492112,-0.0000028020838
316.36035,0.073732994,0.002672334,0.0007109451
316.3771,0.073148176,0.0023324257,-0.002591473
316.39386,0.07183422,0.0023118346,-0.005909948
316.41068,0.068328105,0.0021417737,-0.0009953547
316.42682,0.067026846,0.0020868985,-0.004198791
316.4434,0.063744955,0.001895781,-0.0031303829
316.4607,0.060575478,0.0014154107,-0.0021815614
316.47717,0.058648087,0.0012128064,-0.0056422697
316.49365,0.05530759,0.00080161914,-0.0047246404
316.51044,0.051949415,0.0002427161,-0.0036663834
316.52682,0.05001142,0.000008000923,-0.006934556
316.54312,0.04605199,-0.00044604627,-0.0058286837
316.5603,0.04179237,-0.0008003179,-0.004698192
316.57718,0.039564263,-0.0007282815,-0.008078421
316.59372,0.034995172,-0.0012385919,-0.0071705505
316.61014,0.032528523,-0.0014145856,-0.010188908
316.6267,0.02804875,-0.0018249,-0.009070333
316.64334,0.023134053,-0.0023477485,-0.007895067
316.65997,0.020370942,-0.002349559,-0.010974906
316.67676,0.015447296,-0.0026482472,-0.009729168
316.69345,0.010220804,-0.0027491131,-0.008508216
316.71017,0.0076708305,-0.0029326691,-0.011585221
316.72696,0.0027226293,-0.003032677,-0.010226558
316.74365,-0.0023991668,-0.002904865,-0.008815481
316.76025,-0.004365344,-0.002682471,-0.011803884
316.77682,-0.008400287,-0.0028304488,-0.0102341
316.79352,-0.012170647,-0.002987589,-0.008693484
316.8101,-0.014122112,-0.0033132583,-0.011568461
316.82675,-0.017302804,-0.003321894,-0.009898234
316.84357,-0.01946195,-0.0034997833,-0.008235344
316.85992,-0.020464053,-0.0037912268,-0.011134247
316.8765,-0.022934627,-0.0038676495,-0.009303489
316.89325,-0.023841891,-0.0038577747,-0.012111298
316.90988,-0.025290161,-0.0039446615,-0.010446332
316.9267,-0.026423106,-0.0042794626,-0.008597705
316.94342,-0.026847837,-0.003940705,-0.011517347
316.9599,-0.027841644,-0.0041348184,-0.009730077
316.97678,-0.028131194,-0.004382394,-0.007790641
316.99335,-0.028162602,-0.004911664,-0.0060162805
317.01007,-0.02829673,-0.0050875098,-0.00879808
317.02664,-0.028428568,-0.005123567,-0.0116171865
317.04324,-0.027964361,-0.0054556485,-0.0049854843
317.05984,-0.027504588,-0.0059466125,-0.0030559064
317.07684,-0.027526842,-0.0058440208,-0.010516416
317.09348,-0.02696678,-0.0060712034,-0.008914499
317.11002,-0.025602086,-0.0068234527,-0.006909557
317.1267,-0.024149757,-0.0078810835,-0.0048305956
317.14328,-0.02301152,-0.008655625,-0.0031193334
317.16025,-0.020320382,-0.009551077,-0.0011661863
317.1766,-0.020356847,-0.009473668,-0.008787767
317.19327,-0.01775409,-0.010353342,-0.006694034
317.21008,-0.015176949,-0.011642548,-0.0048185517
317.22693,-0.012261932,-0.012766963,-0.003060732
317.2434,-0.008181126,-0.014542132,-0.0012500396
317.2603,-0.003899593,-0.016037932,0.0006646545
317.27664,-0.0039607296,-0.016022932,-0.0069629825
317.29346,0.0021670985,-0.018891899,-0.00050401886
317.31,0.0060828,-0.020807846,0.0011811414
317.32672,0.010386415,-0.022625342,0.0029426182
317.34338,0.012803077,-0.0235686,-0.00003677744
317.36,0.016940476,-0.025544297,0.00165784
317.37668,0.018803619,-0.026784226,-0.0013133935
317.3933,0.023283957,-0.028876053,0.00033261476
317.4101,0.027482023,-0.031070953,0.0019311999
317.42697,0.03216695,-0.03370002,0.0034058096
317.44348,0.034790315,-0.034821477,0.00030246525
317.46024,0.039082967,-0.037307993,0.0019195009
317.4766,0.04130145,-0.038606472,-0.0011689427
317.4933,0.045224153,-0.040659517,0.00044775897
317.5099,0.048680253,-0.042512633,0.0017234671
317.5266,0.050571237,-0.043652594,-0.0013194791
317.54312,0.0538546,-0.04544673,-0.00009359845
317.55975,0.05618811,-0.046898127,0.0012352814
317.57635,0.057253577,-0.047776565,-0.0018468581
317.5933,0.059627227,-0.049112603,-0.0005064678
317.6099,0.061373442,-0.05054705,0.0007419749
317.62677,0.061991382,-0.05098083,-0.0023405892
317.64377,0.06325273,-0.052067503,-0.0010786694
317.66025,0.06413657,-0.053062562,0.0000674919
317.67694,0.06463017,-0.053732127,-0.0029412238
317.69324,0.06436572,-0.054232154,-0.0017730495
317.70993,0.06431832,-0.054538716,-0.00040477552
317.7268,0.06415861,-0.054500617,-0.0035860483
317.74332,0.06339524,-0.053982425,-0.0025467554
317.76038,0.06259686,-0.053851143,-0.0013076786
317.77707,0.061825547,-0.05410934,-0.004732274
317.7937,0.06106947,-0.05401317,-0.0035854946
317.81027,0.059981395,-0.05375386,-0.002387333
317.8272,0.059549958,-0.0535493,-0.0055515333
317.84393,0.058293615,-0.05296076,-0.004516049
317.86072,0.056945194,-0.052374177,-0.0033882367
317.87698,0.05621656,-0.052106526,-0.0065843402
317.8938,0.054810625,-0.051237684,-0.0052012056
317.9104,0.052968778,-0.050274175,-0.00402826
317.927,0.051922448,-0.05007546,-0.0071939304
317.94388,0.049837615,-0.04899526,-0.0058887745
317.9607,0.0481806,-0.047976714,-0.0047258306
317.97726,0.04740543,-0.047111914,-0.007911432
317.99435,0.04496594,-0.04584648,-0.006612058
318.00983,0.043704852,-0.045419548,-0.009858485
318.02673,0.04141425,-0.043642785,-0.007997215
318.0433,0.03856834,-0.04189414,-0.0067880033
318.06012,0.036923457,-0.040777538,-0.009857924
318.07755,0.034157246,-0.038696073,-0.008589387
318.09396,0.031970836,-0.037554182,-0.0073934146
318.11032,0.030489292,-0.036306053,-0.010452238
318.12717,0.027653672,-0.034430802,-0.008798883
318.14395,0.024916869,-0.03235715,-0.007358341
318.16043,0.023900341,-0.031740226,-0.010541915
318.1773,0.021979332,-0.030171756,-0.008973548
318.19403,0.019296769,-0.028405366,-0.0075985407
318.21048,0.018123124,-0.02762456,-0.010731679
318.227,0.016400563,-0.026090218,-0.009065562
318.24377,0.014525255,-0.024635365,-0.0074757184
318.26028,0.013352676,-0.024155848,-0.010560342
318.27695,0.011691125,-0.02308262,-0.00895983
318.29376,0.010360195,-0.022137314,-0.007382502
318.31042,0.009831706,-0.021801272,-0.010483685
318.32703,0.008282552,-0.02066178,-0.008943982
318.3435,0.006694197,-0.01927476,-0.0073596244
318.36032,0.0060895476,-0.018633433,-0.010298656
318.37668,0.0050755055,-0.017766166,-0.008820712
318.39365,0.0036608877,-0.016656743,-0.0071085403
318.41013,0.002581149,-0.016353413,-0.010327014
318.4269,0.0012354889,-0.015326407,-0.008652525
318.443,0.0010186525,-0.014882412,-0.011787681
318.45975,-0.00001366769,-0.014169338,-0.009935903
318.47675,-0.0013558683,-0.01353741,-0.0082858605
318.49384,-0.0017041292,-0.0132988645,-0.011517633
318.5101,-0.0025803647,-0.012592764,-0.010017577
318.52704,-0.0031952548,-0.012387828,-0.008123222
318.54355,-0.003581108,-0.012303187,-0.011318768
318.56052,-0.0046486617,-0.011363906,-0.009466891
318.5769,-0.0051433654,-0.01076287,-0.0078116264
318.59363,-0.005594083,-0.010911469,-0.005859208
318.60995,-0.005950774,-0.010865885,-0.0039804075
318.6278,-0.005907396,-0.010859491,-0.00201883
318.64383,-0.0059524667,-0.010834823,-0.0103313
318.66034,-0.005606164,-0.011539983,-0.008068318
318.67694,-0.0050972216,-0.012417784,-0.0061391476
318.69363,-0.005061692,-0.013175942,-0.004293591
318.71027,-0.004355476,-0.013958455,-0.0023725245
318.72696,-0.0037856603,-0.014890651,-0.00041335987
318.74344,-0.003431728,-0.015171516,-0.0033956293
318.75992,-0.0032841556,-0.016154217,-0.0013048917
318.77695,-0.0028288795,-0.016906803,0.00065160025
318.79352,-0.0023849441,-0.01742521,-0.0023793532
318.81085,-0.0019375755,-0.018361831,-0.0004123459
318.82693,-0.0015344698,-0.019307721,0.001170467
318.84344,-0.0014414124,-0.020067716,-0.001470336
318.86008,-0.0007343712,-0.021035656,0.0005139213
318.87686,-0.00025673019,-0.021600874,-0.0023859353
318.89355,0.00038604983,-0.022765119,-0.00055576226
318.9099,0.0011946736,-0.023648517,0.0013295831
318.9267,0.0010395935,-0.024471836,-0.0015102971
318.9434,0.0014399397,-0.025883978,0.0003665218
318.95984,0.002177984,-0.027060615,0.002250337
318.97726,0.0026770916,-0.027335633,-0.0006218115
318.9938,0.0032680584,-0.029088197,0.00097200455
319.0104,0.004037432,-0.030408837,0.0029729225
319.0273,0.003967994,-0.031189796,-0.00003713543
319.04352,0.004508103,-0.032390248,0.0019025466
319.06027,0.005475596,-0.03363461,0.0040442143
319.0769,0.005607683,-0.034202676,0.0010142291
319.09357,0.0060336012,-0.03521363,0.002864711
319.11002,0.006689408,-0.036549594,0.004725825
319.12677,0.0075361314,-0.037156325,0.001882428
319.1434,0.008150763,-0.03833712,0.0036116282
319.16,0.008423663,-0.03911567,0.005375502
319.1768,0.008134648,-0.040098608,0.002405491
319.19327,0.008733096,-0.041555688,0.0040681874
319.21048,0.009243464,-0.041646633,0.0011284946
319.2267,0.0090045305,-0.042766843,0.0025834762
319.2434,0.009154117,-0.043619726,0.004475651
319.25998,0.008964775,-0.044266347,0.0013634601
319.2768,0.008979003,-0.045076054,0.0030960944
319.29355,0.008978088,-0.045493122,0.0046649273
319.31012,0.008879307,-0.045660123,0.0015189246
319.32672,0.0089661805,-0.046555858,0.003206231
319.3432,0.009004192,-0.047093354,0.004758864
319.36,0.008566753,-0.047429815,0.0017421768
319.37662,0.00846806,-0.047781896,0.0031752873
319.3934,0.00847929,-0.048010416,0.0046630763
319.40997,0.008560094,-0.04814786,0.0014364647
319.42676,0.008615051,-0.04822888,0.0028255081
319.4433,0.00844784,-0.047832277,0.004087063
319.4601,0.008126354,-0.047862843,0.0008572903
319.47678,0.008027693,-0.04807883,0.0020178782
319.4936,0.008040423,-0.047932513,0.0032368177
319.51074,0.008067994,-0.047491115,-0.00020669942
319.52692,0.007888999,-0.04734297,0.0006624818
319.54376,0.007928904,-0.046904102,0.001957372
319.56052,0.007972584,-0.04688709,-0.0014646905
319.57706,0.007807171,-0.04609982,-0.00047527187
319.5934,0.007962673,-0.045155533,0.0005885294
319.6105,0.0074387724,-0.045119435,-0.0027185858
319.6273,0.0073187645,-0.044639453,-0.0018973228
319.64383,0.00721027,-0.043354336,-0.0010549377
319.66028,0.007398462,-0.043032747,-0.0043568616
319.67667,0.0067774816,-0.042166088,-0.0032709811
319.69342,0.006504311,-0.04163279,-0.0066467035
319.7108,0.0060800314,-0.040735845,-0.005718002
319.72696,0.005396647,-0.03942511,-0.005099859
319.7436,0.004885698,-0.03819849,-0.0039901407
319.7605,0.0045376583,-0.037377387,-0.007342507
319.7772,0.0038120844,-0.035338283,-0.0065478324
319.79364,0.0033220153,-0.034518182,-0.009940044
319.81042,0.002377926,-0.03224227,-0.008821085
319.82703,0.0019751426,-0.02978307,-0.007834191
319.84344,0.0016348935,-0.028668074,-0.011188732
319.8602,0.0012793617,-0.026377395,-0.009995839
319.87714,0.0011263788,-0.024246747,-0.008825056
319.8942,0.00084638543,-0.022204978,-0.0076627396
319.91064,0.00051903795,-0.020092152,-0.006614118
319.9274,0.00018690691,-0.018370278,-0.005247263
319.9437,0.000114361676,-0.018371226,-0.013145355
319.9603,0.00008142678,-0.016974602,-0.011590749
319.97708,-0.00025415054,-0.015269926,-0.010300697
319.9942,-0.00048632652,-0.013917213,-0.00916097
320.01016,-0.0007907225,-0.012864019,-0.008087929
320.0277,-0.00088907254,-0.012050669,-0.0063522346
320.0438,-0.0009390001,-0.012046985,-0.014638446
320.06036,-0.0012901546,-0.01045462,-0.008432029
320.077,-0.0012379556,-0.0095715765,-0.0070126327
320.09363,-0.0017690177,-0.009372899,-0.010243249
320.11,-0.0017266101,-0.0089165345,-0.008847932
320.12692,-0.001738708,-0.008695459,-0.011938604
320.1436,-0.0020496645,-0.008321248,-0.010698978
320.16013,-0.0027590888,-0.008316548,-0.009310736
320.1769,-0.002518541,-0.0082452595,-0.012435197
320.19345,-0.0025510725,-0.0082579935,-0.011020105
320.2107,-0.0029787153,-0.008112344,-0.009501338
320.227,-0.0035716787,-0.00786922,-0.012947189
320.2436,-0.0038868478,-0.008276165,-0.011312879
320.2603,-0.00399779,-0.008646257,-0.0097812
320.277,-0.0039631394,-0.008618641,-0.0129854465
320.29367,-0.00409883,-0.008667434,-0.0114536835
320.31094,-0.0043029482,-0.008897335,-0.009852276
320.32745,-0.004172444,-0.00940647,-0.013233074
320.3438,-0.004447029,-0.010028359,-0.011587178
320.36026,-0.004602856,-0.010219814,-0.009799501
320.37766,-0.004801542,-0.010473105,-0.012742109
320.3934,-0.0050244783,-0.011077857,-0.011463538
320.41037,-0.005226974,-0.011416897,-0.009349519
320.42697,-0.0056670713,-0.011408812,-0.012656411
320.44382,-0.005993756,-0.011920075,-0.01086763
320.46082,-0.005959759,-0.0127835665,-0.009234359
320.47705,-0.0058747,-0.013125007,-0.012493715
320.4938,-0.006053396,-0.013752056,-0.010513186
320.51022,-0.0068611316,-0.014411874,-0.008898903
320.52698,-0.00697866,-0.015325413,-0.011728928
320.54376,-0.0075971186,-0.016160447,-0.010040638
320.56027,-0.0077382596,-0.016696488,-0.008382372
320.57697,-0.008284084,-0.016768156,-0.011261343
320.5936,-0.00870709,-0.01737593,-0.0095987525
320.61032,-0.009136044,-0.017735837,-0.007815069
320.62692,-0.009115796,-0.017871445,-0.0109259505
320.64352,-0.009400089,-0.018062018,-0.009112794
320.66028,-0.009811861,-0.018413063,-0.0073371152
320.67703,-0.010141573,-0.018474547,-0.01042023
320.69345,-0.0103019085,-0.01837096,-0.008766282
320.7102,-0.01045082,-0.018059071,-0.011745663
320.72696,-0.010582078,-0.017799187,-0.01012222
320.74362,-0.010959375,-0.017220827,-0.008487584
320.76013,-0.010602682,-0.016675066,-0.011533573
320.7769,-0.010729,-0.016208084,-0.009792404
320.79333,-0.011038981,-0.016389225,-0.008072763
320.8102,-0.010945494,-0.015766798,-0.011037539
320.82693,-0.01109208,-0.015006093,-0.009375823
320.84363,-0.011062628,-0.015058165,-0.0076658987
320.86023,-0.011281826,-0.015264878,-0.010736777
320.8767,-0.011354451,-0.014799824,-0.008946361
320.8937,-0.011520411,-0.0145302145,-0.0070533925
320.9103,-0.011858017,-0.014607077,-0.010243991
320.92682,-0.012201435,-0.014798464,-0.0084170345
320.944,-0.012273467,-0.014929414,-0.0065222094
320.9601,-0.012152591,-0.015130266,-0.009795572
320.97693,-0.012526761,-0.015268228,-0.007739154
320.99335,-0.0132250395,-0.015923519,-0.0060112434
321.01007,-0.0133601595,-0.016159974,-0.008890904
321.0268,-0.013923618,-0.016631657,-0.0071056853
321.04358,-0.014580703,-0.01769901,-0.0053200647
321.06018,-0.0150004355,-0.017975412,-0.008347034
321.07693,-0.015594142,-0.01875442,-0.006453202
321.0935,-0.015813498,-0.018895954,-0.009442524
321.11005,-0.0165902,-0.019491183,-0.007528687
321.12674,-0.017455183,-0.02075211,-0.0055537857
321.14346,-0.017910738,-0.021067258,-0.008509677
321.16003,-0.018223261,-0.021982783,-0.0066066263
321.17722,-0.01880998,-0.022280874,-0.004632636
321.19318,-0.019255033,-0.022744538,-0.007823534
321.21002,-0.019755077,-0.023814313,-0.005555675
321.22678,-0.019840201,-0.024720522,0.0011961415
321.24326,-0.019936811,-0.024642408,-0.0066420673
321.26013,-0.019961344,-0.024946224,-0.00456702
321.27707,-0.02019026,-0.025398443,-0.0026717798
321.2938,-0.020369394,-0.026148852,-0.0008001987
321.31036,-0.020390082,-0.02684038,0.0011525122
321.3269,-0.020494105,-0.026761103,-0.006607091
321.34338,-0.020732053,-0.027337445,-0.0045733014
321.3601,-0.020921336,-0.027902042,-0.0025088198
321.37708,-0.020931512,-0.028309535,-0.00060275476
321.39395,-0.021425858,-0.028780585,0.0011366634
321.4103,-0.021716695,-0.028881626,0.0028822885
321.4271,-0.021749018,-0.029242542,0.0048213983
321.44376,-0.021836272,-0.029415058,0.0017973632
321.46057,-0.02183859,-0.029601922,0.0035752677
321.47723,-0.02220479,-0.029570868,0.00046798366
321.4939,-0.022551546,-0.029941885,0.0021672393
321.51022,-0.022688724,-0.030137975,0.003839532
321.52658,-0.022661978,-0.030266915,0.00091372855
321.54333,-0.022914099,-0.0303624,0.0026364753
321.55988,-0.02318482,-0.030607933,0.0041512675
321.5767,-0.023411466,-0.030834522,0.0011434744
321.59344,-0.02362505,-0.03101198,0.0026101426
321.61026,-0.023690233,-0.03092624,0.0040390813
321.62714,-0.023745814,-0.030933859,0.005465612
321.64383,-0.024507115,-0.030617787,0.0022728026
321.66074,-0.024494149,-0.030394673,0.0038238997
321.67755,-0.02449935,-0.030322945,0.00061152375
321.6935,-0.024830269,-0.030055026,0.0020420768
321.71017,-0.025015824,-0.029742843,0.0039021994
321.72717,-0.025188196,-0.029608212,0.0007679362
321.74377,-0.025746472,-0.029042525,0.0020812294
321.76016,-0.026105424,-0.028618686,0.003508383
321.77695,-0.026258582,-0.028523734,0.00048330316
321.79343,-0.026627608,-0.027841324,0.0018330227
321.8104,-0.026669366,-0.02721923,0.003342781
321.8269,-0.026579887,-0.026687518,0.000041904346
321.84372,-0.026623052,-0.026107753,0.0014140854
321.86075,-0.026948683,-0.025429606,0.0027196012
321.8774,-0.0272808,-0.024404844,-0.0007056397
321.89407,-0.026970219,-0.023156773,0.0006475178
321.91046,-0.026584037,-0.022036506,0.0020331014
321.92715,-0.026799502,-0.021428594,-0.001084555
321.94446,-0.026536947,-0.020337151,0.00028444824
321.96085,-0.026361097,-0.018778667,0.0013495097
321.97766,-0.026173761,-0.018555213,-0.0017025718
321.9938,-0.026115054,-0.017375415,-0.0003948999
322.01108,-0.026431637,-0.016386958,0.0011699146
322.02722,-0.026701333,-0.015639402,-0.0021947175
322.04355,-0.026881183,-0.014480587,-0.000564122
322.06052,-0.027099496,-0.014223211,-0.0035696721
322.07727,-0.027551828,-0.013565024,-0.0023554182
322.09384,-0.027971491,-0.012729952,-0.001113941
322.11038,-0.028199933,-0.012059346,-0.004236895
322.12762,-0.028810201,-0.011281711,-0.0029406415
322.1442,-0.02931355,-0.0106403,-0.001924781
322.16034,-0.029328216,-0.010599736,-0.005018702
322.17685,-0.02953191,-0.009696602,-0.0035428314
322.1941,-0.02975006,-0.008808105,-0.002132737
322.2103,-0.030150883,-0.008034398,-0.0055541033
322.2268,-0.030736806,-0.0073275995,-0.0039655715
322.24356,-0.030733567,-0.0068761585,-0.0070586125
322.26013,-0.030960608,-0.0060614757,-0.005675909
322.27707,-0.031154454,-0.0051697562,-0.0041775224
322.29373,-0.03129341,-0.0045215013,-0.002874564
322.31046,-0.03121356,-0.0042878413,-0.0059596524
322.32666,-0.031242294,-0.0035953107,-0.004533484
322.34348,-0.030953428,-0.0028630816,-0.0028523125
322.36005,-0.031128464,-0.0021674933,-0.0060077123
322.3775,-0.030926952,-0.0014423686,-0.004492487
322.39368,-0.030666342,-0.00084965467,-0.00339752
322.41046,-0.030391593,-0.0008215324,-0.006220614
322.42685,-0.030169338,-0.00023763863,-0.0047345925
322.4436,-0.03013483,0.0005001857,-0.0076726
322.4604,-0.029708572,0.0013158314,-0.0061590313
322.4772,-0.029219393,0.0020042104,-0.0046353587
322.4936,-0.02901217,0.0023488516,-0.003161412
322.51053,-0.028918523,0.002961276,-0.0014550602
322.5278,-0.028563319,0.0034020273,0.0000024438564
322.5437,-0.028549984,0.0035153904,-0.007933284
322.56042,-0.028298369,0.003880443,-0.006007738
322.5768,-0.028210834,0.00432683,-0.0044765607
322.59372,-0.028169595,0.004697656,-0.002824764
322.61063,-0.02768457,0.0048924754,-0.0013763254
322.62683,-0.027665455,0.0049996623,-0.009121372
322.64355,-0.027603732,0.0055646244,-0.0073983762
322.66022,-0.027611269,0.006081754,-0.005959693
322.6768,-0.027365487,0.00624032,-0.0044742497
322.6935,-0.027390987,0.006973663,-0.002863629
322.71014,-0.027162833,0.007204178,-0.001349683
322.7266,-0.02674023,0.007302004,-0.0044352273
322.74353,-0.026767889,0.007624257,-0.0027047878
322.75983,-0.02652759,0.0078071756,-0.0012407069
322.77652,-0.026483284,0.008190744,-0.004068851
322.79312,-0.026215956,0.008341539,-0.0025284505
322.80978,-0.026285749,0.008766133,-0.0009215106
322.82654,-0.02613232,0.008875822,-0.0038989014
322.8431,-0.026010307,0.009334671,-0.0023825953
322.8597,-0.025871163,0.009427951,-0.0007752451
322.87656,-0.025742495,0.009220608,-0.0037803103
322.89334,-0.025997492,0.009304329,-0.0022549282
322.91,-0.026058992,0.0095380945,-0.00077411334
322.9267,-0.02599008,0.009400793,-0.0037422427
322.94327,-0.026285404,0.009352788,-0.002201939
322.96005,-0.026639475,0.009040628,-0.00062318397
322.97687,-0.026626976,0.008952154,-0.003662846
322.9934,-0.026582068,0.009163461,-0.0022590496
323.00992,-0.026514914,0.009409752,-0.0007579524
323.02658,-0.026784193,0.009635767,-0.0036774925
323.04318,-0.026646094,0.009934379,-0.0022458602
323.06003,-0.026301071,0.010026815,-0.00075712317
323.07645,-0.026193537,0.009992373,-0.0038779308
323.0935,-0.025724424,0.010083445,-0.002271611
323.11002,-0.025478069,0.010484026,-0.0009696816
323.12665,-0.025117815,0.010321926,-0.0038781136
323.14328,-0.024618324,0.010499242,-0.002417143
323.15985,-0.024545444,0.010592385,-0.0054205903
323.1765,-0.023856806,0.010598329,-0.003958436
323.19324,-0.022992982,0.010642127,-0.0025940188
323.20996,-0.022827128,0.010673997,-0.005667179
323.22662,-0.022281451,0.010562067,-0.0043246164
323.24353,-0.021722395,0.010707631,-0.0029404396
323.25998,-0.021490416,0.010468529,-0.0061135273
323.2771,-0.020720208,0.009855494,-0.004592855
323.29343,-0.019799436,0.00948122,-0.0034044313
323.31003,-0.019436942,0.009739406,-0.00625544
323.3267,-0.01907597,0.009815883,-0.004856008
323.34338,-0.018629363,0.0097681945,-0.0035230264
323.36032,-0.018272474,0.00936633,-0.0065121697
323.3767,-0.01769273,0.009184491,-0.0053255926
323.39352,-0.017390652,0.008919797,-0.0037702962
323.41003,-0.016672647,0.009301937,-0.0069022668
323.42682,-0.016059788,0.009207582,-0.005448178
323.4437,-0.015586939,0.009139936,-0.003997848
323.4604,-0.015505391,0.00905056,-0.007168945
323.4768,-0.014955862,0.0086613,-0.0056678727
323.49387,-0.014210178,0.008111758,-0.004118785
323.5102,-0.013796557,0.008532948,-0.007236911
323.52734,-0.012694269,0.008157873,-0.005647688
323.5437,-0.012047653,0.0074795,-0.008830926
323.5604,-0.010839455,0.00744232,-0.007166349
323.57687,-0.009259628,0.007170288,-0.0056212707
323.59375,-0.00824978,0.007101755,-0.008445056
323.61038,-0.00709275,0.006793884,-0.0069485866
323.62695,-0.006530106,0.00662727,-0.0051937103
323.64413,-0.0051723006,0.0065913387,-0.0035229747
323.66068,-0.0042581395,0.006435105,-0.0021556672
323.67712,-0.004234699,0.006450887,-0.009479508
323.69406,-0.004168435,0.006197306,-0.0076237316
323.7103,-0.003698686,0.0059829107,-0.006047802
323.72684,-0.0031364018,0.005894883,-0.0043370957
323.74374,-0.0034273996,0.006258896,-0.0026132984
323.76077,-0.0040821973,0.006261101,-0.00096155895
323.77737,-0.0040586875,0.006276353,-0.008460417
323.79443,-0.0039770375,0.006300086,-0.006740434
323.8108,-0.004304937,0.0061272457,-0.0052936776
323.8271,-0.0052221552,0.0061583132,-0.003510035
323.84378,-0.006774038,0.006490102,-0.0015300934
323.86087,-0.008002917,0.006528099,0.00020098618
323.87778,-0.009139621,0.0069004633,0.0015794676
323.89383,-0.010086056,0.007143286,-0.0011524418
323.91034,-0.011773468,0.0075013363,0.00076158665
323.927,-0.013063274,0.008018747,-0.0018196952
323.94394,-0.01503384,0.008923506,-0.00022685513
323.96082,-0.017470246,0.009692221,0.0013434433
323.97726,-0.018646881,0.009686636,-0.00161521
323.9935,-0.021327024,0.010365429,0.00006967935
324.01025,-0.023143264,0.010891024,0.0018253261
324.02783,-0.024058277,0.011292216,-0.0011244784
324.04364,-0.025977893,0.011972452,-0.0000057818365
324.06137,-0.027458627,0.012986576,0.0018611804
324.07764,-0.028070599,0.013809823,-0.0015291077
324.09384,-0.029109491,0.014672436,0.00013834919
324.11063,-0.030013625,0.01584199,0.0017345737
324.12717,-0.030834427,0.01611417,-0.0011310024
324.14374,-0.0318135,0.017066475,0.0002854016
324.1606,-0.032216314,0.017811332,0.0017614072
324.177,-0.032559793,0.01839306,-0.0011997367
324.1937,-0.033244185,0.019121937,0.00035461035
324.2102,-0.033605073,0.0197728,0.001776682
324.22714,-0.033262424,0.020268537,-0.0010599
324.24377,-0.033581253,0.020986604,0.00022609427
324.26044,-0.033844374,0.021676665,0.0016533618
324.2772,-0.0337433,0.021878256,-0.0012912432
324.29382,-0.033145,0.022347724,0.000047567664
324.3104,-0.03303328,0.022576017,-0.0028190026
324.32697,-0.03307321,0.022992173,-0.0013826308
324.3438,-0.032584,0.023278842,0.000038865004
324.3602,-0.03210653,0.023463594,-0.0029729817
324.37677,-0.031838764,0.023980515,-0.001443242
324.39365,-0.03148771,0.02463496,-0.000012100523
324.41013,-0.03145549,0.02435331,-0.003007664
324.42676,-0.030768294,0.024776112,-0.0015248505
324.44376,-0.030432304,0.024925493,-0.000081484344
324.46085,-0.03025145,0.02576532,0.0012186444
324.477,-0.029903898,0.02629352,-0.001864194
324.49344,-0.029595066,0.026386285,-0.004519414
324.5103,-0.029166752,0.026901439,-0.003022443
324.52713,-0.028731532,0.027622625,-0.0016961698
324.5435,-0.028039306,0.028322967,-0.00037708317
324.56024,-0.027826073,0.028280396,-0.0030556684
324.57678,-0.02712824,0.028576734,-0.0017514735
324.5938,-0.02651038,0.029050456,-0.00034674275
324.61038,-0.026089836,0.029510865,-0.00331046
324.62717,-0.02527709,0.029708138,-0.0019723133
324.6442,-0.024900874,0.029670719,-0.004801386
324.66074,-0.024050148,0.029651478,-0.00364604
324.6776,-0.02320443,0.029493863,-0.00226774
324.6936,-0.0220512,0.029309785,-0.0010974383
324.71042,-0.021159617,0.029901586,-0.0037247047
324.7269,-0.019987354,0.029828815,-0.0026142248
324.7437,-0.01862625,0.029630907,-0.0014370763
324.76022,-0.01804027,0.029368678,-0.0044261464
324.77725,-0.016623637,0.02929555,-0.003360541
324.79395,-0.015327711,0.029023338,-0.0024079017
324.8104,-0.01449129,0.028781136,-0.0054120803
324.82703,-0.01284943,0.028327184,-0.0042551183
324.84366,-0.011863606,0.028268056,-0.0072521446
324.86044,-0.010445857,0.027928108,-0.0062356642
324.87686,-0.008884706,0.027598644,-0.0052027865
324.89374,-0.007285363,0.0271938,-0.0040181708
324.91025,-0.0069477772,0.026484072,-0.007130963
324.92673,-0.0056712525,0.026099699,-0.005986361
324.9441,-0.004789087,0.02648035,-0.008923297
324.96027,-0.0032968093,0.025980197,-0.008070334
324.97684,-0.0020769606,0.025266195,-0.006821831
324.9936,-0.0010496995,0.024779333,-0.0057263514
325.01035,0.00030879033,0.024085632,-0.0045353407
325.02698,0.001659075,0.023376953,-0.0034400774
325.04367,0.0017401003,0.02337113,-0.010372358
325.06012,0.0031266222,0.022645038,-0.00923265
325.07693,0.0043596127,0.022290163,-0.007829141
325.0935,0.0052541927,0.02158873,-0.006670492
325.11032,0.006485841,0.021229044,-0.005448932
325.12704,0.007495611,0.020780893,-0.0042384746
325.14368,0.007832218,0.020215264,-0.007102611
325.16006,0.00909742,0.019383434,-0.0057601514
325.17712,0.010156515,0.018675394,-0.004246167
325.19388,0.011019959,0.018628363,-0.007240674
325.2103,0.011553381,0.017890044,-0.005853498
325.22687,0.012228872,0.01716608,-0.00435647
325.2439,0.012547184,0.01680171,-0.007141473
325.26,0.0133500695,0.016295813,-0.005841981
325.27698,0.013950696,0.015826307,-0.004179524
325.29352,0.013911414,0.015588369,-0.007027034
325.3102,0.014389069,0.015692519,-0.0056022243
325.32684,0.0146597475,0.015437769,-0.008306639
325.34387,0.015023629,0.015345458,-0.006803164
325.3609,0.014737971,0.015653158,-0.0055617755
325.3767,0.014604957,0.015629917,-0.008322536
325.39337,0.014905876,0.015622084,-0.006580687
325.41074,0.014481505,0.015709816,-0.0051777735
325.42715,0.014871146,0.016014986,-0.008076065
325.4437,0.01443857,0.01611621,-0.006543855
325.461,0.014144496,0.016150638,-0.004959295
325.47702,0.01424351,0.015701164,-0.007934728
325.49393,0.013960603,0.016085321,-0.006137139
325.51086,0.013436427,0.016030412,-0.0046355864
325.5272,0.013233726,0.015746772,-0.007402259
325.54333,0.012817027,0.015638012,-0.0056260107
325.55997,0.012316987,0.01590887,-0.0038486654
325.57672,0.012182813,0.016284537,-0.006451446
325.59354,0.011786849,0.01667877,-0.0048646363
325.61035,0.011097299,0.016880922,-0.0034422015
325.62802,0.010896261,0.017347943,-0.006011568
325.64413,0.009804389,0.01743992,-0.0048382794
325.66025,0.008927611,0.01776278,-0.002962599
325.67682,0.008800641,0.017850187,-0.0052484795
325.69357,0.007999144,0.018634403,-0.0035683804
325.7106,0.007069371,0.019295625,-0.0019154081
325.72723,0.006402902,0.019357815,-0.0045233453
325.74435,0.0055783377,0.02015115,-0.0028505716
325.76053,0.004295216,0.020928932,-0.0011065925
325.77753,0.003938041,0.02159128,-0.0035037096
325.7945,0.0025453204,0.022655599,-0.0017636804
325.8109,0.0013801818,0.023101494,-0.00016749243
325.827,0.0013369842,0.023805525,-0.0025426538
325.84396,0.00013007868,0.02445603,-0.00055618456
325.86093,-0.00088663324,0.025220143,0.0009917931
325.87683,-0.0012777364,0.025578143,-0.0015857614
325.8935,-0.0017090006,0.02600973,0.0004180773
325.9111,-0.0021418775,0.026677608,0.0021027497
325.9274,-0.002169814,0.02711395,-0.0006860747
325.94394,-0.0022593148,0.027373757,0.0011881937
325.96054,-0.002589518,0.027768062,-0.0012040549
325.97736,-0.0028902062,0.028491873,0.00053735083
325.99374,-0.0034564016,0.029010681,0.0021514415
326.0104,-0.0037780746,0.029205674,-0.00016028168
326.02728,-0.004180176,0.029115519,0.0015007191
326.04376,-0.004458884,0.028962268,0.003008931
326.06042,-0.0043505975,0.028916286,0.00054438907
326.07733,-0.004700409,0.029225793,0.0021028214
326.09418,-0.004723605,0.028680997,0.0034879805
326.11053,-0.0048931204,0.02852882,0.0009266147
326.12744,-0.0051082284,0.028235601,0.0024859495
326.14398,-0.005263897,0.0280126,0.0037718804
326.16043,-0.0048338156,0.02829059,0.0012874134
326.17706,-0.0047002626,0.02789302,0.0027386984
326.1943,-0.0049170903,0.027859595,0.0041210544
326.21054,-0.0050498783,0.028036252,0.0013247941
326.2271,-0.004760192,0.02791019,0.0027768502
326.24463,-0.0045400774,0.027749415,0.0041327183
326.2606,-0.004468064,0.027666396,0.001230187
326.27713,-0.004420927,0.027677553,0.0027398586
326.29395,-0.0039736517,0.027839916,0.0041041276
326.31046,-0.0038441168,0.027735638,0.0014633702
326.32773,-0.0039206822,0.02723109,0.0028529342
326.34384,-0.003466722,0.027238462,-0.000012159777
326.3605,-0.0030884256,0.026869465,0.0015126314
326.37708,-0.002505627,0.026597586,0.0027630862
326.39392,-0.002607207,0.026291948,0.00024349288
326.41055,-0.0022432925,0.026158389,0.0014115886
326.428,-0.0012115183,0.025023917,0.006469639
326.44394,-0.0011279044,0.025027681,-0.00021175214
326.46036,-0.00055638235,0.024113964,0.0013561752
326.47708,0.00006476641,0.023312744,0.0026228253
326.49377,0.0005673859,0.022425288,0.0037957316
326.51038,0.0009809395,0.021750886,0.005019564
326.52734,0.001703282,0.021481894,0.0062831887
326.54355,0.001772454,0.021476606,-0.00015500616
326.56027,0.0029869757,0.020491576,0.0049406127
326.57693,0.0036156403,0.019450333,0.006095897
326.5934,0.0040927185,0.019229384,0.0035231109
326.6104,0.004911584,0.018780105,0.0047471076
326.62708,0.0055289436,0.017738223,0.0057513006
326.6439,0.0057738805,0.017513167,0.0032572255
326.66034,0.006301963,0.016866265,0.0042640828
326.6777,0.006983453,0.016149007,0.005471628
326.69385,0.007676535,0.016011944,0.0026675172
326.7102,0.008268021,0.015551317,0.0039351503
326.72714,0.009165541,0.01521852,0.0052237045
326.74374,0.009509795,0.0146011505,0.0024831232
326.7604,0.010158969,0.013897849,0.0037071551
326.777,0.0103493305,0.013598545,0.0011571393
326.79373,0.011004828,0.013029228,0.0023165846
326.81027,0.01144008,0.012586652,0.003436984
326.82703,0.012093583,0.012458848,0.0009625932
326.8437,0.012530471,0.012097916,0.0021282602
326.86035,0.013557693,0.011700835,0.0032828215
326.87708,0.013812895,0.011495276,0.000798765
326.8936,0.014574531,0.011900983,0.0019228905
326.9103,0.015217492,0.011961988,0.0031355913
326.9269,0.015703954,0.012023223,0.0006782281
326.94394,0.01615377,0.011970145,0.0018897407
326.9601,0.016449671,0.012060623,0.002998518
326.9767,0.017033167,0.011962464,0.00065392035
326.9936,0.017597778,0.012102533,0.001951428
327.01022,0.018208329,0.012260125,0.0031382102
327.02667,0.018183574,0.012386751,0.0006967133
327.04343,0.018632231,0.012605395,0.002074237
327.06046,0.019096002,0.0128848925,0.0032794366
327.07693,0.019170288,0.013242848,0.0008045168
327.09354,0.019625816,0.01364817,0.0021145244
327.11023,0.020238776,0.013932846,-0.00021431514
327.1268,0.020589804,0.014446241,0.0010389714
327.14368,0.021043664,0.014591621,0.0023564112
327.16006,0.020789633,0.014839301,-0.00013270638
327.17688,0.021345308,0.015511784,0.0012683164
327.19388,0.021740716,0.015678018,0.0024834496
327.21017,0.022538753,0.015567519,0.000007145378
327.22656,0.022783985,0.015650926,0.0014180569
327.24353,0.023327665,0.015659094,0.0027390742
327.26022,0.02307065,0.015879441,0.0002985835
327.27673,0.023393324,0.015835838,0.0015662139
327.29346,0.02360202,0.015687874,0.0029373136
327.3102,0.024341507,0.01556636,0.00056150195
327.32706,0.024646886,0.015463755,0.0018749967
327.34372,0.024940021,0.015330307,0.0030941884
327.36044,0.024639104,0.01522193,0.00080501137
327.37686,0.025040854,0.015304366,0.0020848424
327.39362,0.025522226,0.015354614,0.0035263838
327.41013,0.02601245,0.015284846,0.0012276417
327.42694,0.026143152,0.015093566,0.002622229
327.44357,0.02650416,0.015569916,0.0039588185
327.46048,0.026328206,0.015862145,0.0017980576
327.47702,0.026331285,0.016098455,0.003170118
327.49353,0.026094,0.016636614,0.0047116433
327.51028,0.026735136,0.016897649,0.0025447784
327.52792,0.026760684,0.01769737,0.004037436
327.5439,0.026503358,0.018059801,0.0051483456
327.56064,0.02626011,0.01844378,0.0032080426
327.577,0.026647044,0.01932886,0.0046643442
327.594,0.027231127,0.019558914,0.002593094
327.61115,0.027580772,0.020334939,0.0039690756
327.62778,0.027546892,0.021216346,0.0052632275
327.6439,0.027536314,0.021673962,0.0031139574
327.6608,0.027515702,0.022612844,0.004785232
327.67725,0.027643915,0.023546563,0.006146817
327.69394,0.027659943,0.02479941,0.0076197195
327.71045,0.027750392,0.025308847,0.0054357485
327.72726,0.027375866,0.026281605,0.006895795
327.74402,0.02737278,0.027412657,0.008190793
327.7611,0.027581926,0.02790759,0.0059623783
327.77753,0.027365578,0.028779345,0.007157147
327.79398,0.027069569,0.029368129,0.0050564264
327.81055,0.026914429,0.030396715,0.0064292974
327.8277,0.02670923,0.031281978,0.007691908
327.84402,0.026289811,0.0319491,0.008708425
327.86063,0.02646795,0.032782383,0.009937698
327.87814,0.026371535,0.033328544,0.011021076
327.89407,0.026469894,0.033250306,0.0051075635
327.91058,0.026261302,0.033427842,0.0063934615
327.92715,0.026120288,0.033885702,0.0074147796
327.944,0.025954906,0.034359615,0.008505455
327.9603,0.025790654,0.0344341,0.009427837
327.9776,0.025520382,0.034614637,0.010419127
327.99384,0.025233073,0.034622423,0.007851135
328.0104,0.02504816,0.034544013,0.008858918
328.027,0.02513446,0.034076605,0.009692351
328.04382,0.02458109,0.034292404,0.0074372115
328.06036,0.024547365,0.03406391,0.008194993
328.0771,0.024381647,0.034138538,0.0090613905
328.09406,0.0248026,0.03401453,0.006687977
328.11032,0.024744596,0.033900496,0.0074477964
328.1271,0.024631193,0.033772144,0.0083714
328.14395,0.02469981,0.033833668,0.0060605584
328.16043,0.024517426,0.0336707,0.006769468
328.1771,0.024926832,0.033688053,0.007530834
328.19452,0.024676863,0.03368174,0.0052720807
328.21033,0.02476388,0.034007102,0.0057122535
328.22736,0.02501556,0.03380106,0.0036333639
328.24365,0.025533957,0.03397352,0.004202547
328.26047,0.02564719,0.034213435,0.0050194785
328.27725,0.025619652,0.03403943,0.00258412
328.29367,0.026395878,0.03427914,0.0032018828
328.31024,0.02669697,0.033979528,0.0039844713
328.32687,0.027121319,0.033630732,0.0016303691
328.34354,0.027706055,0.03374491,0.0023432663
328.3603,0.028526282,0.03359565,0.003018491
328.3767,0.028991489,0.033487465,0.000641248
328.3935,0.02958168,0.033089064,0.0014472307
328.4103,0.030454792,0.03271308,0.0021348523
328.4272,0.03070212,0.03253418,-0.00019468532
328.44376,0.031406995,0.031989753,0.0005204238
328.46005,0.03162366,0.03153315,0.001369257
328.4771,0.032099046,0.031246359,-0.0008250904
328.49414,0.032202307,0.031249946,-0.0001303368
328.51065,0.03238456,0.030609708,0.00050817133
328.52704,0.031936616,0.030277966,-0.0017334067
328.5441,0.032288343,0.029422216,-0.0009157496
328.56052,0.032232903,0.028178213,-0.00035971028
328.5769,0.032554246,0.027649071,-0.0025622698
328.59378,0.032422666,0.026187599,-0.001847158
328.61063,0.03220623,0.024267182,-0.0013233185
328.6268,0.031932298,0.023203233,-0.003631578
328.64365,0.031485453,0.020983322,-0.0028207263
328.6602,0.031165581,0.019586008,-0.005125756
328.67685,0.030229112,0.016764969,-0.0043401523
328.6935,0.029508114,0.013860183,-0.0036939355
328.7101,0.029042456,0.012502856,-0.0058656596
328.7267,0.028174557,0.009350006,-0.005167044
328.74387,0.026825598,0.006094512,-0.0043992535
328.76022,0.026306743,0.0043065213,-0.006707148
328.77692,0.024547607,0.0007034966,-0.005874053
328.79346,0.023301436,-0.0028548113,-0.0050742934
328.81015,0.02271439,-0.0043924153,-0.007162532
328.8268,0.021572828,-0.0074655036,-0.0062791975
328.8436,0.020250486,-0.010951971,-0.0054753576
328.86035,0.019426968,-0.0124719795,-0.0074962694
328.87686,0.017987685,-0.015636696,-0.006646843
328.8937,0.016921654,-0.018029237,-0.005650906
328.9104,0.01669244,-0.019679362,-0.0076136296
328.92722,0.015353547,-0.022011803,-0.0065954886
328.9436,0.014811202,-0.02386248,-0.005447363
328.96045,0.014278346,-0.024781115,-0.0073728245
328.9769,0.01422106,-0.025969975,-0.006274538
328.9937,0.01354893,-0.027207756,-0.00503822
329.01028,0.013375696,-0.027440464,-0.007086965
329.0268,0.0130601255,-0.027923686,-0.0058588805
329.0433,0.013174158,-0.028447855,-0.0077631185
329.06015,0.012871696,-0.028702248,-0.006520413
329.07703,0.012842557,-0.02877183,-0.005330904
329.0934,0.0129652405,-0.0288075,-0.0073417365
329.11072,0.013308342,-0.028397627,-0.005965717
329.12717,0.013675351,-0.028015057,-0.004913386
329.1438,0.013604861,-0.027548416,-0.006649257
329.16,0.013817786,-0.026787534,-0.0053688325
329.17688,0.014670623,-0.02586787,-0.0039618146
329.19354,0.015237956,-0.025562795,-0.0058092624
329.21042,0.016071783,-0.025200592,-0.0045163054
329.227,0.01685443,-0.023998044,-0.0032702421
329.2438,0.017794926,-0.022639602,-0.0018490122
329.26044,0.018536255,-0.021212917,-0.0005688886
329.27744,0.01930973,-0.019573132,0.00079133257
329.29376,0.019261839,-0.019620758,-0.00412123
329.31024,0.020429518,-0.017959734,-0.002617461
329.32748,0.021445064,-0.016223585,-0.0012058367
329.34354,0.022570834,-0.014766892,-0.00003242586
329.3607,0.023823746,-0.012714586,0.001539101
329.37692,0.023792585,-0.012773002,-0.0033639085
329.39404,0.025753152,-0.009352955,0.0011796742
329.41028,0.026890477,-0.0074549653,0.0024026763
329.4269,0.027808785,-0.0067457845,0.0007993906
329.4436,0.02926177,-0.00490348,0.0021488795
329.46036,0.030849976,-0.0029990473,0.0034564266
329.47778,0.031016558,-0.0016742272,0.0017463549
329.49393,0.032365274,-0.00023104418,0.0027657868
329.5107,0.033723187,0.0015744985,0.0041942643
329.5274,0.034553245,0.0026012445,0.0024977296
329.54373,0.03600211,0.004620525,0.0037064133
329.5603,0.03746121,0.006341593,0.0049979314
329.57724,0.0383746,0.0069039017,0.0032731073
329.59372,0.03978694,0.008410535,0.004342503
329.61115,0.040860493,0.010171182,0.0054640956
329.62735,0.04096658,0.011204299,0.0035783472
329.644,0.042144194,0.012181847,0.004773551
329.6606,0.043042496,0.013644477,0.005923994
329.67712,0.043362398,0.014542282,0.00419592
329.69376,0.044244383,0.016261198,0.005298004
329.7105,0.045053657,0.01733207,0.0063027935
329.72714,0.04587239,0.01738461,0.004463121
329.74374,0.04658334,0.018977756,0.0054338602
329.76083,0.04713452,0.020032233,0.006401785
329.7772,0.04727898,0.020322524,0.0044291206
329.79413,0.047726076,0.021192672,0.005460723
329.8111,0.048439026,0.022144154,0.006265474
329.82758,0.048582114,0.02270859,0.0043895026
329.84384,0.04914575,0.023388442,0.0053192624
329.8605,0.049783237,0.023998711,0.0062602432
329.8774,0.05008181,0.024341263,0.0045053726
329.89392,0.0503351,0.024808394,0.005280352
329.9112,0.050469965,0.025227018,0.006036128
329.92734,0.050957825,0.024973776,0.0041303826
329.9439,0.05098783,0.0250485,0.0050365124
329.96088,0.050790817,0.025181713,0.0059002205
329.97726,0.05061733,0.025175069,0.003998807
329.99445,0.05041036,0.025273848,0.004924012
330.0107,0.050346937,0.02481475,0.002979305
330.02734,0.04999279,0.024864888,0.003936344
330.04413,0.049796917,0.024946747,0.0048029283
330.06085,0.049454786,0.024852585,0.0029820374
330.0776,0.04892506,0.02471802,0.003831101
330.094,0.04830946,0.024648074,0.0046089017
330.1109,0.04775159,0.024290454,0.005416952
330.12717,0.047956944,0.02368205,0.0036270244
330.1436,0.047345366,0.023173219,0.004428194
330.16025,0.04677197,0.023003712,0.002799354
330.17697,0.04642503,0.022023482,0.003508551
330.19354,0.045922965,0.021446139,0.004262358
330.21045,0.045691647,0.021193476,0.0026904708
330.2271,0.044561073,0.020637063,0.0034062609
330.2436,0.043889992,0.019832421,0.004254265
330.26047,0.043682557,0.019468576,0.0027071906
330.27692,0.04292713,0.018549183,0.0034604925
330.29367,0.042358868,0.017706359,0.004396015
330.31027,0.041978322,0.017090453,0.0026937563
330.32697,0.0410005,0.016158758,0.0035652972
330.34418,0.039911468,0.015111437,0.0044899047
330.36032,0.039199393,0.014565483,0.0027197797
330.37686,0.0379657,0.013531579,0.003724642
330.39404,0.036799487,0.012185677,0.0045446684
330.41013,0.036631048,0.011483971,0.0028492198
330.42673,0.035813026,0.009962028,0.0037470323
330.4436,0.035098497,0.009752406,0.002218434
330.4602,0.03405542,0.008420541,0.0029621422
330.4768,0.033444438,0.007118186,0.0038321181
330.49368,0.033160586,0.0063214945,0.002226868
330.5105,0.03220664,0.0051384536,0.0029727358
330.52704,0.031226333,0.004081562,0.0037741314
330.54382,0.030221649,0.0029069183,0.0046489188
330.56018,0.0292982,0.0016747678,0.005412263
330.57693,0.02838152,0.00039889987,0.0062094945
330.59375,0.028382229,0.0003423693,0.0022262956
330.61023,0.027536971,-0.00035721986,0.0029208374
330.6268,0.026607743,-0.0015312446,0.0036586826
330.64343,0.025843449,-0.002638594,0.0043444894
330.66028,0.02532928,-0.0036471332,0.004922408
330.6768,0.025321882,-0.0036972365,0.0009643654
330.69363,0.024936434,-0.0047855233,0.0015030801
330.71017,0.024465406,-0.0067051924,0.0041678874
330.727,0.023936497,-0.007804819,0.004708548
330.74365,0.022963513,-0.007989131,0.0029214565
330.7603,0.022936342,-0.009046939,0.003396909
330.77725,0.022519073,-0.010163745,0.0039310413
330.7936,0.02253601,-0.011092206,0.0020721906
330.8104,0.022494128,-0.011994533,0.002630553
330.82724,0.022317335,-0.013120874,0.0030054303
330.84375,0.022450808,-0.013723712,0.0011690638
330.86008,0.02175416,-0.015011303,0.0015705571
330.8769,0.021427386,-0.01600706,-0.00017255942
330.89383,0.020952545,-0.017331917,0.00018066842
330.91034,0.020187503,-0.01884021,0.00048465718
330.92703,0.020068923,-0.019458128,-0.0011880739
330.94348,0.019255955,-0.02099794,-0.000844036
330.9601,0.019276699,-0.022079777,-0.00048299003
330.97693,0.019561734,-0.022589564,-0.002132308
330.99356,0.018981207,-0.023543393,-0.0018137875
331.01016,0.018956322,-0.024346279,-0.0014107287
331.02704,0.019202113,-0.024415474,-0.003002608
331.04346,0.019446421,-0.025099777,-0.0025364582
331.0607,0.019130938,-0.025582233,-0.0020498203
331.07693,0.01935343,-0.025693577,-0.0036754597
331.09354,0.019575004,-0.026109809,-0.0031193614
331.11035,0.019743867,-0.026182562,-0.0026202328
331.1269,0.01988757,-0.025870958,-0.0041399654
331.14346,0.019927768,-0.02585444,-0.0035717855
331.16055,0.020285241,-0.025799323,-0.0030173406
331.1771,0.020776918,-0.026080163,-0.004558797
331.194,0.021269873,-0.025991252,-0.0039609186
331.21048,0.021710487,-0.02566333,-0.0033284824
331.22717,0.02179255,-0.025314836,-0.0047643017
331.2441,0.022506563,-0.025092253,-0.00404088
331.26093,0.023233967,-0.024869138,-0.0033803822
331.2773,0.023894807,-0.024824655,-0.004798131
331.29367,0.024853727,-0.024588438,-0.0040264465
331.31046,0.025578288,-0.024081262,-0.005262049
331.327,0.026811233,-0.023324816,-0.004496449
331.34357,0.028234076,-0.02281065,-0.0036514068
331.3602,0.028686523,-0.022541573,-0.004852345
331.37674,0.030738292,-0.021835133,-0.003998136
331.39346,0.032348637,-0.020535942,-0.0029841757
331.41037,0.033168167,-0.020092342,-0.0043241954
331.427,0.03523746,-0.01896544,-0.0034266491
331.44354,0.03747771,-0.017956747,-0.0024689448
331.46027,0.03874536,-0.017583048,-0.0037426355
331.47772,0.04075529,-0.016295318,-0.002838258
331.49393,0.04264953,-0.014995371,-0.0021190662
331.51114,0.04361222,-0.014131292,-0.0032554197
331.5278,0.04567545,-0.012798941,-0.002535653
331.5441,0.047590908,-0.011616563,-0.0018395229
331.56113,0.048822947,-0.011289451,-0.0030242538
331.57748,0.0505429,-0.009963047,-0.0024202864
331.59402,0.052311126,-0.008639202,-0.001677108
331.61044,0.053436276,-0.008060747,-0.0029273608
331.62723,0.05512832,-0.006960367,-0.0021560655
331.64404,0.057269853,-0.005971066,-0.0014519305
331.66064,0.058345467,-0.0047478657,-0.0026762702
331.67703,0.060428254,-0.0032860595,-0.0019449631
331.69394,0.06252468,-0.0023384148,-0.0011862647
331.71106,0.06346664,-0.0017782046,-0.0024187504
331.72733,0.06527063,-0.00029504325,-0.0017671149
331.7442,0.06720706,0.0011673908,-0.00088881043
331.76114,0.0679464,0.001491663,-0.0021415234
331.77704,0.07001813,0.0025901245,-0.0014602572
331.7938,0.07192087,0.0040514567,-0.0005789466
331.81085,0.072466634,0.00515947,-0.0018935142
331.82697,0.07386384,0.006370464,-0.0013361619
331.84433,0.07470235,0.0068956628,-0.0005840828
331.86115,0.07514991,0.0071366234,-0.0020639496
331.8773,0.07576023,0.007764093,-0.0014036088
331.89386,0.07586851,0.00828972,-0.0007255658
331.91037,0.0758893,0.008599063,-0.0018537986
331.92734,0.075474255,0.008602367,-0.0012108055
331.94437,0.07554794,0.008747476,-0.0006584321
331.96048,0.07513738,0.00907931,-0.00013968725
331.9776,0.07440946,0.009352086,0.00049030274
331.9939,0.074423894,0.009237805,-0.0025801163
332.0107,0.07403833,0.009333853,-0.002038648
332.02707,0.0733308,0.009189387,-0.0016011631
332.044,0.07209597,0.009135866,-0.0010095078
332.06125,0.07119508,0.008805608,-0.0005488385
332.07718,0.06966715,0.008522288,-0.00013765525
332.09363,0.06967883,0.008425212,-0.0029226497
332.11044,0.06712004,0.008342244,-0.00067378074
332.12698,0.06476236,0.008084654,-0.00028567674
332.14374,0.06396138,0.0076102912,-0.0014051199
332.16052,0.061851278,0.007317906,-0.0010554133
332.17725,0.05951977,0.0065779868,-0.00082773675
332.19388,0.058634724,0.006372934,-0.0019544158
332.2108,0.056188066,0.0061220345,-0.0017641212
332.22726,0.054289952,0.005264244,-0.0014554937
332.24362,0.052824374,0.0053504594,-0.0026675723
332.26013,0.050699823,0.004954719,-0.0023042131
332.2772,0.04899453,0.00479809,-0.0018830434
332.29388,0.048203874,0.004411232,-0.0032726184
332.31058,0.046139847,0.0042930194,-0.0028357124
332.32718,0.04473883,0.0042935475,-0.00412314
332.34402,0.042634234,0.0035495765,-0.003712516
332.3604,0.040249236,0.0029374035,-0.0034051922
332.37714,0.039245598,0.0022885976,-0.0045201983
332.3938,0.0365393,0.0012369239,-0.0041721896
332.41025,0.034094628,0.0003663106,-0.003806636
332.4274,0.032617807,0.00019461747,-0.004915209
332.44397,0.03019511,-0.00058673194,-0.0045836573
332.4605,0.027147247,-0.0021365236,-0.004104461
332.47717,0.025782948,-0.003073683,-0.005178431
332.4936,0.02254302,-0.0042013256,-0.004676463
332.51065,0.019651169,-0.0053674984,-0.004146119
332.527,0.01786152,-0.0059206914,-0.0052611106
332.54346,0.015149942,-0.007311212,-0.0047175824
332.5602,0.011686692,-0.00879022,-0.0041904687
332.57687,0.010102839,-0.009530577,-0.0052426895
332.59363,0.006453005,-0.010714452,-0.004725453
332.61023,0.0022199408,-0.0118489945,-0.0042848694
332.62717,0.00034797817,-0.012786323,-0.0051838504
332.64383,-0.004174436,-0.013995636,-0.004728476
332.66064,-0.007575741,-0.0151171945,-0.00420651
332.67722,-0.009444979,-0.015651412,-0.005191773
332.6936,-0.012889811,-0.01704477,-0.004728823
332.71036,-0.01609809,-0.018144233,-0.004217283
332.7269,-0.017498959,-0.01809492,-0.005175096
332.74384,-0.01927852,-0.018890388,-0.004655974
332.76053,-0.021773979,-0.020090349,-0.004171145
332.77704,-0.022772375,-0.021064756,-0.0051288065
332.79358,-0.02342925,-0.021822333,-0.004630786
332.81033,-0.02366814,-0.022225855,-0.005589732
332.8267,-0.024448026,-0.023164017,-0.0051624305
332.8434,-0.025329359,-0.023886785,-0.004686527
332.86008,-0.025295053,-0.024167636,-0.005669629
332.87692,-0.024669813,-0.024419481,-0.0052599646
332.89362,-0.024147984,-0.024755532,-0.0050058817
332.91003,-0.023838477,-0.024675487,-0.0059008924
332.9269,-0.023005402,-0.025069494,-0.005613431
332.94345,-0.021362357,-0.025056932,-0.0053562955
332.96014,-0.020238083,-0.02576916,-0.0062352642
332.97675,-0.018305356,-0.025988732,-0.0059479764
332.9934,-0.015817348,-0.02596125,-0.00548947
333.00998,-0.014557196,-0.025902716,-0.0064050173
333.02682,-0.010940233,-0.025621654,-0.005923799
333.04367,-0.0068194396,-0.025322672,-0.005502349
333.06036,-0.004695187,-0.025453607,-0.0063313367
333.0771,-0.00006898356,-0.025062583,-0.005960072
333.0941,0.0050447946,-0.024753796,-0.0055075726
333.11038,0.0073176534,-0.0247733,-0.006325382
333.12723,0.011549859,-0.02429476,-0.005784751
333.14407,0.017101387,-0.023837872,-0.005104543
333.16034,0.019586599,-0.023521254,-0.0059590675
333.17712,0.024644047,-0.023008382,-0.005234531
333.19394,0.0294355,-0.02277394,-0.0045629013
333.21063,0.031996567,-0.022370776,-0.005360724
333.2274,0.037053593,-0.021894898,-0.004638473
333.2438,0.03955717,-0.022379953,-0.0054308856
333.26102,0.044217512,-0.021878015,-0.0045922464
333.27747,0.04847218,-0.021592585,-0.0038901847
333.29404,0.04845068,-0.021640874,-0.0058819856
333.31064,0.055438332,-0.020832345,-0.0035249433
333.32776,0.059349753,-0.021354813,-0.002750431
333.34436,0.062766075,-0.021211734,-0.0018725189
333.36096,0.06623381,-0.021068254,-0.0010865134
333.37805,0.06902659,-0.02089877,-0.00031633105
333.39407,0.069005646,-0.020967595,-0.002310419
333.4104,0.0708593,-0.020932114,-0.001406571
333.4275,0.07274451,-0.020669239,-0.00060644385
333.44424,0.074355155,-0.020582346,-0.00003183669
333.46024,0.074335486,-0.020653227,-0.0019377451
333.47754,0.07573789,-0.021096798,0.0015308601
333.49393,0.07626588,-0.021618819,0.00078370876
333.5109,0.076550595,-0.02140345,0.0015018979
333.52832,0.075896375,-0.021784453,0.0018813751
333.54395,0.07578408,-0.02215237,0.0011488824
333.56058,0.074954264,-0.022662967,0.0016500967
333.57724,0.07328288,-0.023094753,0.0019806677
333.59393,0.0721207,-0.023055375,0.0013054131
333.61066,0.06957428,-0.023548353,0.0016164193
333.6274,0.06681886,-0.023967763,0.0018139163
333.6438,0.06482402,-0.024436206,0.0010884764
333.6603,0.061077725,-0.024273004,0.001211321
333.67712,0.058142196,-0.024243169,0.0013418035
333.69385,0.056397524,-0.024487838,0.00040531502
333.71045,0.052871935,-0.024641298,0.0004530591
333.72723,0.04964354,-0.024651567,0.0004943039
333.74396,0.04835949,-0.024354208,-0.00039492841
333.7605,0.04533324,-0.024153885,-0.00036595418
333.77722,0.04386881,-0.024689643,-0.0012535603
333.79425,0.041254044,-0.024457004,-0.0012326849
333.811,0.03894165,-0.024294624,-0.0013180324
333.82773,0.037851464,-0.023955071,-0.002162404
333.84393,0.035816446,-0.02389293,-0.0022128094
333.8607,0.033610918,-0.02399586,-0.002242372
333.87698,0.032867763,-0.02416766,-0.0030274265
333.89386,0.031196434,-0.024282651,-0.0030421822
333.9106,0.029671839,-0.024403486,-0.0031505544
333.927,0.029350923,-0.024237191,-0.0038846685
333.9437,0.027781375,-0.024220008,-0.0039916346
333.96048,0.026501449,-0.024017794,-0.004044286
333.97708,0.025806244,-0.023839148,-0.0048388666
333.99374,0.024882622,-0.02330421,-0.0049207658
334.0105,0.023860808,-0.022887064,-0.0050275647
334.0273,0.023635339,-0.022430774,-0.0058316085
334.04443,0.023256913,-0.02207481,-0.0059665893
334.06064,0.022585068,-0.02150868,-0.006152336
334.07733,0.02216016,-0.021825735,-0.006920242
334.09366,0.021833975,-0.021376824,-0.0069950605
334.11084,0.02127533,-0.021011777,-0.007009239
334.1272,0.021321045,-0.020592753,-0.007766282
334.14377,0.020682557,-0.02039122,-0.0077548064
334.16034,0.020404948,-0.020686667,-0.008446532
334.1769,0.019934837,-0.020251263,-0.00832505
334.19345,0.019564344,-0.019769648,-0.008224054
334.2103,0.019264614,-0.019609138,-0.008771022
334.22784,0.018223781,-0.019136079,-0.008637246
334.24408,0.017870633,-0.019148614,-0.008453548
334.26062,0.017988348,-0.01856694,-0.008878135
334.27704,0.018308472,-0.018355886,-0.008570717
334.2938,0.017801724,-0.01798849,-0.008103835
334.31058,0.017621571,-0.018218476,-0.008603943
334.3278,0.018537471,-0.017805047,-0.0081176115
334.34448,0.018782705,-0.017384594,-0.007697567
334.36066,0.018563014,-0.017400414,-0.008095134
334.37726,0.018189875,-0.017190184,-0.007520828
334.39413,0.01821956,-0.017221084,-0.006980219
334.4109,0.01839254,-0.016938405,-0.00737774
334.42722,0.018286258,-0.016618289,-0.0067823273
334.44376,0.017542344,-0.01629622,-0.006238548
334.46048,0.017544797,-0.016662441,-0.0064701363
334.47733,0.017709998,-0.017044535,-0.005890773
334.49417,0.017638259,-0.017203264,-0.005345555
334.51028,0.017397061,-0.017189294,-0.005576943
334.52692,0.017273191,-0.017294772,-0.0049864817
334.5437,0.017443195,-0.01728385,-0.005198573
334.56042,0.017778425,-0.01737302,-0.00462614
334.57724,0.018182918,-0.017789751,-0.004058126
334.59384,0.018981462,-0.018139925,-0.0035111294
334.61026,0.019291567,-0.01863373,-0.0037244724
334.62695,0.019867588,-0.018679192,-0.0031214075
334.6436,0.020127084,-0.018955654,-0.002563901
334.66034,0.020442212,-0.019225338,-0.002010885
334.6771,0.020432876,-0.019235076,-0.002972205
334.69366,0.021547075,-0.019631,-0.0023922983
334.71027,0.022298463,-0.019859752,-0.0018155009
334.7272,0.022590045,-0.020372612,-0.0012682581
334.74362,0.023212504,-0.020664968,-0.0008086835
334.7601,0.023906255,-0.02075698,-0.00034667342
334.7769,0.023897244,-0.020767381,-0.0012158612
334.7937,0.024540734,-0.021019803,-0.0006650423
334.81033,0.025149701,-0.021709612,0.0005291327
334.82687,0.025999164,-0.021869916,0.0010624515
334.84424,0.0264235,-0.021684682,0.00093143055
334.86026,0.02668078,-0.022079356,0.0014293893
334.8772,0.027498547,-0.022433415,0.0020442524
334.8937,0.028217832,-0.022745375,0.0019298535
334.9104,0.028897801,-0.023044776,0.0025366952
334.92697,0.029242251,-0.023368489,0.0031545383
334.9435,0.02983568,-0.023792597,0.0031184042
334.96033,0.031036597,-0.024088046,0.0037837701
334.977,0.03157155,-0.02402412,0.0037526677
334.99353,0.03278056,-0.024489095,0.004427032
335.0101,0.034204863,-0.02497317,0.005136718
335.02673,0.03535803,-0.025281053,0.005125217
335.04358,0.03711806,-0.025801407,0.005855113
335.06042,0.0380851,-0.025991471,0.006532439
335.0771,0.03908251,-0.026159905,0.0065631946
335.09357,0.04120664,-0.026385972,0.007242663
335.11053,0.04288164,-0.026798144,0.007921299
335.12717,0.043569542,-0.026963081,0.008011346
335.14377,0.044742133,-0.02725998,0.008681321
335.16086,0.04638005,-0.027668571,0.009408947
335.1771,0.047115564,-0.02805276,0.009481663
335.19373,0.04812277,-0.028563235,0.010219285
335.21088,0.049364008,-0.028520068,0.0110279005
335.22818,0.050316013,-0.028652234,0.011126266
335.24353,0.05198549,-0.029059542,0.011916071
335.26056,0.052966353,-0.029390916,0.012765469
335.27686,0.05328439,-0.029510548,0.01288602
335.29352,0.05405021,-0.029774578,0.013664206
335.3111,0.054568436,-0.029783534,0.014384953
335.32724,0.05479715,-0.02976708,0.014521482
335.34366,0.054928847,-0.030054625,0.01521423
335.36087,0.054812495,-0.030407844,0.015936593
335.37762,0.05461836,-0.030069757,0.015987799
335.39413,0.054883182,-0.030279417,0.016695024
335.4107,0.053798832,-0.029935148,0.017402392
335.42755,0.053207945,-0.030238772,0.017525556
335.4439,0.052493185,-0.030097961,0.01815057
335.46045,0.050931066,-0.03006453,0.018716969
335.4772,0.05031217,-0.029989986,0.018829156
335.4942,0.048783295,-0.029981975,0.019344648
335.51093,0.047050312,-0.030246645,0.019760916
335.52765,0.046117704,-0.030043261,0.019785076
335.54425,0.04377871,-0.029999956,0.020001851
335.56055,0.042625293,-0.029960299,0.01992549
335.57742,0.04030205,-0.029781258,0.019978698
335.5938,0.037886642,-0.029726664,0.019831058
335.61087,0.036479507,-0.029732442,0.019618303
335.62732,0.03375,-0.030058991,0.019316211
335.64413,0.031090291,-0.030365653,0.019005282
335.6605,0.029719025,-0.03034132,0.018732885
335.67728,0.02657565,-0.030364802,0.018357562
335.69406,0.023338096,-0.03021953,0.017919542
335.71057,0.022143183,-0.030209042,0.01763324
335.72726,0.019499674,-0.0299057,0.01712709
335.7439,0.01683335,-0.029773861,0.016586317
335.76044,0.015657183,-0.029700901,0.01623188
335.77716,0.013774038,-0.02945651,0.015500216
335.79385,0.011945184,-0.029164495,0.014734031
335.8106,0.010760426,-0.028971367,0.014202501
335.8277,0.009154259,-0.028722141,0.013291082
335.84436,0.007980678,-0.028426278,0.012345538
335.8609,0.0077557247,-0.028869526,0.011815657
335.87738,0.007077365,-0.028853673,0.0108413175
335.8949,0.0065268986,-0.029034393,0.009834952
335.91068,0.0068249176,-0.028857116,0.009341404
335.9269,0.0072727096,-0.02863179,0.008366999
335.944,0.007506674,-0.028424574,0.0074029444
335.9612,0.007594786,-0.028095897,0.006988359
335.9771,0.008103588,-0.028157743,0.006061595
335.99408,0.008988613,-0.027987504,0.005183675
336.01035,0.009458681,-0.028099088,0.0047739414
336.02762,0.010584232,-0.027714582,0.0038917277
336.04413,0.011188779,-0.027351758,0.003009009
336.0606,0.011670104,-0.027475294,0.0026212225
336.07718,0.012408291,-0.026969787,0.0017513543
336.0946,0.012642543,-0.02687654,0.0009569832
336.1106,0.0125655625,-0.026571156,0.00020051852
336.12793,0.012213468,-0.02668581,-0.0005530332
336.14413,0.0122160455,-0.02668436,-0.00035221453
336.1607,0.011817211,-0.026416548,-0.0010766113
336.17728,0.011862165,-0.026452327,-0.0017759294
336.19403,0.0110292705,-0.02653164,-0.0024742
336.21063,0.01052106,-0.026539408,-0.0031304946
336.22693,0.010355884,-0.026315976,-0.0038104167
336.2437,0.010388258,-0.026355008,-0.004022357
336.26028,0.010143061,-0.025953574,-0.0046597095
336.2771,0.0095019145,-0.025460169,-0.00531032
336.2936,0.009385784,-0.025581181,-0.005516748
336.31125,0.009408534,-0.02511718,-0.006176636
336.32733,0.009052185,-0.024872499,-0.0068189283
336.34384,0.008906767,-0.024304908,-0.0069639166
336.3605,0.009222103,-0.024005588,-0.00764137
336.37723,0.009993455,-0.024017924,-0.008290715
336.39368,0.010245025,-0.023901682,-0.0083928015
336.4112,0.011114526,-0.023284994,-0.009047253
336.42743,0.012534508,-0.023113606,-0.009667906
336.44382,0.013320012,-0.02347826,-0.009775043
336.46072,0.015446246,-0.023335671,-0.010471324
336.4771,0.016281703,-0.022820076,-0.010513467
336.4938,0.018001305,-0.023030166,-0.011270342
336.51044,0.020527573,-0.023214012,-0.011914451
336.52722,0.021564126,-0.023214715,-0.012040339
336.5437,0.024057634,-0.023436865,-0.012676483
336.56052,0.0257026,-0.023480289,-0.01328423
336.57706,0.027078385,-0.023847323,-0.013361941
336.59366,0.030075155,-0.023796607,-0.013937127
336.61044,0.033015598,-0.023972224,-0.014539717
336.62708,0.0347763,-0.023726933,-0.014530981
336.64365,0.037635922,-0.023877002,-0.0151509885
336.66058,0.041700184,-0.024425011,-0.015781742
336.67737,0.043752592,-0.024091968,-0.0157373
336.69382,0.047366027,-0.024795694,-0.016351158
336.7104,0.051189728,-0.025438108,-0.016976014
336.7274,0.053229876,-0.025746744,-0.016977407
336.74374,0.05791504,-0.025624376,-0.017547933
336.7605,0.06218858,-0.025465898,-0.018155914
336.77716,0.06413452,-0.025557512,-0.018145123
336.7939,0.068484105,-0.025552792,-0.018763011
336.81058,0.07297009,-0.025985938,-0.019353304
336.82715,0.074903145,-0.025648294,-0.019287309
336.8439,0.078449786,-0.025847904,-0.019841611
336.86032,0.081928834,-0.026078334,-0.02039544
336.87714,0.08406233,-0.026103819,-0.020295465
336.89362,0.086111985,-0.02610131,-0.020186767
336.91022,0.089711875,-0.026195344,-0.020702539
336.92697,0.09245825,-0.026408736,-0.021278622
336.94373,0.09564453,-0.026230577,-0.021760078
336.96045,0.098919325,-0.026114846,-0.022165198
336.97705,0.10034857,-0.026292484,-0.022015119
336.99384,0.10219948,-0.026065629,-0.022337256
337.01025,0.103089206,-0.026199784,-0.022129362
337.0269,0.105663136,-0.026103586,-0.02235878
337.04364,0.107862175,-0.02637667,-0.022662211
337.0604,0.10874616,-0.026322367,-0.022299621
337.0772,0.1101645,-0.026328677,-0.022518521
337.09348,0.112094074,-0.026383923,-0.022715874
337.1104,0.11279637,-0.026364421,-0.022369402
337.127,0.11351501,-0.026521571,-0.022566553
337.14404,0.114419885,-0.02641202,-0.022772959
337.1606,0.11478689,-0.026684267,-0.022365632
337.17764,0.11501598,-0.026935812,-0.0226219
337.19415,0.11467554,-0.027045144,-0.022861127
337.2106,0.11437165,-0.026946373,-0.022487573
337.22702,0.11352828,-0.026804268,-0.022687538
337.244,0.112791546,-0.026579654,-0.022826301
337.2605,0.11233306,-0.026421184,-0.022284241
337.27716,0.11085664,-0.026127212,-0.022316908
337.29416,0.10921856,-0.02568605,-0.02221791
337.31088,0.10868783,-0.025399037,-0.021505047
337.32706,0.106477626,-0.025302446,-0.021329094
337.3438,0.10560163,-0.025562845,-0.020661056
337.36072,0.103542924,-0.02507883,-0.020387465
337.37744,0.10091775,-0.02480078,-0.020109547
337.39462,0.098247886,-0.024782874,-0.019763075
337.41083,0.09664139,-0.024599032,-0.018920172
337.42712,0.093607,-0.024636716,-0.018556332
337.44382,0.09203418,-0.02485344,-0.017741203
337.4612,0.088451274,-0.024808709,-0.017301511
337.47806,0.08331601,-0.024159102,-0.01711565
337.4942,0.083331145,-0.024106493,-0.015854402
337.51056,0.08004609,-0.024350993,-0.015460114
337.52753,0.07632916,-0.024601864,-0.0150110405
337.54398,0.07260903,-0.024691768,-0.014457751
337.56067,0.06873259,-0.024640366,-0.013919486
337.57828,0.06503836,-0.024565857,-0.013323842
337.5943,0.065055184,-0.024520298,-0.011927313
337.6106,0.06151293,-0.024248455,-0.01129235
337.62808,0.055751935,-0.023614408,-0.010897059
337.6446,0.053933565,-0.024009686,-0.0098334495
337.661,0.049849197,-0.023746414,-0.009061996
337.678,0.046115696,-0.02359421,-0.008395174
337.69388,0.044196803,-0.02366761,-0.0073055467
337.71072,0.040391047,-0.024167808,-0.006735441
337.72748,0.036942434,-0.023931416,-0.006024511
337.74396,0.03519121,-0.023806917,-0.0049685724
337.76047,0.03166574,-0.023976281,-0.004313167
337.77737,0.027779276,-0.023890343,-0.003671729
337.79413,0.026127933,-0.024094526,-0.0025163454
337.81052,0.02283749,-0.02401976,-0.0018118861
337.82718,0.021117369,-0.02424236,-0.0006814932
337.84415,0.017845064,-0.024633877,0.00006771358
337.86057,0.01472746,-0.024888076,0.0008827093
337.87704,0.013592176,-0.024615139,0.0020344388
337.89383,0.01105043,-0.024652144,0.0027711093
337.91107,0.008016204,-0.02478537,0.0035087243
337.9275,0.0053978115,-0.02486326,0.0043671504
337.94394,0.004105663,-0.024995254,0.005499776
337.96054,0.001969249,-0.025021376,0.0063005053
337.97745,0.00080260076,-0.025305353,0.007505815
337.9942,-0.0012300718,-0.025542876,0.008342486
338.01126,-0.002744642,-0.0257466,0.009172469
338.0272,-0.003340617,-0.026016304,0.010464291
338.04462,-0.00451996,-0.026527224,0.011240553
338.0606,-0.006521945,-0.027135387,0.012181439
338.07724,-0.0073971087,-0.027124768,0.013441569
338.09406,-0.008845688,-0.027137827,0.014339009
338.11075,-0.010162453,-0.02739596,0.015216374
338.1273,-0.010921478,-0.027590802,0.016546238
338.14398,-0.0123375375,-0.027765369,0.017331773
338.16074,-0.013542895,-0.027714645,0.018101657
338.1769,-0.013986552,-0.027926667,0.019280456
338.19373,-0.014737333,-0.028128015,0.019873938
338.2107,-0.016314534,-0.028732821,0.020457193
338.2274,-0.01663925,-0.028938279,0.021710811
338.244,-0.017389353,-0.0293659,0.022250408
338.26077,-0.01850077,-0.03000091,0.022708774
338.27722,-0.018607698,-0.030038696,0.023877742
338.2945,-0.01915841,-0.030657332,0.024203856
338.31055,-0.01906852,-0.030923542,0.025351673
338.32715,-0.018930549,-0.031240527,0.02540292
338.34402,-0.018500386,-0.031444095,0.02532003
338.36087,-0.01772006,-0.03161994,0.02512166
338.37744,-0.017038973,-0.031747892,0.02592912
338.39377,-0.01532574,-0.03224095,0.025473922
338.41052,-0.014662779,-0.03270834,0.026128437
338.4274,-0.013090434,-0.032871146,0.025488771
338.44376,-0.010917497,-0.033302527,0.024692377
338.46072,-0.009677681,-0.033383586,0.025186965
338.47736,-0.0075612324,-0.03371567,0.024202524
338.49396,-0.005437047,-0.034139127,0.02304124
338.5106,-0.004336916,-0.034187667,0.023426693
338.52728,-0.0016570089,-0.03397244,0.022088762
338.54395,0.0010874603,-0.034120765,0.0206125
338.5606,0.0022430485,-0.034384765,0.02084029
338.57755,0.0054101557,-0.034474418,0.01922405
338.59384,0.008970799,-0.034319434,0.017530639
338.61102,0.010840922,-0.033873945,0.01763116
338.62708,0.01380356,-0.033939343,0.015838958
338.64413,0.016802106,-0.033701178,0.013893774
338.66058,0.018362764,-0.03364711,0.014044065
338.6771,0.02169762,-0.033319518,0.012054866
338.69415,0.02421441,-0.033022203,0.010011144
338.71094,0.025721824,-0.03307042,0.01011201
338.72733,0.029376743,-0.032536507,0.0080433
338.74362,0.032391656,-0.03239995,0.0058340114
338.7605,0.033514217,-0.032145392,0.0058225314
338.77716,0.03594446,-0.03218589,0.0036880847
338.79376,0.037643682,-0.032017834,0.0037495866
338.8107,0.040260278,-0.031469863,0.001635494
338.82727,0.0426646,-0.031015808,-0.00035343767
338.84396,0.04403269,-0.030991359,-0.00019206948
338.86057,0.046666775,-0.030423086,-0.0020800596
338.87717,0.049581062,-0.029948601,-0.0038952949
338.89413,0.05168478,-0.029358394,-0.0056365356
338.91034,0.053458598,-0.028928816,-0.007226273
338.92694,0.055947486,-0.02807029,-0.008772728
338.94394,0.05598071,-0.028004657,-0.006423238
338.9605,0.058179803,-0.027358871,-0.0077415286
338.97742,0.060036864,-0.026653266,-0.008953314
338.99396,0.062150575,-0.026122821,-0.009986144
339.0108,0.064436816,-0.02545678,-0.011005667
339.02762,0.06684971,-0.02491552,-0.011868401
339.0441,0.06761652,-0.024295347,-0.011163785
339.06088,0.06979437,-0.02315391,-0.011903631
339.0774,0.072567955,-0.021510845,-0.0126674585
339.0939,0.07405645,-0.02142917,-0.011897869
339.11087,0.07608972,-0.020351404,-0.012621046
339.12775,0.07805328,-0.019097341,-0.013330307
339.14462,0.079265624,-0.01806714,-0.012367477
339.1605,0.08051842,-0.017318018,-0.012986735
339.17767,0.08064896,-0.016935349,-0.013700548
339.194,0.081041776,-0.016286824,-0.012589239
339.21045,0.08170792,-0.015414601,-0.013156787
339.22757,0.08157933,-0.014958184,-0.013640412
339.2442,0.08172456,-0.014869014,-0.012478287
339.26028,0.08113292,-0.014239841,-0.012849471
339.27716,0.08089204,-0.013731105,-0.011766692
339.29422,0.080770604,-0.012969547,-0.012075263
339.31085,0.07986909,-0.012754616,-0.012248784
339.32706,0.079661034,-0.012874437,-0.011080557
339.34357,0.07978676,-0.012133639,-0.011314486
339.36127,0.07914909,-0.011523345,-0.01147466
339.3776,0.07902893,-0.011035018,-0.0100018205
339.3942,0.07869319,-0.010307076,-0.010033824
339.41156,0.07842863,-0.009697952,-0.009999896
339.4277,0.07854508,-0.008768963,-0.008427657
339.44412,0.07786625,-0.008122043,-0.008374732
339.46194,0.07741168,-0.007476665,-0.008301413
339.478,0.077593744,-0.007282445,-0.006491651
339.49515,0.07708258,-0.006691159,-0.0063945213
339.512,0.07644834,-0.005863522,-0.00594928
339.52756,0.07626815,-0.005755627,-0.0043084496
339.54395,0.07552803,-0.0055626617,-0.0041320794
339.56058,0.07471858,-0.0050509786,-0.003724982
339.57745,0.0737665,-0.0044323397,-0.0020637973
339.59396,0.07298582,-0.0042380085,-0.001512804
339.61063,0.0710585,-0.0037981058,-0.00096794445
339.62704,0.07022057,-0.0040305867,0.0006557281
339.64395,0.068279475,-0.0036112932,0.0012093746
339.66052,0.06705224,-0.0033251033,0.00291301
339.67728,0.064394616,-0.0036695485,0.0035749392
339.69376,0.061328746,-0.004412121,0.0042376644
339.7106,0.057858184,-0.004876359,0.004846243
339.72794,0.055907194,-0.005095874,0.006758425
339.74432,0.052009646,-0.005984359,0.007547986
339.7607,0.047766007,-0.006992027,0.0082220845
339.77734,0.045772266,-0.00770707,0.010024725
339.79404,0.041384775,-0.00886105,0.0107796015
339.81067,0.03898194,-0.009389923,0.012686675
339.8273,0.034470513,-0.010701492,0.0135001335
339.84406,0.03045335,-0.0120526,0.014392986
339.8606,0.028037895,-0.012510199,0.01633471
339.87714,0.023784237,-0.014407818,0.017253177
339.8941,0.01992872,-0.015865019,0.01820874
339.91068,0.017933307,-0.016798371,0.02027437
339.9271,0.013991901,-0.017816575,0.021201193
339.94388,0.012025963,-0.018349353,0.023067053
339.96045,0.00820719,-0.019432554,0.023704696
339.97705,0.0050312495,-0.020215368,0.023971139
339.9939,0.0033990059,-0.020832902,0.025608137
340.01047,-0.001579613,-0.02246341,0.023860347
340.0272,-0.003260421,-0.023130888,0.025220701
340.04388,-0.0047174864,-0.023763468,0.026670089
340.0608,-0.007720871,-0.025432242,0.026094861
340.0774,-0.010270527,-0.02634574,0.025548013
340.09384,-0.010973251,-0.026827384,0.026702737
340.11084,-0.012835962,-0.02744487,0.025823785
340.1275,-0.013840994,-0.028100532,0.024846986
340.14413,-0.013969519,-0.028448647,0.023849927
340.16068,-0.013249104,-0.028530037,0.022620069
340.17773,-0.012079637,-0.028634565,0.021272067
340.19415,-0.012031767,-0.028654914,0.024619112
340.21057,-0.010484054,-0.028424706,0.023138376
340.22702,-0.007889256,-0.028077627,0.021551797
340.24408,-0.0049621086,-0.027654687,0.019833414
340.26062,-0.00140612,-0.026687749,0.018127732
340.27744,0.0028108426,-0.025579305,0.016213385
340.29395,0.0048943255,-0.025229175,0.01693909
340.3104,0.009088309,-0.024193795,0.014878795
340.32718,0.013878832,-0.02305584,0.012764539
340.34387,0.016391907,-0.022394028,0.013428534
340.36044,0.020883184,-0.02073914,0.011292681
340.37723,0.025209645,-0.01925237,0.0090676155
340.39374,0.027332509,-0.01903082,0.009646745
340.4105,0.031941146,-0.017161712,0.0074323732
340.42725,0.035838623,-0.01575034,0.0051449523
340.4437,0.03761882,-0.01472378,0.0058314647
340.46036,0.0414404,-0.013308556,0.0034990248
340.47708,0.043612745,-0.012655052,0.0041496125
340.49377,0.0470893,-0.011376768,0.0019024608
340.51035,0.050001927,-0.0104898205,-0.00036017134
340.5272,0.05120576,-0.0100843655,0.00032148327
340.54373,0.053730235,-0.0092963185,-0.0018016548
340.56027,0.05676152,-0.008271587,-0.0039311224
340.57706,0.057909403,-0.0075559397,-0.003174156
340.5942,0.05975242,-0.0066188746,-0.0052269734
340.61032,0.062261213,-0.0054096957,-0.0071242386
340.6271,0.06354821,-0.004627181,-0.006378654
340.64398,0.06539876,-0.004063239,-0.008194443
340.6605,0.066653825,-0.0031319335,-0.009804625
340.67722,0.06735084,-0.002897317,-0.008873285
340.6936,0.06909467,-0.0017452284,-0.010364768
340.71045,0.07029664,-0.0010546155,-0.011798188
340.7274,0.070176214,-0.00059280236,-0.010673814
340.74356,0.07029879,-0.00039141995,-0.01173074
340.76028,0.07037997,-0.00004478369,-0.012925483
340.77728,0.070414074,-0.00008241739,-0.011557378
340.79376,0.069611646,-0.00038125415,-0.012336238
340.81076,0.068802506,-0.00050908467,-0.013165286
340.8275,0.068482056,-0.00028032935,-0.011536325
340.844,0.068013355,-0.0002191781,-0.0121197915
340.86063,0.0675178,0.000052520336,-0.012663155
340.8772,0.067275934,-0.000010050944,-0.010945683
340.89395,0.0667885,0.00026770026,-0.011290445
340.91052,0.06666776,0.00094348786,-0.011505463
340.92728,0.0668722,0.0015478553,-0.009623229
340.9438,0.06655678,0.0020423848,-0.00968916
340.9604,0.06691988,0.002441833,-0.0077916877
340.9771,0.06683196,0.003288721,-0.007719031
340.99393,0.06708973,0.0041804193,-0.0076237638
341.01062,0.06726874,0.0046345983,-0.005536066
341.027,0.06785269,0.0054696645,-0.005373047
341.04425,0.06826472,0.0062600854,-0.0052300827
341.06042,0.06844861,0.007001775,-0.0031568035
341.07715,0.06921512,0.00805232,-0.0033757295
341.09372,0.06968508,0.009039164,-0.0034977936
341.11057,0.06995604,0.009228876,-0.0017671089
341.12753,0.07048802,0.010291665,-0.001908051
341.14487,0.07102483,0.011216275,-0.002032837
341.16064,0.071445666,0.011583741,-0.000014844761
341.1778,0.07169355,0.012382026,-0.00036021147
341.19388,0.07234228,0.013657514,-0.00039878578
341.21097,0.07288465,0.0141523015,0.0013033196
341.22748,0.07319819,0.014891907,0.0010876172
341.24445,0.07317849,0.015637888,0.00063362584
341.26065,0.07319012,0.016252384,0.0024866308
341.27765,0.07307951,0.016983494,0.0018521689
341.29352,0.07283647,0.017396774,0.0037259278
341.31027,0.072306946,0.017361749,0.0029578437
341.327,0.07181806,0.017567819,0.0023446723
341.34348,0.07179451,0.017829556,0.0040865894
341.36023,0.070733435,0.017532812,0.0008809724
341.37695,0.07022099,0.017231165,0.000060452163
341.39374,0.070185706,0.017375939,0.004180462
341.41037,0.069992244,0.01712211,0.0032583892
341.42706,0.06886293,0.016736545,0.0023240605
341.44348,0.067735866,0.016151937,0.0013838218
341.46042,0.06676805,0.015344969,0.0003479814
341.47708,0.06562046,0.014526181,-0.0005907346
341.49374,0.065589875,0.014663262,0.0035872078
341.51044,0.06421088,0.01387818,0.002597804
341.527,0.06290925,0.01288469,-0.0011073486
341.5439,0.06189987,0.012586407,0.0004368566
341.56042,0.060614657,0.011702265,-0.00062040606
341.57706,0.059404623,0.010575618,-0.0017575354
341.59354,0.05902879,0.010048939,-0.00019457894
341.61038,0.058049634,0.009339803,-0.001328067
341.627,0.056703977,0.008526229,-0.0023662155
341.6436,0.05632506,0.0077158404,-0.0008273062
341.6605,0.054951012,0.0068916474,-0.0019586782
341.67685,0.053917687,0.006143237,-0.0030433782
341.6937,0.053109292,0.0058225803,-0.0015863919
341.71014,0.051342726,0.0044534695,-0.0026997845
341.72714,0.051333476,0.004563229,0.0015738629
341.7435,0.04821707,0.0030520067,-0.0022427225
341.7604,0.046722833,0.0013837157,-0.0034533353
341.77682,0.04619195,0.0005405416,-0.0017289285
341.7935,0.04438861,-0.00096918846,-0.00276321
341.8102,0.04254292,-0.001750941,-0.003819235
341.82693,0.041684054,-0.002258674,-0.002035054
341.84354,0.04002307,-0.0036775789,-0.0029901934
341.8603,0.038676005,-0.0047155386,-0.0038836002
341.87686,0.03784986,-0.0049226834,-0.0020606695
341.89352,0.036874097,-0.0055228393,-0.0029104268
341.9103,0.03572678,-0.0063217934,-0.0036951457
341.927,0.03563435,-0.007216257,-0.0018289427
341.94363,0.034576394,-0.007670331,-0.0025499116
341.9602,0.03391051,-0.008089651,-0.0032545896
341.97687,0.033469833,-0.008313633,-0.0014366125
341.99353,0.03251324,-0.008896205,-0.002148561
342.01025,0.031639405,-0.0096771605,-0.0029277431
342.02707,0.031535883,-0.009796568,-0.001016901
342.04364,0.031485986,-0.010253589,-0.0017505416
342.0602,0.030973138,-0.01090227,-0.0025674177
342.0768,0.030766848,-0.011178553,-0.0006936486
342.09348,0.030872999,-0.011514551,-0.001494772
342.11057,0.030713733,-0.011631862,-0.0023100933
342.12686,0.03064974,-0.011701198,-0.0003023881
342.14383,0.030705389,-0.011995187,-0.0012018686
342.1604,0.030417232,-0.011646771,-0.0019244844
342.17685,0.030721499,-0.011444595,-0.000022233433
342.19366,0.030458154,-0.011396078,-0.00078752555
342.21014,0.030508418,-0.011361566,-0.0016110057
342.22684,0.030437112,-0.010829809,0.00041522662
342.24368,0.030460287,-0.010021487,-0.00045313372
342.26022,0.031208744,-0.0094580045,0.001577736
342.27692,0.031784844,-0.008604392,0.0007111739
342.29364,0.032154936,-0.007797036,-0.00018049119
342.3106,0.032438777,-0.0072581726,0.00181499
342.32703,0.033086017,-0.006318493,0.0009924707
342.34387,0.03382651,-0.0053004627,0.000036420315
342.36053,0.033881474,-0.004880432,0.002021237
342.37695,0.034768682,-0.0038714942,0.0011134072
342.39368,0.035539985,-0.0026369868,0.00011164545
342.41025,0.03611508,-0.0019907048,0.0019943127
342.42728,0.03685973,-0.0008835126,0.0009806154
342.44388,0.037411686,0.0005864211,0.00011361347
342.46024,0.03789151,0.0012623754,0.00200092
342.47693,0.038818154,0.002598181,0.00094926136
342.49362,0.03957808,0.003422459,-0.0000030400338
342.5102,0.04019914,0.0039019354,0.0019244087
342.52682,0.041259456,0.005346665,0.00091630896
342.5435,0.041777648,0.005876436,0.002827213
342.56042,0.042545184,0.007150321,0.001825529
342.5771,0.04353707,0.008676543,0.00091197115
342.59387,0.044349346,0.010140655,-0.00011802776
342.61026,0.044657856,0.010887809,0.0018305624
342.62704,0.04552286,0.012139209,0.000657616
342.64368,0.045973267,0.013385585,-0.0004550072
342.66028,0.046488438,0.013880216,0.0014567561
342.67697,0.04715344,0.015280376,0.00025895017
342.69354,0.04710841,0.015971338,0.0021351748
342.71017,0.047738586,0.017047746,0.0008751794
342.72696,0.048847478,0.01866127,-0.0035074651
342.7436,0.04880074,0.01878324,0.0014872417
342.76025,0.049445175,0.020065304,0.00022288763
342.77682,0.050132707,0.021159347,-0.0010488698
342.79352,0.05033717,0.02190777,-0.002353401
342.81015,0.050784707,0.023127029,-0.0036286898
342.82687,0.05116852,0.024256274,-0.004880136
342.84344,0.051107034,0.02438521,0.00016369614
342.8602,0.05119548,0.025094986,-0.0011038816
342.87692,0.05155044,0.026119363,-0.0022869683
342.89355,0.0520258,0.027398666,-0.0034954222
342.91016,0.052223437,0.027959026,-0.004748551
342.92682,0.05222887,0.028491862,-0.0060298895
342.94373,0.0522778,0.02899505,-0.004115155
342.9603,0.05244603,0.029594224,-0.0053114803
342.97684,0.052511774,0.030259637,-0.0065549742
342.99368,0.052077662,0.030596051,-0.004677771
343.01016,0.051939998,0.03097366,-0.005851775
343.02692,0.05221332,0.031244677,-0.003973589
343.04355,0.052032728,0.031812005,-0.0051719397
343.06052,0.05166193,0.032047965,-0.0064055086
343.07684,0.05148662,0.03213506,-0.0043825204
343.09378,0.051219754,0.032381333,-0.005848904
343.1102,0.050814405,0.032509707,-0.007051571
343.12695,0.04998754,0.032847237,-0.0051788525
343.1436,0.049553115,0.032967858,-0.0063963374
343.16025,0.0490516,0.033006113,-0.0076113697
343.17682,0.049141612,0.032855984,-0.0056445235
343.19348,0.048541214,0.0326637,-0.0069683334
343.2103,0.047999468,0.032520957,-0.00832249
343.22693,0.047482602,0.032638725,-0.006370831
343.24356,0.04705991,0.032009006,-0.007831012
343.26025,0.046507686,0.03116523,-0.0093626445
343.2769,0.04616429,0.031056384,-0.0074510016
343.2936,0.045538448,0.030304978,-0.009051081
343.31027,0.045025874,0.029256847,-0.010544495
343.32693,0.04466603,0.028652703,-0.008709473
343.34363,0.043831225,0.027216297,-0.0101805385
343.36032,0.042975128,0.025493098,-0.011674977
343.37872,0.04237206,0.024776842,-0.009731162
343.39523,0.04155488,0.023378404,-0.01056062
343.4103,0.04066615,0.021160638,-0.012031374
343.42697,0.04039531,0.020368267,-0.010506766
343.44354,0.039799627,0.018676698,-0.011834294
343.46036,0.039339308,0.017943071,-0.009836982
343.47696,0.038212888,0.016317844,-0.011022558
343.49365,0.037268955,0.013809072,-0.012320152
343.51114,0.036242507,0.0115592815,-0.013491564
343.527,0.0359395,0.010651472,-0.01108947
343.54355,0.034763057,0.008507464,-0.012447738
343.5602,0.03407597,0.007251086,-0.010330746
343.57715,0.033056255,0.0046757003,-0.0113239875
343.5936,0.03223392,0.0032408142,-0.012176875
343.61032,0.031515867,0.0023306448,-0.010009521
343.62686,0.030559173,0.00029512393,-0.010880466
343.6435,0.030038988,-0.0015026449,-0.011779331
343.66022,0.029944573,-0.0020544224,-0.009506948
343.67706,0.029117554,-0.003010353,-0.01029167
343.69366,0.028326724,-0.0043490524,-0.011009736
343.7105,0.028082803,-0.0051975558,-0.008700927
343.72702,0.027573029,-0.006157861,-0.009326153
343.74554,0.027459433,-0.006441084,-0.010079117
343.76038,0.026749738,-0.006460721,-0.0070055556
343.77704,0.026254993,-0.007146281,-0.008297368
343.79346,0.026480699,-0.007259994,-0.0090004485
343.81042,0.026190158,-0.0068727713,-0.0065819286
343.82703,0.025792977,-0.006917079,-0.0072547863
343.8435,0.02522586,-0.0070220246,-0.0080234995
343.8603,0.025338683,-0.00711138,-0.005630083
343.87686,0.02545314,-0.0065794615,-0.0063131247
343.89365,0.025484629,-0.005838977,-0.007041945
343.91022,0.02508338,-0.0055686384,-0.0045452514
343.9271,0.02502903,-0.0047957334,-0.005252782
343.94617,0.025145773,-0.0037709803,-0.0058280723
343.96024,0.025568347,-0.0029215529,-0.0025163097
343.97702,0.02579129,-0.0015737244,-0.004057876
343.9935,0.025969008,-0.00028656892,-0.0046973685
344.01028,0.026190095,0.0006593656,-0.00227622
344.02695,0.026638968,0.0024383343,-0.0029386599
344.0436,0.027170835,0.004009445,-0.0036902085
344.06082,0.027263073,0.004768841,-0.0011841262
344.07684,0.027748773,0.0065442165,-0.0017703794
344.0935,0.028177444,0.007366495,0.0005163878
344.11017,0.028523877,0.009054465,-0.00027215565
344.12686,0.028890599,0.010949668,-0.0009925201
344.1437,0.029467816,0.012683031,-0.0017723044
344.16025,0.0301222,0.014300706,-0.0024821353
344.17697,0.030433228,0.016540669,-0.0033568498
344.19357,0.030384814,0.016629236,0.0024704984
344.21027,0.031004751,0.01874475,0.0015755157
344.22693,0.031486917,0.020725697,0.0006832456
344.24368,0.03174541,0.022781562,-0.00019965945
344.26022,0.03186194,0.024838388,-0.0009983985
344.27695,0.031993728,0.026908096,-0.001851103
344.2936,0.031996626,0.028011011,0.00069738197
344.31024,0.032004073,0.029890768,-0.000016836817
344.32693,0.03214193,0.032213483,-0.0007104962
344.34348,0.032399576,0.033256914,0.0018943718
344.36035,0.032383934,0.035233103,0.0012461075
344.3769,0.032272413,0.036280908,0.00397086
344.39352,0.03228624,0.038062442,0.0033544558
344.4102,0.03241841,0.04040502,0.0028376628
344.427,0.032488137,0.04278746,0.002407333
344.44357,0.03196854,0.043846432,0.005147049
344.4603,0.03179249,0.0466891,0.0047030183
344.47693,0.032182775,0.048183534,0.0073995525
344.49384,0.031927604,0.051133536,0.006947916
344.51044,0.031629395,0.053938,0.006564517
344.52713,0.031542726,0.0553929,0.009165539
344.54367,0.03123571,0.058268942,0.008621069
344.56042,0.03118303,0.060683794,0.0078872545
344.57715,0.031216552,0.062091693,0.010658026
344.5936,0.0313905,0.06430657,0.009988095
344.6103,0.031239763,0.066225775,0.00920582
344.62692,0.030886998,0.06717736,0.01193488
344.6436,0.030788574,0.068963274,0.011188989
344.66034,0.030670218,0.07001764,0.010428275
344.677,0.030746583,0.07057675,0.013078708
344.69363,0.030281782,0.07165322,0.012304033
344.71048,0.029379053,0.072970085,0.011501796
344.7272,0.029494805,0.07340343,0.014186066
344.7437,0.029065507,0.07347692,0.013453388
344.76025,0.0284462,0.07414093,0.012582755
344.77695,0.02814459,0.07438817,0.0150791695
344.7936,0.028010013,0.074289545,0.014203751
344.8103,0.027458368,0.07391175,0.013391877
344.82687,0.026912514,0.07388574,0.01585446
344.84378,0.026444882,0.07380415,0.0148785915
344.86038,0.026482057,0.073513195,0.01391058
344.87692,0.026045648,0.07355997,0.016418332
344.89365,0.025423069,0.07323297,0.015344098
344.91028,0.02518673,0.072750285,0.014224857
344.9271,0.025068343,0.072461344,0.016735613
344.94388,0.024531174,0.07163692,0.015642786
344.96045,0.024017582,0.071558125,0.018208008
344.97696,0.023546252,0.071375854,0.01700132
344.9937,0.02341842,0.0706245,0.015722126
345.01056,0.022737442,0.06988212,0.0145023
345.02704,0.022692034,0.06964277,0.017038057
345.0439,0.022033812,0.0692184,0.015647667
345.06052,0.021114755,0.06879504,0.018145716
345.07703,0.02071465,0.06770131,0.016679566
345.0939,0.020419357,0.06676003,0.0150843235
345.11035,0.020586586,0.06625013,0.017419249
345.12836,0.020051917,0.065607,0.015706077
345.14365,0.019458069,0.06481837,0.018465392
345.16037,0.019170305,0.06416905,0.016133308
345.1771,0.018760195,0.06348196,0.014324231
345.19388,0.018366845,0.06275106,0.012323524
345.21027,0.017931238,0.06266087,0.01452682
345.2272,0.01785165,0.060895618,0.012383457
345.2439,0.01752571,0.059215195,0.010386224
345.2603,0.017457565,0.058888417,0.012502802
345.27698,0.017298546,0.057457414,0.010266268
345.29367,0.01725097,0.056560352,0.012382864
345.3102,0.0172993,0.05481759,0.010347364
345.32904,0.017296886,0.0522586,0.0040798136
345.34363,0.017109223,0.052320622,0.011259198
345.36038,0.016894711,0.050878536,0.008490295
345.37717,0.016854424,0.048933327,0.006579899
345.39374,0.016619235,0.047290463,0.004713635
345.41052,0.016250327,0.045499366,0.0027558722
345.42694,0.016103795,0.045551606,0.009194288
345.44357,0.015870078,0.0438224,0.0071796603
345.4602,0.015883746,0.04074744,0.0011467644
345.4769,0.0155198695,0.039095715,-0.00070424995
345.4936,0.015416329,0.038251277,0.001602433
345.51025,0.0155333895,0.03635236,-0.00022645228
345.52695,0.015264826,0.03524769,0.0020976446
345.54358,0.015142643,0.03375505,0.00036578436
345.5603,0.014973995,0.032165702,-0.0013442213
345.577,0.01500208,0.031505037,0.0010765392
345.59366,0.014913059,0.029601997,-0.0005941374
345.61035,0.01459107,0.02820096,-0.002216873
345.62695,0.014135654,0.027703317,0.00023479213
345.64365,0.013999922,0.026201826,-0.0013876434
345.6603,0.013952734,0.024451945,-0.002927923
345.6769,0.013955272,0.02409379,-0.0004596581
345.69357,0.013336282,0.023385372,-0.0020274965
345.71027,0.0131670125,0.022087295,-0.003525454
345.7269,0.012995349,0.021282313,-0.0009866107
345.74356,0.012718582,0.020143192,-0.0024365734
345.76028,0.012012328,0.019144863,-0.0039056565
345.7782,0.011990561,0.018835163,-0.0013131708
345.79364,0.011359211,0.01823681,0.0017387724
345.81027,0.011283061,0.017305829,-0.0001164105
345.82697,0.0110358875,0.016466346,-0.0014832392
345.84375,0.010691859,0.015849274,-0.0028261433
345.86026,0.010684174,0.015338147,-0.0001296414
345.87695,0.010503439,0.014575068,-0.0014987089
345.89365,0.010389601,0.013689675,-0.0027175369
345.91058,0.010390557,0.012731936,-0.004001725
345.92697,0.010174218,0.0119114155,-0.0011847806
345.94354,0.010160667,0.0109087555,-0.0025048405
345.9606,0.010447007,0.01066313,0.00016528365
345.97693,0.010088727,0.00974494,-0.00081842736
345.99362,0.009951896,0.009040075,-0.0021101683
346.01022,0.0101327915,0.008690416,0.00062877004
346.02692,0.009780136,0.008612788,-0.00054700184
346.0437,0.009456951,0.008442779,-0.0016919331
346.06042,0.009093398,0.008146235,0.0011100421
346.07697,0.009004766,0.008067189,-0.00008797566
346.09372,0.00885069,0.008303531,-0.0013920778
346.11023,0.008685269,0.008533943,0.001388381
346.12695,0.008295091,0.008874179,0.00002068289
346.14478,0.0082641635,0.008997138,-0.001283318
346.16034,0.008378124,0.009194996,0.0018935284
346.17697,0.00815972,0.009705427,0.000086130356
346.19354,0.007287916,0.0100561455,-0.0012697644
346.21033,0.0071753594,0.0101388125,0.0013316355
346.22705,0.0069671366,0.010475547,-0.00001651046
346.2439,0.0066532562,0.011339678,-0.0013728219
346.2604,0.00577687,0.011689466,0.0014001873
346.27725,0.0052179312,0.012493563,-0.000100134974
346.29407,0.0047479616,0.01334088,-0.0015177829
346.3105,0.0046491693,0.014350468,0.0012177512
346.32706,0.0037851867,0.0155385705,-0.00041574836
346.34384,0.003082169,0.01651145,-0.0019428177
346.36044,0.0026797939,0.016601287,0.0006321673
346.3771,0.0018868727,0.017783653,-0.0008224428
346.3937,0.0015253221,0.018683586,0.0017105154
346.4103,0.00020640729,0.020125192,0.0001515175
346.42694,-0.0007710007,0.021062063,-0.0014401438
346.44354,-0.0015078406,0.021464944,0.0011083094
346.4604,-0.0025546951,0.023097323,-0.000471069
346.47702,-0.004174051,0.025379399,-0.0062496765
346.49356,-0.004260812,0.025365233,0.000585574
346.51205,-0.0049026865,0.026654711,-0.0011405656
346.52695,-0.0059940033,0.028348273,-0.0020838962
346.54358,-0.006760727,0.029613638,-0.0044626845
346.56024,-0.0075108204,0.03109264,-0.006121901
346.577,-0.008142761,0.032535285,-0.007797909
346.59393,-0.008255183,0.03250646,-0.0008777144
346.61035,-0.008907163,0.033431783,-0.0024569568
346.62714,-0.00967993,0.035040613,-0.0085038245
346.64383,-0.010028294,0.035814494,-0.0057875817
346.6603,-0.010732879,0.036789898,-0.0074255997
346.6771,-0.01143185,0.037548635,-0.009105918
346.69373,-0.011338028,0.03763971,-0.0064115888
346.71054,-0.011517228,0.03834051,-0.007982412
346.72745,-0.011929249,0.039124995,-0.009403702
346.7443,-0.012485743,0.038915478,-0.006582731
346.7609,-0.012635229,0.039247226,-0.007989406
346.7775,-0.0126921935,0.03956693,-0.009401229
346.79395,-0.012922952,0.040185664,-0.006620283
346.81085,-0.012918576,0.040548936,-0.008077309
346.8275,-0.012767994,0.04090222,-0.009260623
346.84412,-0.0128080025,0.041133836,-0.0064533968
346.86078,-0.013026498,0.041249014,-0.0077715446
346.87775,-0.012861956,0.041175876,-0.00911884
346.89413,-0.012963852,0.040871013,-0.006074328
346.9108,-0.012672162,0.040572718,-0.0074731107
346.92743,-0.011911604,0.040128138,-0.008647952
346.9442,-0.0111025395,0.040390536,-0.0058449176
346.96066,-0.0102465125,0.04002746,-0.0069680884
346.97726,-0.010130108,0.0394452,-0.0042049144
346.99442,-0.009127782,0.039254867,-0.0053928895
347.01077,-0.007990829,0.03858701,-0.0063293385
347.02756,-0.0075639375,0.03878853,-0.0034942448
347.04462,-0.0065705236,0.038336787,-0.0044898223
347.0609,-0.005911244,0.03808696,-0.005289282
347.0773,-0.0054433565,0.037580915,-0.0023753932
347.0942,-0.004470534,0.03700585,-0.0033964894
347.11084,-0.004096072,0.037021987,-0.004189339
347.1274,-0.00399903,0.036466263,-0.0010943976
347.144,-0.0035743013,0.03636405,-0.0020161245
347.16064,-0.0030876799,0.03644149,-0.0028022977
347.1773,-0.0025222558,0.03629837,0.0002075535
347.19376,-0.002524832,0.036198065,-0.00048204974
347.21045,-0.0022275902,0.035524238,-0.0013153728
347.227,-0.0019398517,0.035592437,0.0017831089
347.2437,-0.0018019541,0.035113648,0.0010430167
347.2609,-0.0017854047,0.03541277,0.0002406967
347.27734,-0.0022331583,0.03516652,0.0036708354
347.29407,-0.002338354,0.035108387,0.0027513658
347.311,-0.0023682117,0.034802195,0.0019543576
347.32755,-0.0027267116,0.03449012,0.0053027864
347.344,-0.0036113397,0.034330454,0.0044370433
347.36066,-0.0040251114,0.034449585,0.0075166253
347.37747,-0.0048135426,0.034294285,0.006697338
347.39386,-0.0057586855,0.034274463,0.005953788
347.41064,-0.006643366,0.03390119,0.009025667
347.42743,-0.007594349,0.03385574,0.00816586
347.444,-0.008733815,0.03383147,0.0073233135
347.46063,-0.009515202,0.033751223,0.010484227
347.4774,-0.011040198,0.033596877,0.009549963
347.4945,-0.012775199,0.033870954,0.0086882
347.51068,-0.013371728,0.034105558,0.011987422
347.52722,-0.014793777,0.034334667,0.010807989
347.54388,-0.016702678,0.03463001,0.009750636
347.56052,-0.017685605,0.03430643,0.012843333
347.57718,-0.019168602,0.034424953,0.011775387
347.59384,-0.02041239,0.03466635,0.010748564
347.6109,-0.021430703,0.034817304,0.013789538
347.62717,-0.023202917,0.034648318,0.012856487
347.6439,-0.024383482,0.034919452,0.011469236
347.661,-0.025178693,0.03468646,0.01452736
347.6772,-0.026824424,0.03477959,0.013492647
347.69412,-0.028664872,0.034903318,0.012013123
347.71082,-0.029291395,0.035071112,0.015118781
347.72708,-0.030621821,0.03587754,0.013785167
347.7437,-0.031634953,0.03583111,0.016542433
347.76056,-0.033069186,0.03599599,0.0151222665
347.77762,-0.03471266,0.036420386,0.013748869
347.794,-0.03617637,0.036305953,0.012430415
347.81067,-0.03704852,0.036095727,0.01518266
347.82745,-0.038442496,0.036357734,0.013538781
347.84436,-0.039923657,0.036161643,0.01184836
347.86063,-0.04047331,0.036288194,0.014710486
347.87714,-0.04158257,0.03582963,0.008078635
347.8938,-0.041712336,0.03567926,0.01531384
347.9106,-0.04260819,0.035345677,0.013404443
347.9273,-0.043330174,0.034720223,0.011546625
347.94467,-0.043472435,0.03414876,0.009564253
347.9606,-0.043902196,0.033685714,0.0078263255
347.97757,-0.0441119,0.03314748,0.005450953
347.9939,-0.04423554,0.03298271,0.012915667
348.01065,-0.044226997,0.03250121,0.010777029
348.02786,-0.04388276,0.03180416,0.008774084
348.04398,-0.04394127,0.031168703,0.006929132
348.06116,-0.04329245,0.030490847,0.004595062
348.07767,-0.042051192,0.02985352,0.002711964
348.09418,-0.041077565,0.029483141,0.005247852
348.11087,-0.03974312,0.0288002,0.003024153
348.12735,-0.038442988,0.028010769,0.0009317648
348.1444,-0.037910108,0.027324025,0.0034722758
348.1609,-0.03618332,0.026710317,0.001527324
348.17764,-0.034438096,0.026023014,-0.00065266114
348.19458,-0.0340799,0.025898905,0.0019724143
348.21072,-0.032308064,0.025436342,-0.000027002923
348.22748,-0.0301988,0.024879398,-0.0024133585
348.2444,-0.029164728,0.024376232,0.0003096633
348.26138,-0.027934214,0.024008963,-0.0016375523
348.27777,-0.02595079,0.023580926,-0.0035451239
348.29437,-0.02505894,0.023247348,-0.00096826174
348.31055,-0.023739055,0.022878591,-0.0030407007
348.32816,-0.023490455,0.022763439,-0.00050427916
348.34415,-0.02195164,0.02218624,-0.0020754547
348.3608,-0.020374529,0.022003656,-0.0043709287
348.37775,-0.020057335,0.021372814,-0.001540487
348.3946,-0.019073598,0.021164892,-0.0033409453
348.41122,-0.017995328,0.021029383,-0.0051525026
348.42786,-0.017646622,0.021053376,-0.002355762
348.44406,-0.01693474,0.02071385,-0.004205628
348.46072,-0.016659597,0.020323891,-0.0062046284
348.4781,-0.016620273,0.019838527,-0.003379008
348.49435,-0.016052088,0.019472634,-0.004879892
348.5116,-0.015498837,0.019124173,-0.00680536
348.5278,-0.015749944,0.018807532,-0.0036233936
348.5444,-0.015820298,0.01829011,-0.0055827987
348.56137,-0.016081208,0.01782731,-0.0072409245
348.5779,-0.016175838,0.017916013,-0.0042123385
348.59424,-0.017090863,0.017728291,-0.0059267012
348.61163,-0.018096285,0.017533608,-0.0076610805
348.6273,-0.018164847,0.01746287,0.00015759918
348.64438,-0.018816922,0.017060524,-0.0064878464
348.661,-0.019922225,0.01675547,-0.00784125
348.67767,-0.020297978,0.016470311,-0.0048881792
348.69427,-0.02124873,0.01589433,-0.0064002355
348.7112,-0.02250609,0.015419296,-0.007884782
348.7274,-0.02327551,0.015513392,-0.004733872
348.745,-0.025046412,0.015293413,-0.006410275
348.7611,-0.027298478,0.014747351,-0.0073775034
348.7773,-0.028052934,0.014246323,-0.004657936
348.7944,-0.030092506,0.013767721,-0.006304344
348.81122,-0.031844836,0.013147061,-0.0075106733
348.82773,-0.03236496,0.012779946,-0.004463148
348.8446,-0.033950213,0.012213903,-0.0060022552
348.86078,-0.03470092,0.012210952,-0.00289002
348.87735,-0.035849035,0.012019314,-0.0045460747
348.894,-0.036638588,0.011729669,-0.0059296545
348.9107,-0.036631666,0.011008695,-0.0028329866
348.92734,-0.037196755,0.0110914195,-0.0041397647
348.94418,-0.037318148,0.011191797,-0.005369971
348.9609,-0.037329085,0.011109187,-0.002248967
348.9775,-0.03787055,0.011024377,-0.0033451694
348.99408,-0.037486587,0.010854937,-0.0045909025
349.01135,-0.037614208,0.011106234,-0.0014543354
349.02747,-0.037402004,0.010881096,-0.0023008839
349.04395,-0.037985843,0.010942166,-0.0036449516
349.06085,-0.037748784,0.010719543,-0.0005486359
349.0774,-0.038026717,0.011045179,-0.0014840123
349.09402,-0.03807638,0.01107019,-0.0026511403
349.11084,-0.038379624,0.011252775,0.00054786354
349.1278,-0.03820521,0.011350038,-0.00047513892
349.1443,-0.03788563,0.011687471,-0.0014726251
349.161,-0.03810893,0.0114072,0.0017661381
349.1775,-0.038231988,0.011761059,0.00066886813
349.19424,-0.038126435,0.0118685765,-0.0004985051
349.211,-0.037866425,0.012135282,0.0028439779
349.22742,-0.037855208,0.0121543305,0.001787482
349.24423,-0.03787369,0.012048366,0.00067309994
349.2609,-0.037676416,0.011444092,0.004024894
349.27756,-0.037586935,0.01128263,0.0029410701
349.29422,-0.037754245,0.011276318,0.006242056
349.31104,-0.037965152,0.010909549,0.0051137246
349.3275,-0.038130417,0.010769795,0.0040420517
349.34402,-0.03808344,0.010496417,0.0028560683
349.36078,-0.03825123,0.010443943,0.001650682
349.37723,-0.038359918,0.010198678,0.0005052447
349.39392,-0.038398165,0.010053437,0.008072097
349.41068,-0.038629767,0.009632223,0.006928926
349.4276,-0.038795166,0.009229159,0.005777362
349.44403,-0.038973413,0.008770531,0.0046876064
349.46057,-0.039392985,0.008445699,0.0033728385
349.47754,-0.03980716,0.007672272,0.0020808112
349.49423,-0.040332105,0.007891644,0.0053841933
349.51074,-0.040573046,0.007138908,0.0041538444
349.52744,-0.040994175,0.006718382,0.0027817073
349.54477,-0.04100213,0.006263627,0.0059443614
349.56058,-0.041783318,0.0058803014,0.004944685
349.57733,-0.04251458,0.005490575,0.0031345089
349.5939,-0.042600352,0.0049066185,0.0063640163
349.61053,-0.042998515,0.004701937,0.0048951656
349.62735,-0.04370383,0.00377407,0.0034514614
349.6439,-0.044083286,0.0029022594,0.0066939667
349.66068,-0.044564664,0.0020442887,0.00519764
349.6774,-0.045340985,0.001059538,0.0038557337
349.69415,-0.04617628,0.0007013998,0.0070123663
349.71057,-0.046987325,-0.00026075958,0.005598239
349.72714,-0.047264513,-0.0010677015,0.0086021
349.74405,-0.048208255,-0.0019985111,0.0070092753
349.7612,-0.049184155,-0.003621779,0.005576477
349.7774,-0.049582474,-0.0042843623,0.008888508
349.79453,-0.05023948,-0.0054725264,0.0071277237
349.81107,-0.0509454,-0.0069574993,0.0057922252
349.82782,-0.051797975,-0.008508075,0.004092978
349.84415,-0.052476387,-0.009029378,0.007219809
349.86102,-0.053054918,-0.010442959,0.0054135337
349.8777,-0.053275805,-0.011421083,0.008567675
349.894,-0.05429467,-0.013157544,0.0069227843
349.91086,-0.054980926,-0.014480007,0.0051168785
349.92758,-0.05502899,-0.0151883755,0.0082067605
349.94397,-0.055303924,-0.016560582,0.006546696
349.96103,-0.055869393,-0.018168518,0.0047064153
349.97754,-0.05602529,-0.018808248,0.007888859
349.99387,-0.05624654,-0.019815033,0.006105629
350.01218,-0.05631984,-0.020851705,0.0041234843
350.02844,-0.056533437,-0.021705527,0.007890778
350.04416,-0.056854278,-0.02290054,0.005834563
350.06082,-0.05656623,-0.023687376,0.0034881982
350.0777,-0.055959802,-0.024074439,0.006446869
350.0943,-0.055590294,-0.024568,0.004634263
350.1108,-0.05561866,-0.025428683,0.0027182125
350.12717,-0.055595428,-0.025372252,0.0055324156
350.14395,-0.05480677,-0.025402285,0.0035325827
350.16113,-0.054462057,-0.0257569,0.0017084031
350.1776,-0.054315243,-0.026127184,0.004866764
350.19455,-0.053734325,-0.02651648,0.00290902
350.21088,-0.053573005,-0.026540155,0.005963827
350.22797,-0.052777737,-0.02646168,0.003910883
350.2447,-0.052181747,-0.02629466,0.0022573192
350.2606,-0.051670883,-0.026512764,0.005172258
350.27817,-0.050796017,-0.025799774,0.0029682464
350.29474,-0.049467087,-0.024993349,0.0015503999
350.31107,-0.04835311,-0.024326397,-0.00040607492
350.32822,-0.047508024,-0.024242977,0.002503927
350.34448,-0.04556726,-0.022779988,0.0008941097
350.36108,-0.045154832,-0.02198428,0.0037388513
350.37778,-0.04323046,-0.020119231,0.0019638005
350.39435,-0.041530684,-0.018762873,0.0001827638
350.4108,-0.04090055,-0.018378535,0.0032894856
350.42783,-0.03918373,-0.01635831,0.0014128003
350.4442,-0.037692476,-0.014557966,-0.00007892236
350.4613,-0.036137994,-0.012682692,-0.0017561857
350.4775,-0.03481203,-0.011908616,0.0014070983
350.49426,-0.033177834,-0.010157497,-0.00027279468
350.51157,-0.03234945,-0.009245565,0.0028736605
350.52753,-0.030778581,-0.007661844,0.0016756147
350.54382,-0.029349895,-0.006129983,-0.00013623097
350.56064,-0.029056888,-0.005428175,0.002741842
350.57733,-0.028121838,-0.004316966,0.0012481955
350.59406,-0.026986038,-0.0029698308,-0.00041015493
350.6108,-0.026495256,-0.002623557,0.0026729992
350.62744,-0.025668837,-0.0019048817,0.00095981534
350.64435,-0.024743317,-0.001189178,-0.00077791436
350.66074,-0.02411199,-0.0012095689,0.0024160962
350.67755,-0.023167022,-0.0007968023,0.00045834243
350.69412,-0.023216143,-0.0003921405,0.0035639796
350.71112,-0.02265475,-0.0000035782396,0.0016870366
350.72748,-0.021180822,0.0005445933,-0.004773915
350.74442,-0.021182844,0.00046341273,0.0028910227
350.7609,-0.021016072,0.00050496805,0.0012051169
350.7776,-0.02065016,0.00081082777,-0.0006894012
350.7948,-0.020286946,0.00088041637,-0.0026903923
350.81064,-0.020076932,0.0011983396,-0.0043599913
350.8277,-0.019649372,0.0016943598,-0.006613288
350.84454,-0.01965593,0.0016154464,0.0014165312
350.86087,-0.019297326,0.0025344614,-0.0004918073
350.87747,-0.019125398,0.0034620897,-0.0025717695
350.8943,-0.018510269,0.0038851274,-0.0044212556
350.9108,-0.01836782,0.0047736643,-0.0062522874
350.92773,-0.01819869,0.0056873676,-0.008207465
350.94437,-0.017835105,0.0059673917,-0.005051582
350.96088,-0.017786684,0.0066972584,-0.0069356523
350.9778,-0.017282695,0.0065352814,-0.008706994
350.99423,-0.017265316,0.006569043,-0.0055749645
351.01074,-0.017439837,0.007157758,-0.007332641
351.0276,-0.017232003,0.007408932,-0.008991673
351.0443,-0.017529448,0.007187444,-0.0057947026
351.06046,-0.01771972,0.0071305223,-0.0072897463
351.07724,-0.01802385,0.0072084577,-0.0043646228
351.09402,-0.017674085,0.0075657903,-0.005845538
351.11063,-0.017865805,0.007505774,-0.00724376
351.12738,-0.018087856,0.006998713,-0.008594263
351.1443,-0.018102719,0.0069918614,-0.005380995
351.16064,-0.018120958,0.007171704,-0.0065154894
351.1775,-0.018289093,0.007035988,-0.0080174655
351.19397,-0.018166453,0.006792237,-0.004585507
351.2106,-0.018124847,0.006441659,-0.005926394
351.22742,-0.018612174,0.006209707,-0.002613121
351.24393,-0.018799284,0.0055325716,-0.0036510262
351.2607,-0.019312337,0.0039373585,-0.004823771
351.27737,-0.019383335,0.0032948542,-0.001377713
351.29395,-0.020024862,0.0013072386,-0.0024537263
351.31067,-0.020388292,-0.00053644093,-0.0035853111
351.32733,-0.020624626,-0.0016808639,-0.0001107325
351.3438,-0.021106381,-0.00420391,-0.0011840053
351.3607,-0.02187685,-0.006914466,-0.0022795114
351.3773,-0.022433385,-0.008234936,0.0012097282
351.3939,-0.022794014,-0.011003545,0.00015964881
351.4109,-0.02337554,-0.013939832,-0.0008968461
351.4273,-0.023200506,-0.015532539,0.0027122865
351.44397,-0.023374049,-0.01844445,0.0015589861
351.46054,-0.023985539,-0.019930279,0.004934678
351.47733,-0.02427816,-0.023116846,0.0038718656
351.494,-0.024547957,-0.026211387,0.0028754552
351.51062,-0.024770336,-0.029215006,0.0017904848
351.52716,-0.024114475,-0.030921465,0.0052030864
351.5444,-0.024194108,-0.034087237,0.004085352
351.56088,-0.024351047,-0.037239477,0.003320436
351.57764,-0.02480011,-0.038788535,0.006613454
351.59387,-0.02496657,-0.04175067,0.0055911564
351.61047,-0.024189562,-0.043367982,0.008827415
351.6271,-0.02416769,-0.046267413,0.0077451235
351.6437,-0.024552535,-0.049064845,0.006615539
351.6605,-0.024508974,-0.050510824,0.009985176
351.6774,-0.024281515,-0.052273642,0.008900204
351.69406,-0.024267863,-0.053938974,0.007738734
351.71057,-0.02434312,-0.05471786,0.011229276
351.7273,-0.024197746,-0.055643316,0.009811677
351.74423,-0.024227662,-0.057251412,0.008569689
351.7606,-0.023858808,-0.057549488,0.011960948
351.7774,-0.023960738,-0.058200825,0.010482462
351.79398,-0.023664128,-0.05931854,0.009345367
351.81064,-0.023653124,-0.059822936,0.012418389
351.82724,-0.023697864,-0.06048249,0.011096523
351.84384,-0.023372002,-0.060524028,0.014271518
351.86072,-0.022974668,-0.061828952,0.012848409
351.87753,-0.02276006,-0.06226125,0.011570942
351.89426,-0.022863837,-0.06285563,0.010112944
351.91058,-0.022603039,-0.06327244,0.0133302715
351.92706,-0.022293232,-0.06374678,0.011622307
351.94376,-0.022043716,-0.06438879,0.00998456
351.96033,-0.022161674,-0.06448943,0.013137672
351.97705,-0.021844937,-0.06429668,0.011489939
351.99393,-0.021372624,-0.06467847,0.009869736
352.01077,-0.021302415,-0.06472502,0.012983994
352.0274,-0.021196412,-0.064676404,0.011362368
352.04428,-0.020512572,-0.064593166,0.009778647
352.0609,-0.019668967,-0.06451942,0.012850321
352.07755,-0.01865387,-0.06487183,0.011181712
352.09384,-0.01863082,-0.06521404,0.014157026
352.11047,-0.017916825,-0.06552446,0.012273831
352.1272,-0.017035706,-0.06609087,0.010553376
352.144,-0.01626403,-0.06667794,0.00877822
352.16046,-0.015491001,-0.067606434,0.007107356
352.1773,-0.015228906,-0.06766642,0.014857359
352.19394,-0.014114955,-0.06894721,0.01332287
352.21045,-0.012778003,-0.070788845,0.011662499
352.22717,-0.012116779,-0.07237146,0.009915401
352.24387,-0.010809377,-0.07403833,0.008342387
352.26047,-0.009227192,-0.07641282,0.006733853
352.2774,-0.008593436,-0.07779518,0.005050328
352.29456,-0.0078057484,-0.07866312,0.008304474
352.31094,-0.006212808,-0.08053033,0.006915884
352.32776,-0.0044151386,-0.082645915,0.0050889333
352.3442,-0.0033712557,-0.0832124,0.008264103
352.3609,-0.0019759252,-0.084561065,0.0065260017
352.37784,-0.00016794473,-0.0864315,0.0050132424
352.39456,0.0006361892,-0.08725279,0.008212741
352.411,0.0023343177,-0.08863169,0.006651038
352.4277,0.003805242,-0.089591265,0.004965553
352.44403,0.005108251,-0.09015601,0.0081720315
352.4606,0.0070579974,-0.09076252,0.006402378
352.47745,0.00837534,-0.09100073,0.0047898884
352.49426,0.009212131,-0.090996735,0.00801248
352.51077,0.010485772,-0.090077564,0.006567372
352.52707,0.011188557,-0.08975526,0.009677967
352.54382,0.012189837,-0.08857809,0.008034527
352.56064,0.013210573,-0.087196805,0.006619704
352.57727,0.01379969,-0.08658156,0.009878822
352.5942,0.014238005,-0.08528833,0.008412496
352.6108,0.0147348,-0.08324511,0.007102546
352.6276,0.015368558,-0.08208835,0.010281161
352.64383,0.015838763,-0.07992523,0.008938374
352.6605,0.016068535,-0.077640876,0.007328459
352.6771,0.015708128,-0.07655071,0.010441679
352.6938,0.016072363,-0.07420948,0.009150711
352.71045,0.01623721,-0.07212243,0.00790387
352.72708,0.016732803,-0.070735626,0.011114198
352.74377,0.016542684,-0.06867721,0.00987013
352.76074,0.016567722,-0.06607642,0.008822758
352.77765,0.016951943,-0.0652601,0.012332271
352.79413,0.017285744,-0.06310052,0.011499196
352.8109,0.017653264,-0.061214704,0.010404119
352.82718,0.017555693,-0.06064802,0.013907913
352.8437,0.01812759,-0.059606038,0.012719323
352.8604,0.018803826,-0.05865125,0.011663479
352.877,0.019494215,-0.05785689,0.015098156
352.8938,0.020143026,-0.057213552,0.014080579
352.9104,0.02076446,-0.057469282,0.017523816
352.92712,0.021526491,-0.057292074,0.01633991
352.94397,0.021929521,-0.056404874,0.015095648
352.96082,0.02267138,-0.055969533,0.013952631
352.9777,0.023110647,-0.055715892,0.017117867
352.99445,0.023515644,-0.054693393,0.015865115
353.01105,0.023352282,-0.053183682,0.014482958
353.02765,0.024026671,-0.052109767,0.01765642
353.04434,0.02406538,-0.05124126,0.01606544
353.06088,0.023987016,-0.04959169,0.0145722
353.0779,0.023520574,-0.048691183,0.017624818
353.09445,0.022814268,-0.046305522,0.016217237
353.1111,0.02186075,-0.044077817,0.014571162
353.12756,0.02134054,-0.042653043,0.017532166
353.1442,0.019340973,-0.039443336,0.01575971
353.16116,0.018249704,-0.03747074,0.01863817
353.17773,0.015859505,-0.033698376,0.017122585
353.19467,0.013082668,-0.029617151,0.015144294
353.2107,0.01146106,-0.027905744,0.018230608
353.22717,0.007938835,-0.023471227,0.015982075
353.24402,0.004518831,-0.019253973,0.013918275
353.2605,0.0027946085,-0.017424533,0.016979596
353.27722,-0.000748625,-0.013006506,0.015003915
353.2938,-0.0025956384,-0.010660414,0.01792584
353.3106,-0.006591727,-0.0066250046,0.016014285
353.32767,-0.009718533,-0.0029826576,0.014028199
353.3443,-0.011204128,-0.0016688933,0.01716971
353.36108,-0.014695249,0.0016555059,0.015071994
353.3776,-0.018215502,0.004726915,0.013067025
353.3939,-0.020354778,0.0067041195,0.011016152
353.41068,-0.021395033,0.007674326,0.013654798
353.42725,-0.024148742,0.009763559,0.011647722
353.4441,-0.026437627,0.011265601,0.009563294
353.46216,-0.027487133,0.0114466045,0.012404016
353.4775,-0.029732216,0.012614384,0.0059433547
353.4944,-0.029776966,0.0125090135,0.013031739
353.5107,-0.03176751,0.013613542,0.01089987
353.52795,-0.033091508,0.014104709,0.008526111
353.54498,-0.033626925,0.013963985,0.0065118116
353.56088,-0.034514472,0.014132847,0.0044378885
353.57764,-0.035347596,0.014067903,0.001872764
353.5941,-0.0354023,0.0139311105,0.009616752
353.61075,-0.03540929,0.013513324,0.0073189316
353.62762,-0.0353846,0.012907739,0.005192279
353.6443,-0.035427097,0.0124891065,0.0031897551
353.66052,-0.035186894,0.011862425,0.0011160473
353.67715,-0.034348633,0.010627562,-0.0010887997
353.69373,-0.033628244,0.010647809,0.0017373775
353.71054,-0.033157118,0.009536336,-0.00023175457
353.72723,-0.032151815,0.008442448,-0.0020465048
353.744,-0.031498376,0.0071894545,0.00089977053
353.76068,-0.02992079,0.0056830747,-0.000881047
353.77716,-0.029167505,0.004380536,-0.0026023944
353.79407,-0.02809749,0.0035417553,0.0002850976
353.81064,-0.026153566,0.0019305056,-0.0012731967
353.82727,-0.025265869,0.0005620836,0.0016767224
353.84387,-0.023355985,-0.0012214838,0.000015020728
353.86102,-0.021482758,-0.0028345187,-0.0016013198
353.87744,-0.020362511,-0.0037944466,0.0016320049
353.89435,-0.017926574,-0.005502644,0.0000069141656
353.911,-0.015757998,-0.007270021,-0.0013844954
353.92746,-0.014538973,-0.008192934,0.0016837877
353.94415,-0.012471716,-0.00982052,0.00009936086
353.96085,-0.009973231,-0.01139237,-0.0013060628
353.97742,-0.008962818,-0.012386116,0.0017274878
353.99408,-0.0065150457,-0.014020915,0.00031328594
354.01044,-0.0040513794,-0.015624384,-0.00107982
354.0271,-0.0027660397,-0.016582267,0.001867995
354.04376,-0.00006741902,-0.018429339,0.0005239365
354.06046,0.0024812992,-0.02010694,-0.00090982486
354.07718,0.0038338958,-0.020193517,0.002294
354.0939,0.0060472554,-0.021511512,0.00083132397
354.1107,0.008588687,-0.023226188,-0.0005229834
354.12756,0.009819779,-0.02401671,0.0025921
354.144,0.011867538,-0.025057102,0.0012977541
354.1611,0.01381472,-0.025981342,-0.00027329917
354.1784,0.014902033,-0.026843524,0.003017026
354.19418,0.016368488,-0.028100662,0.0018463888
354.2114,0.017777462,-0.029223943,4.768575e-7
354.22778,0.01811696,-0.029222172,0.0033010892
354.24457,0.019604238,-0.030583443,0.0017674314
354.26135,0.020969901,-0.031381898,0.00035287958
354.27777,0.021365266,-0.031973958,0.0034206945
354.29413,0.022137795,-0.03255373,0.0017936729
354.3109,0.023319056,-0.03331746,0.00012857637
354.32825,0.023590405,-0.03349413,0.003153828
354.3443,0.023828397,-0.03436785,0.0019303262
354.36105,0.024641681,-0.035442926,0.00016541539
354.37833,0.025414413,-0.035678644,0.003199604
354.39456,0.026546612,-0.03691522,0.0019977612
354.41107,0.027482789,-0.03735573,0.00029780998
354.42795,0.028028969,-0.03739411,0.0032069548
354.4444,0.029092034,-0.03779809,0.0017104625
354.46155,0.029284207,-0.03821632,0.004551619
354.47717,0.030134356,-0.038500957,0.0031720742
354.49426,0.030946525,-0.038928248,0.0011958552
354.51083,0.03160439,-0.038976103,0.004346946
354.5277,0.032263234,-0.03921205,0.0027744104
354.54443,0.033190526,-0.03955915,0.0013530026
354.56125,0.034327786,-0.039783653,-0.00022163606
354.5779,0.035149287,-0.039702147,0.0028267289
354.595,0.036344875,-0.03989034,0.0011965309
354.61087,0.03704106,-0.04032794,0.004322291
354.62756,0.038119588,-0.04052623,0.0023120733
354.64526,0.03929883,-0.04087195,0.00057120813
354.66116,0.039969392,-0.04083065,0.0039567896
354.67783,0.040886946,-0.041211706,0.0018840658
354.69482,0.04192386,-0.041701104,0.00011225163
354.7111,0.042519733,-0.04173932,0.0031365694
354.72778,0.043451242,-0.042170927,0.0011721248
354.7445,0.044515423,-0.042145375,-0.0005275816
354.76154,0.045289397,-0.04192095,0.002320118
354.77777,0.04611246,-0.041937996,0.0007070244
354.79507,0.046814382,-0.041934185,-0.0012719972
354.81122,0.047407366,-0.041722137,0.0018582515
354.82758,0.04832272,-0.04187932,-0.000196252
354.84442,0.04854979,-0.04137683,0.0024955377
354.86108,0.04912268,-0.041146573,0.0007518644
354.87854,0.04965538,-0.040850192,-0.0010411144
354.89432,0.05024281,-0.040532686,-0.0025202797
354.9108,0.050318368,-0.040130395,-0.004752075
354.92737,0.050692793,-0.03946901,-0.0066235857
354.9442,0.050837945,-0.03928194,0.00074506894
354.96085,0.051051065,-0.039089218,-0.0009335727
354.97766,0.05065229,-0.038523015,-0.0027812144
354.99435,0.050275445,-0.038276188,-0.004541137
355.01093,0.05012768,-0.037947383,-0.006262729
355.0278,0.049638696,-0.037371553,-0.008022186
355.0444,0.049307156,-0.036948968,-0.0051049804
355.06107,0.048522066,-0.036209505,-0.0068369326
355.07782,0.047636237,-0.035662733,-0.008519568
355.09402,0.04743215,-0.035709508,-0.0056063957
355.11115,0.046485525,-0.035141815,-0.0075472803
355.1275,0.045183733,-0.034638837,-0.009061718
355.14508,0.044732906,-0.03416809,-0.006311224
355.16144,0.04342671,-0.034070335,-0.0075620865
355.1783,0.041757505,-0.03338277,-0.009288901
355.19415,0.04066189,-0.033045426,-0.0063762562
355.21085,0.03906131,-0.032297835,-0.008266741
355.22784,0.03708633,-0.031821724,-0.009873134
355.24417,0.03607351,-0.03177993,-0.0068733036
355.26083,0.03358704,-0.03132699,-0.008579218
355.27747,0.03275018,-0.031104222,-0.005718585
355.29453,0.03048379,-0.030889546,-0.0072372598
355.31094,0.027987147,-0.030560777,-0.008681998
355.32794,0.025826843,-0.030135293,-0.010291127
355.34424,0.024807101,-0.02973568,-0.0071911626
355.36096,0.023095956,-0.029046051,-0.008764815
355.37842,0.021288957,-0.028457254,-0.010055493
355.39398,0.0205231,-0.02837203,-0.006824473
355.41052,0.019735644,-0.027714882,-0.008572911
355.42728,0.019065293,-0.026763687,-0.0056621437
355.44403,0.018338868,-0.026183482,-0.006921293
355.46146,0.018056272,-0.025446292,-0.008085634
355.4777,0.018419554,-0.025116112,-0.0048378054
355.4944,0.018770603,-0.023848284,-0.0061773187
355.51172,0.018745773,-0.02303388,-0.0074778907
355.52792,0.018761538,-0.02265429,-0.0041921744
355.54425,0.019705465,-0.02182112,-0.0056721354
355.56104,0.020548929,-0.020734014,-0.0071417606
355.57736,0.020419495,-0.01962354,-0.00416561
355.594,0.02103891,-0.019039765,-0.005610388
355.61124,0.02168113,-0.017954856,-0.007018525
355.62738,0.022072528,-0.01720369,-0.0037733298
355.64468,0.022610389,-0.016156705,-0.0053463373
355.66107,0.02314472,-0.015262468,-0.006388233
355.67746,0.023710877,-0.015254795,-0.003548333
355.69412,0.024430387,-0.014032603,-0.0049814396
355.7109,0.02533064,-0.012894315,-0.0063145533
355.72742,0.025491698,-0.011764262,-0.003313941
355.744,0.026088474,-0.010885355,-0.0046742503
355.76086,0.026695594,-0.010589111,-0.0017893359
355.77725,0.027560882,-0.009242734,-0.0030150667
355.7939,0.028436754,-0.00826147,-0.0044267457
355.81058,0.028466195,-0.008159451,0.0027440507
355.82773,0.029858487,-0.007041584,-0.0027897926
355.84402,0.030491294,-0.006065418,-0.0038623987
355.86093,0.031047957,-0.005110655,-0.0010323972
355.87726,0.031944044,-0.003910034,-0.0022207925
355.8938,0.032555643,-0.0026642547,-0.0035818727
355.91077,0.033100277,-0.0023448032,-0.00074908405
355.92804,0.034325,-0.0007817347,-0.0018512874
355.94424,0.03484669,0.0005888044,-0.0028015599
355.96115,0.035065625,0.001352477,-0.00011206283
355.97736,0.036094375,0.0024985916,-0.0011521558
355.9944,0.037179776,0.0038036178,-0.0026338894
356.01126,0.03765065,0.0047655553,0.00053402747
356.02768,0.038467173,0.0058402307,-0.00063995755
356.04428,0.039618127,0.0069623594,-0.0019546926
356.0609,0.040249184,0.007971585,0.000984205
356.07758,0.04106961,0.009355921,-0.00035747388
356.09473,0.04165071,0.010412962,-0.0016283501
356.1109,0.042254373,0.010704594,0.0015091912
356.12762,0.043004382,0.011727327,-0.0000026228117
356.1446,0.04339612,0.012725527,-0.0012022114
356.16095,0.043452073,0.013338239,0.0017766063
356.1777,0.04380779,0.0142934965,0.00035515512
356.19415,0.04457943,0.014961574,-0.00093176804
356.2116,0.045143645,0.01510018,0.0017838418
356.22772,0.045447912,0.015642893,0.0007742174
356.2444,0.045839872,0.016143419,-0.00085142045
356.26102,0.04664655,0.016779969,-0.0022830265
356.27777,0.046781026,0.01718139,-0.0036928845
356.2945,0.04672039,0.017346002,0.0033456618
356.3113,0.047205687,0.017909154,0.0019557152
356.32758,0.04737679,0.01822241,0.00052809337
356.34464,0.0474318,0.018357238,-0.0010644165
356.36102,0.047801573,0.018589333,-0.0023130856
356.37762,0.04807993,0.018848823,-0.003932984
356.39398,0.04833161,0.018835723,-0.0012188766
356.4108,0.048183735,0.01882316,-0.0028150142
356.42764,0.04824347,0.01907783,-0.0042680055
356.4443,0.04803258,0.019600676,-0.0014275087
356.46118,0.047636904,0.019791765,-0.0029260702
356.47757,0.047232326,0.019500619,-0.004388215
356.49454,0.047456365,0.018980626,-0.0017486374
356.51114,0.04723921,0.018798923,-0.0031841944
356.52777,0.046702728,0.018320046,-0.0047741192
356.54428,0.04599193,0.018747583,-0.0020241975
356.56094,0.04569742,0.018391086,-0.0036396007
356.57776,0.045722034,0.017953342,-0.0009125174
356.59433,0.04527405,0.017313229,-0.002344902
356.61053,0.04489574,0.01649673,-0.003958261
356.62738,0.044401772,0.016324911,-0.001448879
356.64432,0.043847773,0.015183923,-0.0029102727
356.66113,0.04339117,0.014190573,-0.0042881
356.67786,0.042782594,0.013055642,-0.0056818216
356.69485,0.042153645,0.012908969,-0.0030016818
356.71088,0.0415564,0.011962363,-0.004332563
356.72772,0.0414492,0.011350042,-0.0019175179
356.74454,0.040791,0.0104687,-0.0033366662
356.76126,0.040025685,0.009293358,-0.0048294975
356.77777,0.039357636,0.00820846,-0.0063526426
356.7945,0.039357632,0.007811383,-0.0036588272
356.81104,0.038692262,0.0064816726,-0.005233252
356.82767,0.03809801,0.005672183,-0.002601361
356.84467,0.036817107,0.0043117274,-0.00417388
356.8611,0.036359314,0.0030763405,-0.0055956356
356.8778,0.03590996,0.0023574787,-0.0030538407
356.89432,0.0348477,0.0002691152,-0.004522666
356.91116,0.033640828,-0.0012374785,-0.0059557264
356.92773,0.03324911,-0.0022081002,-0.0032665546
356.94434,0.032645274,-0.0033127365,-0.0045565246
356.96094,0.031369053,-0.005335738,-0.0058290036
356.97775,0.031147476,-0.006071926,-0.0030834256
356.99435,0.030794034,-0.0072500682,-0.00414675
357.01108,0.030307116,-0.008477356,-0.005346778
357.02744,0.030309945,-0.009085275,-0.002496959
357.0444,0.030040745,-0.010705906,-0.0037502341
357.0608,0.03012258,-0.011484466,-0.004726765
357.07776,0.029957721,-0.011723138,-0.0020134689
357.09445,0.030042594,-0.01280378,-0.002992008
357.11084,0.030100122,-0.013896524,-0.004061637
357.12805,0.03028655,-0.014249269,-0.0013719919
357.14426,0.030603828,-0.0144015765,-0.0022146562
357.161,0.030617217,-0.014897695,-0.0035054574
357.17755,0.030623812,-0.015399276,-0.00069126434
357.1941,0.031216444,-0.015686033,-0.0018266899
357.21075,0.031491578,-0.015680514,0.00088272913
357.22763,0.031866025,-0.015579302,-0.00017560482
357.24402,0.032074206,-0.015802383,-0.0012370491
357.26083,0.03166275,-0.015589132,0.0014278952
357.2774,0.032245114,-0.015254079,0.00037206968
357.29407,0.032665707,-0.014723439,-0.00082444027
357.31116,0.032730944,-0.014511615,0.0019325514
357.32758,0.032929506,-0.014262655,0.0009149825
357.3441,0.033389088,-0.013253474,-0.00038435136
357.36115,0.033864733,-0.013022037,0.002270462
357.37753,0.034323018,-0.01226083,0.0012467036
357.3943,0.03471799,-0.0114750145,-0.00008219922
357.41113,0.034971688,-0.010844579,0.002616195
357.42764,0.035721514,-0.009459979,0.0014436477
357.44403,0.036384664,-0.00828177,0.00007069486
357.46072,0.036541354,-0.007899063,0.0026056445
357.47763,0.03713779,-0.0068481127,0.0012924303
357.4942,0.037766267,-0.005189981,0.000028433038
357.51096,0.038206186,-0.004555806,0.0025368885
357.52786,0.038727984,-0.0037428571,0.0011736618
357.54453,0.039227623,-0.002215286,-0.00015426704
357.56094,0.039322566,-0.0014834586,0.0023413002
357.57755,0.039982323,0.00016048191,0.00081261754
357.59436,0.040387075,0.0007288192,0.0032655627
357.611,0.04049844,0.001983861,0.0018322587
357.62738,0.040917646,0.0036814755,0.00033464574
357.644,0.04106241,0.004690029,0.0026944485
357.66122,0.041456487,0.006045992,0.0011438035
357.67758,0.041372932,0.007395217,-0.00014151196
357.6944,0.04144107,0.00919595,-0.0017744096
357.71075,0.042175088,0.010646118,-0.0032804077
357.7274,0.042141274,0.0107791545,0.0030300468
357.74435,0.042175476,0.012055954,0.0014742535
357.7607,0.0423149,0.014763356,-0.004003429
357.7774,0.042279664,0.016243644,-0.0057764654
357.79413,0.042694155,0.017089795,-0.003360646
357.81085,0.04262397,0.018489746,-0.004997877
357.82748,0.042728394,0.019983336,-0.0066746445
357.84424,0.042057715,0.020847073,-0.004234347
357.861,0.04206495,0.022403127,-0.005905074
357.87753,0.04199556,0.0241244,-0.007506475
357.894,0.042126358,0.024954163,-0.0051884344
357.9109,0.04185139,0.026106754,-0.006881714
357.92795,0.041519836,0.027651766,-0.008404888
357.9441,0.041506507,0.028457778,-0.0059383083
357.96097,0.041125216,0.029779216,-0.007674387
357.97778,0.040721536,0.030739056,-0.009137461
357.9944,0.040371332,0.031669248,-0.0066970903
358.01135,0.039637614,0.03277504,-0.008182211
358.02817,0.03924081,0.033374503,-0.009650009
358.04404,0.03925902,0.033790063,-0.0071240384
358.06116,0.038604207,0.034297384,-0.008954107
358.07755,0.037956264,0.03508175,-0.0063980785
358.09482,0.03725206,0.035967458,-0.007981107
358.11105,0.03644238,0.036446672,-0.00919886
358.12775,0.036294386,0.036968086,-0.006980163
358.1446,0.03541223,0.037493102,-0.0083574075
358.16116,0.034685127,0.03795625,-0.009702937
358.1778,0.034545064,0.038148962,-0.007295026
358.1941,0.03386811,0.038361546,-0.00865985
358.21097,0.03314016,0.039024822,-0.010088323
358.22748,0.032224398,0.039594356,-0.0074990774
358.24408,0.031559646,0.040077385,-0.008809138
358.26093,0.030780371,0.04057361,-0.010017321
358.27786,0.030984022,0.04081384,-0.0074770586
358.29425,0.030112667,0.04129417,-0.008510072
358.311,0.029375726,0.04168954,-0.009707402
358.32816,0.029215848,0.04163962,-0.007184367
358.34464,0.028854648,0.042041775,-0.008060196
358.3614,0.028413905,0.04267917,-0.009076804
358.37772,0.027618693,0.042923592,-0.006438954
358.39423,0.027161904,0.043122716,-0.0074389786
358.41092,0.026647791,0.043797374,-0.008339322
358.42776,0.026395475,0.044055253,-0.0056623747
358.44437,0.02577277,0.04460682,-0.0063317944
358.4614,0.025372056,0.045089908,-0.0070551247
358.47784,0.025423829,0.045033574,-0.0042448514
358.49423,0.024966989,0.04587608,-0.004940365
358.51114,0.024485819,0.046577223,-0.005623143
358.52768,0.023743765,0.04670225,-0.002820603
358.5454,0.023212066,0.046750322,-0.0034195397
358.56134,0.022557989,0.04699233,-0.003586208
358.57785,0.02240869,0.047193147,-0.0011439915
358.5944,0.022023715,0.047314063,-0.0016589349
358.612,0.02168045,0.047356386,-0.0021431115
358.62805,0.020801224,0.047647517,0.0010138563
358.645,0.020377763,0.047944836,0.00041283775
358.6611,0.019954888,0.048264004,-0.000015700085
358.67844,0.020036345,0.048595082,0.002573448
358.69464,0.01963635,0.048665203,0.0022003725
358.71143,0.019399155,0.048804563,0.0046578743
358.72754,0.019037092,0.04893028,0.0040048864
358.74414,0.018778129,0.048986748,0.002969114
358.76175,0.01854751,0.04891717,0.0020920094
358.77798,0.017584424,0.04878211,0.004967691
358.79434,0.01744063,0.0487921,0.003866117
358.81155,0.017650045,0.048651755,0.006240491
358.82773,0.017533112,0.04817336,0.005404863
358.84454,0.017360456,0.047735527,0.0042115217
358.86108,0.016814519,0.047516406,0.0066924496
358.87836,0.016471028,0.04732452,0.0055731116
358.8945,0.0161576,0.046848435,0.004690809
358.91205,0.016708069,0.046735164,0.0068726493
358.92828,0.01645623,0.04614097,0.0059945127
358.94415,0.016269473,0.045583483,0.0045781396
358.96112,0.015592064,0.0452615,0.006578241
358.97757,0.015926704,0.044283174,0.005362505
358.9944,0.016118577,0.042972844,0.0038973924
359.01102,0.016394772,0.041859373,0.0061161104
359.0276,0.017086841,0.038380258,0.001011753
359.04526,0.016976431,0.038429465,0.006765415
359.06122,0.01722777,0.03493776,0.0056365156
359.07767,0.017787607,0.03142709,0.0038180286
359.09436,0.01858318,0.027350042,0.0021804273
359.11105,0.019333998,0.023544518,0.0006418252
359.1284,0.020159604,0.019736608,-0.0009447943
359.14435,0.020101033,0.019796468,0.004991452
359.16122,0.021050984,0.014949678,0.0031361824
359.1781,0.021991676,0.010470075,0.0015548918
359.19443,0.022340253,0.006272476,0.00009954185
359.21133,0.022912089,0.0017298243,-0.0015753352
359.22806,0.023690965,-0.0026055647,-0.0030017705
359.24457,0.024208542,-0.0045732553,-0.000894552
359.2609,0.024990808,-0.007873131,-0.002395405
359.27774,0.025556322,-0.011051848,-0.003993806
359.2944,0.025452089,-0.012651793,-0.0017763107
359.31107,0.026307004,-0.015131183,-0.0031792636
359.32825,0.026775012,-0.016985623,-0.0044818893
359.34415,0.027439767,-0.017756945,-0.002152531
359.36087,0.027905293,-0.019655937,-0.0036804304
359.37756,0.028648397,-0.02079942,-0.0049052886
359.39432,0.028734082,-0.021481033,-0.002743808
359.4111,0.02895739,-0.02226628,-0.0038783865
359.42755,0.029429372,-0.023174433,-0.0049638576
359.4442,0.02994535,-0.023433175,-0.002797563
359.46133,0.030194612,-0.02370294,-0.003860661
359.47748,0.030266946,-0.023619063,-0.004777785
359.49402,0.030093383,-0.023615336,-0.0026656496
359.51093,0.030128159,-0.023466099,-0.0036991418
359.52747,0.030685235,-0.023213953,-0.0013288218
359.54413,0.030687477,-0.022544011,-0.002312322
359.56122,0.030525396,-0.02148346,-0.0032196024
359.57742,0.029908868,-0.021130236,-0.00077535
359.59424,0.02954302,-0.020131312,-0.0017993001
359.61096,0.029496878,-0.018565303,-0.0025463847
359.62778,0.02985094,-0.017611345,-0.00018673502
359.64404,0.029596712,-0.016350836,-0.00093518785
359.6607,0.029182829,-0.0145926615,-0.0018443128
359.67755,0.028881717,-0.013927795,0.0004530133
359.69406,0.028412793,-0.01175822,-0.00025738133
359.71088,0.028288033,-0.009339578,-0.0010920949
359.7276,0.027925802,-0.0081627965,0.0012546977
359.7442,0.027230203,-0.006263132,0.00043348983
359.76074,0.027011484,-0.004968679,0.0026196619
359.77737,0.026756305,-0.0029402499,0.0016672132
359.794,0.026069108,-0.0010947961,0.00068634143
359.811,0.025366155,-0.00012372842,0.0029712052
359.82764,0.024575757,0.0016376384,0.0021782287
359.84412,0.023974238,0.004178546,0.0012420075
359.86084,0.023022437,0.0063326797,0.0003452976
359.87778,0.02300566,0.0063940594,0.005674953
359.89426,0.022315452,0.0099499505,0.0018322777
359.9115,0.021470962,0.012871554,0.0008987654
359.92764,0.021172678,0.013951304,0.0032829025
359.94403,0.020441892,0.016361643,0.0023153943
359.96088,0.019263059,0.01926257,0.001414333
359.978,0.019038314,0.02051473,0.003692154
359.99423,0.018227736,0.022988835,0.003019874
360.0109,0.017687002,0.024052601,0.0051177964
360.0278,0.016416987,0.026248323,0.004330845
360.0444,0.015178227,0.028540477,0.0036403805
360.06186,0.013950284,0.030765636,0.00282197
360.07767,0.013760954,0.03202122,0.0052520703
360.0944,0.012491934,0.034402687,0.004202361
360.11093,0.011152255,0.035185356,0.0063696504
360.12772,0.010088965,0.037054818,0.0055093574
360.14444,0.009292249,0.038622443,0.004636837
360.1612,0.008885684,0.039589193,0.0068206517
360.17773,0.008083159,0.041629948,0.005926172
360.1945,0.007048146,0.04357661,0.0050406307
360.21118,0.0063355574,0.044127382,0.0071542175
360.22797,0.0054176133,0.04628388,0.0062962403
360.24472,0.0043483158,0.048104703,0.0053988863
360.26138,0.0035390924,0.048652958,0.007524158
360.27777,0.0025939492,0.05003933,0.0065647196
360.2946,0.0014542186,0.05129336,0.0055108317
360.31113,0.0014181145,0.052246347,0.007574654
360.3278,0.0008253799,0.053281635,0.0065884343
360.3447,0.0003404131,0.054137647,0.0055258344
360.36105,-0.0004300188,0.054261725,0.0076535014
360.37787,-0.00079377665,0.05528519,0.0064223288
360.39423,-0.0012333557,0.05611946,0.005445056
360.4112,-0.0016792789,0.056253657,0.0073304316
360.42822,-0.002156433,0.057383392,0.003322224
360.44467,-0.00230265,0.057378024,0.008416753
360.46115,-0.0030527606,0.057845317,0.007280523
360.478,-0.0037395393,0.058207292,0.0061533577
360.4943,-0.0043575056,0.058124527,0.005083231
360.51117,-0.0047106915,0.058194675,0.0038122172
360.52835,-0.0052862456,0.05812117,0.0027516235
360.5447,-0.0054337964,0.058107443,0.007828441
360.56107,-0.0058874236,0.058153942,0.006595687
360.5784,-0.005553372,0.058447756,0.0023203816
360.59467,-0.0060406607,0.05790157,0.004383292
360.61102,-0.006089493,0.05757589,0.0031812522
360.62778,-0.006268663,0.057396796,0.0019835015
360.64453,-0.005873842,0.057612147,0.0038582007
360.66104,-0.006076179,0.05721384,0.0028032337
360.67767,-0.006202086,0.056560684,0.0017065849
360.69467,-0.006694384,0.055880353,0.0036019129
360.71133,-0.0067883916,0.0552278,0.0026297902
360.72797,-0.006571164,0.05441315,0.0015548012
360.7444,-0.0061310804,0.05447509,0.0034173871
360.7609,-0.0061391313,0.05382173,0.002282002
360.77756,-0.0057375566,0.053029485,0.001151524
360.79428,-0.0056256177,0.05268723,0.003040613
360.81097,-0.005070124,0.0518697,0.0020058572
360.82782,-0.0047365143,0.051203433,0.0010188757
360.8443,-0.004856439,0.050569423,0.002956948
360.86105,-0.004352055,0.049596924,0.0019376524
360.87756,-0.004028974,0.048775233,0.0010483114
360.89435,-0.0036283708,0.04855226,0.0028648907
360.91107,-0.0034884927,0.04770701,0.0019928992
360.9277,-0.0032155279,0.0471496,0.0039031722
360.94458,-0.0030693675,0.046520676,0.002990639
360.96164,-0.0028107367,0.046116848,0.0021971723
360.97775,-0.0025184161,0.045905754,0.004207316
360.9944,-0.002266695,0.04486831,0.0032176203
361.01086,-0.0015245397,0.044299524,0.0023912974
361.0274,-0.0018014461,0.043623153,0.0042836615
361.04425,-0.0015596827,0.042120405,0.0034085705
361.06085,-0.0015889548,0.040994823,0.0026704306
361.0776,-0.0011318572,0.04066831,0.0044913986
361.09436,-0.00072827126,0.039197784,0.0036630789
361.1109,-0.00015794391,0.037747886,0.0028113755
361.12756,-0.00012798989,0.0367198,0.0045755487
361.1443,0.0005697805,0.03554722,0.00362935
361.16135,0.0013356112,0.03429616,0.0026500227
361.1778,0.001773041,0.032885145,0.0044890936
361.19458,0.0026257245,0.031015242,0.0034060322
361.2112,0.0035310101,0.029272363,0.0023993445
361.22766,0.0042477506,0.02870507,0.0041038264
361.24435,0.005725555,0.026959421,0.0030070734
361.2614,0.0069590625,0.024961222,0.002034239
361.27762,0.007299478,0.024104573,0.0038640962
361.29416,0.008569971,0.022299403,0.0027759704
361.31097,0.010230881,0.02018019,0.0017330358
361.32742,0.011211375,0.019306097,0.0035322637
361.3444,0.012661751,0.017022766,0.0025209899
361.36087,0.013857451,0.01561066,0.0016895435
361.37772,0.014502303,0.014602832,0.0033807047
361.3942,0.015039834,0.013599186,0.005181
361.41095,0.017039437,0.011253622,0.0016205505
361.42758,0.017505895,0.010246504,0.003384327
361.44403,0.018790973,0.008877248,0.0025041248
361.4608,0.019073244,0.008139079,0.004292347
361.47736,0.020321477,0.0067917253,0.003437531
361.4942,0.021228572,0.005684613,0.0026141203
361.51056,0.02144273,0.004870266,0.004464802
361.52737,0.022068804,0.0036241238,0.003593079
361.54468,0.022667516,0.0028556467,0.002864133
361.5612,0.02333358,0.0030040713,0.004811008
361.57742,0.023599526,0.0023291486,0.004006414
361.5941,0.023538861,0.0020306788,0.0031197
361.61087,0.023406047,0.0016653121,0.004879909
361.62762,0.023496954,0.0018107952,0.0041161897
361.64413,0.023617527,0.0023529793,0.0059185787
361.66083,0.02295831,0.003232715,0.00266005
361.67764,0.022842344,0.0036289261,0.0043576118
361.69434,0.022569323,0.0039444435,0.0061156633
361.71094,0.021942535,0.005201744,0.005321234
361.72754,0.02079922,0.0065235095,0.0045184074
361.74408,0.019863805,0.008012604,0.0036996608
361.76093,0.01984754,0.008053428,0.0078026974
361.7775,0.018112428,0.01156147,0.002095222
361.7942,0.01808857,0.011598385,0.0061858855
361.81094,0.01616864,0.013812284,0.0029734953
361.82748,0.015040455,0.015479264,0.002254704
361.84467,0.013796087,0.0161673,0.0039885137
361.86066,0.011540742,0.018263517,0.0034089154
361.8775,0.009494831,0.020429477,0.0027596222
361.89435,0.008509089,0.021700703,0.0044701262
361.91068,0.0059587914,0.024171393,0.0040616896
361.9273,0.0045936704,0.024877522,0.0057066786
361.94388,0.0017684845,0.027599689,0.005345762
361.96057,-0.0012297805,0.030432887,0.0050251377
361.97748,-0.0029377767,0.032555595,0.006804572
361.99423,-0.006289841,0.03546859,0.0065970942
362.01117,-0.00963733,0.038137227,0.006324001
362.02768,-0.011722519,0.03995444,0.008323242
362.0445,-0.015075643,0.043076146,0.00804348
362.06094,-0.01887937,0.046827678,0.007894001
362.07767,-0.021131491,0.04839772,0.009789397
362.09454,-0.024995165,0.05214334,0.009670071
362.11093,-0.02696552,0.053968243,0.011608299
362.1274,-0.030774511,0.057198428,0.011485588
362.1444,-0.034609757,0.060605448,0.011223731
362.16107,-0.037133835,0.062196687,0.01324162
362.1778,-0.04116392,0.065110855,0.012926323
362.1942,-0.04489999,0.068098605,0.01259845
362.21088,-0.048935227,0.07121278,0.0122175
362.2275,-0.05047959,0.0728594,0.013835325
362.24432,-0.05445956,0.075983554,0.013329481
362.26093,-0.058277253,0.07887236,0.0129088545
362.27792,-0.06034267,0.080177486,0.014436239
362.29416,-0.06433946,0.08321168,0.01404359
