time,x,y,z
67.06816,0.047874887,0.05483517,0.032217927
67.08495,0.04750554,0.055963244,0.033414174
67.10124,0.04664193,0.0580207,0.036041074
67.11821,0.04557603,0.0599177,0.038602754
67.13448,0.04488691,0.06104568,0.039795063
67.15088,0.043401435,0.06357345,0.042352226
67.16796,0.042759813,0.06495248,0.04352725
67.18439,0.041158408,0.06763845,0.045964714
67.200905,0.039074935,0.0692315,0.048385978
67.217834,0.038139917,0.07051268,0.049576685
67.2344,0.036216527,0.07245531,0.051896177
67.251686,0.033647355,0.07478236,0.05415284
67.267784,0.032249305,0.07571972,0.055173595
67.28449,0.029720193,0.07745574,0.057162814
67.30098,0.02721013,0.07905499,0.05897682
67.318214,0.025376888,0.0800257,0.059898797
67.33457,0.022483358,0.08176185,0.061582323
67.35088,0.021146193,0.08256984,0.06231672
67.36759,0.018515235,0.08437673,0.06367158
67.3844,0.015369006,0.08615094,0.0650978
67.40137,0.01219247,0.08762545,0.066419885
67.417694,0.010725632,0.088005655,0.06684442
67.434135,0.008026164,0.08864933,0.06761422
67.45127,0.006386053,0.089391395,0.06799561
67.46844,0.0035705084,0.09040578,0.06884673
67.484634,0.0008028915,0.09037838,0.06952013
67.50173,-0.002171412,0.09017398,0.06992411
67.51784,-0.003834739,0.08995723,0.070064016
67.53462,-0.0063774693,0.089720346,0.07040771
67.55141,-0.007955257,0.08958315,0.07047671
67.56786,-0.010524338,0.08857374,0.07044576
67.584656,-0.012641808,0.088125765,0.07041646
67.60161,-0.01454843,0.0874935,0.070217244
67.6181,-0.016701967,0.086448416,0.06986995
67.6346,-0.01891257,0.08531089,0.06924805
67.65174,-0.019010412,0.08531433,0.06924389
67.668274,-0.020757744,0.084300615,0.068726815
67.68467,-0.022423409,0.083171695,0.068016514
67.70157,-0.024077436,0.082121894,0.06706275
67.71783,-0.024869652,0.08076277,0.06592377
67.734764,-0.025987973,0.079418376,0.06457545
67.751335,-0.026618144,0.07919701,0.06397837
67.76811,-0.027268352,0.077633254,0.06265821
67.78517,-0.02771355,0.07595987,0.06136821
67.80123,-0.028024947,0.075196385,0.06057469
67.81796,-0.02843516,0.073512815,0.059276227
67.83453,-0.02847449,0.072964735,0.058629554
67.851395,-0.02802304,0.07095044,0.0571653
67.86801,-0.02765765,0.06892893,0.05588146
67.884514,-0.027179468,0.068076186,0.05522115
67.90115,-0.026382705,0.06612789,0.05403282
67.91792,-0.024898743,0.0639012,0.0527738
67.934395,-0.024600295,0.06291369,0.05217877
67.95115,-0.02311435,0.060790036,0.05112467
67.96802,-0.021544402,0.058764845,0.050178595
67.98482,-0.020908834,0.057942852,0.049697306
68.00179,-0.019138355,0.05597447,0.048759703
68.01771,-0.017043907,0.05416148,0.047921088
68.03506,-0.015874106,0.05318877,0.04753298
68.051216,-0.013499052,0.05206352,0.04691913
68.067696,-0.011271249,0.05086456,0.04630923
68.085335,-0.010034872,0.049912676,0.04604237
68.10108,-0.0075326483,0.04869459,0.045515202
68.11777,-0.0052094,0.047446515,0.045037277
68.134705,-0.0034882154,0.04662306,0.044847317
68.1513,-0.000704017,0.044997483,0.04429698
68.16803,0.0021297482,0.04369416,0.04390914
68.18438,0.003088032,0.04318735,0.043903135
68.20135,0.0058148424,0.04250132,0.043632157
68.21865,0.0088250255,0.041041754,0.043283716
68.23426,0.010614869,0.040767048,0.043224428
68.251205,0.013288279,0.039913055,0.043083828
68.26803,0.015946673,0.03921767,0.04303933
68.2844,0.017238006,0.039204016,0.0430564
68.301056,0.019900389,0.038276825,0.043236446
68.3175,0.021551192,0.038151365,0.04337469
68.3343,0.02432443,0.038022663,0.043822344
68.350685,0.02708395,0.037532385,0.044440314
68.36807,0.02974408,0.037791453,0.0452187
68.38442,0.030582821,0.03797649,0.045628183
68.40098,0.033261374,0.03825915,0.046686627
68.4175,0.034082413,0.03851501,0.047160167
68.43424,0.03604475,0.038921632,0.048221882
68.4509,0.038104184,0.040090412,0.049517814
68.46756,0.039217588,0.040912565,0.050160512
68.48402,0.041098855,0.042183075,0.05165884
68.501015,0.042581413,0.043417875,0.053234443
68.517296,0.04321295,0.043957982,0.05392774
68.533875,0.044474617,0.045425296,0.0555877
68.55092,0.045869034,0.046852995,0.057201847
68.56727,0.04646335,0.047307365,0.057761583
68.5842,0.047385853,0.048635844,0.05920926
68.60113,0.048276942,0.050658267,0.06069956
68.61769,0.048585463,0.051538557,0.06148012
68.6342,0.049205054,0.053379435,0.06304138
68.65102,0.049737718,0.05568655,0.0644039
68.66782,0.04942647,0.056914534,0.06525654
68.6842,0.049934726,0.059207864,0.06660151
68.70105,0.050416887,0.06138995,0.06787146
68.71776,0.049957786,0.06264303,0.06854853
68.7344,0.049581807,0.06547589,0.07000792
68.75111,0.04950838,0.06661931,0.07059257
68.76775,0.049490757,0.06888439,0.07176883
68.78449,0.049612593,0.0711657,0.07274974
68.801216,0.04923647,0.07247735,0.073187515
68.81785,0.049025472,0.07472637,0.07413923
68.834335,0.048924126,0.0766929,0.07483209
68.85126,0.048195355,0.07785483,0.075233355
68.86777,0.047590762,0.080382936,0.07608266
68.88428,0.04652449,0.083529145,0.07736761
68.90113,0.04634764,0.083536014,0.07736024
68.917816,0.04585067,0.08525159,0.07805426
68.93442,0.04500254,0.08751384,0.07888205
68.951065,0.044279475,0.089215256,0.07948279
68.96772,0.044096913,0.08922244,0.07947456
68.9843,0.043010812,0.09225546,0.08053961
69.00101,0.04282688,0.09226271,0.08053098
69.017715,0.042069573,0.09403428,0.08140417
69.03466,0.04138155,0.095519304,0.08231614
69.0513,0.040539548,0.096855946,0.082972445
69.068245,0.039575927,0.09856342,0.0838984
69.084724,0.038672246,0.09975925,0.0847369
69.10142,0.03840464,0.100353114,0.08503723
69.11851,0.036970444,0.1014099,0.08565133
69.13438,0.035893656,0.10247749,0.08632535
69.151306,0.03536063,0.102907196,0.08660834
69.168045,0.034344904,0.10351022,0.08715443
69.184814,0.033135023,0.103787564,0.08746514
69.2012,0.032362927,0.104229234,0.08766491
69.21795,0.031502176,0.1039515,0.0878751
69.234764,0.03038781,0.104063295,0.08808796
69.2513,0.029605038,0.1041965,0.088138804
69.26804,0.028296521,0.10388211,0.08829306
69.284615,0.027654096,0.10358272,0.08831136
69.301216,0.02663201,0.10354264,0.088425815
69.31802,0.025278386,0.103064924,0.088412285
69.334625,0.024872992,0.10251589,0.08847833
69.351295,0.023627741,0.101955906,0.088403754
69.36759,0.022508776,0.102005675,0.08848021
69.38578,0.021598449,0.10189213,0.088556275
69.401344,0.021083971,0.101717986,0.08846417
69.41798,0.020233937,0.10134661,0.08826731
69.43532,0.01985456,0.10106617,0.08807067
69.45204,0.019325923,0.10018233,0.08760054
69.468216,0.018386144,0.09975839,0.08706765
69.48484,0.017869245,0.0989575,0.08691374
69.50116,0.017555851,0.09775172,0.086526416
69.51796,0.017032715,0.09648941,0.08606895
69.53482,0.016933804,0.09603807,0.08588339
69.55147,0.016663175,0.094932474,0.08536138
69.568436,0.016482582,0.09324309,0.08450574
69.58476,0.01632516,0.09225495,0.08412914
69.60301,0.016152844,0.09133628,0.083326526
69.617836,0.016062407,0.09008202,0.08245174
69.63442,0.01582053,0.08941834,0.082070395
69.65094,0.015984017,0.0878524,0.08104537
69.6678,0.01621126,0.086498044,0.07998896
69.684395,0.016258089,0.0859434,0.07954194
69.700874,0.01602337,0.08492057,0.07847449
69.71801,0.016451785,0.08384668,0.077221796
69.7348,0.016666507,0.08330833,0.0766725
69.751305,0.017374702,0.08255123,0.075667456
69.76787,0.017385866,0.0818186,0.07506856
69.784485,0.018032279,0.0804309,0.0740661
69.8012,0.018730577,0.079157695,0.07296083
69.81796,0.018512905,0.07885433,0.07245432
69.83468,0.01929658,0.07793967,0.07146871
69.851364,0.01971122,0.07701906,0.07037076
69.86823,0.020261,0.07638188,0.06975734
69.884796,0.02089318,0.075398125,0.0686547
69.90104,0.021440107,0.0749581,0.067751385
69.91813,0.021424307,0.07435055,0.06728923
69.93427,0.022301452,0.0733344,0.06652164
69.9517,0.022779042,0.07302169,0.065881565
69.96791,0.022369629,0.07308753,0.06553931
69.984535,0.023041582,0.07275024,0.06498731
70.00129,0.023282904,0.07286955,0.06441617
70.017746,0.02305689,0.073043965,0.0640808
70.03425,0.023715325,0.073098965,0.063667275
70.05138,0.024174197,0.07346803,0.0634083
70.06798,0.024236929,0.07344588,0.06291928
70.08444,0.024629572,0.073921025,0.06251081
70.10114,0.024885844,0.07386586,0.062328022
70.11782,0.025332062,0.07362076,0.06196145
70.13446,0.025738329,0.07355062,0.06154315
70.15104,0.025891133,0.073702924,0.06122757
70.16785,0.02568273,0.07353823,0.060976543
70.18437,0.026197435,0.07373589,0.06077557
70.20134,0.026061414,0.07395067,0.06036117
70.217674,0.025652621,0.07430242,0.060165755
70.234375,0.025468659,0.07513074,0.060035437
70.251305,0.025378624,0.07567422,0.059952892
70.26786,0.025051998,0.07577632,0.059806373
70.2845,0.024886748,0.07652112,0.059799235
70.30094,0.02426268,0.07727095,0.059822146
70.318214,0.023930576,0.078792475,0.05987101
70.334236,0.023575557,0.07966573,0.05990625
70.35084,0.023318231,0.07967327,0.059895873
70.36775,0.022732882,0.080536254,0.06022863
70.384056,0.022499904,0.081753016,0.06076408
70.40078,0.021818398,0.08276719,0.06138695
70.417366,0.021545706,0.082775466,0.06137559
70.434,0.020840934,0.083754115,0.06206601
70.45061,0.020013029,0.084741116,0.06278134
70.467285,0.018981757,0.08559017,0.06354277
70.48388,0.01779132,0.086560324,0.06492043
70.50062,0.016873574,0.08669726,0.065425865
70.51728,0.015578514,0.0877191,0.06664177
70.53396,0.014260229,0.08836563,0.06766583
70.55062,0.013491137,0.08850662,0.06834963
70.56717,0.0124934185,0.08891009,0.06935368
70.58417,0.011012026,0.08941591,0.070533805
70.60082,0.010322216,0.08971803,0.071174316
70.61737,0.009331522,0.08995178,0.072433226
70.63508,0.008663419,0.089837976,0.073699676
70.65106,0.007868198,0.09015655,0.074525736
70.66805,0.006944411,0.090340234,0.07590901
70.68438,0.005791407,0.09048811,0.07714741
70.70115,0.004860801,0.09009012,0.07771584
70.71775,0.003837001,0.09050469,0.07871819
70.73483,0.0032242837,0.090433806,0.079222865
70.75119,0.0021927,0.09070956,0.080115795
70.76796,0.0015818255,0.090131864,0.08045755
70.78463,0.0008231645,0.09000197,0.08063273
70.80124,0.00040415765,0.09009869,0.08079234
70.81854,-0.00026083988,0.09026179,0.08068583
70.83448,-0.0008716806,0.09008511,0.08051069
70.85117,-0.0011549067,0.089710094,0.07985082
70.867905,-0.0014533697,0.0896166,0.07911822
70.88458,-0.0016758004,0.089878604,0.07879868
70.90137,-0.0018745359,0.089612834,0.07794066
70.91864,-0.001835364,0.08909264,0.076810665
70.93468,-0.0019183129,0.08918691,0.076371066
70.95162,-0.0016638228,0.08903042,0.07525765
70.96868,-0.001402325,0.08880386,0.07422297
70.98473,-0.0011968974,0.08839719,0.07362723
71.0013,-0.00049892283,0.0882302,0.072292894
71.01811,0.000077557204,0.08785053,0.07096907
71.03445,0.00017488212,0.087211035,0.07028755
71.051384,0.0010548217,0.086505406,0.0687507
71.06813,0.0018969261,0.08563133,0.06715055
71.08473,0.00240833,0.08516608,0.066429116
71.101875,0.0032223575,0.08504007,0.06483762
71.11837,0.0041900924,0.08439674,0.06327254
71.13488,0.004732318,0.083784804,0.062414505
71.15164,0.005697282,0.08345105,0.06077411
71.16806,0.0065123187,0.08296061,0.059167404
71.18476,0.007197299,0.08240455,0.058278225
71.201385,0.008415797,0.08170763,0.05651696
71.21822,0.009208628,0.08086055,0.0548256
71.23477,0.0092609525,0.08078424,0.053990018
71.25182,0.010517762,0.08006397,0.05244837
71.26925,0.0118018435,0.07897485,0.050728086
71.28549,0.0121045085,0.07851428,0.049774636
71.30157,0.013469517,0.077877805,0.04804038
71.31785,0.013973812,0.07777759,0.04714009
71.33445,0.015524289,0.07678357,0.045234654
71.35101,0.016797848,0.07594101,0.043480106
71.36782,0.01708986,0.07568295,0.042529244
71.38558,0.01799913,0.075083666,0.040833745
71.401535,0.019638978,0.07423908,0.038984507
71.41821,0.019904504,0.073838264,0.037952855
71.43453,0.02097507,0.07346527,0.036123343
71.4515,0.0211761,0.07362657,0.0352218
71.46786,0.022473497,0.07269862,0.033370875
71.48451,0.0240232,0.07188058,0.031637423
71.502075,0.025077527,0.07186247,0.03011316
71.51809,0.025377674,0.07151064,0.029364094
71.53459,0.02696019,0.07060334,0.027858805
71.55203,0.02836322,0.06985677,0.026089322
71.56825,0.02896181,0.069639936,0.02538138
71.5847,0.029877445,0.06992757,0.024139555
71.60122,0.03077198,0.06940813,0.022852987
71.617905,0.031260464,0.06885447,0.022189386
71.63486,0.032225795,0.06835732,0.020951038
71.65177,0.032763325,0.068266526,0.019952618
71.66809,0.03292694,0.06804954,0.019503811
71.68456,0.03380795,0.06732318,0.018467408
71.701126,0.034219228,0.06697112,0.018041108
71.717964,0.034436308,0.06725255,0.01747075
71.73474,0.034810457,0.06734695,0.016929176
71.75124,0.03516116,0.066978745,0.0163493
71.76783,0.035406094,0.066482276,0.015726255
71.7846,0.035137232,0.066738136,0.015165565
71.80107,0.034783635,0.066740476,0.015153689
71.81798,0.034813017,0.066689886,0.014623896
71.83437,0.034976605,0.0666895,0.014276111
71.85123,0.034895055,0.06664381,0.014161525
71.867744,0.03510249,0.06643778,0.014096462
71.88463,0.035050195,0.06659802,0.01406306
71.90111,0.034398295,0.066812105,0.0141201485
71.917564,0.034216844,0.06696498,0.014270065
71.934326,0.03409058,0.067155845,0.014480204
71.95111,0.03361889,0.06694658,0.014603995
71.968,0.033568572,0.06680347,0.014874527
71.98442,0.033000495,0.06669978,0.014930809
72.001236,0.033077784,0.06638913,0.0152947875
72.01779,0.032542612,0.066464044,0.015646284
72.03435,0.032010883,0.06627534,0.015937712
72.051285,0.032004636,0.06585792,0.016045986
72.067795,0.031162623,0.06612148,0.016362494
72.084145,0.030366363,0.066193916,0.016616454
72.10101,0.029397203,0.06595911,0.016981956
72.11759,0.028535761,0.06612099,0.017216679
72.13431,0.0278747,0.06628541,0.017472811
72.1508,0.026829321,0.06639737,0.017819593
72.16755,0.025609968,0.06626572,0.018063119
72.18431,0.024839142,0.066017486,0.018253341
72.20133,0.02395308,0.065713644,0.018528897
72.2178,0.023026453,0.06570722,0.019060379
72.23462,0.022677954,0.06553074,0.019264238
72.251305,0.021591352,0.06537166,0.019661432
72.26799,0.020128364,0.06554774,0.01996601
72.28447,0.01976435,0.06537494,0.02023518
72.30125,0.018545138,0.066009186,0.020643922
72.31793,0.017674271,0.065656014,0.021108907
72.33452,0.016751705,0.06567299,0.021418853
72.351494,0.015595537,0.06599286,0.02194405
72.36828,0.014767402,0.0662583,0.022359893
72.3847,0.013928086,0.06636686,0.022518024
72.40116,0.013193467,0.06604213,0.022799479
72.4185,0.012319025,0.06604154,0.023015983
72.43437,0.011868418,0.065995626,0.023068279
72.45213,0.011073002,0.06603739,0.023357132
72.46746,0.010595584,0.06602554,0.023420995
72.48479,0.009714196,0.06621954,0.023415614
72.50147,0.0088686785,0.06636873,0.023455815
72.51833,0.00837251,0.06654819,0.023331366
72.534904,0.007745757,0.0667101,0.023182277
72.55114,0.0071317167,0.06708383,0.023076497
72.56795,0.006707024,0.06761496,0.023045903
72.58466,0.0063925376,0.06809856,0.023244826
72.601364,0.006632103,0.068092525,0.023409752
72.61786,0.006472282,0.06839307,0.02342687
72.63469,0.0060289796,0.06911693,0.023804374
72.65168,0.0061203176,0.069336794,0.024067778
72.66808,0.005539365,0.06913004,0.024089321
72.68469,0.005320241,0.06903005,0.024085665
72.70147,0.005344173,0.06916806,0.024038773
72.71801,0.0048401826,0.06918994,0.023901625
72.73476,0.00493251,0.06845094,0.023603903
72.751305,0.0051336614,0.06757106,0.023095375
72.76813,0.0052291066,0.0673826,0.022826258
72.78448,0.0047559263,0.06716047,0.02245312
72.802124,0.004805071,0.06611969,0.021697963
72.81796,0.00513791,0.0651026,0.021285828
72.834595,0.0053977114,0.064501196,0.020509435
72.85134,0.005437319,0.06335377,0.019905115
72.867874,0.005239446,0.062671214,0.019660257
72.88436,0.005330571,0.061358884,0.018858798
72.90191,0.005625338,0.060176544,0.01821707
72.918495,0.005519829,0.059838828,0.018003257
72.93479,0.005286499,0.058944043,0.017420301
72.95254,0.0051585417,0.057271466,0.016710548
72.96829,0.0050371992,0.056859277,0.01637873
72.984764,0.0049529923,0.056255016,0.016060531
73.00105,0.0049674977,0.055663284,0.015514882
73.0181,0.0047694976,0.054569636,0.014752021
73.034775,0.004546169,0.05341327,0.01402753
73.051605,0.004775334,0.052419897,0.013396991
73.06823,0.0043686945,0.052045964,0.013033339
73.08475,0.004205079,0.0512893,0.01253332
73.10176,0.0042652013,0.051206723,0.012214749
73.11865,0.004484589,0.050439984,0.011760641
73.13447,0.0046573533,0.05022673,0.011537915
73.15186,0.004684807,0.05014021,0.011374323
73.16796,0.0045680134,0.04972422,0.011136196
73.185104,0.004158337,0.049726177,0.011125934
73.2015,0.0042382586,0.04965717,0.010927205
73.21795,0.0041513215,0.049347978,0.010789295
73.23436,0.004044045,0.048941635,0.0106210625
73.25125,0.0040541175,0.04883357,0.010347653
73.2679,0.0042158323,0.048893373,0.0102775
73.284805,0.0043715755,0.04889989,0.010244208
73.30144,0.0040094075,0.048602607,0.010236389
73.31811,0.0038078306,0.048524994,0.010227008
73.33456,0.0038929458,0.04859479,0.010402994
73.35135,0.003855493,0.048663203,0.010410398
73.36797,0.003967271,0.049063925,0.010654864
73.38457,0.0038863507,0.049235366,0.01068624
73.401184,0.0040781964,0.04893007,0.010973714
73.41734,0.0041913027,0.04962289,0.011299618
73.43479,0.0042071855,0.04994551,0.011549989
73.45131,0.0039731683,0.05003397,0.011714333
73.46787,0.004221115,0.049670383,0.011825262
73.484886,0.0042868867,0.0494719,0.01188893
73.50126,0.0045368914,0.049521253,0.01211749
73.517715,0.0045394814,0.049593452,0.012235965
73.53442,0.0047400845,0.049342323,0.012354791
73.551216,0.004946436,0.04945593,0.012457033
73.568306,0.005227602,0.04909184,0.012407973
73.58467,0.005474121,0.049051125,0.012520841
73.601074,0.0055194963,0.049256332,0.012530862
73.618484,0.005992733,0.049348187,0.012559887
73.63455,0.005849931,0.049532823,0.012539863
73.65167,0.0062143346,0.049827643,0.012435693
73.66792,0.0068179136,0.04962159,0.012420295
73.68448,0.006636525,0.050373692,0.012334456
73.70121,0.0074171177,0.05010287,0.012300575
73.71769,0.0081909625,0.05041449,0.012237947
73.73441,0.00825532,0.050651502,0.012159088
73.75134,0.009263928,0.050514057,0.012134542
73.76823,0.010111135,0.050772715,0.011943967
73.7846,0.010312701,0.05059791,0.011962598
73.801025,0.011129524,0.050682437,0.011852512
73.81872,0.011924418,0.051255174,0.011852303
73.83484,0.012554284,0.05136906,0.011844242
73.850975,0.013244776,0.051865168,0.01179795
73.86774,0.013480571,0.051849328,0.011855282
73.884514,0.014665488,0.052429326,0.011885702
73.901085,0.015588311,0.05246002,0.0118034845
73.91779,0.015752478,0.05263786,0.011897106
73.9345,0.01636293,0.053015646,0.011837905
73.951355,0.017386341,0.05264215,0.011780739
73.9682,0.01778672,0.052553963,0.011792504
73.98436,0.01850467,0.052446928,0.011752011
74.00149,0.019205954,0.05250777,0.011788827
74.01818,0.019157734,0.052594274,0.011768392
74.034355,0.020040272,0.05221166,0.011717321
74.05123,0.021014668,0.051983025,0.011641146
74.06778,0.021285174,0.0520848,0.011646337
74.08441,0.021978082,0.051323026,0.011664553
74.10111,0.02263157,0.050727636,0.011579599
74.11781,0.022660466,0.050645895,0.011591291
74.13448,0.023292517,0.05085707,0.0115461135
74.15122,0.023699047,0.050835162,0.011504868
74.167946,0.023367202,0.05037684,0.011467183
74.18463,0.023927854,0.05022888,0.011324901
74.2012,0.024392411,0.05073319,0.011180767
74.21838,0.024289602,0.050787296,0.011246871
74.23475,0.024123924,0.05061441,0.011111821
74.251175,0.02485958,0.050252493,0.010800085
74.26747,0.024956362,0.050370023,0.0107561555
74.28462,0.025382608,0.050860014,0.010622315
74.30127,0.025585348,0.051052477,0.010554698
74.31813,0.025208574,0.05107309,0.010433519
74.33438,0.025547778,0.05108836,0.010206762
74.351746,0.026284289,0.05165419,0.0102255335
74.36858,0.026152711,0.05191176,0.010115272
74.384636,0.026515558,0.051770303,0.010006331
74.401474,0.026380094,0.051900227,0.0098533165
74.41802,0.026806565,0.05207189,0.00956266
74.43449,0.027423909,0.05247574,0.009489129
74.45185,0.026931738,0.052684437,0.009365033
74.468445,0.027719103,0.05246237,0.009251168
74.48498,0.028087309,0.052740283,0.009093004
74.50187,0.028399592,0.053496458,0.008968592
74.518005,0.028653357,0.053931244,0.008834285
74.53516,0.029141156,0.053675305,0.00876385
74.55147,0.028638672,0.05367716,0.008750307
74.56808,0.028881866,0.054058604,0.008599492
74.58447,0.02913325,0.054659154,0.008355919
74.601746,0.029440362,0.054356,0.008039981
74.618126,0.030061776,0.053996533,0.007812144
74.63494,0.030241828,0.05402835,0.007617717
74.65168,0.03068626,0.053949885,0.007497917
74.66829,0.030963618,0.054194015,0.007403017
74.68484,0.031263083,0.05415848,0.0071580475
74.701515,0.03129516,0.05395725,0.007143063
74.71907,0.031485338,0.054525726,0.0069165854
74.73485,0.031548087,0.054572698,0.0066436427
74.751785,0.031448334,0.054221,0.006547902
74.76853,0.03155815,0.054043595,0.006124753
74.78469,0.031490397,0.05384126,0.0057987804
74.801926,0.031439047,0.05363793,0.0055766725
74.818146,0.031112859,0.05341275,0.0051048473
74.83514,0.030512135,0.05317372,0.004746998
74.85167,0.030056508,0.05319147,0.0045402246
74.86803,0.029975444,0.053099543,0.004093096
74.88478,0.029517386,0.05293712,0.004002635
74.901566,0.02898008,0.053178582,0.0038501583
74.917725,0.02867894,0.052727066,0.0037083023
74.93479,0.027872207,0.053043056,0.0036215307
74.951515,0.026976464,0.05316679,0.0035756668
74.96784,0.02661705,0.053023756,0.0034818721
74.98464,0.025805602,0.05292382,0.0033408122
75.00088,0.024992151,0.05280937,0.0031740821
75.01801,0.024311008,0.053453166,0.0030238528
75.03443,0.023445679,0.05385093,0.002899052
75.05181,0.022624133,0.053460553,0.0027130917
75.06921,0.02155073,0.0538763,0.0024716083
75.08462,0.021014329,0.05388964,0.0023084383
75.10126,0.019818837,0.054245006,0.0021128657
75.11847,0.018344978,0.05489012,0.00180899
75.134735,0.017825877,0.054787707,0.0017417994
75.15127,0.016750606,0.054922786,0.0014201263
75.168434,0.01525421,0.05582219,0.0011305073
75.18436,0.01388915,0.05586055,0.0011012432
75.20105,0.012645831,0.055990666,0.0007556128
75.217995,0.01105564,0.056202624,0.00039099433
75.23441,0.010043804,0.056609016,0.00025559217
75.25094,0.0083836755,0.057056803,-0.00015060217
75.26761,0.0070402934,0.057459224,-0.0005314209
75.28436,0.006151727,0.05760601,-0.0007986942
75.30089,0.0046284744,0.057850085,-0.0013896459
75.317474,0.003813224,0.058129054,-0.0016078558
75.33419,0.0022598468,0.05919799,-0.0021048822
75.35086,0.00094186125,0.05983042,-0.0026062252
75.367744,-0.00027469988,0.0602954,-0.0028790939
75.38442,-0.0013478111,0.06104955,-0.0035118656
75.40083,-0.0024487984,0.062094036,-0.0040402063
75.4178,-0.0036638558,0.06284403,-0.004411272
75.43456,-0.0049858973,0.06400275,-0.004945109
75.451256,-0.0057953955,0.0648829,-0.005465451
75.46764,-0.006328915,0.0656024,-0.0058480734
75.48427,-0.0075583584,0.06701661,-0.006202807
75.501045,-0.0089629125,0.06821721,-0.0065963273
75.517914,-0.009745335,0.06840226,-0.006941852
75.53447,-0.010854256,0.069161534,-0.0075102425
75.55112,-0.012300344,0.07016672,-0.00815951
75.5678,-0.0129377525,0.07008146,-0.008401794
75.584625,-0.013930473,0.07027951,-0.0089497
75.60113,-0.014742241,0.07045919,-0.009625611
75.617805,-0.015306258,0.07059549,-0.009803063
75.634636,-0.016233182,0.071150444,-0.01035984
75.651146,-0.016792182,0.0710856,-0.010927457
75.66881,-0.01760326,0.07129181,-0.011241188
75.68452,-0.01822672,0.07127726,-0.011865873
75.7011,-0.018677106,0.07129792,-0.012397032
75.71819,-0.019274425,0.07130289,-0.012811954
75.73469,-0.019880481,0.070478275,-0.013596254
75.751526,-0.02019234,0.07003862,-0.014411048
75.767944,-0.020829296,0.070145644,-0.014802248
75.78447,-0.021195387,0.07021469,-0.015521116
75.800995,-0.021199487,0.06971295,-0.01605173
75.81782,-0.021114161,0.068538815,-0.016960934
75.83454,-0.021062126,0.06823524,-0.017821949
75.85081,-0.021560723,0.06806205,-0.018135438
75.86766,-0.020941064,0.066950925,-0.0192144
75.88504,-0.021002637,0.06585148,-0.019971378
75.90113,-0.021567972,0.065846145,-0.019990092
75.918465,-0.0213702,0.065675,-0.020694626
75.93527,-0.020914195,0.06515204,-0.021175254
75.95144,-0.020088209,0.064117834,-0.021677956
75.967865,-0.01942648,0.063477516,-0.022343922
75.98576,-0.019963803,0.063471735,-0.022361064
76.00126,-0.019337505,0.06284866,-0.022893943
76.01829,-0.01846051,0.061937373,-0.023190344
76.03473,-0.017097075,0.05998777,-0.023992062
76.051315,-0.01683588,0.05957296,-0.024307247
76.06796,-0.016007124,0.058556475,-0.024629889
76.08462,-0.015506703,0.05734349,-0.025043817
76.10142,-0.015238143,0.056605235,-0.025337363
76.11798,-0.0145434765,0.055464316,-0.025555704
76.13518,-0.013919921,0.054770496,-0.02584196
76.15131,-0.013729367,0.054259133,-0.025854267
76.16805,-0.012881117,0.05343596,-0.026118377
76.184784,-0.011967846,0.052089863,-0.02637782
76.20176,-0.012242603,0.05151755,-0.026370995
76.21819,-0.011455509,0.05052687,-0.026555566
76.23482,-0.011288186,0.04994277,-0.026504518
76.251564,-0.010813292,0.04850687,-0.026642172
76.26831,-0.010814145,0.04744049,-0.02656747
76.28472,-0.010007796,0.046068065,-0.026692642
76.30154,-0.009241235,0.044920854,-0.02642897
76.31867,-0.008673221,0.043611433,-0.026144888
76.33469,-0.008737661,0.042689297,-0.02613828
76.35116,-0.00814767,0.04088835,-0.025868714
76.36806,-0.008062739,0.039905336,-0.02564706
76.38513,-0.007586759,0.03837212,-0.025321312
76.40227,-0.0077878493,0.037352942,-0.025226055
76.41843,-0.007247742,0.035587475,-0.024890434
76.43521,-0.0066179093,0.033937745,-0.024226652
76.45149,-0.0066706645,0.033699103,-0.023952
76.46819,-0.006244081,0.03195336,-0.023010435
76.484634,-0.006073098,0.03141774,-0.022653768
76.501396,-0.005487595,0.029967347,-0.02159916
76.51822,-0.005331274,0.02954192,-0.020430887
76.53528,-0.005437143,0.029177776,-0.019625958
76.55142,-0.0054764813,0.028070498,-0.018311953
76.568405,-0.0053790747,0.027103148,-0.016932715
76.584366,-0.005604818,0.02668946,-0.01607226
76.601326,-0.00568657,0.025905658,-0.014465913
76.61828,-0.005498929,0.02486164,-0.012730591
76.63492,-0.005933977,0.024555307,-0.011975662
76.65143,-0.0060281865,0.023747131,-0.010064259
76.66828,-0.0063090823,0.023155332,-0.008101746
76.68471,-0.0062021236,0.022839094,-0.007131334
76.70124,-0.0065426184,0.022073891,-0.005151914
76.71827,-0.0064539625,0.021957759,-0.0030750749
76.73461,-0.0070791612,0.021380529,-0.0019288332
76.75148,-0.0069309757,0.020795556,0.000042191852
76.768,-0.006996306,0.019919205,0.0018497026
76.78467,-0.0073982165,0.019998524,0.0025643827
76.80144,-0.007467234,0.019246032,0.003879064
76.81824,-0.0077252546,0.019219728,0.0043142573
76.834816,-0.0076549323,0.018253624,0.0050707585
76.85153,-0.008152054,0.018074347,0.0055976273
76.8681,-0.008268096,0.018125154,0.0058865915
76.885216,-0.008410879,0.017967552,0.006054112
76.90123,-0.008572418,0.017688924,0.0059283143
76.91805,-0.009030531,0.01814886,0.0059368866
76.93454,-0.009115104,0.018652167,0.005725808
76.95132,-0.00937385,0.018744037,0.005554324
76.96785,-0.009337521,0.018819872,0.005070395
76.984726,-0.009371064,0.01880199,0.004421569
77.00152,-0.0093346,0.018980248,0.0035664772
77.018166,-0.009344155,0.018854214,0.0031162698
77.034645,-0.009457585,0.018569764,0.0019836165
77.05164,-0.008920996,0.018271493,0.00078258663
77.06792,-0.009229891,0.018386573,0.00012973975
77.084564,-0.00880942,0.018331343,-0.0011456611
77.10149,-0.008368141,0.017648425,-0.0026517129
77.1178,-0.008211111,0.017329069,-0.0034590128
77.13468,-0.007780035,0.017493067,-0.0051416717
77.15127,-0.0072741224,0.017310185,-0.006774981
77.16781,-0.007047407,0.016946312,-0.00767429
77.1847,-0.0060564093,0.016123824,-0.009526708
77.20108,-0.006210033,0.01594976,-0.010445213
77.2179,-0.004956552,0.015679741,-0.01219517
77.23467,-0.0040625217,0.015348284,-0.014029541
77.25129,-0.0036548818,0.014966168,-0.014969656
77.26789,-0.0025140373,0.01444752,-0.01687806
77.28433,-0.0011176298,0.014397941,-0.018744191
77.30124,0.0005477667,0.014097855,-0.020495277
77.31776,0.0019010849,0.013233422,-0.022462705
77.33453,0.0013174007,0.013226722,-0.02246632
77.351105,0.0031549248,0.01310189,-0.024335966
77.36775,0.0047189947,0.012727653,-0.02603069
77.384346,0.0060270503,0.012605625,-0.02779129
77.40103,0.007795735,0.011862532,-0.029525138
77.41785,0.00957805,0.011676372,-0.031185498
77.43504,0.010964545,0.011678471,-0.03280545
77.451225,0.011304054,0.011319782,-0.033563904
77.46772,0.012968003,0.011133963,-0.03506689
77.48462,0.013335684,0.010983556,-0.035723064
77.501335,0.014962415,0.010848621,-0.037078284
77.51838,0.016144622,0.010871781,-0.038183965
77.5346,0.017493747,0.010328475,-0.03936091
77.551575,0.01791439,0.009925031,-0.039883718
77.56791,0.018930513,0.010133616,-0.040861025
77.58483,0.020162797,0.010192554,-0.041541822
77.60137,0.020616427,0.010280858,-0.041960485
77.61804,0.021870058,0.009377674,-0.042626448
77.63465,0.022528652,0.009419125,-0.043211944
77.65108,0.02234845,0.008960892,-0.04345325
77.66776,0.022711681,0.008944523,-0.043856587
77.685005,0.022777874,0.008545938,-0.0440434
77.70162,0.023199275,0.007864252,-0.044502523
77.71758,0.023538334,0.0075933794,-0.04473837
77.734886,0.023646409,0.0077517233,-0.04478783
77.75091,0.023833832,0.0072268546,-0.04485645
77.767944,0.023245007,0.0069643753,-0.044935912
77.78433,0.023382736,0.0068384307,-0.04487292
77.80103,0.023036316,0.007300339,-0.04477124
77.81808,0.022837225,0.0074555217,-0.044658717
77.83488,0.022337154,0.007348366,-0.044582233
77.85099,0.021924313,0.007338175,-0.044388752
77.86799,0.021365244,0.007771012,-0.044042747
77.88448,0.02080145,0.007951282,-0.04390588
77.901184,0.020150954,0.007900973,-0.04356647
77.91832,0.019214613,0.0077864286,-0.04334704
77.93505,0.018709917,0.0077324924,-0.0431111
77.95135,0.017805714,0.00816319,-0.04277088
77.96846,0.017198395,0.008236197,-0.042391144
77.98473,0.01625532,0.008193026,-0.042252783
78.0014,0.015443474,0.008418319,-0.041757304
78.01808,0.014512677,0.009073858,-0.041195378
78.03537,0.0139247915,0.009187478,-0.04095906
78.05162,0.012736343,0.009367464,-0.04047286
78.06877,0.01166658,0.009294708,-0.040251814
78.08508,0.010152448,0.009803861,-0.039734665
78.101,0.00870894,0.010012922,-0.03920438
78.11832,0.0072835097,0.009735413,-0.03858456
78.1355,0.0064106327,0.00969641,-0.038370922
78.15151,0.005193023,0.009806053,-0.03777798
78.1678,0.0039665815,0.009926367,-0.03751392
78.18473,0.0026907362,0.009800189,-0.036919165
78.20148,0.0015492715,0.009791324,-0.036642805
78.21796,-0.00009643057,0.00971397,-0.03603017
78.23507,-0.0015179763,0.010072876,-0.035315283
78.251396,-0.0028285733,0.00998776,-0.03452993
78.26822,-0.0040182187,0.010014276,-0.03422563
78.28473,-0.005614973,0.009668555,-0.0335743
78.30172,-0.007032078,0.009893639,-0.032946087
78.31855,-0.0076906397,0.009625555,-0.03255473
78.33496,-0.009413526,0.009491399,-0.03199783
78.35181,-0.010565845,0.008925573,-0.031360947
78.36823,-0.011327781,0.008816083,-0.031104067
78.38483,-0.012412703,0.008597084,-0.030435042
78.40233,-0.013667955,0.008442057,-0.029906215
78.41806,-0.0145027675,0.00798157,-0.029608231
78.43466,-0.015517659,0.0078388825,-0.029130723
78.45122,-0.016560348,0.007938004,-0.028483754
78.46825,-0.017276874,0.007786144,-0.028229067
78.4848,-0.017766472,0.0071016713,-0.027662415
78.50158,-0.018717611,0.0065839346,-0.027195277
78.51826,-0.019257374,0.0062413956,-0.02686174
78.53459,-0.019943185,0.0058860527,-0.026422422
78.55126,-0.020275092,0.005479224,-0.025894335
78.56815,-0.02071509,0.0053486256,-0.025670148
78.58476,-0.02061389,0.0047152224,-0.025164012
78.60146,-0.021076579,0.0040248134,-0.024706936
78.61851,-0.021525528,0.0035702782,-0.024431163
78.635376,-0.021121332,0.0026490716,-0.023782412
78.65155,-0.021750266,0.0026415894,-0.023783224
78.66787,-0.02145209,0.0022434082,-0.02328485
78.68477,-0.020679433,0.0016250894,-0.022735078
78.70142,-0.020339996,0.0006849483,-0.02233397
78.71813,-0.019339303,0.000107913285,-0.021934092
78.734856,-0.019963846,0.000101063946,-0.021934152
78.751854,-0.019236872,-0.0006397588,-0.021521658
78.76811,-0.018124934,-0.0012478338,-0.021145415
78.78444,-0.017134603,-0.0021251217,-0.02076091
78.8012,-0.016289556,-0.0026243257,-0.020476213
78.81786,-0.014970873,-0.0034650571,-0.02008309
78.834526,-0.013915678,-0.0043431367,-0.019818421
78.8517,-0.013505021,-0.0044887294,-0.01958483
78.86763,-0.012373491,-0.004997137,-0.019274596
78.88443,-0.010868844,-0.005549021,-0.018859979
78.90133,-0.010736677,-0.0059532598,-0.018743992
78.91835,-0.009065402,-0.006656956,-0.0183869
78.935814,-0.007929208,-0.0068348115,-0.018058736
78.95125,-0.0076752673,-0.0071262727,-0.017837709
78.967995,-0.0060838326,-0.007911428,-0.017605959
78.984344,-0.0053507397,-0.008450539,-0.017469438
79.0011,-0.0041699773,-0.008771966,-0.017260877
79.01765,-0.0026866288,-0.009347967,-0.01697179
79.03435,-0.0022581092,-0.009659334,-0.016835138
79.0511,-0.0007352734,-0.010716497,-0.016676327
79.06803,0.00046863517,-0.010965741,-0.016485995
79.08465,0.00041680725,-0.011233865,-0.016386317
79.10129,0.0020655945,-0.011671419,-0.016041795
79.11787,0.003807232,-0.0124749495,-0.015872579
79.13449,0.004085943,-0.012816127,-0.015735947
79.15107,0.005512171,-0.012764947,-0.015610633
79.16765,0.0070383525,-0.0124175865,-0.01540849
79.184296,0.0074691186,-0.01240416,-0.015385996
79.20108,0.00885887,-0.012751066,-0.015219708
79.217735,0.009047995,-0.012478683,-0.015208449
79.2341,0.010167199,-0.0119911255,-0.014967186
79.25108,0.011552623,-0.011762793,-0.014972575
79.26758,0.011787747,-0.011953424,-0.014914565
79.28418,0.012698042,-0.011239724,-0.014990916
79.30074,0.013896223,-0.011018521,-0.014984916
79.31764,0.014108873,-0.010762517,-0.01505347
79.33421,0.014998808,-0.010578677,-0.0151010845
79.350845,0.015602485,-0.010118624,-0.015271187
79.36743,0.01572948,-0.009790964,-0.015296668
79.38433,0.016358083,-0.00887461,-0.015450427
79.40105,0.016752154,-0.008722382,-0.015604705
79.417656,0.016590653,-0.008469346,-0.015730908
79.43447,0.016803877,-0.0073133227,-0.0159676
79.4512,0.016769554,-0.0065371864,-0.016170984
79.46778,0.01647542,-0.0063717584,-0.016264735
79.484505,0.016600333,-0.005856161,-0.01637624
79.50099,0.016826693,-0.0054068123,-0.016695792
79.51798,0.01623717,-0.005005013,-0.01677564
79.53474,0.015861928,-0.004250397,-0.01710555
79.5514,0.01596446,-0.003479248,-0.017325407
79.56863,0.015700398,-0.002919422,-0.0175199
79.58478,0.015269401,-0.0022382154,-0.017669275
79.60156,0.014901045,-0.0014496146,-0.017948212
79.61815,0.014358981,-0.0011696814,-0.018016158
79.63451,0.013335842,-0.000061084975,-0.018208858
79.65136,0.01297573,0.00011436826,-0.018298272
79.66811,0.011892434,0.000083048806,-0.018448155
79.68481,0.01110091,0.0003918961,-0.018612541
79.70182,0.010224363,0.0005269501,-0.018935347
79.71785,0.009499943,0.0005047259,-0.01903115
79.73459,0.008546096,0.00072875526,-0.019339666
79.751114,0.007620305,0.0007038772,-0.019607568
79.76876,0.0061874976,0.00084248744,-0.019804614
79.784935,0.005212753,0.0006601981,-0.020162962
79.80165,0.004195949,0.00022579821,-0.020504635
79.81852,0.003089273,-0.00006880662,-0.020859538
79.83477,0.0020811062,-0.00035012473,-0.021291353
79.85147,0.0014553978,-0.0003567909,-0.021291519
79.86824,0.00046692663,-0.0010126845,-0.021671234
79.88475,-0.0006941072,-0.0014285304,-0.022189116
79.90156,-0.0016600373,-0.0022413158,-0.022556178
79.918175,-0.0026635192,-0.0030165117,-0.023027493
79.93529,-0.0038676087,-0.004203779,-0.02347932
79.95143,-0.0045278617,-0.0042115324,-0.023477945
79.96867,-0.0054145684,-0.004758026,-0.023982247
79.98555,-0.0071732667,-0.006540796,-0.02472219
80.00166,-0.007371713,-0.0069456715,-0.024953634
80.01843,-0.008582938,-0.008156286,-0.025481598
80.035736,-0.009994034,-0.008997874,-0.02597661
80.05237,-0.010452102,-0.009650821,-0.02620937
80.06845,-0.011354762,-0.011063109,-0.02680459
80.086296,-0.012075361,-0.012213969,-0.027375799
80.10177,-0.013328874,-0.012809295,-0.027680235
80.11821,-0.014008172,-0.014437704,-0.028314173
80.13488,-0.0145155415,-0.014890151,-0.028693853
80.15131,-0.015210619,-0.016174475,-0.02944816
80.16775,-0.015826212,-0.017258408,-0.030210868
80.18468,-0.01667674,-0.018208072,-0.03100667
80.20121,-0.01687048,-0.018998833,-0.031388614
80.218185,-0.017373098,-0.01998801,-0.03222129
80.23484,-0.017791264,-0.02100007,-0.032968123
80.25139,-0.01834888,-0.021668524,-0.033336855
80.26832,-0.018695028,-0.02263548,-0.034154493
80.284935,-0.01894768,-0.023228576,-0.03450841
80.30161,-0.01887073,-0.023593914,-0.035286028
80.318,-0.018917032,-0.02456034,-0.035955496
80.33494,-0.019701505,-0.025025794,-0.036336195
80.3513,-0.019652016,-0.025732372,-0.0369893
80.368484,-0.019599626,-0.026387708,-0.03765113
80.38501,-0.019555105,-0.026641551,-0.037973136
80.40144,-0.019309487,-0.027687881,-0.03860457
80.41876,-0.019134436,-0.028559051,-0.039210394
80.43509,-0.01943832,-0.029007262,-0.03943425
80.45149,-0.018589165,-0.029635549,-0.039839
80.46837,-0.01878389,-0.030001992,-0.04006283
80.4847,-0.018609595,-0.030907338,-0.04036344
80.5017,-0.017844435,-0.031451494,-0.040656235
80.517815,-0.01674282,-0.032735992,-0.040774807
80.534744,-0.017057667,-0.032781016,-0.040849246
80.55138,-0.016235923,-0.033198666,-0.04081274
80.56817,-0.015405163,-0.033324026,-0.040712174
80.58468,-0.014399251,-0.033756636,-0.040437236
80.601234,-0.013321406,-0.033959325,-0.039977923
80.61808,-0.013158985,-0.034313314,-0.03968644
80.63472,-0.011886582,-0.034280255,-0.039040335
80.65218,-0.010374764,-0.034182988,-0.038182173
80.66785,-0.009146081,-0.034653913,-0.037267946
80.68468,-0.009396573,-0.035172798,-0.03671006
80.7017,-0.007743072,-0.034834392,-0.035567764
80.718285,-0.006449798,-0.03462577,-0.034245994
80.734665,-0.0065309545,-0.034978304,-0.033562478
80.75173,-0.005858049,-0.035343193,-0.0321374
80.76766,-0.0053075873,-0.035146285,-0.03137175
80.78464,-0.0044379695,-0.035010137,-0.02969802
80.80102,-0.00364425,-0.035137545,-0.028028293
80.817795,-0.0038603388,-0.035235945,-0.027183529
80.83461,-0.002998215,-0.035237774,-0.025533127
80.851295,-0.0022480297,-0.03484548,-0.02389679
80.867874,-0.0017289664,-0.034852713,-0.02305676
80.8845,-0.0015482298,-0.034973375,-0.021565022
80.90133,-0.0014045327,-0.035029642,-0.020190682
80.91784,-0.0014213944,-0.034715045,-0.019501707
80.934555,-0.00080287864,-0.034438465,-0.018211905
80.95145,-0.0002630328,-0.034345187,-0.01693821
80.96762,-0.0009981828,-0.034596227,-0.016352091
80.98429,-0.00072337524,-0.034330886,-0.01519904
81.00092,-0.00053544954,-0.034014575,-0.014088994
81.01753,-0.0010155382,-0.034123115,-0.013590881
81.03427,-0.0010410149,-0.034494054,-0.012609372
81.05098,-0.0010787437,-0.03432564,-0.011605686
81.06804,-0.00090212363,-0.034045227,-0.011124848
81.084694,-0.0013642426,-0.034412865,-0.010220499
81.101585,-0.0017384172,-0.034743074,-0.009379523
81.11778,-0.0020320208,-0.034745056,-0.008954119
81.13442,-0.002790031,-0.034869604,-0.008581925
81.151115,-0.002880892,-0.034734994,-0.0074686855
81.167816,-0.0034180025,-0.035125196,-0.0071343756
81.18449,-0.0040292684,-0.035531472,-0.0064964737
81.20117,-0.0043081227,-0.035415724,-0.0062221065
81.218155,-0.0047041653,-0.03514818,-0.005727262
81.23522,-0.005348284,-0.03536798,-0.005292686
81.25143,-0.0058711865,-0.035459574,-0.0051149246
81.2679,-0.0060022366,-0.035348307,-0.0048046606
81.28457,-0.0061893146,-0.03531022,-0.0045347987
81.30142,-0.0065080235,-0.035062462,-0.0043674107
81.31792,-0.006745941,-0.03544862,-0.0042321943
81.33454,-0.006802063,-0.0355423,-0.0041426257
81.35149,-0.007453966,-0.035543613,-0.004131035
81.36807,-0.007335324,-0.035512827,-0.0040723896
81.385124,-0.007579947,-0.035656545,-0.004064946
81.40155,-0.00774479,-0.035483412,-0.004126221
81.41804,-0.00766279,-0.035514582,-0.004150491
81.43481,-0.007781018,-0.035756204,-0.004258218
81.45172,-0.008505645,-0.035928093,-0.0043341396
81.46767,-0.008291585,-0.0357883,-0.004478854
81.48478,-0.008071041,-0.035889525,-0.0046634763
81.50208,-0.007881297,-0.035930168,-0.0047871815
81.518166,-0.007874013,-0.03656733,-0.0050119017
81.53524,-0.0076550976,-0.03691282,-0.0052951076
81.55159,-0.008119936,-0.037130397,-0.005424435
81.56833,-0.008348056,-0.03750965,-0.0056089344
81.5848,-0.007875709,-0.038543656,-0.0061465167
81.60117,-0.008223,-0.03873656,-0.0063421787
81.61813,-0.008281179,-0.03949047,-0.0067594144
81.63535,-0.008434662,-0.040608574,-0.007194739
81.65197,-0.008331621,-0.040634993,-0.007424365
81.66831,-0.008470004,-0.041552726,-0.0078756455
81.68524,-0.008707483,-0.042499777,-0.008408246
81.70167,-0.009125944,-0.042944588,-0.008671173
81.71891,-0.009022611,-0.04359361,-0.009216917
81.73555,-0.0090471925,-0.044055622,-0.009475588
81.75149,-0.009402264,-0.044844113,-0.010092026
81.76819,-0.009209692,-0.045538153,-0.010764598
81.784836,-0.00938156,-0.045862198,-0.011073447
81.80178,-0.009404899,-0.0465475,-0.0117974365
81.81849,-0.009174225,-0.04760269,-0.012562078
81.8351,-0.009952454,-0.048065994,-0.012985296
81.85154,-0.0095536085,-0.048544075,-0.013818313
81.86813,-0.009308224,-0.048981264,-0.014709294
81.88466,-0.009733368,-0.049386255,-0.015193841
81.90152,-0.009431719,-0.050387997,-0.016130263
81.91814,-0.008976969,-0.05076095,-0.017081592
81.93528,-0.009334543,-0.05082275,-0.017584838
81.95103,-0.009097199,-0.05124868,-0.018557897
81.96834,-0.00898342,-0.05213393,-0.019612715
81.98458,-0.008410655,-0.052170493,-0.020093132
82.00137,-0.008138575,-0.052166283,-0.021090131
82.01817,-0.008090585,-0.05272416,-0.022098918
82.03478,-0.008365946,-0.053219013,-0.022576936
82.051674,-0.008013532,-0.05339176,-0.023609096
82.067894,-0.0076893247,-0.053133577,-0.024681412
82.085655,-0.008068478,-0.053049006,-0.02519772
82.10147,-0.008240839,-0.053628113,-0.02621864
82.118454,-0.0077611324,-0.053283144,-0.027163193
82.13504,-0.008344437,-0.053039312,-0.02766311
82.15173,-0.008215276,-0.052752294,-0.028544052
82.16794,-0.008092928,-0.052806396,-0.02895124
82.18483,-0.0076404437,-0.052481096,-0.029731287
82.20143,-0.007399295,-0.051824354,-0.03046989
82.21812,-0.007614038,-0.05092499,-0.031079084
82.23494,-0.0076347054,-0.050950695,-0.03132563
82.25148,-0.0076888357,-0.050550967,-0.03184198
82.26815,-0.0081882505,-0.049944647,-0.03204663
82.28473,-0.007826396,-0.048890237,-0.03242207
82.30169,-0.007463808,-0.04843433,-0.03270083
82.318146,-0.008141247,-0.048236158,-0.032807894
82.33459,-0.008258222,-0.047655895,-0.032978445
82.351585,-0.008410584,-0.04634402,-0.03308125
82.367935,-0.0087240115,-0.0459023,-0.03312349
82.384415,-0.009101647,-0.045652077,-0.033102557
82.40146,-0.009484114,-0.04498333,-0.03299411
82.41814,-0.009503027,-0.044461295,-0.032901235
82.43517,-0.0103159975,-0.044096995,-0.032812838
82.451645,-0.010149082,-0.043208577,-0.032382097
82.46815,-0.011151776,-0.04290337,-0.032218542
82.484535,-0.0113583105,-0.042187385,-0.031888753
82.50174,-0.012011696,-0.04149262,-0.031497087
82.51789,-0.012663509,-0.041201368,-0.0312914
82.53449,-0.013138848,-0.040618762,-0.03080755
82.551155,-0.0137003325,-0.039558124,-0.030326828
82.56783,-0.014884952,-0.039210554,-0.030068567
82.58457,-0.015224099,-0.03878534,-0.029549327
82.60139,-0.016030082,-0.03858403,-0.029017435
82.6179,-0.016687566,-0.0384312,-0.028753977
82.63451,-0.017682103,-0.037872158,-0.028237637
82.651344,-0.01800525,-0.03755088,-0.027964268
82.66817,-0.018541723,-0.03718591,-0.027454995
82.68463,-0.019096402,-0.036623962,-0.026927423
82.70127,-0.01977463,-0.036072362,-0.026420422
82.71804,-0.0203047,-0.03563192,-0.025899883
82.73443,-0.020984102,-0.035605147,-0.025345478
82.75114,-0.021625014,-0.035613295,-0.025334084
82.767815,-0.022566613,-0.035287365,-0.024801005
82.78461,-0.023599662,-0.034868628,-0.024261318
82.8012,-0.02431884,-0.0352182,-0.023678271
82.81811,-0.02566332,-0.035588317,-0.023097124
82.83496,-0.026445083,-0.03564452,-0.022538276
82.85145,-0.026868042,-0.035728376,-0.022221528
82.867966,-0.027975667,-0.03624317,-0.02164608
82.884895,-0.028736522,-0.037281167,-0.021079049
82.901344,-0.029347513,-0.03743502,-0.020790149
82.91802,-0.030169891,-0.03791971,-0.020275693
82.93464,-0.030554557,-0.038968083,-0.019715114
82.951294,-0.031773597,-0.03955185,-0.019425724
82.967766,-0.032264985,-0.0404011,-0.018882012
82.98509,-0.03310927,-0.04103355,-0.018368041
83.00098,-0.033433724,-0.04155816,-0.018117711
83.01765,-0.03402729,-0.04250628,-0.017593766
83.034386,-0.03499622,-0.042923298,-0.017348181
83.051056,-0.035598796,-0.043289904,-0.01683762
83.0677,-0.03610459,-0.043780327,-0.016362278
83.08461,-0.036590263,-0.044441212,-0.01613583
83.10127,-0.036948822,-0.045183312,-0.015650196
83.11825,-0.037456363,-0.045270722,-0.015220365
83.13453,-0.03855598,-0.045246042,-0.015006122
83.15134,-0.03882247,-0.045511782,-0.014621537
83.16819,-0.039322816,-0.045732647,-0.0142900655
83.184685,-0.04013405,-0.045623265,-0.014136916
83.201324,-0.040629964,-0.04560952,-0.0138540715
83.21795,-0.041306403,-0.045737505,-0.013604401
83.23469,-0.041474342,-0.04602919,-0.013486087
83.251205,-0.0420886,-0.045637075,-0.013325288
83.267944,-0.042263895,-0.0453447,-0.013202781
83.28515,-0.043078735,-0.04520939,-0.013190209
83.301544,-0.043213286,-0.045685645,-0.013132178
83.31825,-0.043079395,-0.04590202,-0.0131185725
83.33487,-0.043572027,-0.045793217,-0.013136521
83.351456,-0.04401858,-0.045707524,-0.013153039
83.368324,-0.042827208,-0.046045385,-0.013251969
83.384895,-0.043261036,-0.046120893,-0.013289108
83.401596,-0.042747587,-0.04638991,-0.01324772
83.41827,-0.041989792,-0.046012893,-0.013330042
83.43429,-0.04190954,-0.046226155,-0.013346465
83.45112,-0.04141657,-0.046833947,-0.013371111
83.46808,-0.040992025,-0.04713495,-0.0133504635
83.484695,-0.04052583,-0.047063246,-0.013358954
83.5016,-0.040038005,-0.046971917,-0.013385568
83.51856,-0.039479308,-0.047266494,-0.013342827
83.535065,-0.038997136,-0.04720383,-0.01333203
83.55194,-0.038016684,-0.04704342,-0.013297295
83.568245,-0.037077308,-0.04663331,-0.013326152
83.585815,-0.037567448,-0.046333212,-0.013330259
83.602165,-0.037333697,-0.046426106,-0.013294442
83.61848,-0.035306636,-0.045357797,-0.01332321
83.63542,-0.035691105,-0.04505192,-0.01339343
83.651764,-0.034738693,-0.04457597,-0.013381778
83.66861,-0.03436786,-0.04405902,-0.013467294
83.68507,-0.03361762,-0.0435163,-0.013515663
83.701675,-0.032669812,-0.043081228,-0.013570458
83.718575,-0.032479852,-0.042785913,-0.013634458
83.73507,-0.031969905,-0.042324938,-0.013749386
83.75184,-0.031231027,-0.042153426,-0.013846716
83.76806,-0.030794509,-0.042160284,-0.013878728
83.78533,-0.030189415,-0.041698102,-0.013988583
83.80182,-0.030025247,-0.04121888,-0.01409926
83.81851,-0.02969633,-0.040826026,-0.014153947
83.83508,-0.029197872,-0.040110517,-0.014255059
83.85151,-0.029254198,-0.03919911,-0.014381724
83.86822,-0.029046735,-0.03914808,-0.014364048
83.88511,-0.028598528,-0.038543373,-0.014435756
83.901764,-0.028181992,-0.038094204,-0.014463777
83.91837,-0.02902732,-0.03804304,-0.014416129
83.93489,-0.028797949,-0.03770345,-0.014349078
83.95161,-0.028228782,-0.03775019,-0.014238734
83.96814,-0.028522985,-0.03768579,-0.014176135
83.984886,-0.02850589,-0.037893232,-0.01403402
84.00119,-0.029243253,-0.03789768,-0.013911295
84.01798,-0.029235955,-0.03818585,-0.0137642855
84.035095,-0.029384773,-0.03833704,-0.013553096
84.05147,-0.029842783,-0.038612317,-0.013346868
84.06803,-0.030958729,-0.039013922,-0.013232349
84.084816,-0.03141283,-0.039642755,-0.013038217
84.10159,-0.031809002,-0.040197976,-0.012886559
84.11785,-0.03215309,-0.04077331,-0.012740189
84.13555,-0.03244554,-0.04144522,-0.012598292
84.151276,-0.03312197,-0.04144944,-0.012584259
84.16792,-0.033689294,-0.041994456,-0.012503769
84.18468,-0.03460215,-0.04236734,-0.012452229
84.201294,-0.03543125,-0.042675022,-0.012430582
84.218025,-0.036639515,-0.04277546,-0.012379967
84.23467,-0.03724348,-0.042690568,-0.012369733
84.25172,-0.03748065,-0.042777684,-0.012337746
84.26806,-0.03821768,-0.04242579,-0.012371247
84.28477,-0.038661215,-0.04189708,-0.012421261
84.301254,-0.03985156,-0.041490614,-0.012446585
84.319046,-0.040515166,-0.0410858,-0.012493834
84.33459,-0.04123422,-0.040504757,-0.012527942
84.3515,-0.041336782,-0.04010394,-0.012571425
84.36793,-0.042513885,-0.039545596,-0.012623427
84.384834,-0.042953923,-0.039040707,-0.012644745
84.40106,-0.04319667,-0.0387737,-0.012628163
84.41801,-0.043851197,-0.03791304,-0.012678322
84.43443,-0.04437002,-0.037245523,-0.0127533665
84.451065,-0.045509394,-0.03695043,-0.012793282
84.468155,-0.045691535,-0.036556363,-0.012842553
84.48483,-0.046135318,-0.035520606,-0.012917203
84.50135,-0.047000956,-0.03519472,-0.012985305
84.51808,-0.047482092,-0.03454279,-0.013047199
84.53466,-0.047834415,-0.03402404,-0.013134058
84.55127,-0.04850101,-0.033634104,-0.013230692
84.56799,-0.048913985,-0.033208814,-0.013392567
84.58479,-0.049019124,-0.032934412,-0.013482648
84.601456,-0.049349558,-0.032358255,-0.013713201
84.61865,-0.0496369,-0.031940434,-0.013988058
84.6347,-0.05046446,-0.031998143,-0.014125363
84.65158,-0.050792843,-0.031772062,-0.014453758
84.66831,-0.05085378,-0.03171615,-0.01485531
84.685196,-0.051732436,-0.031586956,-0.015053517
84.70203,-0.052135818,-0.031072779,-0.015507783
84.718094,-0.051681675,-0.030751111,-0.015970908
84.7347,-0.052544292,-0.03061715,-0.016227327
84.75118,-0.052551627,-0.029981926,-0.016729863
84.767975,-0.05209404,-0.029018993,-0.017266817
84.78485,-0.0516054,-0.028652733,-0.017583987
84.80135,-0.051469535,-0.027572302,-0.018231235
84.81804,-0.051265337,-0.026120314,-0.018998623
84.83449,-0.05149567,-0.025441172,-0.01926801
84.85116,-0.051327553,-0.023925057,-0.020051343
84.86798,-0.050844982,-0.022053955,-0.020746853
84.884735,-0.051488917,-0.020869369,-0.021163829
84.90139,-0.05079422,-0.019052418,-0.021888915
84.918,-0.050629698,-0.017715432,-0.02231693
84.9345,-0.04991657,-0.016021574,-0.023089875
84.95141,-0.04957889,-0.014178473,-0.0238997
84.968575,-0.049830053,-0.012958636,-0.024395142
84.98501,-0.049267124,-0.010291628,-0.025324328
85.00174,-0.048723757,-0.007861593,-0.026274396
85.01804,-0.049165167,-0.0064677354,-0.026767857
85.034836,-0.048182208,-0.003425223,-0.02775862
85.05144,-0.04705525,-0.000098787896,-0.028780544
85.068924,-0.047034226,0.0010901135,-0.029294584
85.08498,-0.046479188,0.003796122,-0.03028415
85.10171,-0.045515027,0.0071678134,-0.031439777
85.11841,-0.044899434,0.008698266,-0.031935696
85.13473,-0.043640707,0.0114028035,-0.032998472
85.15197,-0.04229459,0.013907173,-0.03403182
85.16832,-0.042578705,0.015232637,-0.03444331
85.18487,-0.04109369,0.017387383,-0.035400905
85.20243,-0.03947389,0.01894572,-0.036195695
85.21824,-0.039674934,0.019638505,-0.03663217
85.2352,-0.038557008,0.021084856,-0.03739331
85.25169,-0.037014525,0.021517979,-0.038076498
85.268364,-0.036604654,0.021423059,-0.038448412
85.28517,-0.0359098,0.021085182,-0.039026633
85.301994,-0.035133827,0.020784538,-0.039616838
85.31868,-0.03451267,0.020497635,-0.039875813
85.3354,-0.033545066,0.019044258,-0.040345456
85.35206,-0.03291876,0.017862502,-0.04075013
85.36847,-0.032946337,0.017060127,-0.04092956
85.38539,-0.032079324,0.015202733,-0.04121257
85.40181,-0.031440094,0.013229825,-0.041401543
85.41817,-0.030735444,0.010832262,-0.04153733
85.43605,-0.03030034,0.008516651,-0.04153584
85.45153,-0.03095736,0.008503023,-0.04153873
85.46823,-0.03021948,0.0059561986,-0.04143985
85.48602,-0.029817505,0.0031269968,-0.041180473
85.5018,-0.029457994,0.0007527586,-0.040835302
85.51837,-0.029277917,-0.0022527296,-0.04039838
85.535,-0.029261483,-0.005247877,-0.03984259
85.55232,-0.029870003,-0.0052599837,-0.039840836
85.56821,-0.029735746,-0.0074970997,-0.039263893
85.585144,-0.028684163,-0.01138846,-0.038240716
85.60156,-0.029343503,-0.012931439,-0.03783557
85.619,-0.029062802,-0.01522515,-0.037064765
85.6351,-0.029025152,-0.016395323,-0.03667206
85.65175,-0.028998464,-0.019108554,-0.035839137
85.66812,-0.028909784,-0.021242889,-0.03493871
85.6857,-0.028827528,-0.023242705,-0.03406164
85.70164,-0.029808296,-0.024275696,-0.03363476
85.718124,-0.029973516,-0.026307842,-0.03280441
85.73477,-0.030339694,-0.028084101,-0.03194667
85.75153,-0.030224413,-0.028596086,-0.03157228
85.76816,-0.03051599,-0.030250536,-0.03079268
85.784966,-0.031209875,-0.032292094,-0.030062245
85.80165,-0.03160627,-0.03294578,-0.029685091
85.817955,-0.032365996,-0.033647336,-0.029362233
85.83516,-0.032425277,-0.035316683,-0.028349567
85.85153,-0.032920122,-0.035929706,-0.028024504
85.86857,-0.033609267,-0.03617707,-0.027260125
85.88517,-0.034041483,-0.036152095,-0.026628342
85.90157,-0.034289204,-0.036540225,-0.026202874
85.91783,-0.034939196,-0.03733512,-0.02538015
85.93498,-0.03559847,-0.03701193,-0.024550028
85.951546,-0.035705753,-0.036694646,-0.024141671
85.96824,-0.035756163,-0.036804177,-0.023364503
85.98481,-0.0367128,-0.037206065,-0.022936674
86.00147,-0.036880344,-0.037515495,-0.022013623
86.01787,-0.037102144,-0.036991604,-0.021637559
86.03446,-0.037467305,-0.03688119,-0.020785857
86.05119,-0.03828406,-0.037853513,-0.019861452
86.06778,-0.038924485,-0.0385574,-0.018973913
86.084625,-0.03925927,-0.038396314,-0.018567113
86.101234,-0.03989819,-0.038509782,-0.017789487
86.117935,-0.04060484,-0.039422467,-0.016959747
86.13438,-0.04101681,-0.039722595,-0.016546125
86.15127,-0.0413399,-0.040151667,-0.015779288
86.167816,-0.0416637,-0.040392835,-0.015057018
86.18483,-0.042119134,-0.041153606,-0.014638825
86.201294,-0.042420905,-0.042230286,-0.013816224
86.21799,-0.04247981,-0.042525478,-0.012980285
86.23461,-0.042807087,-0.0429438,-0.01261053
86.25133,-0.04288178,-0.044253577,-0.011850681
86.2685,-0.042700697,-0.045499023,-0.01115306
86.28461,-0.0432912,-0.04605883,-0.010818037
86.301216,-0.043146394,-0.04637704,-0.010337431
86.317924,-0.04276012,-0.046496008,-0.010147114
86.33471,-0.042592373,-0.046548355,-0.00983898
86.35146,-0.04262347,-0.046134934,-0.009633462
86.368286,-0.04228996,-0.04493996,-0.009397895
86.384766,-0.041958556,-0.04440128,-0.009283623
86.401245,-0.04124229,-0.043238692,-0.009192834
86.418205,-0.041871026,-0.042566802,-0.009160202
86.43467,-0.041015495,-0.041140158,-0.00917897
86.451515,-0.04050965,-0.039571173,-0.009253794
86.46822,-0.040649742,-0.03854363,-0.009343085
86.485176,-0.040043227,-0.03679735,-0.009518353
86.501816,-0.03908546,-0.034873,-0.00978565
86.51815,-0.038651817,-0.034124296,-0.009904325
86.53484,-0.039108112,-0.033281673,-0.010050712
86.55165,-0.037709735,-0.02979359,-0.010715087
86.568306,-0.037313215,-0.028664945,-0.010925896
86.58558,-0.036653876,-0.026850684,-0.011403015
86.60191,-0.036335304,-0.024611555,-0.011914272
86.61791,-0.035887334,-0.023073936,-0.012202988
86.63439,-0.034485184,-0.02050061,-0.012802628
86.65174,-0.03372459,-0.018337546,-0.013391895
86.66808,-0.03384131,-0.01737617,-0.013649435
86.68528,-0.032887414,-0.014836187,-0.014275902
86.70223,-0.03180225,-0.012685001,-0.014961553
86.71791,-0.03201865,-0.011699972,-0.015274446
86.73475,-0.031165842,-0.010195848,-0.01573866
86.7511,-0.030377902,-0.007945156,-0.016262798
86.76832,-0.03010099,-0.006846185,-0.01657573
86.784904,-0.029615143,-0.005684476,-0.017137345
86.80205,-0.028800257,-0.004507331,-0.017568639
86.818375,-0.02819349,-0.0036709858,-0.01784531
86.83521,-0.027590998,-0.0020276017,-0.018447373
86.85171,-0.02709552,-0.0014520778,-0.018980471
86.86884,-0.026560443,-0.0008677889,-0.019447349
86.885254,-0.025688868,0.000093764866,-0.019995373
86.901665,-0.026252277,0.00008812893,-0.019995239
86.91839,-0.025838604,0.0005439213,-0.020584345
86.93526,-0.025600635,0.00062849914,-0.021060094
86.95177,-0.02519853,0.0009954028,-0.021629175
86.96827,-0.025026035,0.0013372588,-0.022173183
86.98509,-0.024833852,0.0012325587,-0.022613088
87.00254,-0.025408423,0.0012260636,-0.022613468
87.01881,-0.02425636,0.0015538753,-0.02334799
87.03605,-0.024300989,0.0013937498,-0.023879604
87.05274,-0.02423487,0.0007260898,-0.024301324
87.06927,-0.024008289,0.00048281497,-0.024507165
87.085045,-0.023607299,0.00033525046,-0.024898717
87.10196,-0.023992162,0.00007316232,-0.02504722
87.1181,-0.023743806,-0.0008614826,-0.025280636
87.13568,-0.023613326,-0.0015245774,-0.02537856
87.15174,-0.023459489,-0.0015265803,-0.025429223
87.1684,-0.023064442,-0.0022582384,-0.025366092
87.18506,-0.02387787,-0.0027189704,-0.02517137
87.201866,-0.023839775,-0.0030613642,-0.024743129
87.21842,-0.02377442,-0.0032554031,-0.023989776
87.23479,-0.024194274,-0.003670736,-0.023545073
87.25152,-0.024316257,-0.0047577904,-0.022480594
87.26855,-0.02462192,-0.0046791504,-0.0214047
87.28505,-0.025051704,-0.0050039855,-0.020860123
87.30158,-0.025299402,-0.0055209333,-0.019673843
87.3182,-0.025927616,-0.0067365393,-0.01832219
87.335045,-0.0262669,-0.006921461,-0.017111726
87.35145,-0.026431952,-0.006941235,-0.016532807
87.36812,-0.027024465,-0.007813781,-0.015381754
87.384964,-0.027507737,-0.008529495,-0.014745781
87.40183,-0.028118717,-0.009386634,-0.013586969
87.41847,-0.02850935,-0.009466429,-0.012641174
87.43491,-0.029335419,-0.009832525,-0.0121794585
87.45159,-0.02993509,-0.010926855,-0.011136036
87.468315,-0.030419009,-0.011274576,-0.010221085
87.48482,-0.031183615,-0.011168728,-0.0098548215
87.501785,-0.031698335,-0.0112344595,-0.009190445
87.51805,-0.031734943,-0.0114627,-0.008806816
87.53516,-0.032904033,-0.011926614,-0.008106428
87.55146,-0.03357901,-0.011817283,-0.0076743914
87.5686,-0.03455105,-0.011442039,-0.0073462753
87.58481,-0.035340942,-0.011706783,-0.0071660904
87.60164,-0.036316246,-0.012043858,-0.006867622
87.6187,-0.03707055,-0.01143122,-0.006843295
87.63475,-0.038014226,-0.010797188,-0.0069228117
87.6516,-0.0388273,-0.010718198,-0.006926236
87.66816,-0.039552744,-0.010728165,-0.0069348346
87.68469,-0.04025518,-0.010740711,-0.0070166513
87.70139,-0.04114285,-0.010297761,-0.007427309
87.718254,-0.04156748,-0.010148165,-0.007886262
87.734726,-0.041630402,-0.01029075,-0.008063126
87.75141,-0.0421502,-0.010069084,-0.008509217
87.768135,-0.04270014,-0.009435533,-0.009091806
87.78447,-0.043179285,-0.008989589,-0.00938268
87.80127,-0.043581236,-0.009076134,-0.009853342
87.818306,-0.04408584,-0.008611764,-0.010408394
87.834885,-0.044100303,-0.007909356,-0.010677307
87.851234,-0.04425122,-0.0073534916,-0.011319405
87.86855,-0.044539616,-0.006742066,-0.01189227
87.88454,-0.044786654,-0.006406323,-0.012197174
87.901245,-0.04469233,-0.005567521,-0.012887724
87.91802,-0.044978272,-0.005150521,-0.013318648
87.93482,-0.044569496,-0.004252608,-0.014075109
87.95103,-0.044128064,-0.0036263668,-0.014826664
87.96777,-0.043735698,-0.0031526817,-0.015271733
87.9847,-0.043839104,-0.0019010258,-0.01617281
88.00142,-0.043402407,-0.0013764723,-0.016957976
88.01821,-0.04280708,-0.0011792717,-0.017306864
88.0349,-0.042029582,0.00017351641,-0.01821534
88.05161,-0.041244883,0.0007770205,-0.019028157
88.06813,-0.041196223,0.00063433126,-0.019398557
88.08478,-0.040034007,0.001559001,-0.02013817
88.10185,-0.03881824,0.0025014665,-0.020959483
88.11846,-0.038933307,0.0028793383,-0.02138438
88.13518,-0.03805245,0.0033258628,-0.021781776
88.15227,-0.03630429,0.0039456026,-0.022718864
88.16814,-0.036158457,0.0044166516,-0.023128688
88.185616,-0.0348664,0.0055212835,-0.023777599
88.20136,-0.033733528,0.005779164,-0.024383565
88.21853,-0.03341224,0.006232429,-0.024692608
88.23511,-0.032936968,0.006414782,-0.02499277
88.25193,-0.030474013,0.007893076,-0.026080377
88.268166,-0.029600482,0.008287368,-0.026324905
88.28519,-0.028135441,0.009051552,-0.026753725
88.30143,-0.026498988,0.009773824,-0.027156627
88.31854,-0.027007898,0.009767021,-0.0271594
88.335304,-0.02388214,0.011068955,-0.027586298
88.35131,-0.024405552,0.0110617215,-0.027589165
88.36838,-0.022802148,0.011560193,-0.02769621
88.38476,-0.021295158,0.012562952,-0.02772923
88.40168,-0.019781152,0.013012906,-0.02757533
88.418274,-0.018387599,0.0136159705,-0.027375441
88.43494,-0.01692308,0.014691733,-0.027058873
88.451645,-0.015965847,0.014785719,-0.026902622
88.46806,-0.01477902,0.015290932,-0.026308153
88.48513,-0.0137264645,0.01579965,-0.0256832
88.50163,-0.013731031,0.015959581,-0.025336642
88.518196,-0.012952229,0.016122552,-0.024653882
88.53494,-0.012114248,0.015848992,-0.023860864
88.55176,-0.011460976,0.015621113,-0.02345069
88.56894,-0.010803937,0.015650392,-0.022720106
88.58553,-0.010352334,0.01508823,-0.022014713
88.60168,-0.010050971,0.014788288,-0.021630067
88.61833,-0.0092275245,0.014144355,-0.02087831
88.63559,-0.008726659,0.013747025,-0.020142449
88.65261,-0.008920287,0.013434715,-0.019722747
88.66823,-0.008569267,0.01234676,-0.018925432
88.6857,-0.008036405,0.011318798,-0.01800097
88.702324,-0.008557413,0.0105016325,-0.017498653
88.71854,-0.008306378,0.009512966,-0.016435407
88.73529,-0.008100023,0.008095088,-0.015287073
88.75158,-0.008673342,0.007409228,-0.014762529
88.768486,-0.008558885,0.006193999,-0.013589064
88.7859,-0.008649666,0.004617677,-0.0124351
88.80179,-0.008880583,0.004066643,-0.011884522
88.81817,-0.009400586,0.00270836,-0.010780099
88.83525,-0.009566127,0.0010511457,-0.009551287
88.851906,-0.009680648,0.0001977467,-0.009036234
88.86814,-0.010178798,-0.001054618,-0.007958596
88.88516,-0.010904477,-0.0016562978,-0.0074688247
88.90178,-0.011263982,-0.0030718714,-0.0064382493
88.91857,-0.012355949,-0.0043420387,-0.005338673
88.93465,-0.012707839,-0.005282772,-0.0046940697
88.952126,-0.013532642,-0.0064292764,-0.0035519744
88.96818,-0.01409121,-0.0076868855,-0.002492985
88.98514,-0.01507012,-0.0085043525,-0.0019412021
89.001526,-0.016083442,-0.010049508,-0.0008675698
89.01854,-0.017041005,-0.0113931,-0.000015433718
89.035194,-0.018059513,-0.012111811,0.0003080633
89.051834,-0.018920068,-0.0129752625,0.00094206433
89.06831,-0.019898836,-0.014638108,0.0014410251
89.085304,-0.020508608,-0.01542193,0.0015006115
89.101685,-0.021552876,-0.016232062,0.0016088532
89.1182,-0.022953628,-0.01742664,0.0016025716
89.13494,-0.02367517,-0.018056428,0.00163772
89.15143,-0.025036626,-0.019166233,0.0016235176
89.16858,-0.026186598,-0.019839305,0.0015409067
89.18479,-0.026788598,-0.020336522,0.0015171655
89.20132,-0.028011944,-0.021093473,0.0013673616
89.21794,-0.028900169,-0.021430206,0.001348784
89.23464,-0.030104576,-0.021866228,0.0011251566
89.25124,-0.030892741,-0.022315105,0.00073406403
89.26843,-0.03170465,-0.022431884,0.0005525651
89.28507,-0.032854926,-0.022795476,0.00019987766
89.301704,-0.033620715,-0.022670535,-0.00023266155
89.318214,-0.03388009,-0.022618854,-0.00052491616
89.33508,-0.034531318,-0.02239023,-0.0010798122
89.35108,-0.035230633,-0.022277242,-0.0015368888
89.368225,-0.036019832,-0.021975795,-0.001850059
89.38575,-0.036596518,-0.020809265,-0.0025583545
89.40153,-0.03737399,-0.020342382,-0.0033376417
89.41838,-0.037834,-0.019988008,-0.0037291425
89.43489,-0.038193684,-0.018737596,-0.004757497
89.45189,-0.038424976,-0.0171602,-0.0058796904
89.46835,-0.038716823,-0.01638894,-0.006426299
89.48472,-0.038797453,-0.01528729,-0.007394883
89.50205,-0.038997177,-0.014180848,-0.008353024
89.51836,-0.038921386,-0.013270824,-0.008875125
89.53482,-0.038591683,-0.011689611,-0.00988723
89.55156,-0.038355127,-0.010519617,-0.010849839
89.568,-0.038414896,-0.0096557895,-0.011286081
89.58489,-0.037701763,-0.008001158,-0.012252068
89.6015,-0.037717097,-0.0072430847,-0.012757376
89.61871,-0.037214246,-0.0059590093,-0.013680246
89.63484,-0.036628965,-0.004432268,-0.014661361
89.65172,-0.03561142,-0.0025446687,-0.01566364
89.6682,-0.03524263,-0.0017463756,-0.016201103
89.6848,-0.034311764,-0.00041907735,-0.017148253
89.701355,-0.033739433,0.00027236372,-0.01760605
89.71827,-0.031949967,0.0028104463,-0.018977514
89.7349,-0.030689383,0.004390618,-0.019749196
89.75144,-0.031148618,0.0043861056,-0.019750303
89.768074,-0.02957222,0.0058453074,-0.020295175
89.784805,-0.02821672,0.007107349,-0.020942703
89.80122,-0.02652535,0.008593958,-0.021621281
89.81796,-0.025014982,0.009797141,-0.022253651
89.83465,-0.023079848,0.011122071,-0.02291671
89.85143,-0.023535559,0.011116807,-0.022919163
89.86806,-0.020171352,0.01236166,-0.024003917
89.88465,-0.018425709,0.01304959,-0.02450932
89.901405,-0.018028593,0.013510883,-0.02475618
89.91825,-0.015952975,0.014448861,-0.025377754
89.93509,-0.014235862,0.0146983275,-0.025841491
89.951515,-0.01360195,0.014660049,-0.025967225
89.96837,-0.011802817,0.014900444,-0.026228696
89.985435,-0.010263031,0.015507067,-0.026543487
90.001465,-0.009893809,0.015488865,-0.0266012
90.018486,-0.008378532,0.0149920145,-0.026784688
90.03496,-0.006699189,0.015548194,-0.026943771
90.051544,-0.0060256026,0.01572457,-0.027020635
90.06854,-0.004747842,0.015551166,-0.027262436
90.084816,-0.0037148024,0.015142369,-0.027340423
90.10158,-0.0034407252,0.01516502,-0.027290206
90.1186,-0.002400065,0.015178681,-0.027298057
90.13542,-0.0017494004,0.014789511,-0.02701283
90.151436,-0.0017041346,0.014084257,-0.026769869
90.16858,-0.0007461586,0.014150009,-0.026138587
90.18523,-0.00039743123,0.014303469,-0.02590036
90.20153,0.0001412967,0.01389773,-0.025205955
90.2187,0.0005769869,0.012674209,-0.0243948
90.23525,0.0008229631,0.012339924,-0.023916177
90.25163,0.0013088003,0.012119336,-0.023109445
90.26853,0.0017845858,0.011188266,-0.022255523
90.28517,0.0016818539,0.010556097,-0.02159745
90.301765,0.0021008698,0.009368334,-0.020144004
90.31877,0.0022397886,0.009199832,-0.018714216
90.33509,0.0018468009,0.008559332,-0.018040663
90.3518,0.0018075607,0.0075059147,-0.016478602
90.36961,0.001580261,0.0062811933,-0.014937874
90.385345,0.0014392373,0.0061060856,-0.014192565
90.40174,0.00079303444,0.0047476324,-0.01271142
90.41882,0.000027805485,0.0033514856,-0.011085849
90.434875,-0.00040067034,0.002686952,-0.010263814
90.45143,-0.00069502986,0.0013673258,-0.008634817
90.46914,-0.0012351996,-0.00006510442,-0.0069498844
90.48524,-0.0022802886,-0.00066794123,-0.0062232297
90.50141,-0.0032790967,-0.0018190874,-0.0045919227
90.51835,-0.0039231502,-0.003098977,-0.003042914
90.535385,-0.0042417967,-0.0032669303,-0.0022470301
90.55209,-0.0055357227,-0.0045685684,-0.0006868278
90.56856,-0.0069679124,-0.005676545,0.0007910489
90.58527,-0.0075458246,-0.0059582544,0.0014933042
90.602196,-0.008938372,-0.006481775,0.002760913
90.61839,-0.010251028,-0.0074157463,0.0038158975
90.63527,-0.011393048,-0.0076377345,0.0042943694
90.65159,-0.012334544,-0.00809715,0.005363389
90.668365,-0.013403423,-0.008658819,0.005899281
90.68506,-0.014849077,-0.009536193,0.006793488
90.70197,-0.016274408,-0.009925924,0.0077200457
90.718704,-0.01744843,-0.010282646,0.008018248
90.735085,-0.019183377,-0.011157499,0.008552733
90.7523,-0.020723835,-0.011536798,0.0090440065
90.768364,-0.021697119,-0.011892237,0.009219598
90.785034,-0.022966318,-0.012112964,0.009346844
90.80215,-0.024692057,-0.0127393985,0.009460715
90.818405,-0.025654815,-0.01297449,0.0094412435
90.83557,-0.027104309,-0.013113901,0.009238669
90.851654,-0.028532567,-0.013021474,0.00896286
90.86821,-0.029432124,-0.013432088,0.008771209
90.88494,-0.030661613,-0.013924667,0.008171866
90.90155,-0.0320343,-0.013940195,0.0073337005
90.91833,-0.03276688,-0.01447043,0.0068425685
90.93466,-0.033985775,-0.014713275,0.0055205873
90.95156,-0.035196327,-0.0155657865,0.0039670244
90.96818,-0.036132675,-0.015388486,0.0030706224
90.98521,-0.037251797,-0.015535697,0.0012048155
91.00158,-0.03805182,-0.015720854,-0.00082321774
91.018265,-0.03910129,-0.016064104,-0.0018849823
91.03506,-0.039605565,-0.015665041,-0.0041654897
91.051895,-0.039941065,-0.015854498,-0.006530494
91.06836,-0.040041804,-0.015794907,-0.00773319
91.08511,-0.040693752,-0.015376754,-0.010232124
91.10209,-0.04126518,-0.014756227,-0.012794917
91.118256,-0.041380916,-0.014284972,-0.015526943
91.1351,-0.0417606,-0.014287898,-0.015524206
91.15184,-0.0419458,-0.0134951705,-0.018192984
91.16858,-0.041864015,-0.01279767,-0.020909833
91.185074,-0.04174226,-0.011849568,-0.023651667
91.20148,-0.041539233,-0.010879552,-0.026386842
91.21793,-0.041235764,-0.009565861,-0.02899874
91.23489,-0.040537823,-0.008182699,-0.03155106
91.2516,-0.040338296,-0.0076292786,-0.032770365
91.26831,-0.03952165,-0.0060901046,-0.03543115
91.285255,-0.038833622,-0.004332652,-0.038023397
91.3014,-0.038807597,-0.003595405,-0.03937046
91.31812,-0.03719602,-0.0021423153,-0.041795034
91.33462,-0.036005046,-0.00023633131,-0.044094067
91.35172,-0.035363555,0.0008577405,-0.04499992
91.36798,-0.034081507,0.002937254,-0.04675922
91.38482,-0.032701872,0.004836433,-0.048007857
91.40138,-0.031858176,0.0058909142,-0.048628386
91.41816,-0.029976763,0.008294782,-0.049502764
91.43506,-0.02858486,0.009979953,-0.050122727
91.45158,-0.027995804,0.010935817,-0.05030004
91.468376,-0.02713773,0.012165583,-0.050448265
91.48521,-0.024500307,0.0152980285,-0.05063033
91.501526,-0.024096549,0.016269563,-0.05057172
91.51817,-0.022302585,0.018446064,-0.05023197
91.53503,-0.020078039,0.020278415,-0.049719956
91.55145,-0.019367216,0.021242494,-0.049415063
91.56793,-0.017590405,0.022829017,-0.048482668
91.584724,-0.016592449,0.023473026,-0.047970764
91.60148,-0.014653262,0.025049081,-0.04679348
91.617836,-0.013140198,0.026259681,-0.045572124
91.63475,-0.012550835,0.026882263,-0.04490865
91.65149,-0.0108670555,0.027607754,-0.043416176
91.66786,-0.009466251,0.028703671,-0.041946273
91.684814,-0.008862931,0.028967254,-0.041256145
91.701454,-0.007116014,0.02937121,-0.039674245
91.718124,-0.0058761053,0.029796913,-0.038073827
91.73473,-0.0051665874,0.02996181,-0.0372068
91.75147,-0.0039666337,0.030033145,-0.0353692
91.768005,-0.0026751528,0.029725326,-0.033420872
91.784645,-0.002517,0.029854853,-0.032383673
91.801575,-0.0013757509,0.029593518,-0.03029217
91.81823,-0.0001410942,0.02940192,-0.028009813
91.834755,0.0002999506,0.028818978,-0.026756786
91.8515,0.0009812934,0.028116703,-0.024290355
91.86826,0.0016793194,0.02733947,-0.021891389
91.88482,0.0017467018,0.026841609,-0.020645926
91.902084,0.0025588928,0.025915384,-0.018173708
91.91837,0.003252433,0.0247595,-0.01583425
91.93508,0.0032905298,0.024430098,-0.014559526
91.95166,0.003602873,0.023055878,-0.012209265
91.96869,0.003845971,0.021978507,-0.009721316
91.98551,0.0040418203,0.021136995,-0.0084485505
92.001564,0.0041194614,0.019997206,-0.0058123213
92.01935,0.0038942918,0.018771796,-0.003079805
92.03557,0.0034859108,0.017590182,-0.0018111222
92.051796,0.0033837706,0.016183767,0.00085432676
92.06854,0.0032577121,0.014360041,0.0033013166
92.08583,0.0026849746,0.013659683,0.0044922614
92.10198,0.0020629393,0.011433561,0.006830537
92.118706,0.0014412422,0.009748247,0.008941358
92.13475,0.001147906,0.008556005,0.009792534
92.15203,0.0001418002,0.0065407106,0.011432058
92.16844,-0.0006042383,0.0053228545,0.012150429
92.18514,-0.001744301,0.0031418384,0.013393178
92.2015,-0.0032441346,0.0011067685,0.014546145
92.21837,-0.004396605,0.00014453164,0.01493732
92.23598,-0.0059563667,-0.0018935724,0.01578035
92.25178,-0.0075272364,-0.003944213,0.016474402
92.269356,-0.008568732,-0.0048595,0.01680378
92.285385,-0.010595314,-0.00695511,0.017256714
92.302765,-0.012440082,-0.008856312,0.017590316
92.31898,-0.013473718,-0.00949764,0.017659638
92.33542,-0.015222324,-0.01111895,0.017625853
92.35197,-0.016818894,-0.013126194,0.017572418
92.36807,-0.017870227,-0.013804927,0.017430697
92.38544,-0.019520212,-0.015287361,0.017107518
92.4024,-0.021104874,-0.01678122,0.0164591
92.41846,-0.022116534,-0.017558593,0.016019445
92.435265,-0.02398205,-0.01911616,0.014842409
92.45197,-0.02540198,-0.020188697,0.013457601
92.46854,-0.026329516,-0.020521516,0.012639722
92.48559,-0.027846122,-0.02152847,0.011105403
92.50201,-0.030024298,-0.022818772,0.008468018
92.51919,-0.030334987,-0.02281733,0.008471517
92.535255,-0.031393025,-0.022966672,0.006585076
92.55285,-0.032697015,-0.023617761,0.0048998725
92.56861,-0.033839095,-0.023186494,0.0032906672
92.585464,-0.03519445,-0.022503207,0.0015225231
92.60203,-0.03550886,-0.022503082,0.0015260673
92.618645,-0.03593105,-0.02206147,-0.000033471413
92.63495,-0.036757715,-0.02115699,-0.0015362538
92.651955,-0.03694486,-0.019706158,-0.0028647732
92.668724,-0.037271425,-0.018486982,-0.0040686075
92.68556,-0.037443474,-0.01689661,-0.0053238114
92.70191,-0.03781232,-0.015793348,-0.005915403
92.71825,-0.037837826,-0.013870113,-0.0071394537
92.73496,-0.037478164,-0.012790384,-0.0075948276
92.75175,-0.03713794,-0.010733645,-0.008620798
92.768196,-0.036575865,-0.0090131555,-0.009377909
92.78514,-0.036091965,-0.0066732313,-0.010213789
92.8016,-0.036019925,-0.005727821,-0.010531089
92.81821,-0.0357527,-0.0046836995,-0.010949362
92.835175,-0.03510917,-0.0010510036,-0.0123027265
92.85171,-0.034688726,0.00010751662,-0.012782854
92.86837,-0.033712856,0.0021681157,-0.013809869
92.88543,-0.03266412,0.004568859,-0.015017512
92.90166,-0.032711145,0.005727166,-0.015697125
92.91807,-0.031828772,0.0075606457,-0.017072922
92.93467,-0.031607576,0.008358595,-0.017832153
92.95188,-0.030548092,0.010549336,-0.019425968
92.96912,-0.029469432,0.012377841,-0.02099567
92.984985,-0.028680004,0.013389953,-0.021774564
93.00153,-0.027486114,0.015208856,-0.023433328
93.01841,-0.02649394,0.016668752,-0.025079237
93.03498,-0.025923414,0.017322846,-0.025932364
93.05142,-0.02411425,0.019409267,-0.0275302
93.06799,-0.02230318,0.020616755,-0.02880254
93.08531,-0.021787757,0.021340365,-0.029456973
93.10168,-0.01968265,0.022899678,-0.03045036
93.118126,-0.017509777,0.024715533,-0.031080052
93.13492,-0.016678557,0.025394628,-0.03127547
93.15187,-0.014819528,0.02633878,-0.031232923
93.16834,-0.012650178,0.027628131,-0.031127235
93.18475,-0.011768013,0.02854925,-0.03100473
93.20125,-0.009803814,0.02977497,-0.030562283
93.21833,-0.008130957,0.030393386,-0.030027127
93.23482,-0.007204341,0.030839449,-0.02966393
93.25114,-0.005687809,0.032107446,-0.029015312
93.26831,-0.004079898,0.032969616,-0.028046628
93.28482,-0.003337349,0.03322887,-0.027574452
93.30148,-0.0015876997,0.034170173,-0.026479227
93.31841,-0.00028022195,0.03495838,-0.025403772
93.334755,0.00031840216,0.034883462,-0.024684638
93.351814,0.0014082969,0.035257332,-0.023130506
93.36779,0.002169968,0.035570234,-0.022333914
93.38451,0.0034526598,0.03631664,-0.020489339
93.40153,0.0045675994,0.036489166,-0.018231435
93.41811,0.005920956,0.03662254,-0.015566686
93.4349,0.0065307156,0.036585968,-0.014109451
93.45143,0.007974986,0.036518082,-0.011149675
93.46778,0.008187443,0.03622612,-0.009666961
93.484795,0.0094030285,0.03547411,-0.006590701
93.50153,0.01009015,0.034478605,-0.0035328076
93.518295,0.010600366,0.034283616,-0.0020665096
93.534996,0.011306456,0.033696797,0.0009527405
93.551506,0.011903418,0.032300457,0.004105746
93.56803,0.011827021,0.031518213,0.0057547847
93.58478,0.012258062,0.03077789,0.009135619
93.6014,0.012719469,0.029400926,0.012454987
93.61841,0.0125911245,0.028881116,0.014176087
93.63506,0.012282773,0.028161788,0.015951373
93.65175,0.012568498,0.02562465,0.021109147
93.66823,0.0125274835,0.02476984,0.02276322
93.684715,0.01218715,0.022777725,0.026184993
93.7017,0.012140027,0.020602196,0.029414752
93.71848,0.011914437,0.019765846,0.030905997
93.7356,0.011654874,0.017746849,0.03379587
93.75229,0.010982822,0.015254839,0.036476746
93.76872,0.010870702,0.013974625,0.037690446
93.78494,0.010523139,0.0118303895,0.039901596
93.80204,0.009934065,0.008738266,0.0420654
93.8186,0.009242828,0.0073725306,0.04306224
93.835236,0.008151386,0.0050151474,0.044977285
93.85159,0.0074472525,0.0029196602,0.046683397
93.86808,0.006691925,0.0017696021,0.04757572
93.88503,0.0058166822,-0.0008223691,0.049253415
93.9018,0.0051799966,-0.001942251,0.050074134
93.91849,0.0038183522,-0.0051637315,0.052033905
93.93524,0.0029034992,-0.0074211312,0.053414933
93.95199,0.0026719435,-0.007414884,0.05341535
93.969345,0.0018937623,-0.009188824,0.05449084
93.98544,0.00096337264,-0.010811434,0.055414505
94.001976,0.0003059323,-0.012583918,0.056101732
94.01864,-0.0008340191,-0.014335966,0.05664841
94.0355,-0.0014968616,-0.015549167,0.057000313
94.05219,-0.0017236612,-0.015542705,0.057002097
94.068405,-0.0023971149,-0.017036173,0.057073798
94.08572,-0.0030925823,-0.01821802,0.057074033
94.10141,-0.0033550367,-0.018541312,0.057094585
94.11871,-0.0037627055,-0.018973105,0.05676388
94.13517,-0.004089673,-0.019454371,0.056487583
94.152756,-0.004605161,-0.01973955,0.05628748
94.16866,-0.004692068,-0.019592697,0.05594809
94.1853,-0.0045146667,-0.01974418,0.05530755
94.20199,-0.0044128373,-0.019494757,0.054992367
94.2185,-0.0040931734,-0.019378776,0.05441555
94.23498,-0.0038275386,-0.019247266,0.053754665
94.25186,-0.003752429,-0.018829571,0.053268462
94.26849,-0.003464372,-0.017970048,0.0523085
94.28505,-0.0032800813,-0.017741079,0.051938318
94.301765,-0.0026430127,-0.016819905,0.05098459
94.31901,-0.0016946571,-0.01558077,0.049975406
94.335976,-0.001178363,-0.014415777,0.04881114
94.35177,-0.0011765129,-0.013850244,0.048291262
94.36841,-0.0005123245,-0.01237798,0.04707015
94.384834,0.00003740554,-0.011480525,0.046400398
94.40152,0.00044716592,-0.009651518,0.044998735
94.41824,0.0012611344,-0.008211032,0.04374719
94.43515,0.0022906312,-0.0060308715,0.042298898
94.451744,0.0027098684,-0.005077205,0.0416022
94.468414,0.003679063,-0.0032134836,0.04013436
94.48505,0.004228626,-0.0024003498,0.039425157
94.502075,0.005385452,-0.00012936261,0.037934706
94.51819,0.0064272135,0.0018231625,0.036560252
94.53491,0.00679868,0.0026847993,0.03592797
94.55162,0.007987267,0.004114326,0.034506902
94.56817,0.009121709,0.0061872555,0.032987308
94.5851,0.009578113,0.007000783,0.03229604
94.60152,0.010636175,0.00869593,0.031003613
94.61819,0.011832006,0.010248354,0.029513529
94.63499,0.012315643,0.011229834,0.028796315
94.65228,0.013130292,0.012524307,0.027454216
94.66868,0.014391339,0.013932619,0.02607763
94.685936,0.014396905,0.0147250155,0.02530182
94.70171,0.015492186,0.016319372,0.023892201
94.71846,0.015931198,0.017418668,0.022674663
94.73475,0.016519394,0.01814794,0.0220976
94.75126,0.016897202,0.019222567,0.020877406
94.76835,0.017442202,0.02052926,0.019774472
94.7846,0.017490186,0.020805197,0.01936621
94.801254,0.018269256,0.021837326,0.018294385
94.818016,0.018682469,0.023184868,0.017354727
94.83466,0.018715091,0.023563085,0.016969929
94.8515,0.01894944,0.024062414,0.016264923
94.868385,0.019073984,0.024512105,0.015863989
94.8847,0.019102724,0.025400564,0.015284517
94.90202,0.019022368,0.02543957,0.014666273
94.918434,0.018795144,0.025823152,0.0143386815
94.93477,0.018678235,0.026425406,0.013763012
94.95176,0.018011402,0.026872318,0.013160128
94.96804,0.017546322,0.02688118,0.012802471
94.984825,0.01685705,0.02705049,0.012189497
95.00177,0.016105074,0.027198011,0.011666272
95.0181,0.01582889,0.027531384,0.011299234
95.03496,0.014784565,0.0277206,0.010853974
95.0515,0.013499693,0.0278452,0.010327214
95.06821,0.012981743,0.02791298,0.0101201525
95.085045,0.012129665,0.027803605,0.009646767
95.10143,0.0110978205,0.027358562,0.009323802
95.11827,0.009916312,0.027031422,0.0091802515
95.134865,0.008873805,0.027212748,0.0087679075
95.15157,0.007602952,0.026838886,0.008285418
95.1683,0.0066038743,0.026440926,0.0080699315
95.18507,0.004771532,0.026178429,0.0075615305
95.20147,0.00411634,0.025854886,0.007253827
95.218285,0.0025097919,0.025795469,0.006457181
95.23551,0.00093770045,0.025353584,0.0055947728
95.25153,-0.00033603018,0.024268221,0.0049144668
95.26828,-0.001443492,0.024176305,0.004423774
95.284935,-0.002599287,0.023853367,0.003624114
95.301544,-0.0037593064,0.023618815,0.003296682
95.3181,-0.0056249606,0.022816623,0.0026290168
95.33468,-0.0071501834,0.02279449,0.0020651077
95.35142,-0.0072920267,0.022794386,0.0020634672
95.36829,-0.008976326,0.022663241,0.0015816807
95.38475,-0.010512274,0.022317836,0.0013801818
95.402176,-0.011600004,0.021955812,0.0011617537
95.41856,-0.012687674,0.02188295,0.0008421719
95.435234,-0.013984491,0.021178858,0.00078877126
95.45191,-0.014457577,0.02091809,0.00090040645
95.46812,-0.01492466,0.020633128,0.0009062846
95.485214,-0.015882786,0.020686755,0.00094290473
95.5025,-0.016267173,0.020517126,0.00096537307
95.5187,-0.016902668,0.01984827,0.0013090483
95.53508,-0.017116105,0.01983326,0.0014531367
95.55193,-0.017599078,0.02011418,0.0014140208
95.56834,-0.017619602,0.020222722,0.0014890068
95.58542,-0.01808666,0.019631425,0.002066925
95.601776,-0.017615382,0.01969624,0.0022539312
95.61841,-0.017898751,0.020047199,0.0022342957
95.63507,-0.018143188,0.020257542,0.002716881
95.65173,-0.017982874,0.020019017,0.0029089237
95.668495,-0.017317966,0.020611014,0.0033565152
95.68511,-0.016565496,0.020619342,0.003652895
95.7017,-0.016542127,0.020541774,0.0039374093
95.719185,-0.015862439,0.020329323,0.00456428
95.73538,-0.014611913,0.020687945,0.005223138
95.75307,-0.014153314,0.020935416,0.005510852
95.76886,-0.013270812,0.020771544,0.006278122
95.784904,-0.012744513,0.0205579,0.00665774
95.802055,-0.01109593,0.020737551,0.0074779666
95.81849,-0.0101287905,0.02117351,0.008138065
95.83604,-0.008565823,0.021243755,0.008962523
95.851845,-0.008143988,0.021138243,0.0094284285
95.86851,-0.0074316794,0.021220433,0.00992822
95.88627,-0.0056602126,0.021490427,0.011062792
95.902245,-0.004748728,0.021776646,0.011447643
95.91874,-0.0036591212,0.021529846,0.01235877
95.93507,-0.003172242,0.021527896,0.012885931
95.95174,-0.0013427902,0.02198372,0.013688426
95.96856,-0.00011638168,0.02195382,0.014610655
95.98514,0.00042955048,0.021693662,0.015011986
96.0015,0.0015270293,0.022122577,0.015822275
96.01852,0.0030712136,0.02265403,0.016151631
96.03455,0.0037054971,0.022991376,0.016492868
96.051674,0.0048045283,0.023100711,0.017012995
96.06891,0.0063155442,0.023060644,0.017617336
96.08601,0.0063860435,0.023360007,0.01767557
96.1018,0.0077135824,0.023944667,0.01813237
96.11886,0.008524999,0.023843074,0.01832273
96.13628,0.008936647,0.023981893,0.018513553
96.15168,0.009792245,0.024430465,0.018443653
96.168335,0.01050568,0.024555584,0.0183982
96.18513,0.010933335,0.02446946,0.018329248
96.20164,0.011592229,0.024703799,0.018255439
96.2195,0.012139485,0.024664257,0.01794629
96.235344,0.012543665,0.024594037,0.01789474
96.25192,0.012817054,0.024719449,0.017687663
96.268,0.013352283,0.02474326,0.017430214
96.28519,0.013746075,0.024533784,0.017289454
96.3014,0.01406201,0.024239931,0.016940353
96.31817,0.013920745,0.023945946,0.016645726
96.33489,0.013964079,0.02330447,0.016323047
96.35143,0.014081777,0.023772849,0.015552395
96.36855,0.014059255,0.02377272,0.0153660895
96.38496,0.013937856,0.023006497,0.0148815205
96.40189,0.014407194,0.022754597,0.014429025
96.418304,0.014857941,0.022854691,0.014152241
96.434746,0.014825458,0.022295484,0.013628471
96.452354,0.01431163,0.021228392,0.013301965
96.46839,0.014428778,0.021038475,0.013154465
96.485085,0.014160205,0.020924203,0.012742987
96.502594,0.013753441,0.020346187,0.012328031
96.51854,0.013598336,0.019975241,0.012207265
96.53508,0.013323721,0.019451594,0.011847948
96.551765,0.012902539,0.018742573,0.011467736
96.56837,0.012741069,0.01870354,0.011229494
96.585045,0.012136203,0.018350193,0.010945685
96.60164,0.011737881,0.017948382,0.010653747
96.61835,0.011345341,0.017726697,0.010577153
96.63497,0.010680143,0.017313916,0.0103315525
96.65164,0.010488211,0.017135723,0.01026481
96.66839,0.010027369,0.01682651,0.010087714
96.685135,0.009511556,0.016666336,0.010139773
96.70162,0.008898503,0.016818028,0.010093941
96.718315,0.008598798,0.016644962,0.010122529
96.73471,0.00834055,0.01666751,0.010131304
96.75146,0.008289268,0.016667847,0.010130923
96.76795,0.008029376,0.016841449,0.009905213
96.785034,0.007748354,0.01686675,0.010027303
96.80135,0.0073144534,0.017393064,0.009946032
96.81821,0.006835483,0.017449848,0.009656427
96.83548,0.0064839725,0.017537575,0.009649441
96.85145,0.0064367168,0.017537998,0.0096491305
96.868286,0.0062310486,0.017769977,0.009540249
96.884766,0.0059979563,0.017671408,0.009506947
96.901695,0.0057797544,0.017573334,0.009512966
96.918304,0.005389497,0.017922277,0.009607551
96.934784,0.0047081267,0.01819659,0.009820815
96.95136,0.0045371465,0.018428762,0.009939589
96.96821,0.0040881317,0.018598061,0.009990901
96.98528,0.0038484628,0.018805234,0.010219978
97.00164,0.0031835372,0.019063206,0.01024043
97.01818,0.0029377588,0.019735266,0.010322495
97.035065,0.002878002,0.019937545,0.010297372
97.05131,0.0024375473,0.020199278,0.010624936
97.06817,0.001507116,0.021013964,0.010807585
97.08487,0.00085666066,0.021381948,0.01082774
97.10152,0.00049422187,0.021364022,0.0108550815
97.11804,-0.00025204357,0.021647744,0.010956568
97.134575,-0.00067086384,0.021959936,0.010990206
97.15136,-0.001387739,0.022689302,0.010928603
97.167984,-0.0018586592,0.023051063,0.010812909
97.184845,-0.0023059756,0.023475569,0.010826031
97.20153,-0.0028387273,0.023734339,0.010795982
97.218,-0.0033376005,0.024324642,0.010755285
97.23482,-0.0033233347,0.02451406,0.010619372
97.2513,-0.0036453472,0.025133114,0.010492394
97.26791,-0.004086837,0.025815295,0.010163332
97.28463,-0.0037953875,0.026167097,0.009956983
97.30138,-0.004026972,0.026859667,0.009506955
97.31798,-0.003848134,0.027303245,0.009261865
97.335205,-0.0038489136,0.02734629,0.009087993
97.35139,-0.0035648404,0.028120764,0.008686297
97.368225,-0.0036398522,0.028560387,0.008303758
97.38477,-0.0035284914,0.028654864,0.0081365695
97.401306,-0.003129887,0.029036256,0.007840555
97.41817,-0.0024850874,0.02961576,0.0076677743
97.43491,-0.0023011873,0.03031155,0.007305568
97.451416,-0.0016324964,0.03075747,0.0071511474
97.468056,-0.001110922,0.03144971,0.0067680483
97.485115,-0.00031514277,0.031970777,0.0066854637
97.501724,-0.00016660195,0.032650046,0.0063100476
97.51886,0.00012085437,0.03283012,0.00604602
97.535286,0.00058692566,0.033067293,0.0058506965
97.551674,0.0012396341,0.033806793,0.005484719
97.56844,0.0016486908,0.034026653,0.0049531907
97.58499,0.0017246046,0.034417707,0.004686637
97.6018,0.0026522672,0.034713745,0.004141651
97.61887,0.0025860085,0.03490973,0.003935152
97.63519,0.0033440385,0.03539216,0.0033265112
97.651855,0.0039997282,0.035843577,0.0028025575
97.66907,0.0046379343,0.03638492,0.002267749
97.68521,0.004647148,0.036385182,0.0022679328
97.701836,0.0054490347,0.03641008,0.0016570333
97.71844,0.0059227035,0.036496818,0.0015414242
97.735664,0.0065909256,0.036616553,0.001338134
97.75208,0.006900669,0.036459118,0.0013329625
97.768936,0.00755566,0.036092978,0.001401025
97.78506,0.008043377,0.036211945,0.0014957619
97.801926,0.008363582,0.03594093,0.0017455943
97.8195,0.008207273,0.03545322,0.001971967
97.83536,0.008669559,0.035219453,0.0023137622
97.85215,0.008952844,0.034662597,0.0026518523
97.86845,0.0091850925,0.03445953,0.0028412791
97.88523,0.00935603,0.03396546,0.003184947
97.902504,0.009861923,0.03336559,0.0035824967
97.91868,0.009829515,0.033096455,0.003813058
97.93589,0.009938473,0.032126002,0.0043798303
97.95211,0.00999618,0.031229224,0.00500441
97.96879,0.010587577,0.030812401,0.0053272764
97.985504,0.010717336,0.02980871,0.0060908967
98.00226,0.011126595,0.028695023,0.007000366
98.0182,0.01104391,0.028014828,0.007352691
98.03504,0.011217271,0.02668221,0.008244774
98.05273,0.011566054,0.025316745,0.009185768
98.06886,0.011828642,0.024533594,0.009722911
98.08536,0.011767324,0.023310127,0.010690052
98.101974,0.011883999,0.022133425,0.011649896
98.11876,0.011983797,0.020271715,0.012670999
98.135155,0.012035236,0.019099405,0.013786864
98.15227,0.012073997,0.01909912,0.013787222
98.16864,0.012535194,0.017861307,0.014810397
98.18541,0.012618713,0.016364647,0.016053002
98.20223,0.012880019,0.014998868,0.017237155
98.21832,0.013304776,0.013812114,0.018353418
98.23552,0.013222165,0.012498502,0.0194112
98.25176,0.013269467,0.012497932,0.01941133
98.2685,0.013389069,0.0106531475,0.020929506
98.28532,0.0136162955,0.009549058,0.021831885
98.30167,0.01361863,0.008930715,0.022247983
98.3185,0.013724904,0.008226383,0.023184812
98.3353,0.013918547,0.0073180944,0.023965621
98.35181,0.013688066,0.006890306,0.024426108
98.368256,0.013727866,0.0059620733,0.02530628
98.38482,0.014249188,0.00519252,0.026254179
98.401695,0.0141831245,0.004899083,0.026668925
98.41814,0.014168294,0.0041428003,0.02755134
98.435265,0.014411812,0.0036867065,0.02845975
98.451546,0.014999453,0.0036294623,0.028862445
98.468575,0.015513593,0.003061248,0.029588535
98.4853,0.015435782,0.0025757242,0.03000756
98.50171,0.01534699,0.0023643395,0.030248499
98.51841,0.015182983,0.0019609572,0.030523762
98.53524,0.015289538,0.0018595284,0.030535638
98.55195,0.014928078,0.0017118922,0.030397357
98.5685,0.015167598,0.0016326128,0.030401414
98.58513,0.014192575,0.0010625737,0.029755196
98.60157,0.013982987,0.0010768624,0.029335046
98.61814,0.013086591,0.00029346324,0.028130934
98.63564,0.0126676895,-0.000011204288,0.026836397
98.65171,0.012499122,-0.00063296023,0.02613226
98.66805,0.0115530025,-0.0013834527,0.02449143
98.684715,0.01134456,-0.0013036678,0.02349235
98.70147,0.010754944,-0.0014151724,0.021332327
98.7183,0.009868359,-0.0022967297,0.01931639
98.73461,0.009339898,-0.002496905,0.018312743
98.751816,0.008796371,-0.0022359665,0.016067892
98.76829,0.008129674,-0.0026740637,0.013651553
98.7847,0.007865674,-0.002842282,0.012617516
98.80157,0.0070279553,-0.0034221616,0.010512399
98.818275,0.0063787843,-0.0030082355,0.008305333
98.83482,0.005753577,-0.0028560848,0.0070102583
98.85146,0.00529591,-0.0028549116,0.0046635657
98.86839,0.0045036366,-0.0031118197,0.0024319286
98.88477,0.004544165,-0.0029283445,0.0013824566
98.90136,0.004131225,-0.0021389567,-0.0009415451
98.918045,0.0035719315,-0.0018584087,-0.0028323561
98.93483,0.0035200114,-0.0016090884,-0.0037768728
98.95127,0.0031243202,-0.0010981775,-0.0056409757
98.96804,0.0027373955,0.00013845108,-0.0075689782
98.984726,0.0028266676,0.0006932143,-0.008256798
99.00195,0.0024241826,0.0016668218,-0.009722222
99.01823,0.002150702,0.0028326476,-0.011131469
99.03498,0.0019408368,0.0035976772,-0.011852857
99.05149,0.0017313424,0.0049833497,-0.012961228
99.068085,0.0016794462,0.0052962597,-0.013383075
99.084854,0.0016851422,0.0068211434,-0.014231571
99.10171,0.0014377609,0.00842125,-0.014834864
99.11849,0.0011306539,0.009094297,-0.014953798
99.134865,0.0010317274,0.010021262,-0.014843209
99.15179,0.0009821161,0.012289118,-0.014657309
99.16838,0.00067994645,0.013059923,-0.014507392
99.1849,0.00076381734,0.0143496785,-0.014057519
99.20174,0.000654766,0.015443872,-0.0132502075
99.21817,0.0008227149,0.01622195,-0.01302039
99.23496,0.00070773176,0.01808295,-0.012555175
99.252,0.00026214434,0.019280538,-0.011997052
99.2681,0.00031066578,0.019939477,-0.011532569
99.28495,0.00019780248,0.021311257,-0.011102478
99.30223,0.00016895446,0.023249881,-0.010454211
99.31938,-0.000036181256,0.024233626,-0.009603746
99.33589,-0.00036115284,0.024919946,-0.009058871
99.3523,-0.000026673846,0.02673201,-0.00831736
99.36808,0.00022418183,0.027923007,-0.007876949
99.384575,-0.0000757002,0.028758975,-0.006762249
99.40219,-0.00035036934,0.03025613,-0.0056220717
99.419464,0.00006488239,0.031027941,-0.005150948
99.435326,-0.000023515133,0.032971747,-0.0042802985
99.45249,-0.00019029579,0.033661075,-0.0032161493
99.46886,-0.00009060293,0.034043282,-0.0027037244
99.48572,0.00015882491,0.035247825,-0.002019307
99.50182,0.00024585408,0.036391474,-0.0013017019
99.51803,0.0001379927,0.036386047,-0.00084096944
99.53509,0.00026963788,0.036853895,-0.00015795765
99.551575,0.00053522416,0.037604224,0.00021054353
99.5683,0.00062960834,0.037834443,0.00040005977
99.58542,0.0005779331,0.037807073,0.0006454475
99.60166,0.0007150332,0.037807073,0.0006480408
99.61846,0.0009344527,0.03766355,0.00051933114
99.63626,0.000978289,0.037732277,0.000055981367
99.65181,0.0008233021,0.03678629,-0.0005373828
99.668335,0.00063204847,0.035995483,-0.0014158525
99.68498,0.0005161766,0.035285868,-0.0026997344
99.70187,0.00019011952,0.034499522,-0.0034848
99.71863,-0.00016469622,0.032938786,-0.0050668535
99.735565,-0.00005570265,0.03109083,-0.0070466343
99.75242,-0.00001725632,0.029907182,-0.009173341
99.7684,0.00027732295,0.029010972,-0.010271749
99.78558,0.00037719437,0.026969725,-0.012281497
99.80257,-0.00013265484,0.0260357,-0.013289398
99.819435,-0.00046416014,0.024303593,-0.015445403
99.83588,-0.0006183041,0.022191778,-0.017784873
99.85247,-0.00074263965,0.021173837,-0.018849917
99.86904,-0.0010120871,0.019395946,-0.020898996
99.885574,-0.00089231826,0.017414633,-0.022923455
99.902,-0.0012173811,0.016770205,-0.023937183
99.918465,-0.0012579194,0.014555701,-0.025645118
99.935524,-0.0010389189,0.012905051,-0.027075443
99.9517,-0.00078933866,0.012437976,-0.027680572
99.96875,-0.00071066926,0.011044937,-0.028701702
99.98528,-0.0005952989,0.009414904,-0.029400704
100.00187,-0.0006641408,0.008811425,-0.029678255
100.01861,-0.0005633489,0.0075539704,-0.030074187
100.03515,-0.00027523658,0.006273233,-0.03022117
100.05168,-0.00013649905,0.0054704435,-0.030298226
100.06873,0.000089827685,0.0042753103,-0.030347476
100.08518,0.0005315164,0.004060502,-0.030352237
100.10187,0.00032748142,0.003010176,-0.030245751
100.11883,0.00063097104,0.0020572448,-0.029953055
100.13515,0.00057049294,0.0014756038,-0.029583618
100.15197,0.0005158668,0.0013504011,-0.02932039
100.16861,0.00017527453,0.00030118838,-0.02869299
100.18526,0.00013879352,-0.00014971595,-0.02825997
100.20201,0.00025046492,-0.00034838615,-0.027419548
100.21853,0.00027615487,-0.00034992714,-0.026613794
100.23524,0.00051213405,-0.0002475471,-0.026183147
100.25211,0.00039623005,-0.00063873705,-0.025202036
100.26869,0.0005108232,-0.00046244593,-0.02416773
100.28564,0.001149406,-0.00041554097,-0.023798095
100.301445,0.0013260563,0.00012497207,-0.022866592
100.318306,0.0014435274,-0.00020581263,-0.021768905
100.33591,0.0014757763,0.00014297743,-0.021162132
100.351814,0.0018496725,0.0006959532,-0.020086577
100.36849,0.0023655638,0.00090677576,-0.018931432
100.38516,0.0024028593,0.0008173259,-0.018369209
100.4018,0.0030744125,0.0011717844,-0.017089773
100.418106,0.0033147654,0.0015801047,-0.015901253
100.43492,0.0035758642,0.0020756943,-0.015418318
100.45151,0.0037955802,0.002302426,-0.01414108
100.468376,0.0040825116,0.00299379,-0.013086795
100.48495,0.0046179746,0.0031899684,-0.01262811
100.50171,0.0051189493,0.003187051,-0.011790196
100.51836,0.0056159473,0.0035677545,-0.011353912
100.534935,0.006322115,0.0040351558,-0.010346258
100.5519,0.006938169,0.004571269,-0.009331637
100.568535,0.0070260004,0.0044643106,-0.008848072
100.58478,0.0075533628,0.004944518,-0.007770438
100.6016,0.008440801,0.0049681845,-0.006649706
100.618385,0.009182701,0.0049426495,-0.00601392
100.63471,0.010011916,0.0053243344,-0.004768494
100.65178,0.010302191,0.0055859354,-0.004136734
100.668304,0.010696575,0.0058078077,-0.0027800258
100.68486,0.011327894,0.005919519,-0.0015068898
100.701546,0.012022198,0.006327796,-0.00024122738
100.71838,0.012049191,0.0065817446,0.0003415354
100.735275,0.012785389,0.0069771516,0.0015677471
100.75182,0.013394844,0.00661543,0.002209513
100.76852,0.014037114,0.0071832878,0.0031379017
100.78472,0.014502426,0.0072558927,0.004286343
100.80153,0.014874046,0.0071265777,0.0053299707
100.818275,0.015110583,0.0071974904,0.0059280186
100.834915,0.015540106,0.007363602,0.006925136
100.8517,0.015535073,0.0074008745,0.0075116185
100.868484,0.015619497,0.007514932,0.008532381
100.88584,0.015932154,0.0077157617,0.009351649
100.90267,0.015809339,0.007842424,0.009963645
100.91897,0.015614892,0.0076805293,0.010670172
100.93529,0.01587235,0.00701421,0.01143246
100.95155,0.0160864,0.0070130564,0.011433321
100.968216,0.016001716,0.007297449,0.01200887
100.98504,0.015981674,0.006397312,0.01271216
101.00176,0.016058603,0.005470435,0.013581938
101.01839,0.015814811,0.004924454,0.014231934
101.034874,0.015709983,0.004176677,0.01483652
101.05157,0.015571719,0.0038302178,0.015209999
101.068924,0.015186235,0.0029445135,0.015956568
101.085266,0.014731329,0.0027068935,0.016481621
101.10187,0.014566237,0.0023576443,0.016794594
101.11916,0.013985685,0.0015365795,0.017453002
101.13588,0.013844032,0.0010002917,0.01792498
101.15206,0.013573575,0.0009449891,0.018178301
101.16881,0.012896973,0.00071680924,0.01859335
101.18542,0.012438693,0.00038701153,0.018922903
101.201584,0.012014148,0.000170001,0.018972447
101.21816,0.011100321,-0.00053773646,0.018985376
101.235664,0.009838983,-0.001634143,0.018651852
101.25186,0.009309821,-0.0016555618,0.01836038
101.26877,0.008193291,-0.0027330874,0.017560756
101.28591,0.007084809,-0.0034315912,0.01661959
101.301735,0.006474413,-0.003795285,0.016016738
101.31843,0.005547147,-0.0045187958,0.014596661
101.335655,0.004429765,-0.0051362966,0.013079765
101.35189,0.0042425497,-0.0059833615,0.012339276
101.368546,0.002958378,-0.0066003148,0.010703773
101.38558,0.0017253333,-0.0070977765,0.008625001
101.40165,0.0012753418,-0.0072130677,0.0075787166
101.41837,0.00017184141,-0.008356347,0.0056001237
101.435265,-0.0010579891,-0.009013741,0.003667167
101.45207,-0.0013775937,-0.008878379,0.0025859065
101.468666,-0.0019469125,-0.008753623,0.00022175952
101.485115,-0.0026088983,-0.00904177,-0.0009021446
101.50204,-0.0039039273,-0.009730672,-0.003150488
101.51886,-0.004415525,-0.009433617,-0.0056145475
101.53543,-0.0048643267,-0.009578163,-0.006938127
101.55198,-0.005423174,-0.010015139,-0.009221957
101.568565,-0.0060536093,-0.009920126,-0.011364472
101.58515,-0.005858739,-0.009914108,-0.012382254
101.60162,-0.00623863,-0.009959205,-0.01467092
101.61875,-0.006400473,-0.0094902525,-0.016545998
101.63516,-0.0068745655,-0.0093041025,-0.01739013
101.65189,-0.0067428923,-0.008831395,-0.018905332
101.66954,-0.0068408744,-0.0081939595,-0.019984929
101.685425,-0.006654317,-0.007821444,-0.020586342
101.70151,-0.0068747588,-0.0070301043,-0.021436306
101.718506,-0.007024853,-0.006127842,-0.022257011
101.735176,-0.006691271,-0.0055379826,-0.022489399
101.75199,-0.0068451082,-0.004860249,-0.023139972
101.768524,-0.006851689,-0.004041209,-0.02358156
101.78524,-0.0066332095,-0.003667262,-0.023797924
101.80188,-0.0064190947,-0.0021802934,-0.024109945
101.8199,-0.006099637,-0.0010348235,-0.024650905
101.835495,-0.006159983,-0.00060639845,-0.024810405
101.851654,-0.0059838933,0.0003567746,-0.025130939
101.86955,-0.005425704,0.0018037233,-0.025464717
101.88538,-0.005421005,0.0023810768,-0.025630679
101.90152,-0.0050837756,0.0032619014,-0.025850158
101.91849,-0.0046945196,0.003960233,-0.025926685
101.935005,-0.0046903994,0.005000981,-0.026184399
101.95183,-0.0043506916,0.0064125382,-0.026447397
101.96857,-0.0038557565,0.0065490487,-0.026486728
101.98512,-0.003591453,0.0077742403,-0.02664811
102.0017,-0.0030157077,0.008496274,-0.026614964
102.01839,-0.0026863378,0.008730608,-0.026587993
102.03544,-0.0022072142,0.009386032,-0.026343195
102.05189,-0.0015881842,0.010339269,-0.02615181
102.06845,-0.0013388869,0.010711685,-0.026082622
102.08536,-0.00075408816,0.011178944,-0.025841359
102.10179,-0.00012535368,0.011506299,-0.025473278
102.11866,0.00013003123,0.011742839,-0.02522524
102.13532,0.00052757957,0.012701524,-0.024813263
102.1523,0.0013065657,0.012648037,-0.024200447
102.168175,0.002095033,0.012830114,-0.023787124
102.18464,0.0024799216,0.013084753,-0.022856653
102.20147,0.002923403,0.013721234,-0.02217628
102.218124,0.003237711,0.0139815165,-0.021727178
102.23487,0.0034266145,0.013996119,-0.020639969
102.25151,0.003906846,0.014202306,-0.019496812
102.26817,0.0046265326,0.014442726,-0.01848001
102.28486,0.004907726,0.014357328,-0.01722529
102.301445,0.0052077263,0.0143600935,-0.017223354
102.318214,0.0057104803,0.014309559,-0.015817493
102.33518,0.005928623,0.014387493,-0.0144841075
102.351776,0.0062578376,0.014228896,-0.013102122
102.368416,0.0062235007,0.013916376,-0.011397026
102.385086,0.006666182,0.013728567,-0.009821085
102.40165,0.007215418,0.0140072275,-0.009089852
102.4188,0.0071946937,0.013869354,-0.007438877
102.435036,0.007398712,0.0130686695,-0.005593476
102.451675,0.007676246,0.0128823435,-0.0045375223
102.46834,0.0077669937,0.0130484775,-0.0027296518
102.48486,0.007772198,0.012019722,-0.0008020191
102.501625,0.0077533014,0.011602848,0.00026843787
102.51825,0.007801652,0.010756947,0.0023309959
102.53505,0.007017751,0.009828919,0.004285756
102.551414,0.007092681,0.009401887,0.0052260654
102.568275,0.0070698587,0.007934852,0.0073763556
102.584755,0.0072700675,0.0072228606,0.009360093
102.60196,0.0069344,0.006807834,0.010330838
102.61837,0.006658503,0.0055152546,0.012180815
102.63516,0.00680179,0.004964679,0.013179731
102.651825,0.006392545,0.0037663432,0.015105154
102.66841,0.005993955,0.0033211708,0.016790051
102.68511,0.00547893,0.0027860582,0.018414224
102.70213,0.0053917705,0.0021495665,0.019283118
102.718636,0.0049911775,0.0013903321,0.020751983
102.735306,0.004581563,0.0005913972,0.021966616
102.7518,0.004621343,0.0003123213,0.022570884
102.76874,0.0038550128,-0.00072012236,0.023811463
102.78511,0.003602843,-0.0010204385,0.02444941
102.802246,0.0032209628,-0.0019138714,0.025497338
102.818474,0.0024713515,-0.0026302133,0.02649732
102.83513,0.0021344882,-0.003334757,0.027022801
102.85174,0.0022097307,-0.004009964,0.027455755
102.86883,0.0010988881,-0.0052518384,0.028689781
102.88548,0.000881079,-0.0058493153,0.02899771
102.90195,0.00044848374,-0.0069288374,0.029564898
102.91895,0.0000213989,-0.007988046,0.030145708
102.9351,-0.00014413043,-0.00861697,0.030330215
102.95219,-0.00064974825,-0.009453788,0.030766446
102.96893,-0.0013580023,-0.010690054,0.031171821
102.98536,-0.0013452134,-0.011202717,0.031330593
103.00184,-0.0019430324,-0.012067413,0.031518843
103.01867,-0.0025950773,-0.012628631,0.031802643
103.035126,-0.0024037524,-0.013195164,0.031855628
103.051865,-0.002878203,-0.013665491,0.031941075
103.06866,-0.003249976,-0.0138932,0.031957354
103.085686,-0.003645021,-0.014935755,0.0318681
103.101875,-0.003951654,-0.015442104,0.03178969
103.11919,-0.0040229526,-0.015542559,0.0314627
103.13527,-0.0043273466,-0.015719082,0.031352084
103.152016,-0.00478131,-0.016507726,0.03105283
103.16924,-0.0052961293,-0.016508015,0.030677974
103.18563,-0.0053062104,-0.016544485,0.030377839
103.20191,-0.005476734,-0.016324604,0.029849222
103.21924,-0.0055913315,-0.016669208,0.029333085
103.23539,-0.005549467,-0.016517548,0.029003046
103.25185,-0.0054488583,-0.016407337,0.028319707
103.26842,-0.0048479144,-0.015978612,0.027952781
103.285385,-0.005183808,-0.015907295,0.027310453
103.30236,-0.0051742005,-0.015347181,0.026501702
103.31864,-0.005078911,-0.014333583,0.025691645
103.33527,-0.0048996275,-0.014192576,0.025265714
103.35231,-0.0048184767,-0.013677893,0.024386704
103.36904,-0.004891898,-0.012822594,0.023442658
103.38577,-0.0047070663,-0.012101238,0.022961617
103.40207,-0.0044253413,-0.010946323,0.02192698
103.41869,-0.004263835,-0.01079644,0.021466583
103.43539,-0.004036613,-0.010036013,0.020549119
103.45273,-0.0037993465,-0.008533768,0.01955889
103.468475,-0.0037505906,-0.0077373656,0.01909143
103.48471,-0.0035047415,-0.0070772325,0.018262519
103.50225,-0.0032464447,-0.0055206968,0.017484426
103.51878,-0.0029065898,-0.0046572103,0.017072428
103.53517,-0.0026870484,-0.003486717,0.016251003
103.55212,-0.0023555038,-0.0021110093,0.015559965
103.56846,-0.002121914,-0.0015289368,0.015181546
103.58529,-0.0015843753,0.00012117233,0.014519787
103.602264,-0.0015424379,0.0016723903,0.014012426
103.61873,-0.0008499233,0.0024855118,0.013822653
103.63511,-0.0003427622,0.004302688,0.013410647
103.65227,0.0003806957,0.00627605,0.013044301
103.66857,0.00068823126,0.007780767,0.0128033105
103.685165,0.0011660223,0.009538683,0.01258851
103.701706,0.0015421881,0.009536494,0.01259054
103.71834,0.002102706,0.01088814,0.012222402
103.735214,0.0023615367,0.01228283,0.011904301
103.75191,0.002961474,0.013633138,0.011741175
103.76833,0.003385838,0.014685544,0.011519378
103.78527,0.0034789362,0.015836563,0.0112182945
103.80178,0.0038682355,0.015834443,0.011221425
103.818474,0.0038914583,0.016850619,0.010914229
103.835236,0.0038882536,0.017466305,0.010693966
103.85213,0.0045763035,0.017940253,0.010533227
103.868576,0.0043566753,0.018695014,0.0102779195
103.88512,0.0045300797,0.019223752,0.010119816
103.90193,0.004821927,0.019486064,0.010040317
103.91901,0.0046301065,0.02002672,0.009873367
103.93526,0.0044035357,0.020216638,0.0096885525
103.95166,0.0048238696,0.020361701,0.009598432
103.9684,0.004166603,0.020789396,0.009473358
103.984825,0.0041077696,0.020877207,0.009196807
104.0018,0.0042622695,0.020895554,0.00911209
104.01871,0.0037866533,0.02079624,0.008935567
104.03477,0.003316643,0.020575332,0.008529042
104.05192,0.0033297325,0.020587713,0.008414027
104.06846,0.0027604196,0.020637305,0.008083088
104.08503,0.0022567282,0.020143762,0.007931133
104.10158,0.002761269,0.019791156,0.007854319
104.118,0.0021968496,0.019520586,0.007741851
104.134575,0.0018114629,0.019214492,0.007665466
104.15137,0.0013280789,0.018236382,0.007552379
104.16801,0.0009862025,0.01720393,0.0076164054
104.18472,0.0011333139,0.016973114,0.0075648837
104.201515,0.00047777002,0.016225046,0.0074793003
104.21801,-0.00036645617,0.015069384,0.0075097564
104.23525,-0.00016021945,0.014517866,0.0075842235
104.25162,-0.00088560843,0.0135791935,0.007627103
104.26836,-0.001581858,0.012858991,0.0075031244
104.28519,-0.0015446497,0.012570469,0.007568789
104.301544,-0.002184797,0.011120188,0.0076903026
104.31826,-0.0027926795,0.010537744,0.0077149044
104.33482,-0.0029252488,0.0099876905,0.007731304
104.35153,-0.0040263785,0.008658077,0.0076852106
104.36806,-0.0050392733,0.007487148,0.0074534235
104.3849,-0.005042131,0.0068093026,0.0071372488
104.401344,-0.0058073085,0.0055487542,0.006465744
104.41806,-0.006540264,0.0037650648,0.005783143
104.43489,-0.00716914,0.0032618907,0.0053065666
104.4512,-0.007812055,0.002560185,0.0043782378
104.467766,-0.008660089,0.001374718,0.0031885724
104.48486,-0.0091983685,0.0008411936,0.0026906573
104.50113,-0.01006591,-0.0006056896,0.0015301503
104.517876,-0.010739924,-0.000999125,0.00016013483
104.534805,-0.010783619,-0.0014123567,-0.00051916455
104.55172,-0.011886625,-0.002737239,-0.0018435987
104.56835,-0.01244383,-0.0035856566,-0.0030594456
104.585106,-0.012055551,-0.0038085014,-0.003723652
104.60155,-0.012344331,-0.0043636397,-0.0050321766
104.61824,-0.01290927,-0.0055543827,-0.0062294845
104.635,-0.013177849,-0.0059726406,-0.0068457033
104.65208,-0.013370678,-0.0064463285,-0.008164162
104.66878,-0.013746752,-0.007370849,-0.009507175
104.68498,-0.013869857,-0.007665086,-0.010156203
104.701485,-0.014021942,-0.008677685,-0.011282756
104.71879,-0.014098814,-0.008345519,-0.0125813335
104.73517,-0.014199842,-0.008701831,-0.013163736
104.75205,-0.014737827,-0.009283931,-0.014152214
104.768364,-0.013907886,-0.009574867,-0.014571973
104.785255,-0.0143215135,-0.009797504,-0.01566831
104.80184,-0.01411949,-0.00957071,-0.016721014
104.81838,-0.013933032,-0.00979131,-0.01718879
104.83566,-0.013505736,-0.010319065,-0.017965028
104.851654,-0.012972976,-0.010477471,-0.018912433
104.86836,-0.012872832,-0.010313596,-0.019418214
104.88487,-0.012538223,-0.010000613,-0.020297298
104.901566,-0.011839438,-0.009863446,-0.020654736
104.91912,-0.01137217,-0.009675876,-0.021421762
104.93526,-0.010911829,-0.008976663,-0.022232255
104.951996,-0.010306809,-0.008576083,-0.022738937
104.968796,-0.0097370725,-0.008408782,-0.022900105
104.98646,-0.009219027,-0.007979558,-0.023111653
105.00259,-0.008579013,-0.007191319,-0.023214983
105.018265,-0.0073849717,-0.0068940152,-0.023162097
105.03494,-0.0068261153,-0.0063961498,-0.023073932
105.05193,-0.0061003347,-0.0058757155,-0.022887614
105.06833,-0.005230689,-0.005504418,-0.02280096
105.08502,-0.004519828,-0.0044154986,-0.022494417
105.10279,-0.0038873982,-0.004002266,-0.022193791
105.11902,-0.0030654464,-0.0028990693,-0.021817341
105.13508,-0.0024805234,-0.0021616968,-0.02130379
105.15163,-0.0020457804,-0.002157057,-0.021304173
105.1683,-0.0012187505,-0.0012717884,-0.020822061
105.18543,-0.00032902308,-0.000011112026,-0.020244308
105.202,0.00021663807,0.0012920528,-0.019649273
105.21854,0.001159361,0.0022015297,-0.019014861
105.23644,0.0016580364,0.0030079256,-0.018362595
105.25243,0.0021573813,0.0035852562,-0.018100709
105.268326,0.0027189993,0.0045798738,-0.017659785
105.28562,0.0031011272,0.005515024,-0.01709218
105.30257,0.003198624,0.0058670477,-0.01681749
105.3185,0.003750303,0.0069704843,-0.016415026
105.33547,0.00424018,0.007963128,-0.016073918
105.35224,0.0053090644,0.00821782,-0.015843663
105.36921,0.0056472006,0.0087565435,-0.015333204
105.3853,0.0061124214,0.009970888,-0.014972826
105.4028,0.006241246,0.010669498,-0.014690966
105.4188,0.0068712407,0.011351761,-0.013993063
105.43501,0.007690918,0.011589236,-0.0132194
105.45356,0.00774592,0.011851473,-0.01274418
105.46875,0.008275673,0.0126379905,-0.011884991
105.48503,0.009129285,0.0126135545,-0.01135195
105.50302,0.00906662,0.012659746,-0.010143167
105.51862,0.00927524,0.012768431,-0.008938924
105.53542,0.009133216,0.012592073,-0.0075774337
105.55179,0.009478621,0.012371258,-0.0068703517
105.56842,0.009818162,0.011969027,-0.005496307
105.58535,0.009780677,0.011201455,-0.0039438466
105.6022,0.009582903,0.01071972,-0.0031225707
105.61895,0.009412883,0.010318977,-0.0015747689
105.635704,0.009401883,0.009897075,0.000111561465
105.651955,0.009210626,0.009314094,0.0009362208
105.668304,0.008837226,0.008372621,0.0024839628
105.68504,0.0092139235,0.00804308,0.0032601177
105.70146,0.008854525,0.0073483284,0.004851279
105.71847,0.008432584,0.006293811,0.0064400625
105.73505,0.0078996755,0.005516048,0.0073586428
105.75148,0.0073051592,0.004379976,0.008974456
105.76886,0.006722224,0.0033764723,0.010533359
105.78509,0.0068958397,0.0027724125,0.011226171
105.80143,0.00602498,0.0006859154,0.012697316
105.8183,0.005249947,-0.0005718451,0.014011968
105.83528,0.00514223,-0.0012495131,0.014642792
105.85183,0.003950835,-0.0030140358,0.015835404
105.868164,0.004078996,-0.003838218,0.016398126
105.88477,0.0033378962,-0.005556371,0.017546903
105.90194,0.002328918,-0.0070972447,0.018476648
105.91838,0.001884744,-0.008166591,0.01900448
105.935165,0.00091792323,-0.009712324,0.019846145
105.95167,0.00026438298,-0.011281468,0.020665986
105.96863,0.00009620394,-0.012209765,0.021052148
105.9853,-0.00031746126,-0.014023086,0.021969404
106.001785,-0.0010014786,-0.015667817,0.022810705
106.018524,-0.0011796353,-0.016120354,0.023200711
106.03513,-0.001803956,-0.017866394,0.023967957
106.05208,-0.00293704,-0.019401602,0.024725959
106.06849,-0.0025337986,-0.019898016,0.025074793
106.08507,-0.0032670915,-0.020963164,0.025630983
106.10179,-0.0038487774,-0.022183716,0.026104039
106.11863,-0.0035699764,-0.02262484,0.026351353
106.13497,-0.0038754276,-0.02367111,0.026814103
106.15181,-0.0044768797,-0.024236796,0.027052894
106.16852,-0.0041792956,-0.024579981,0.027148057
106.184875,-0.0044928654,-0.025632141,0.02742648
106.20179,-0.0045763515,-0.02640606,0.02759429
106.21832,-0.0048986007,-0.026634032,0.027664542
106.235176,-0.005013732,-0.02739882,0.027641416
106.251945,-0.0045078956,-0.027405743,0.027634418
106.268486,-0.0042793388,-0.027628586,0.027461162
106.28503,-0.00477789,-0.02766465,0.02725894
106.30183,-0.0048655714,-0.027155597,0.026903182
106.31846,-0.004935822,-0.027209444,0.026502753
106.33505,-0.0048743677,-0.027208796,0.025807897
106.35173,-0.004372073,-0.027215237,0.025801023
106.36821,-0.0045043784,-0.026583405,0.024743026
106.38488,-0.0047243256,-0.026620805,0.023448514
106.40158,-0.0050800997,-0.026702149,0.021944065
106.418304,-0.005334831,-0.026150992,0.020155026
106.43505,-0.0051570833,-0.02553952,0.018123357
106.45177,-0.0049396083,-0.025352905,0.017126206
106.46826,-0.0046918485,-0.024640478,0.01510135
106.485054,-0.0041748737,-0.023254337,0.013062287
106.50173,-0.003752508,-0.022751858,0.011960704
106.51812,-0.0033906095,-0.02195407,0.009930633
106.5354,-0.0031294976,-0.021235865,0.008831477
106.55162,-0.0026324235,-0.020199157,0.006739007
106.56836,-0.0023934513,-0.018543582,0.004588902
106.58499,-0.0017403633,-0.01816364,0.002586821
106.60193,-0.001443031,-0.017413419,0.0015732755
106.61834,-0.00047186457,-0.015789859,-0.0004983885
106.63454,-0.000094861214,-0.015257643,-0.0015171112
106.6513,0.00055044587,-0.01435048,-0.0034720928
106.66803,0.0011355767,-0.0131382495,-0.005367877
106.684944,0.0020565852,-0.012401983,-0.0063685374
106.70178,0.0026545743,-0.010804505,-0.008415153
106.718285,0.0031255127,-0.010206473,-0.010351452
106.735435,0.003897063,-0.009890262,-0.011271894
106.75187,0.004978308,-0.008033511,-0.013095859
106.7687,0.0059287674,-0.0066816914,-0.014835546
106.78528,0.0062538013,-0.006329002,-0.01556772
106.80224,0.0067386734,-0.0050049117,-0.017004924
106.818954,0.0077061295,-0.003785483,-0.018431723
106.835655,0.008225069,-0.0029205794,-0.01913
106.85154,0.0085829245,-0.0025350126,-0.020382453
106.86868,0.0094398605,-0.0017802323,-0.021474557
106.88517,0.009911114,-0.0010190282,-0.021995693
106.90192,0.010506687,0.000028544704,-0.0229224
106.91863,0.010833054,0.0009455713,-0.023606798
106.935295,0.011163814,0.0012519973,-0.02388598
106.952484,0.011543514,0.002453306,-0.024520505
106.96878,0.011921495,0.0027784533,-0.024965867
106.985695,0.011925115,0.0028667385,-0.025098057
107.002075,0.011961728,0.0027832792,-0.025188738
107.01855,0.011710971,0.0032432687,-0.025421225
107.035385,0.012469825,0.003181687,-0.02547871
107.05214,0.011880252,0.0026313248,-0.025549715
107.06946,0.011458276,0.002166565,-0.025641534
107.08542,0.011259778,0.0021351078,-0.025641093
107.10158,0.01039792,0.001898868,-0.025707655
107.118286,0.010226154,0.0015874773,-0.025734311
107.13533,0.009227224,0.00059920904,-0.025746537
107.15186,0.008203669,-0.00010755218,-0.025818828
107.168076,0.008187653,-0.00022109476,-0.025905719
107.185356,0.006690811,-0.00081282173,-0.026008248
107.201744,0.0053169206,-0.0017644381,-0.026005726
107.21889,0.003781974,-0.00256762,-0.025915137
107.23619,0.0036499691,-0.0030025765,-0.025827685
107.251915,0.0021611939,-0.004004305,-0.025610372
107.26825,0.0012424012,-0.004392199,-0.025450893
107.28535,-0.00012333969,-0.0054262197,-0.02504578
107.302055,-0.0014250769,-0.0062759276,-0.024646739
107.31882,-0.0022571415,-0.006612968,-0.024458801
107.33543,-0.004165561,-0.007919078,-0.023932861
107.351776,-0.0056833783,-0.009280001,-0.02329199
107.368546,-0.0060952585,-0.0097496975,-0.023021787
107.38544,-0.0077891317,-0.011116581,-0.02242334
107.40199,-0.009891476,-0.012850656,-0.02182016
107.41861,-0.010165077,-0.013593199,-0.021525256
107.43553,-0.011728144,-0.014988284,-0.021069538
107.45206,-0.013783714,-0.016575033,-0.020709725
107.46854,-0.014387909,-0.017590582,-0.02052336
107.48524,-0.016096111,-0.01917965,-0.020325208
107.50199,-0.017856989,-0.020210207,-0.020151531
107.51859,-0.018569937,-0.020796066,-0.020145554
107.535255,-0.02003722,-0.022550702,-0.01996904
107.552216,-0.021777553,-0.023387488,-0.019821335
107.568275,-0.023364024,-0.024364822,-0.019790182
107.58516,-0.022832585,-0.02435981,-0.019796861
107.60198,-0.024137693,-0.024952635,-0.019651035
107.61856,-0.025344431,-0.026029145,-0.019333584
107.63487,-0.02649603,-0.02655784,-0.018973455
107.6515,-0.027317386,-0.027191704,-0.018530838
107.66858,-0.028021391,-0.028198088,-0.017906327
107.68528,-0.027452074,-0.028192848,-0.017914262
107.70178,-0.028165791,-0.028404573,-0.017312216
107.71853,-0.0291012,-0.028980922,-0.016463192
107.73498,-0.029819256,-0.029486807,-0.015833924
107.75162,-0.029372443,-0.029312432,-0.015556901
107.76852,-0.029451862,-0.029246073,-0.01494919
107.78481,-0.029548602,-0.028858775,-0.014345841
107.80165,-0.029670183,-0.028749984,-0.014014827
107.81848,-0.029193563,-0.028244788,-0.013412143
107.83469,-0.029204946,-0.027785059,-0.012735493
107.8515,-0.028597085,-0.027297495,-0.012392615
107.86798,-0.028302494,-0.02658469,-0.011670323
107.88496,-0.028025337,-0.025634943,-0.010887045
107.901535,-0.02728731,-0.025299646,-0.010537374
107.91885,-0.026666792,-0.024086285,-0.009694867
107.935265,-0.026192741,-0.023407822,-0.008935483
107.95182,-0.025681224,-0.022760453,-0.008565241
107.96853,-0.02460318,-0.02087722,-0.0078519285
107.985016,-0.023630563,-0.019280924,-0.007261761
108.001656,-0.023070494,-0.018811567,-0.006908962
108.01852,-0.02193788,-0.017136542,-0.006267453
108.03511,-0.021143908,-0.015938964,-0.0059948284
108.051575,-0.019771952,-0.01419319,-0.005408051
108.068565,-0.018750824,-0.012575281,-0.004676687
108.085304,-0.018133523,-0.011618127,-0.004326633
108.101746,-0.0167815,-0.009241686,-0.003554938
108.11831,-0.01582607,-0.008254068,-0.0031964718
108.13535,-0.014195993,-0.0063704723,-0.00240854
108.15161,-0.012513554,-0.0046169497,-0.0015026456
108.16814,-0.010860158,-0.0023726735,-0.0007456124
108.18489,-0.010095401,-0.0012599943,-0.00034340777
108.20153,-0.0083154645,0.00040795395,0.00048196077
108.21816,-0.0065646246,0.0017066416,0.0013917495
108.23485,-0.0054189577,0.002753598,0.0018090665
108.25167,-0.003876367,0.0044495356,0.0026121368
108.268234,-0.0025307257,0.0049275127,0.0030564475
108.28522,-0.00085537526,0.0061108475,0.004011884
108.301735,0.0008013582,0.007642218,0.0048756837
108.317986,0.0020981028,0.00882427,0.005728673
108.33472,0.0030191452,0.008818445,0.0062396163
108.351715,0.0041127778,0.009003122,0.007155661
108.36858,0.005213183,0.009327231,0.007872678
108.38526,0.006472411,0.0098289,0.008188527
108.40192,0.0072382865,0.009436551,0.008797914
108.41865,0.008098356,0.008464264,0.009450738
108.43521,0.009112661,0.008401468,0.009751738
108.451904,0.009923998,0.008406159,0.00997229
108.46876,0.01112089,0.007234378,0.010575744
108.48527,0.011517213,0.0068413774,0.0108172465
108.50239,0.012133538,0.006107271,0.0111880945
108.51901,0.012631366,0.0055978308,0.011407776
108.5354,0.012996759,0.0050641536,0.01150213
108.551926,0.013321068,0.0040883967,0.011635711
108.56921,0.013697638,0.0026197354,0.011684316
108.58529,0.0142927915,0.0019507266,0.011629705
108.60222,0.014312822,0.00008371291,0.0116236145
108.61879,0.014357314,-0.00076133135,0.01163047
108.635025,0.014258337,-0.0026017928,0.011617582
108.65193,0.014587129,-0.0042131767,0.01148081
108.669846,0.014511582,-0.006479234,0.011333854
108.6853,0.0142415175,-0.007539607,0.011231064
108.70189,0.014092767,-0.009529696,0.011085915
108.718575,0.014570562,-0.010449783,0.010950689
108.73509,0.013887086,-0.012523879,0.010781169
108.75205,0.013404032,-0.014328138,0.010677954
108.76834,0.01359126,-0.01553995,0.010657348
108.78523,0.013068133,-0.01694396,0.010654573
108.801735,0.012563258,-0.018683031,0.010719106
108.81827,0.012089033,-0.019885655,0.010898998
108.83532,0.011110425,-0.021811632,0.011077858
108.85165,0.010303284,-0.023530139,0.011377056
108.86873,0.010166076,-0.024177322,0.011492285
108.885414,0.009530478,-0.026947275,0.011928097
108.90284,0.008478897,-0.02875876,0.012444364
108.9192,0.008114734,-0.029989498,0.012595325
108.93522,0.007090033,-0.03254772,0.013195963
108.95221,0.0065029953,-0.034160677,0.013561251
108.968796,0.0052271,-0.038955543,0.014739259
108.98567,0.004039192,-0.042207494,0.015490054
109.00215,0.004642712,-0.042212334,0.015477376
109.01923,0.0033486001,-0.046213336,0.016328935
109.03535,0.0021312889,-0.049669363,0.017086642
109.052635,0.00097961,-0.05276121,0.017869158
109.07031,-0.0003104528,-0.056287438,0.018831292
109.08538,-0.00081046676,-0.058280468,0.019412406
109.10232,-0.0030012915,-0.06272605,0.021242157
109.118515,-0.0032898057,-0.06398753,0.021849595
109.13574,-0.004463471,-0.06780294,0.023556357
109.15268,-0.0057255016,-0.0705044,0.025409944
109.16895,-0.005878265,-0.071626835,0.026381217
109.18562,-0.006892532,-0.07368696,0.02822975
109.202095,-0.0073103854,-0.07531524,0.029232763
109.21879,-0.008348874,-0.07733819,0.031402968
109.23545,-0.009045431,-0.0782293,0.033407636
109.25238,-0.009050554,-0.07844151,0.034404427
109.26847,-0.009857595,-0.07875714,0.036418572
109.286095,-0.010969856,-0.07857026,0.038533002
109.30232,-0.011089867,-0.07811417,0.03957667
109.31961,-0.0119286645,-0.07647809,0.041606985
109.33565,-0.012755249,-0.07504417,0.043718867
109.35215,-0.012683899,-0.07422352,0.044779547
109.36912,-0.013227775,-0.071926765,0.046889
109.38608,-0.013986134,-0.06910056,0.048763916
109.40182,-0.014138502,-0.06756146,0.04969873
109.41858,-0.015009361,-0.06460466,0.051645253
109.43561,-0.015499413,-0.06113614,0.05355389
109.45197,-0.014989731,-0.059271723,0.054439962
109.46896,-0.015237349,-0.055861045,0.056008305
109.485275,-0.014893262,-0.054315865,0.056718457
109.502144,-0.014757412,-0.050358176,0.057789784
109.51869,-0.014401776,-0.048301615,0.058218308
109.53518,-0.013878426,-0.044575818,0.058734324
109.551704,-0.01392341,-0.04050402,0.058785293
109.56864,-0.013162165,-0.036744285,0.058452614
109.58484,-0.01259051,-0.035097435,0.058141436
109.601685,-0.011870159,-0.031860743,0.057319317
109.61887,-0.011530875,-0.028206274,0.05625255
109.63531,-0.010773636,-0.026481813,0.05560622
109.651794,-0.0100314515,-0.023599196,0.054177277
109.66852,-0.009570295,-0.020777851,0.052659374
109.684944,-0.008769067,-0.019242989,0.051766954
109.70154,-0.0075738914,-0.01626997,0.049874116
109.718445,-0.006847882,-0.013919563,0.047817167
109.735245,-0.0056173396,-0.012734847,0.046763986
109.75199,-0.0041895867,-0.0101780025,0.044484045
109.7683,-0.0029695823,-0.007878004,0.042081412
109.78505,-0.002558188,-0.0069274926,0.04084164
109.8017,-0.00069853227,-0.004894427,0.03830319
109.81838,0.0007667627,-0.0028637333,0.035691373
109.83532,0.0015202254,-0.0018830692,0.034348685
109.85193,0.003121481,0.000023735203,0.031670645
109.86816,0.0049240924,0.00084248005,0.030331135
109.88483,0.006725949,0.002401777,0.027646372
109.90166,0.008281316,0.0039398917,0.024983222
109.91844,0.009375316,0.004496239,0.02369977
109.93517,0.011373627,0.0056833033,0.02115412
109.95187,0.013391411,0.006665257,0.018664008
109.96863,0.0152708795,0.00731406,0.01620628
109.984955,0.015924519,0.0075768945,0.014998852
110.00178,0.017692978,0.008356216,0.012490623
110.01836,0.019452002,0.00850197,0.011210024
110.035095,0.020789254,0.008516733,0.008707531
110.05182,0.02260449,0.008828428,0.0062479223
110.06816,0.023865547,0.008870477,0.0050543603
110.08481,0.025619458,0.008268056,0.0026770835
110.10171,0.027244257,0.007570045,0.00040498792
110.118706,0.027817039,0.0071131242,-0.0007095145
110.13499,0.029423239,0.006547148,-0.002934426
110.151634,0.030404277,0.006047108,-0.005043265
110.1681,0.031352643,0.0053153043,-0.006068707
110.184906,0.032294143,0.0038286587,-0.008045175
110.20161,0.032895893,0.0029263122,-0.009921537
110.218666,0.033941656,0.002254224,-0.0108192
110.234924,0.034848075,0.00040290842,-0.012573763
110.25166,0.03556535,-0.0015368641,-0.014100823
110.26807,0.035474915,-0.0024458375,-0.014866677
110.28513,0.036272958,-0.0044089733,-0.016181977
110.301575,0.036408957,-0.0070345863,-0.017361991
110.31858,0.03623203,-0.009430542,-0.01830298
110.33575,0.03594227,-0.011804311,-0.019069638
110.352486,0.036588073,-0.011798222,-0.019073559
110.36897,0.036514834,-0.014746308,-0.019492127
110.38503,0.03601742,-0.017728442,-0.019614225
110.401924,0.03499125,-0.020640086,-0.019700356
110.41882,0.034151983,-0.024472788,-0.0195456
110.43522,0.033182308,-0.028424444,-0.019108405
110.45229,0.033800855,-0.028418584,-0.019117229
110.468575,0.03271914,-0.032207537,-0.018582484
110.48537,0.02956817,-0.03883142,-0.017553627
110.50206,0.02979181,-0.041031145,-0.017167844
110.51876,0.028068503,-0.04535864,-0.01620137
110.53525,0.0260453,-0.049486693,-0.015248514
110.55209,0.025258988,-0.051401295,-0.01471763
110.568924,0.023099491,-0.055488005,-0.013608613
110.58557,0.020900885,-0.05971815,-0.012426617
110.6023,0.019407764,-0.06161149,-0.011883995
110.61886,0.016950732,-0.065542765,-0.010626797
110.6362,0.014711777,-0.06929121,-0.009444606
110.65243,0.013825882,-0.07166266,-0.008889171
110.66902,0.011140521,-0.075191826,-0.007752477
110.68564,0.0088697905,-0.077441104,-0.006742652
110.70244,0.008220029,-0.07819677,-0.006409301
110.71868,0.005272412,-0.07967314,-0.0055281864
110.735344,0.002889411,-0.080316335,-0.0046631135
110.752144,0.002494308,-0.080275156,-0.0043117036
110.768745,0.0000032045984,-0.079953805,-0.003671718
110.785416,-0.0028489265,-0.080020815,-0.0030763233
110.802605,-0.0033135242,-0.079130515,-0.002841276
110.81872,-0.0054504895,-0.07723412,-0.0023920925
110.83569,-0.007738294,-0.07486466,-0.0021589643
110.85152,-0.009098092,-0.073933765,-0.0020834412
110.86843,-0.01101993,-0.07126702,-0.0019801906
110.88521,-0.012840357,-0.06791462,-0.0019801285
110.90178,-0.0139949415,-0.06629276,-0.002077791
110.91845,-0.016177302,-0.06267338,-0.0022148725
110.935814,-0.01783227,-0.05941321,-0.0024485157
110.95204,-0.018483626,-0.05721328,-0.0026449019
110.96877,-0.02033571,-0.05373036,-0.002959983
110.98546,-0.020269882,-0.0518164,-0.0031302657
111.00206,-0.02168406,-0.047859333,-0.0035723252
111.0192,-0.023230094,-0.04369774,-0.004089251
111.03507,-0.023615709,-0.041944906,-0.0043077967
111.05183,-0.024813183,-0.03816543,-0.004832789
111.06827,-0.024441555,-0.036009453,-0.0051387176
111.08554,-0.025759934,-0.03222307,-0.0056964555
111.10297,-0.02646385,-0.02832002,-0.0062375455
111.11928,-0.026861,-0.024584962,-0.006793446
111.13556,-0.026302759,-0.022558214,-0.0070435447
111.15228,-0.026480116,-0.018816818,-0.0075929323
111.16848,-0.026344694,-0.014868438,-0.008110194
111.18558,-0.025492143,-0.013314973,-0.0083726775
111.20145,-0.025168361,-0.0097591,-0.008853541
111.21848,-0.024708798,-0.006087365,-0.009335099
111.23503,-0.024345174,-0.00435429,-0.009572142
111.25187,-0.023503784,-0.0014311282,-0.009974508
111.26844,-0.023006594,0.0003996164,-0.010231445
111.28522,-0.021742264,0.0031703338,-0.010605563
111.301956,-0.020740496,0.006157797,-0.011058581
111.318756,-0.019592172,0.008662575,-0.011436371
111.33531,-0.018626675,0.009811847,-0.011609288
111.352325,-0.01717177,0.012516387,-0.011949693
111.36845,-0.015854666,0.014181311,-0.012121217
111.38503,-0.0141840335,0.01644333,-0.012486668
111.4016,-0.012302272,0.018289238,-0.012879562
111.41968,-0.010511649,0.020704206,-0.013224164
111.43505,-0.009018137,0.021709723,-0.013476671
111.45164,-0.007503457,0.022494918,-0.013596394
111.4682,-0.00521507,0.023965182,-0.013993594
111.484985,-0.0027172116,0.024896944,-0.014319864
111.501945,-0.0007880423,0.025601143,-0.01467147
111.518585,0.0010330036,0.025916727,-0.014830064
111.53498,0.0033044408,0.026090723,-0.015168977
111.55151,0.005211784,0.025539992,-0.015494838
111.56815,0.006551651,0.02561589,-0.015648296
111.58494,0.009185377,0.025328666,-0.015949257
111.602005,0.011770938,0.024124183,-0.01616057
111.618416,0.012731699,0.023684029,-0.016234914
111.63497,0.015167206,0.022770619,-0.016345492
111.651566,0.016981782,0.021379253,-0.016356437
111.66844,0.01859507,0.020286389,-0.01633532
111.68507,0.020077502,0.018557277,-0.016217904
111.70193,0.02184473,0.016196957,-0.01603992
111.71852,0.023710374,0.0150803225,-0.01592577
111.734985,0.025650928,0.012380718,-0.015664835
111.751945,0.027555749,0.007860336,-0.015074598
111.76855,0.028214196,0.007865299,-0.015072009
111.78515,0.03019139,0.0045950143,-0.014663215
111.80171,0.0317778,0.0007398038,-0.014189136
111.818245,0.03335634,-0.0024542997,-0.013694215
111.83498,0.03368051,-0.0041927607,-0.013414323
111.85188,0.034980793,-0.00830802,-0.012848988
111.868576,0.036210038,-0.012071693,-0.012255916
111.88501,0.036939684,-0.015463949,-0.011636382
111.901855,0.03757861,-0.015460164,-0.011641272
111.91825,0.037827052,-0.021151822,-0.010741829
111.93522,0.03797404,-0.024922665,-0.010111969
111.95142,0.038263444,-0.026451252,-0.00973259
111.96821,0.038416922,-0.02925975,-0.009008402
111.98531,0.03880583,-0.032907296,-0.00824149
112.00191,0.038821865,-0.03440945,-0.007782936
112.01828,0.038392805,-0.03785131,-0.006925301
112.03522,0.03869536,-0.039649993,-0.00638992
112.05213,0.038010444,-0.043927,-0.0055047
112.068306,0.037635997,-0.04786712,-0.0043474445
112.085846,0.03630039,-0.051437095,-0.003343946
112.101845,0.036273845,-0.053499132,-0.002866691
112.11859,0.035033364,-0.05761093,-0.0017574461
112.13591,0.03369757,-0.061474904,-0.0006577048
112.151924,0.033011332,-0.06341547,-0.000019524481
112.16866,0.031826742,-0.06763141,0.0010852562
112.185425,0.031786136,-0.07031225,0.0017555833
112.2027,0.029997878,-0.07441216,0.0029541813
112.21966,0.028484905,-0.07824173,0.004156186
112.235504,0.02810393,-0.080023505,0.0047860104
112.252174,0.026322978,-0.08368546,0.0059986967
112.268745,0.024166148,-0.086877435,0.007221499
112.28576,0.024081156,-0.08810131,0.0076829963
112.302414,0.022194883,-0.09070091,0.008700381
112.319,0.020331537,-0.09263056,0.009509304
112.33539,0.019248005,-0.09322252,0.009893943
112.35171,0.017436968,-0.09321536,0.010504663
112.36854,0.01720048,-0.09284561,0.010747162
112.38598,0.015329264,-0.09178873,0.011155038
112.40205,0.01351176,-0.08981012,0.011469873
112.419495,0.01130243,-0.086872965,0.011651308
112.43567,0.010622194,-0.08532028,0.011711463
112.45213,0.0084756,-0.081700325,0.011816912
112.46935,0.0064702476,-0.07759763,0.011821737
112.48537,0.0061695226,-0.07523667,0.011760568
112.50228,0.0039493144,-0.070740834,0.011533202
112.51893,0.0020508226,-0.06606953,0.0111187305
112.53525,0.002011838,-0.063967064,0.0108866645
112.552765,-0.0003567543,-0.05911729,0.010244728
112.56882,-0.0018402034,-0.05385241,0.009523554
112.58533,-0.0026664524,-0.051548153,0.009135028
112.60201,-0.0041071177,-0.046528332,0.008303039
112.61921,-0.0054573403,-0.041023117,0.0073122974
112.63529,-0.0051500928,-0.038460106,0.0068887025
112.65337,-0.0069982866,-0.03328626,0.0057541397
112.66915,-0.0065616914,-0.030958697,0.005277795
112.68582,-0.0076196156,-0.02579597,0.004089586
112.70228,-0.008782421,-0.021222904,0.0028945552
112.71908,-0.009303599,-0.018766478,0.002312593
112.73572,-0.009902319,-0.013973208,0.0010982436
112.75253,-0.0102166375,-0.009554218,-0.00004334769
112.768974,-0.010489531,-0.007346862,-0.0006706821
112.7855,-0.01042521,-0.0027801164,-0.0017795734
112.80233,-0.010544194,0.0014454492,-0.0028683874
112.81967,-0.010739715,0.0033801952,-0.003411289
112.83644,-0.010638366,0.007189902,-0.004414844
112.852646,-0.010503454,0.011212445,-0.0053854063
112.868675,-0.009192029,0.013063866,-0.00584578
112.8856,-0.008663952,0.01790824,-0.007041558
112.90235,-0.008000051,0.017910657,-0.0070356443
112.91913,-0.0075628906,0.0207485,-0.007748101
112.935394,-0.0064443345,0.023580542,-0.008398996
112.95229,-0.005665398,0.025360115,-0.008912201
112.96848,-0.004692324,0.02680702,-0.009346194
112.98537,-0.003717706,0.028493203,-0.009649259
113.00254,-0.0030551201,0.028496593,-0.009639882
113.01867,-0.0022167137,0.02925207,-0.009903384
113.03562,-0.001474583,0.029353779,-0.010119297
113.052414,-0.00038857083,0.02966912,-0.010258446
113.068115,0.00027752298,0.029391425,-0.01041449
113.08505,0.0008938183,0.029394515,-0.010405388
113.10232,0.0024861249,0.028315352,-0.010463941
113.11855,0.0033788865,0.027902786,-0.010393683
113.135216,0.004538149,0.027556606,-0.010374025
113.15288,0.005677424,0.026003292,-0.01026514
113.168846,0.006577887,0.024094054,-0.010129504
113.185486,0.0072725583,0.02330592,-0.0100302845
113.20204,0.0076911557,0.021553615,-0.009836009
113.21928,0.0090786815,0.01920567,-0.009601853
113.23577,0.010217108,0.01663624,-0.00938719
113.25191,0.011844302,0.015652882,-0.009256841
113.268425,0.012092825,0.014479174,-0.009083698
113.28504,0.013422567,0.011958439,-0.00878156
113.301796,0.014876397,0.008707215,-0.008456441
113.31842,0.016047377,0.0061154845,-0.008105809
113.33505,0.016263593,0.004911464,-0.007913343
113.35143,0.017440997,0.0021268767,-0.007521901
113.36865,0.018632913,-0.00089552364,-0.007081301
113.38536,0.01994736,-0.0020851095,-0.006877788
113.401855,0.020575665,-0.0047731246,-0.0063952394
113.418495,0.02142801,-0.0076349885,-0.005866416
113.435265,0.022448488,-0.009344889,-0.005574576
113.451645,0.022969453,-0.012588016,-0.0050055725
113.46833,0.02353273,-0.015238863,-0.0043961527
113.485695,0.023607835,-0.01661528,-0.004078163
113.50136,0.024243739,-0.018254602,-0.0037538495
113.51821,0.025109334,-0.022977838,-0.0027345987
113.53525,0.025069652,-0.02448462,-0.0023802186
113.55204,0.026303697,-0.025840675,-0.0020422284
113.56859,0.0260487,-0.030343045,-0.0009561491
113.58506,0.026725784,-0.031873718,-0.0006143557
113.60167,0.026967684,-0.034982838,0.00010055424
113.61854,0.027303167,-0.03762103,0.0008430134
113.63499,0.028561886,-0.038906757,0.0011712166
113.65147,0.028723968,-0.041648064,0.001893515
113.66811,0.0287922,-0.044304334,0.0025648915
113.68505,0.028900146,-0.045451846,0.0029009017
113.70172,0.028820826,-0.04762988,0.0034864033
113.71823,0.029006166,-0.048656475,0.0037351113
113.73531,0.02875013,-0.050777655,0.0042310287
113.75172,0.028367665,-0.052741066,0.0046236496
113.76837,0.028113183,-0.054306697,0.0049528223
113.78499,0.029082013,-0.055191454,0.0050244303
113.8017,0.028862566,-0.057096392,0.005142168
113.818306,0.028857313,-0.058144156,0.00517522
113.83532,0.028856445,-0.059259303,0.0051360982
113.85182,0.028633343,-0.060244113,0.00503997
113.868484,0.028245859,-0.060860362,0.0048981025
113.885605,0.028159373,-0.06155266,0.004679081
113.90199,0.02795639,-0.061499596,0.0041929497
113.918564,0.028115423,-0.06122886,0.0040132906
113.93522,0.027835436,-0.060357284,0.0034566673
113.951416,0.027493143,-0.05949855,0.0029197684
113.96846,0.028441863,-0.058406655,0.0026268668
113.98544,0.02822774,-0.055806074,0.002061848
114.002235,0.027934188,-0.05287201,0.0015116514
114.01861,0.027981149,-0.05164421,0.0012295805
114.03519,0.027590998,-0.04741353,0.0007314659
114.05219,0.027007736,-0.0423412,0.00021499813
114.06875,0.027128592,-0.03997336,-0.000085194726
114.08525,0.027160536,-0.032588165,-0.0008813637
114.10229,0.027806398,-0.03258787,-0.00089188886
114.11835,0.027516503,-0.026170444,-0.0014993125
114.13477,0.027282104,-0.018831749,-0.0020407957
114.15207,0.027299415,-0.011955141,-0.0025913673
114.16865,0.027549671,-0.0041411626,-0.003067427
114.18536,0.027394632,0.00037015026,-0.003246759
114.20229,0.027397355,0.009258915,-0.0036465328
114.21846,0.027885426,0.017950485,-0.003988251
114.235695,0.028517246,0.017951824,-0.0039825984
114.25209,0.028607087,0.026934218,-0.004143326
114.26868,0.028594233,0.036223024,-0.004228261
114.28597,0.028948117,0.04496075,-0.0043709427
114.30245,0.028942509,0.053387053,-0.004163076
114.31924,0.028704533,0.06239513,-0.0039595175
114.33527,0.02872243,0.06973247,-0.003577738
114.35169,0.028732259,0.07347277,-0.0033440073
114.36853,0.028624728,0.081018016,-0.0028617883
114.38492,0.028570022,0.08821836,-0.0021964873
114.40207,0.02845405,0.091447435,-0.0018302151
114.419304,0.02833616,0.09703239,-0.001071054
114.43563,0.028568108,0.102390364,-0.00021107249
114.452126,0.029558301,0.104980685,0.00017654659
114.46862,0.029324371,0.10951917,0.0011386306
114.485,0.029017426,0.11258829,0.0020620185
114.50229,0.028957967,0.113445766,0.0027038022
114.51857,0.028952656,0.115709096,0.003730583
114.53557,0.028430669,0.11670107,0.004847896
114.55197,0.028148672,0.11639495,0.0053917267
114.568474,0.027801234,0.1149099,0.00653788
114.585556,0.027067257,0.11336717,0.0076599987
114.60193,0.026658969,0.112370454,0.008235571
114.61874,0.025864307,0.10966332,0.009299307
114.63625,0.025014855,0.10509838,0.0102659715
114.65221,0.02479165,0.10341622,0.010783315
114.669106,0.023589447,0.098917976,0.011699565
114.685646,0.022342399,0.093322195,0.012541493
114.70239,0.021858409,0.0901207,0.012933758
114.718704,0.020637687,0.08321949,0.013610997
114.73557,0.019501435,0.07653627,0.014147846
114.75254,0.018931843,0.07316189,0.014413248
114.768684,0.017699612,0.065714434,0.014788049
114.78608,0.016465435,0.057945054,0.0150216
114.80181,0.015951706,0.053776365,0.015120056
114.81857,0.0147282705,0.046143603,0.015237911
114.83548,0.013505493,0.037922543,0.015293048
114.85227,0.013214599,0.033807654,0.015278496
114.86863,0.012021926,0.025648125,0.01519198
114.88562,0.012021361,0.02160201,0.015140941
114.90215,0.011159981,0.013473054,0.014891571
114.918686,0.009988284,0.005283398,0.014581113
114.93561,0.009519357,0.0010068116,0.014392753
114.95223,0.008712614,-0.007196325,0.013963173
114.969376,0.007947968,-0.014830861,0.013431387
114.98506,0.0073768566,-0.01872059,0.013129707
115.001884,0.0067767347,-0.026486408,0.012511592
115.01918,0.006607183,-0.034105126,0.011842031
115.03543,0.0072755055,-0.034108803,0.011830535
115.05193,0.006305262,-0.0446766,0.01064309
115.068985,0.007080631,-0.04807496,0.010255611
115.08499,0.007029433,-0.055153087,0.009363451
115.101944,0.0063618566,-0.061379828,0.008347267
115.11918,0.0064609973,-0.06674516,0.0072961254
115.135056,0.0073056575,-0.06914508,0.0067923293
115.15199,0.0075573456,-0.07429843,0.0056586647
115.16922,0.0076438016,-0.078344926,0.004450365
115.18523,0.0076614395,-0.07997871,0.0038133643
115.2021,0.007946653,-0.08262011,0.0026012228
115.21884,0.008535775,-0.08525822,0.0013005792
115.2356,0.009497601,-0.086344674,0.00063883397
115.25235,0.010144126,-0.08779043,-0.0006572335
115.26857,0.011015583,-0.08817129,-0.0012325754
115.28533,0.012151351,-0.0887168,-0.002415265
115.30196,0.013461678,-0.08941205,-0.0036215205
115.31832,0.01390581,-0.08937081,-0.004232805
115.33619,0.015061664,-0.088717714,-0.0053744945
115.35223,0.016285319,-0.08812288,-0.006479767
115.368515,0.017193217,-0.087570585,-0.0070253373
115.38501,0.018876804,-0.08620198,-0.007971766
115.40187,0.019888813,-0.083951555,-0.008761438
115.41902,0.020893188,-0.082632095,-0.009142553
115.43536,0.022831041,-0.08044833,-0.009816
115.45195,0.024579424,-0.077844545,-0.010418084
115.46858,0.02538396,-0.075799726,-0.010716337
115.48524,0.026913278,-0.071742184,-0.011133588
115.50208,0.028540459,-0.067123845,-0.011377706
115.51884,0.029822437,-0.064917676,-0.011504844
115.535515,0.0315723,-0.059330393,-0.011644115
115.55224,0.03328915,-0.05026426,-0.011565761
115.56852,0.03392815,-0.050260786,-0.011581873
115.58502,0.03545062,-0.04430442,-0.011448377
115.60174,0.036406554,-0.03716209,-0.011115504
115.61872,0.037948918,-0.029463233,-0.010661304
115.6353,0.03937411,-0.02196107,-0.010267749
115.6519,0.040006585,-0.02195787,-0.010274716
115.668495,0.041446295,-0.014086669,-0.00974808
115.6852,0.0427595,-0.0059834714,-0.009057957
115.70221,0.043916978,0.002476692,-0.008468624
115.71886,0.044810988,0.011788853,-0.0077153603
115.73532,0.045623094,0.02111859,-0.0069093755
115.75191,0.04604803,0.02551029,-0.006496176
115.76893,0.046955764,0.034843765,-0.005614976
115.78525,0.04788617,0.044830408,-0.004721937
115.80196,0.048897207,0.049246565,-0.0042499113
115.819115,0.049307723,0.057388484,-0.0033120676
115.835365,0.04930563,0.06477763,-0.0023153883
115.852455,0.049699575,0.068126634,-0.001825448
115.86878,0.049647465,0.07170722,-0.0012501347
115.885185,0.049131606,0.07911389,0.00016584451
115.90166,0.048657607,0.081231445,0.00064640865
115.9185,0.04816593,0.08528874,0.0016112094
115.93572,0.047523133,0.089120105,0.0025464396
115.95234,0.04736968,0.09047418,0.0030563232
115.969154,0.046308562,0.092066094,0.004000838
115.98547,0.045334604,0.09371613,0.004903987
116.00251,0.044785336,0.094423175,0.0054375147
116.01845,0.043365665,0.09539237,0.006372838
116.03548,0.043465115,0.09548076,0.0067574983
116.05175,0.041934237,0.09511742,0.007692077
116.068504,0.039620608,0.09548387,0.0086701475
116.08492,0.039499786,0.095360436,0.009152248
116.10149,0.037607312,0.09455833,0.010115528
116.118225,0.035234522,0.09330569,0.011002336
116.13589,0.032866407,0.09200239,0.01194694
116.15217,0.032038882,0.0913828,0.01243733
116.168976,0.029352399,0.08919417,0.013463703
116.185394,0.027353363,0.086486146,0.0144001
116.202156,0.026112765,0.085253045,0.01491644
116.21884,0.023568502,0.082715385,0.015928037
116.23552,0.022680517,0.081326865,0.016401423
116.252556,0.019785441,0.07841488,0.01737055
116.26894,0.01722193,0.07504553,0.018252594
116.28529,0.016473304,0.07333105,0.018669518
116.30275,0.013606985,0.06916407,0.019544516
116.31904,0.010953533,0.064908616,0.020327246
116.33554,0.009972507,0.062960036,0.020734455
116.35216,0.007259902,0.058632355,0.021524873
116.369545,0.004227755,0.05452057,0.022239039
116.385735,0.003091017,0.052151106,0.022607263
116.40225,0.00050494686,0.04728497,0.023204695
116.41876,-0.002253876,0.04257723,0.023675183
116.43631,-0.0031898064,0.040256698,0.023902295
116.45211,-0.0057208673,0.03541958,0.024277648
116.46944,-0.008416526,0.03064935,0.024567813
116.48534,-0.009552895,0.027781535,0.024681147
116.50203,-0.012358944,0.023558287,0.024793422
116.51909,-0.012996949,0.021206465,0.024822444
116.5353,-0.015340211,0.01649657,0.024726266
116.55218,-0.017392633,0.011619719,0.024514657
116.568855,-0.019535618,0.0069860686,0.024230126
116.58543,-0.019897396,0.004654673,0.024053652
116.6022,-0.021134887,0.0003241594,0.023587229
116.619865,-0.021335969,-0.0020275475,0.023351485
116.63603,-0.022071576,-0.005904703,0.022846172
116.65232,-0.022788992,-0.010034102,0.022298688
116.66892,-0.02288414,-0.013965503,0.021820862
116.685326,-0.022986194,-0.016073823,0.0215154
116.701645,-0.023047347,-0.01991292,0.020922406
116.71846,-0.022257864,-0.021714177,0.020581491
116.735435,-0.022089511,-0.024878629,0.019964116
116.75193,-0.021437101,-0.028220166,0.019280313
116.76866,-0.02005013,-0.029530033,0.018963018
116.78557,-0.019095294,-0.031933222,0.018376581
116.802246,-0.01790456,-0.03456359,0.01791166
116.81879,-0.016621256,-0.035509784,0.017745005
116.835594,-0.014890041,-0.037712667,0.017327605
116.852066,-0.0128723215,-0.039411563,0.016968377
116.86872,-0.011493058,-0.0401215,0.016761579
116.88592,-0.009218471,-0.0413356,0.016257754
116.90218,-0.0066411314,-0.041780774,0.015736809
116.91871,-0.005279186,-0.041959327,0.015544106
116.935616,-0.0025336866,-0.041887745,0.014888109
116.952065,0.00039340707,-0.04178931,0.01422433
116.96858,0.0021247792,-0.04144794,0.013843454
116.985115,0.0049704094,-0.040595308,0.013167512
117.00183,0.007964479,-0.039720807,0.012493564
117.01839,0.011158606,-0.03843701,0.011718369
117.03508,0.013924778,-0.037046775,0.010980732
117.05161,0.014533601,-0.037050016,0.010969421
117.068405,0.017804988,-0.035210192,0.010191512
117.084854,0.021160915,-0.03353405,0.009389901
117.101654,0.024639243,-0.031359173,0.008604714
117.11847,0.02762918,-0.02908423,0.007789718
117.13541,0.030675273,-0.026669886,0.0070957276
117.152275,0.0336935,-0.024176875,0.00637875
117.16875,0.035548527,-0.022302087,0.00608881
117.185326,0.03829208,-0.019393506,0.005551499
117.2025,0.04048944,-0.017765576,0.005254093
117.21861,0.04359026,-0.0146696735,0.004781014
117.23542,0.044891067,-0.013208425,0.0045313956
117.25193,0.04737195,-0.009515994,0.004156466
117.26834,0.05002821,-0.0058941618,0.0038405906
117.28517,0.0526356,-0.0022967255,0.0035399045
117.30203,0.054421663,-0.000316956,0.0034686106
117.31863,0.056134686,0.0032274723,0.003305726
117.33539,0.058247834,0.00707888,0.003258956
117.35192,0.060177203,0.00885555,0.0032513884
117.36852,0.061775904,0.013023964,0.0033266302
117.38531,0.063267455,0.016504377,0.0034545744
117.40169,0.06383484,0.018590078,0.003592078
117.41896,0.0647956,0.022594549,0.0039580194
